block_id,direction,source_accession,target_accession,query_name,query_length,query_start,query_end,strand,target_name,target_length,target_start,target_end,matches,alignment_bases,identity,mapq,alignment_type,chain_score,secondary_score,qualifying,reciprocal
GCF_003697165.2_to_GCF_000005845.2:1,GCF_003697165.2_to_GCF_000005845.2,GCF_003697165.2,GCF_000005845.2,NZ_CP033092.2,4903501,328952,686572,-,NC_000913.3,4641652,3183814,3563518,338153,390955,0.86494098,60,P,270187,5029,true,true
GCF_003697165.2_to_GCF_000005845.2:2,GCF_003697165.2_to_GCF_000005845.2,GCF_003697165.2,GCF_000005845.2,NZ_CP033092.2,4903501,2101113,2443995,-,NC_000913.3,4641652,1620247,2002343,335035,382248,0.87648595,60,P,262169,5029,true,true
GCF_003697165.2_to_GCF_000005845.2:3,GCF_003697165.2_to_GCF_000005845.2,GCF_003697165.2,GCF_000005845.2,NZ_CP033092.2,4903501,2879447,3145398,-,NC_000913.3,4641652,915348,1196196,250111,290752,0.86022108,60,P,198582,5029,true,true
GCF_003697165.2_to_GCF_000005845.2:4,GCF_003697165.2_to_GCF_000005845.2,GCF_003697165.2,GCF_000005845.2,NZ_CP033092.2,4903501,4703526,4903501,-,NC_000913.3,4641652,3883729,4060110,169430,202322,0.83742747,60,P,126473,5046,false,false
GCF_003697165.2_to_GCF_000005845.2:5,GCF_003697165.2_to_GCF_000005845.2,GCF_003697165.2,GCF_000005845.2,NZ_CP033092.2,4903501,3459442,3614215,-,NC_000913.3,4641652,392972,551333,146717,162792,0.90125436,60,P,113464,5029,true,true
GCF_003697165.2_to_GCF_000005845.2:6,GCF_003697165.2_to_GCF_000005845.2,GCF_003697165.2,GCF_000005845.2,NZ_CP033092.2,4903501,3145615,3286597,-,NC_000913.3,4641652,771192,914958,137046,143968,0.95191987,60,P,103151,5029,true,true
GCF_003697165.2_to_GCF_000005845.2:7,GCF_003697165.2_to_GCF_000005845.2,GCF_003697165.2,GCF_000005845.2,NZ_CP033092.2,4903501,4247952,4456892,-,NC_000913.3,4641652,4283232,4426610,136418,212127,0.64309588,60,P,99368,5046,false,false
GCF_003697165.2_to_GCF_000005845.2:8,GCF_003697165.2_to_GCF_000005845.2,GCF_003697165.2,GCF_000005845.2,NZ_CP033092.2,4903501,1389211,1522938,-,NC_000913.3,4641652,2476277,2635442,129680,159201,0.81456775,60,P,92990,5029,false,false
GCF_003697165.2_to_GCF_000005845.2:9,GCF_003697165.2_to_GCF_000005845.2,GCF_003697165.2,GCF_000005845.2,NZ_CP033092.2,4903501,4559139,4679328,-,NC_000913.3,4641652,4093127,4202044,104263,122119,0.85378197,60,P,78167,5046,true,true
GCF_003697165.2_to_GCF_000005845.2:10,GCF_003697165.2_to_GCF_000005845.2,GCF_003697165.2,GCF_000005845.2,NZ_CP033092.2,4903501,135404,248089,-,NC_000913.3,4641652,3634993,3744128,99680,119144,0.83663466,60,P,73875,5029,false,false
GCF_003697165.2_to_GCF_000005845.2:11,GCF_003697165.2_to_GCF_000005845.2,GCF_003697165.2,GCF_000005845.2,NZ_CP033092.2,4903501,1581288,1683136,-,NC_000913.3,4641652,2343390,2449147,98404,106128,0.92721996,60,P,71433,5029,true,true
GCF_003697165.2_to_GCF_000005845.2:12,GCF_003697165.2_to_GCF_000005845.2,GCF_003697165.2,GCF_000005845.2,NZ_CP033092.2,4903501,1121116,1216752,-,NC_000913.3,4641652,2788869,2877629,85807,95956,0.89423277,60,P,61108,5029,true,true
GCF_003697165.2_to_GCF_000005845.2:13,GCF_003697165.2_to_GCF_000005845.2,GCF_003697165.2,GCF_000005845.2,NZ_CP033092.2,4903501,983257,1099963,-,NC_000913.3,4641652,2906521,2987243,78874,116872,0.67487508,60,P,63683,5029,false,false
GCF_003697165.2_to_GCF_000005845.2:14,GCF_003697165.2_to_GCF_000005845.2,GCF_003697165.2,GCF_000005845.2,NZ_CP033092.2,4903501,1260541,1345465,-,NC_000913.3,4641652,2673262,2755852,79943,85454,0.93550916,60,P,62497,5029,true,true
GCF_003697165.2_to_GCF_000005845.2:15,GCF_003697165.2_to_GCF_000005845.2,GCF_003697165.2,GCF_000005845.2,NZ_CP033092.2,4903501,3767737,3847348,-,NC_000913.3,4641652,157310,237989,77454,80954,0.95676557,60,P,62931,5029,true,true
GCF_003697165.2_to_GCF_000005845.2:16,GCF_003697165.2_to_GCF_000005845.2,GCF_003697165.2,GCF_000005845.2,NZ_CP033092.2,4903501,1684614,1763053,-,NC_000913.3,4641652,2259745,2341918,76556,82191,0.93144018,60,P,60024,5029,true,true
GCF_003697165.2_to_GCF_000005845.2:17,GCF_003697165.2_to_GCF_000005845.2,GCF_003697165.2,GCF_000005845.2,NZ_CP033092.2,4903501,913956,983250,-,NC_000913.3,4641652,2998919,3073892,67400,75059,0.89796027,60,P,50661,5029,true,false
GCF_003697165.2_to_GCF_000005845.2:18,GCF_003697165.2_to_GCF_000005845.2,GCF_003697165.2,GCF_000005845.2,NZ_CP033092.2,4903501,4074028,4173814,-,NC_000913.3,4641652,4507135,4571726,62972,100110,0.62902807,60,P,55791,5046,false,false
GCF_003697165.2_to_GCF_000005845.2:19,GCF_003697165.2_to_GCF_000005845.2,GCF_003697165.2,GCF_000005845.2,NZ_CP033092.2,4903501,4175831,4237822,-,NC_000913.3,4641652,4427692,4496490,60331,69096,0.87314750,60,P,48903,5046,true,true
GCF_003697165.2_to_GCF_000005845.2:20,GCF_003697165.2_to_GCF_000005845.2,GCF_003697165.2,GCF_000005845.2,NZ_CP033092.2,4903501,3886753,3949178,-,NC_000913.3,4641652,59686,121627,59030,63782,0.92549622,60,P,44892,5029,true,true
GCF_003697165.2_to_GCF_000005845.2:21,GCF_003697165.2_to_GCF_000005845.2,GCF_003697165.2,GCF_000005845.2,NZ_CP033092.2,4903501,4010711,4064731,-,NC_000913.3,4641652,4588020,4641645,52957,54092,0.97901723,60,P,50429,5046,true,true
GCF_003697165.2_to_GCF_000005845.2:22,GCF_003697165.2_to_GCF_000005845.2,GCF_003697165.2,GCF_000005845.2,NZ_CP033092.2,4903501,2647419,2749074,-,NC_000913.3,4641652,1295370,1351162,53294,102878,0.51803107,60,P,41986,5029,false,false
GCF_003697165.2_to_GCF_000005845.2:23,GCF_003697165.2_to_GCF_000005845.2,GCF_003697165.2,GCF_000005845.2,NZ_CP033092.2,4903501,259809,318995,-,NC_000913.3,4641652,3564128,3618987,52265,60112,0.86946034,60,P,36211,5029,true,true
GCF_003697165.2_to_GCF_000005845.2:24,GCF_003697165.2_to_GCF_000005845.2,GCF_003697165.2,GCF_000005845.2,NZ_CP033092.2,4903501,3400955,3448713,-,NC_000913.3,4641652,587125,636600,46098,49488,0.93149855,60,P,30238,5029,true,true
GCF_003697165.2_to_GCF_000005845.2:25,GCF_003697165.2_to_GCF_000005845.2,GCF_003697165.2,GCF_000005845.2,NZ_CP033092.2,4903501,2523233,2568750,-,NC_000913.3,4641652,1473632,1526853,44016,53252,0.82656050,60,P,29913,5029,false,false
GCF_003697165.2_to_GCF_000005845.2:26,GCF_003697165.2_to_GCF_000005845.2,GCF_003697165.2,GCF_000005845.2,NZ_CP033092.2,4903501,3949329,3990719,-,NC_000913.3,4641652,17358,58177,38351,42529,0.90176115,60,P,27217,5029,true,true
GCF_003697165.2_to_GCF_000005845.2:27,GCF_003697165.2_to_GCF_000005845.2,GCF_003697165.2,GCF_000005845.2,NZ_CP033092.2,4903501,2600453,2639515,-,NC_000913.3,4641652,1351837,1400336,37224,49176,0.75695461,60,P,25133,5029,false,false
GCF_003697165.2_to_GCF_000005845.2:28,GCF_003697165.2_to_GCF_000005845.2,GCF_003697165.2,GCF_000005845.2,NZ_CP033092.2,4903501,3359656,3395468,-,NC_000913.3,4641652,643499,687842,35072,44352,0.79076479,60,P,28919,5029,false,false
GCF_003697165.2_to_GCF_000005845.2:29,GCF_003697165.2_to_GCF_000005845.2,GCF_003697165.2,GCF_000005845.2,NZ_CP033092.2,4903501,719030,762972,-,NC_000913.3,4641652,3131343,3167819,35307,44179,0.79918061,60,P,26796,5029,false,false
GCF_003697165.2_to_GCF_000005845.2:30,GCF_003697165.2_to_GCF_000005845.2,GCF_003697165.2,GCF_000005845.2,NZ_CP033092.2,4903501,1345666,1377074,-,NC_000913.3,4641652,2635891,2667931,30649,32050,0.95628705,60,P,23998,5029,true,true
GCF_003697165.2_to_GCF_000005845.2:31,GCF_003697165.2_to_GCF_000005845.2,GCF_003697165.2,GCF_000005845.2,NZ_CP033092.2,4903501,87927,127776,-,NC_000913.3,4641652,3754971,3796877,31148,49454,0.62983783,60,P,21244,5029,false,false
GCF_003697165.2_to_GCF_000005845.2:32,GCF_003697165.2_to_GCF_000005845.2,GCF_003697165.2,GCF_000005845.2,NZ_CP033092.2,4903501,873130,904530,-,NC_000913.3,4641652,3079642,3110252,29635,31533,0.93980909,60,P,22793,5029,true,false
GCF_003697165.2_to_GCF_000005845.2:33,GCF_003697165.2_to_GCF_000005845.2,GCF_003697165.2,GCF_000005845.2,NZ_CP033092.2,4903501,3615658,3647895,-,NC_000913.3,4641652,342725,390349,31053,47639,0.65183988,60,P,20773,5029,false,false
GCF_003697165.2_to_GCF_000005845.2:34,GCF_003697165.2_to_GCF_000005845.2,GCF_003697165.2,GCF_000005845.2,NZ_CP033092.2,4903501,2469809,2499810,-,NC_000913.3,4641652,1552790,1590079,29209,37310,0.78287322,60,P,21646,5029,false,false
GCF_003697165.2_to_GCF_000005845.2:35,GCF_003697165.2_to_GCF_000005845.2,GCF_003697165.2,GCF_000005845.2,NZ_CP033092.2,4903501,2758827,2787477,-,NC_000913.3,4641652,1256718,1286560,28053,29843,0.94001944,60,P,22864,5029,true,true
GCF_003697165.2_to_GCF_000005845.2:36,GCF_003697165.2_to_GCF_000005845.2,GCF_003697165.2,GCF_000005845.2,NZ_CP033092.2,4903501,2801930,2831792,-,NC_000913.3,4641652,1212496,1245048,28927,32699,0.88464479,60,P,21474,5029,true,true
GCF_003697165.2_to_GCF_000005845.2:37,GCF_003697165.2_to_GCF_000005845.2,GCF_003697165.2,GCF_000005845.2,NZ_CP033092.2,4903501,26215,68762,-,NC_000913.3,4641652,3818005,3853065,32977,43018,0.76658608,60,P,21436,5029,false,false
GCF_003697165.2_to_GCF_000005845.2:38,GCF_003697165.2_to_GCF_000005845.2,GCF_003697165.2,GCF_000005845.2,NZ_CP033092.2,4903501,3319084,3357288,-,NC_000913.3,4641652,689345,720538,28268,40285,0.70170038,60,P,21379,5029,false,false
GCF_003697165.2_to_GCF_000005845.2:39,GCF_003697165.2_to_GCF_000005845.2,GCF_003697165.2,GCF_000005845.2,NZ_CP033092.2,4903501,4500461,4535239,-,NC_000913.3,4641652,4227740,4260047,27678,38636,0.71637851,60,P,19919,5046,false,false
GCF_003697165.2_to_GCF_000005845.2:40,GCF_003697165.2_to_GCF_000005845.2,GCF_003697165.2,GCF_000005845.2,NZ_CP033092.2,4903501,1792588,1823578,-,NC_000913.3,4641652,2198516,2229067,29260,31034,0.94283689,60,P,18319,5029,true,true
GCF_003697165.2_to_GCF_000005845.2:41,GCF_003697165.2_to_GCF_000005845.2,GCF_003697165.2,GCF_000005845.2,NZ_CP033092.2,4903501,3288914,3318471,-,NC_000913.3,4641652,721060,765148,28460,44167,0.64437250,60,P,19288,5029,false,false
GCF_003697165.2_to_GCF_000005845.2:42,GCF_003697165.2_to_GCF_000005845.2,GCF_003697165.2,GCF_000005845.2,NZ_CP033092.2,4903501,3855006,3882564,-,NC_000913.3,4641652,121910,149678,26526,27956,0.94884819,60,P,19696,5029,true,true
GCF_003697165.2_to_GCF_000005845.2:43,GCF_003697165.2_to_GCF_000005845.2,GCF_003697165.2,GCF_000005845.2,NZ_CP033092.2,4903501,1824032,1850565,-,NC_000913.3,4641652,2171444,2198056,25707,26616,0.96584761,60,P,17911,5029,true,true
GCF_003697165.2_to_GCF_000005845.2:44,GCF_003697165.2_to_GCF_000005845.2,GCF_003697165.2,GCF_000005845.2,NZ_CP033092.2,4903501,1957883,1982844,-,NC_000913.3,4641652,2076312,2101285,24374,24974,0.97597501,60,P,19071,5029,true,true
GCF_003697165.2_to_GCF_000005845.2:45,GCF_003697165.2_to_GCF_000005845.2,GCF_003697165.2,GCF_000005845.2,NZ_CP033092.2,4903501,1888484,1920582,-,NC_000913.3,4641652,2139759,2167637,25822,33064,0.78097024,60,P,15833,5029,false,false
GCF_003697165.2_to_GCF_000005845.2:46,GCF_003697165.2_to_GCF_000005845.2,GCF_003697165.2,GCF_000005845.2,NZ_CP033092.2,4903501,3653156,3684161,-,NC_000913.3,4641652,317402,342569,24033,31277,0.76839211,60,P,16075,5029,false,false
GCF_003697165.2_to_GCF_000005845.2:47,GCF_003697165.2_to_GCF_000005845.2,GCF_003697165.2,GCF_000005845.2,NZ_CP033092.2,4903501,1769699,1792190,-,NC_000913.3,4641652,2229447,2251939,21972,22494,0.97679381,60,P,17675,5029,true,true
GCF_003697165.2_to_GCF_000005845.2:48,GCF_003697165.2_to_GCF_000005845.2,GCF_003697165.2,GCF_000005845.2,NZ_CP033092.2,4903501,2066968,2088554,-,NC_000913.3,4641652,2012562,2034143,21132,21593,0.97865049,60,P,16713,5029,true,true
GCF_003697165.2_to_GCF_000005845.2:49,GCF_003697165.2_to_GCF_000005845.2,GCF_003697165.2,GCF_000005845.2,NZ_CP033092.2,4903501,4536301,4558679,-,NC_000913.3,4641652,4202525,4227501,21701,24983,0.86863067,60,P,15267,5046,true,false
GCF_003697165.2_to_GCF_000005845.2:50,GCF_003697165.2_to_GCF_000005845.2,GCF_003697165.2,GCF_000005845.2,NZ_CP033092.2,4903501,1921327,1942241,-,NC_000913.3,4641652,2118679,2139486,20232,20932,0.96655838,60,P,14571,5029,true,true
GCF_003697165.2_to_GCF_000005845.2:51,GCF_003697165.2_to_GCF_000005845.2,GCF_003697165.2,GCF_000005845.2,NZ_CP033092.2,4903501,2008148,2025544,-,NC_000913.3,4641652,2049251,2070491,16906,21251,0.79553903,60,P,13016,5029,false,false
GCF_003697165.2_to_GCF_000005845.2:52,GCF_003697165.2_to_GCF_000005845.2,GCF_003697165.2,GCF_000005845.2,NZ_CP033092.2,4903501,8254,26058,-,NC_000913.3,4641652,3853755,3875473,17148,21724,0.78935739,60,P,11518,5029,false,false
GCF_003697165.2_to_GCF_000005845.2:53,GCF_003697165.2_to_GCF_000005845.2,GCF_003697165.2,GCF_000005845.2,NZ_CP033092.2,4903501,2500236,2517516,-,NC_000913.3,4641652,1533285,1552682,16559,19415,0.85289724,60,P,10460,5029,true,false
GCF_003697165.2_to_GCF_000005845.2:54,GCF_003697165.2_to_GCF_000005845.2,GCF_003697165.2,GCF_000005845.2,NZ_CP033092.2,4903501,3995262,4010704,-,NC_000913.3,4641652,0,15390,14962,15567,0.96113574,60,P,12270,5029,true,true
GCF_003697165.2_to_GCF_000005845.2:55,GCF_003697165.2_to_GCF_000005845.2,GCF_003697165.2,GCF_000005845.2,NZ_CP033092.2,4903501,771362,789348,-,NC_000913.3,4641652,3112125,3130145,17002,18030,0.94298392,60,P,10479,5029,true,false
GCF_003697165.2_to_GCF_000005845.2:56,GCF_003697165.2_to_GCF_000005845.2,GCF_003697165.2,GCF_000005845.2,NZ_CP033092.2,4903501,1104718,1120853,-,NC_000913.3,4641652,2887310,2903446,15466,16136,0.95847794,60,P,9669,5029,true,true
GCF_003697165.2_to_GCF_000005845.2:57,GCF_003697165.2_to_GCF_000005845.2,GCF_003697165.2,GCF_000005845.2,NZ_CP033092.2,4903501,3715772,3732009,-,NC_000913.3,4641652,246783,262828,14536,17145,0.84782735,60,P,9115,5029,false,false
GCF_003697165.2_to_GCF_000005845.2:58,GCF_003697165.2_to_GCF_000005845.2,GCF_003697165.2,GCF_000005845.2,NZ_CP033092.2,4903501,2450279,2464630,-,NC_000913.3,4641652,1590749,1620209,13428,29962,0.44816768,60,P,8943,5029,false,false
GCF_003697165.2_to_GCF_000005845.2:59,GCF_003697165.2_to_GCF_000005845.2,GCF_003697165.2,GCF_000005845.2,NZ_CP033092.2,4903501,4459026,4471347,-,NC_000913.3,4641652,4269306,4281629,11961,12324,0.97054528,60,P,7783,5046,true,true
GCF_003697165.2_to_GCF_000005845.2:60,GCF_003697165.2_to_GCF_000005845.2,GCF_003697165.2,GCF_000005845.2,NZ_CP033092.2,4903501,3689416,3707914,-,NC_000913.3,4641652,302913,315186,11847,18510,0.64003241,60,P,7904,5029,false,false
GCF_003697165.2_to_GCF_000005845.2:61,GCF_003697165.2_to_GCF_000005845.2,GCF_003697165.2,GCF_000005845.2,NZ_CP033092.2,4903501,2577098,2588152,-,NC_000913.3,4641652,1435112,1446168,10807,11056,0.97747829,60,P,8516,5029,true,false
GCF_003697165.2_to_GCF_000005845.2:62,GCF_003697165.2_to_GCF_000005845.2,GCF_003697165.2,GCF_000005845.2,NZ_CP033092.2,4903501,692403,705881,-,NC_000913.3,4641652,3173507,3183324,9579,13478,0.71071376,60,P,8280,5029,false,false
GCF_003697165.2_to_GCF_000005845.2:63,GCF_003697165.2_to_GCF_000005845.2,GCF_003697165.2,GCF_000005845.2,NZ_CP033092.2,4903501,68979,78821,-,NC_000913.3,4641652,3807955,3817788,9560,9851,0.97045985,60,P,7789,5029,false,false
GCF_003697165.2_to_GCF_000005845.2:64,GCF_003697165.2_to_GCF_000005845.2,GCF_003697165.2,GCF_000005845.2,NZ_CP033092.2,4903501,1564276,1573979,-,NC_000913.3,4641652,2456333,2467584,9380,11251,0.83370367,60,P,6196,5029,false,false
GCF_003697165.2_to_GCF_000005845.2:65,GCF_003697165.2_to_GCF_000005845.2,GCF_003697165.2,GCF_000005845.2,NZ_CP033092.2,4903501,0,7628,-,NC_000913.3,4641652,3876101,3883729,7476,7628,0.98007341,60,P,5991,5029,false,false
GCF_003697165.2_to_GCF_000005845.2:66,GCF_003697165.2_to_GCF_000005845.2,GCF_003697165.2,GCF_000005845.2,NZ_CP033092.2,4903501,4681187,4688984,-,NC_000913.3,4641652,4079187,4088038,7571,8854,0.85509374,60,P,5344,5046,false,false
GCF_003697165.2_to_GCF_000005845.2:67,GCF_003697165.2_to_GCF_000005845.2,GCF_003697165.2,GCF_000005845.2,NZ_CP033092.2,4903501,2750185,2757357,-,NC_000913.3,4641652,1287064,1294416,7053,7352,0.95933079,60,P,6043,5029,false,false
GCF_003697165.2_to_GCF_000005845.2:68,GCF_003697165.2_to_GCF_000005845.2,GCF_003697165.2,GCF_000005845.2,NZ_CP033092.2,4903501,2787904,2795126,-,NC_000913.3,4641652,1245736,1252959,7078,7223,0.97992524,60,P,5571,5029,false,false
GCF_003697165.2_to_GCF_000005845.2:69,GCF_003697165.2_to_GCF_000005845.2,GCF_003697165.2,GCF_000005845.2,NZ_CP033092.2,4903501,2092690,2100035,-,NC_000913.3,4641652,2003160,2010505,7123,7345,0.96977536,60,P,4857,5029,false,false
GCF_003697165.2_to_GCF_000005845.2:70,GCF_003697165.2_to_GCF_000005845.2,GCF_003697165.2,GCF_000005845.2,NZ_CP033092.2,4903501,1942401,1950530,-,NC_000913.3,4641652,2110276,2118405,7665,8129,0.94292041,60,P,3557,5029,false,false
GCF_003697165.2_to_GCF_000005845.2:71,GCF_003697165.2_to_GCF_000005845.2,GCF_003697165.2,GCF_000005845.2,NZ_CP033092.2,4903501,3732252,3738833,-,NC_000913.3,4641652,239362,245945,6420,6583,0.97523925,60,P,4691,5029,false,false
GCF_003697165.2_to_GCF_000005845.2:72,GCF_003697165.2_to_GCF_000005845.2,GCF_003697165.2,GCF_000005845.2,NZ_CP033092.2,4903501,2059160,2065960,-,NC_000913.3,4641652,2035228,2042025,6575,6801,0.96676959,60,P,4615,5029,false,false
GCF_003697165.2_to_GCF_000005845.2:73,GCF_003697165.2_to_GCF_000005845.2,GCF_003697165.2,GCF_000005845.2,NZ_CP033092.2,4903501,2590136,2596378,-,NC_000913.3,4641652,1405976,1412218,6125,6242,0.98125601,60,P,4914,5029,false,false
GCF_003697165.2_to_GCF_000005845.2:74,GCF_003697165.2_to_GCF_000005845.2,GCF_003697165.2,GCF_000005845.2,NZ_CP033092.2,4903501,3452688,3459292,-,NC_000913.3,4641652,551525,557711,6015,6605,0.91067373,60,P,4271,5029,false,false
GCF_003697165.2_to_GCF_000005845.2:75,GCF_003697165.2_to_GCF_000005845.2,GCF_003697165.2,GCF_000005845.2,NZ_CP033092.2,4903501,4485094,4500296,-,NC_000913.3,4641652,4261764,4268305,6283,15219,0.41283921,60,P,4353,5046,false,false
GCF_003697165.2_to_GCF_000005845.2:76,GCF_003697165.2_to_GCF_000005845.2,GCF_003697165.2,GCF_000005845.2,NZ_CP033092.2,4903501,248757,253987,-,NC_000913.3,4641652,3625591,3630820,5053,5230,0.96615679,60,P,3174,5029,false,false
GCF_003697165.2_to_GCF_000005845.2:77,GCF_003697165.2_to_GCF_000005845.2,GCF_003697165.2,GCF_000005845.2,NZ_CP033092.2,4903501,3395764,3400266,-,NC_000913.3,4641652,637289,641869,4317,4584,0.94175393,60,P,3187,5029,false,false
GCF_003697165.2_to_GCF_000005845.2:78,GCF_003697165.2_to_GCF_000005845.2,GCF_003697165.2,GCF_000005845.2,NZ_CP033092.2,4903501,127822,132536,-,NC_000913.3,4641652,3746066,3750780,4392,4714,0.93169283,60,P,1530,5029,false,false
GCF_003697165.2_to_GCF_000005845.2:79,GCF_003697165.2_to_GCF_000005845.2,GCF_003697165.2,GCF_000005845.2,NZ_CP033092.2,4903501,715582,719025,-,NC_000913.3,4641652,3168746,3172189,3365,3443,0.97734534,60,P,2530,5029,false,false
GCF_003697165.2_to_GCF_000005845.2:80,GCF_003697165.2_to_GCF_000005845.2,GCF_003697165.2,GCF_000005845.2,NZ_CP033092.2,4903501,1764138,1768749,-,NC_000913.3,4641652,2254078,2258693,4234,4617,0.91704570,60,P,1568,5029,false,false
GCF_003697165.2_to_GCF_000005845.2:81,GCF_003697165.2_to_GCF_000005845.2,GCF_003697165.2,GCF_000005845.2,NZ_CP033092.2,4903501,905981,909348,-,NC_000913.3,4641652,3076015,3079383,3225,3368,0.95754157,60,P,1855,5029,false,false
GCF_003697165.2_to_GCF_000005845.2:82,GCF_003697165.2_to_GCF_000005845.2,GCF_003697165.2,GCF_000005845.2,NZ_CP033092.2,4903501,4691716,4694660,-,NC_000913.3,4641652,4075494,4078438,2838,2944,0.96399457,60,P,1854,5046,false,false
GCF_003697165.2_to_GCF_000005845.2:83,GCF_003697165.2_to_GCF_000005845.2,GCF_003697165.2,GCF_000005845.2,NZ_CP033092.2,4903501,2057457,2058921,-,NC_000913.3,4641652,2043037,2044501,1443,1464,0.98565574,60,P,1249,5029,false,false
GCF_003697165.2_to_GCF_000005845.2:84,GCF_003697165.2_to_GCF_000005845.2,GCF_003697165.2,GCF_000005845.2,NZ_CP033092.2,4903501,909346,910488,-,NC_000913.3,4641652,3074225,3075367,1093,1142,0.95709282,60,P,593,5029,false,false
GCF_003697165.2_to_GCF_000005845.2:85,GCF_003697165.2_to_GCF_000005845.2,GCF_003697165.2,GCF_000005845.2,NZ_CP033092.2,4903501,1103556,1104684,-,NC_000913.3,4641652,2904378,2905507,1080,1129,0.95659876,60,P,644,5029,false,false
GCF_003697165.2_to_GCF_000005845.2:86,GCF_003697165.2_to_GCF_000005845.2,GCF_003697165.2,GCF_000005845.2,NZ_CP033092.2,4903501,3847757,3851977,-,NC_000913.3,4641652,152681,156893,3447,4229,0.81508631,60,P,153,5029,false,false
GCF_003697165.2_to_GCF_000005845.2:87,GCF_003697165.2_to_GCF_000005845.2,GCF_003697165.2,GCF_000005845.2,NZ_CP033091.2,131333,21336,22668,+,NC_000913.3,4641652,2996360,2997692,1312,1332,0.98498498,0,P,1149,1149,false,false
GCF_003697165.2_to_GCF_000005845.2:88,GCF_003697165.2_to_GCF_000005845.2,GCF_003697165.2,GCF_000005845.2,NZ_CP033091.2,131333,21336,22668,+,NC_000913.3,4641652,1467909,1469241,1312,1332,0.98498498,0,S,1149,,false,false
GCF_003697165.2_to_GCF_000005845.2:89,GCF_003697165.2_to_GCF_000005845.2,GCF_003697165.2,GCF_000005845.2,NZ_CP033091.2,131333,21336,22668,-,NC_000913.3,4641652,3186094,3187426,1312,1332,0.98498498,0,S,1142,,false,false
GCF_003697165.2_to_GCF_000005845.2:90,GCF_003697165.2_to_GCF_000005845.2,GCF_003697165.2,GCF_000005845.2,NZ_CP033091.2,131333,21335,22667,-,NC_000913.3,4641652,4498180,4499512,1312,1332,0.98498498,0,S,1149,,false,false
GCF_003697165.2_to_GCF_000005845.2:91,GCF_003697165.2_to_GCF_000005845.2,GCF_003697165.2,GCF_000005845.2,NZ_CP033091.2,131333,21336,22667,+,NC_000913.3,4641652,2068940,2070271,1311,1331,0.98497370,0,S,1149,,false,false
GCF_003697165.2_to_GCF_000005845.2:92,GCF_003697165.2_to_GCF_000005845.2,GCF_003697165.2,GCF_000005845.2,NZ_CP033091.2,131333,21336,22667,-,NC_000913.3,4641652,381259,382590,1311,1331,0.98497370,0,S,1149,,false,false
GCF_003697165.2_to_GCF_000005845.2:93,GCF_003697165.2_to_GCF_000005845.2,GCF_003697165.2,GCF_000005845.2,NZ_CP033091.2,131333,112361,113132,-,NC_000913.3,4641652,3583425,3584196,766,771,0.99351492,1,P,730,725,false,false
GCF_003697165.2_to_GCF_000005845.2:94,GCF_003697165.2_to_GCF_000005845.2,GCF_003697165.2,GCF_000005845.2,NZ_CP033091.2,131333,128652,129420,-,NC_000913.3,4641652,1978502,1979270,763,768,0.99348958,1,P,725,725,false,false
GCF_003697165.2_to_GCF_000005845.2:95,GCF_003697165.2_to_GCF_000005845.2,GCF_003697165.2,GCF_000005845.2,NZ_CP033091.2,131333,105371,106139,+,NC_000913.3,4641652,19795,20563,760,768,0.98958333,1,P,696,696,false,false
GCF_003697165.2_to_GCF_000005845.2:96,GCF_003697165.2_to_GCF_000005845.2,GCF_003697165.2,GCF_000005845.2,NZ_CP033091.2,131333,23236,23749,-,NC_000913.3,4641652,578335,578859,467,525,0.88952381,60,P,106,57,false,false
GCF_000005845.2_to_GCF_003697165.2:1,GCF_000005845.2_to_GCF_003697165.2,GCF_000005845.2,GCF_003697165.2,NC_000913.3,4641652,3281070,3563518,-,NZ_CP033092.2,4903501,328952,598841,255203,291363,0.87589364,60,P,209257,5029,true,true
GCF_000005845.2_to_GCF_003697165.2:2,GCF_000005845.2_to_GCF_003697165.2,GCF_000005845.2,GCF_003697165.2,NC_000913.3,4641652,915348,1196351,-,NZ_CP033092.2,4903501,2879292,3145398,250255,290906,0.86026070,60,P,198770,5029,true,true
GCF_000005845.2_to_GCF_003697165.2:3,GCF_000005845.2_to_GCF_003697165.2,GCF_000005845.2,GCF_003697165.2,NC_000913.3,4641652,1620247,1843693,-,NZ_CP033092.2,4903501,2250050,2443995,189533,223496,0.84803755,60,P,147743,5029,false,false
GCF_000005845.2_to_GCF_003697165.2:4,GCF_000005845.2_to_GCF_003697165.2,GCF_000005845.2,GCF_003697165.2,NC_000913.3,4641652,1845167,2002343,-,NZ_CP033092.2,4903501,2101113,2249790,145319,157268,0.92402142,60,P,114504,5029,true,true
GCF_000005845.2_to_GCF_003697165.2:5,GCF_000005845.2_to_GCF_003697165.2,GCF_000005845.2,GCF_003697165.2,NC_000913.3,4641652,2906521,3073892,-,NZ_CP033092.2,4903501,913956,1099963,146279,203607,0.71843797,60,P,114363,5029,false,false
GCF_000005845.2_to_GCF_003697165.2:6,GCF_000005845.2_to_GCF_003697165.2,GCF_000005845.2,GCF_003697165.2,NC_000913.3,4641652,771268,914958,-,NZ_CP033092.2,4903501,3145615,3286522,136976,143892,0.95193617,60,P,103175,5029,true,true
GCF_000005845.2_to_GCF_003697165.2:7,GCF_000005845.2_to_GCF_003697165.2,GCF_000005845.2,GCF_003697165.2,NC_000913.3,4641652,2476472,2635442,-,NZ_CP033092.2,4903501,1389211,1522743,129489,159006,0.81436550,60,P,92866,5029,false,false
GCF_000005845.2_to_GCF_003697165.2:8,GCF_000005845.2_to_GCF_003697165.2,GCF_000005845.2,GCF_003697165.2,NC_000913.3,4641652,4297213,4426610,-,NZ_CP033092.2,4903501,4247952,4437851,123346,192581,0.64048894,60,P,90474,5046,false,false
GCF_000005845.2_to_GCF_003697165.2:9,GCF_000005845.2_to_GCF_003697165.2,GCF_000005845.2,GCF_003697165.2,NC_000913.3,4641652,392972,508141,-,NZ_CP033092.2,4903501,3497926,3614215,112221,116695,0.96166074,60,P,90112,5029,true,true
GCF_000005845.2_to_GCF_003697165.2:10,GCF_000005845.2_to_GCF_003697165.2,GCF_000005845.2,GCF_003697165.2,NC_000913.3,4641652,3883729,4002376,-,NZ_CP033092.2,4903501,4782989,4903501,113980,122124,0.93331368,60,P,83800,5046,true,false
GCF_000005845.2_to_GCF_003697165.2:11,GCF_000005845.2_to_GCF_003697165.2,GCF_000005845.2,GCF_003697165.2,NC_000913.3,4641652,2343529,2449147,-,NZ_CP033092.2,4903501,1581288,1682997,98297,105989,0.92742643,60,P,71440,5029,true,true
GCF_000005845.2_to_GCF_003697165.2:12,GCF_000005845.2_to_GCF_003697165.2,GCF_000005845.2,GCF_003697165.2,NC_000913.3,4641652,3655249,3744128,-,NZ_CP033092.2,4903501,135404,223257,84577,89860,0.94120855,60,P,64070,5029,true,false
GCF_000005845.2_to_GCF_003697165.2:13,GCF_000005845.2_to_GCF_003697165.2,GCF_000005845.2,GCF_003697165.2,NC_000913.3,4641652,2788937,2877629,-,NZ_CP033092.2,4903501,1121116,1216684,85737,95896,0.89406232,60,P,60953,5029,true,true
GCF_000005845.2_to_GCF_003697165.2:14,GCF_000005845.2_to_GCF_003697165.2,GCF_000005845.2,GCF_003697165.2,NC_000913.3,4641652,3183814,3281076,-,NZ_CP033092.2,4903501,601140,686572,82951,97296,0.85256331,60,P,60965,5029,true,true
GCF_000005845.2_to_GCF_003697165.2:15,GCF_000005845.2_to_GCF_003697165.2,GCF_000005845.2,GCF_003697165.2,NC_000913.3,4641652,2673262,2755943,-,NZ_CP033092.2,4903501,1260450,1345465,80032,85547,0.93553251,60,P,62687,5029,true,true
GCF_000005845.2_to_GCF_003697165.2:16,GCF_000005845.2_to_GCF_003697165.2,GCF_000005845.2,GCF_003697165.2,NC_000913.3,4641652,157310,237989,-,NZ_CP033092.2,4903501,3767737,3847348,77461,80955,0.95684022,60,P,62942,5029,true,true
GCF_000005845.2_to_GCF_003697165.2:17,GCF_000005845.2_to_GCF_003697165.2,GCF_000005845.2,GCF_003697165.2,NC_000913.3,4641652,2259745,2341918,-,NZ_CP033092.2,4903501,1684614,1763053,76556,82191,0.93144018,60,P,60060,5029,true,true
GCF_000005845.2_to_GCF_003697165.2:18,GCF_000005845.2_to_GCF_003697165.2,GCF_000005845.2,GCF_003697165.2,NC_000913.3,4641652,4132465,4202044,-,NZ_CP033092.2,4903501,4559139,4632811,66257,75281,0.88012912,60,P,49978,5046,true,true
GCF_000005845.2_to_GCF_003697165.2:19,GCF_000005845.2_to_GCF_003697165.2,GCF_000005845.2,GCF_003697165.2,NC_000913.3,4641652,4427692,4496490,-,NZ_CP033092.2,4903501,4175831,4237822,60331,69095,0.87316014,60,P,48908,5046,true,true
GCF_000005845.2_to_GCF_003697165.2:20,GCF_000005845.2_to_GCF_003697165.2,GCF_000005845.2,GCF_003697165.2,NC_000913.3,4641652,59686,121627,-,NZ_CP033092.2,4903501,3886753,3949178,59030,63782,0.92549622,60,P,44907,5029,true,true
GCF_000005845.2_to_GCF_003697165.2:21,GCF_000005845.2_to_GCF_003697165.2,GCF_000005845.2,GCF_003697165.2,NC_000913.3,4641652,4507135,4561481,-,NZ_CP033092.2,4903501,4092461,4173814,53443,81650,0.65453766,60,P,50610,5046,false,false
GCF_000005845.2_to_GCF_003697165.2:22,GCF_000005845.2_to_GCF_003697165.2,GCF_000005845.2,GCF_003697165.2,NC_000913.3,4641652,4003211,4060226,-,NZ_CP033092.2,4903501,4703410,4781377,55059,78605,0.70045163,60,P,42721,5046,false,false
GCF_000005845.2_to_GCF_003697165.2:23,GCF_000005845.2_to_GCF_003697165.2,GCF_000005845.2,GCF_003697165.2,NC_000913.3,4641652,1295370,1351162,-,NZ_CP033092.2,4903501,2647419,2749074,53294,102878,0.51803107,60,P,41993,5029,false,false
GCF_000005845.2_to_GCF_003697165.2:24,GCF_000005845.2_to_GCF_003697165.2,GCF_000005845.2,GCF_003697165.2,NC_000913.3,4641652,317438,390349,-,NZ_CP033092.2,4903501,3615658,3684025,55162,84055,0.65626078,60,P,36306,5029,false,false
GCF_000005845.2_to_GCF_003697165.2:25,GCF_000005845.2_to_GCF_003697165.2,GCF_000005845.2,GCF_003697165.2,NC_000913.3,4641652,3564128,3618987,-,NZ_CP033092.2,4903501,259809,318995,52265,60112,0.86946034,60,P,36236,5029,true,true
GCF_000005845.2_to_GCF_003697165.2:26,GCF_000005845.2_to_GCF_003697165.2,GCF_000005845.2,GCF_003697165.2,NC_000913.3,4641652,3131343,3183324,-,NZ_CP033092.2,4903501,692403,762972,49463,71738,0.68949511,60,P,37626,5029,false,false
GCF_000005845.2_to_GCF_003697165.2:27,GCF_000005845.2_to_GCF_003697165.2,GCF_000005845.2,GCF_003697165.2,NC_000913.3,4641652,4202525,4260047,-,NZ_CP033092.2,4903501,4500461,4558679,49507,64733,0.76478767,60,P,35184,5046,false,false
GCF_000005845.2_to_GCF_003697165.2:28,GCF_000005845.2_to_GCF_003697165.2,GCF_000005845.2,GCF_003697165.2,NC_000913.3,4641652,3079642,3130145,-,NZ_CP033092.2,4903501,771362,904530,48418,133346,0.36310051,60,P,34215,5029,false,false
GCF_000005845.2_to_GCF_003697165.2:29,GCF_000005845.2_to_GCF_003697165.2,GCF_000005845.2,GCF_003697165.2,NC_000913.3,4641652,1533285,1590309,-,NZ_CP033092.2,4903501,2466299,2517516,46057,60671,0.75912710,60,P,32201,5029,false,false
GCF_000005845.2_to_GCF_003697165.2:30,GCF_000005845.2_to_GCF_003697165.2,GCF_000005845.2,GCF_003697165.2,NC_000913.3,4641652,4587908,4628683,-,NZ_CP033092.2,4903501,4023676,4064843,40504,41167,0.98389487,60,P,40831,5046,true,true
GCF_000005845.2_to_GCF_003697165.2:31,GCF_000005845.2_to_GCF_003697165.2,GCF_000005845.2,GCF_003697165.2,NC_000913.3,4641652,587109,636600,-,NZ_CP033092.2,4903501,3400955,3448729,46114,49504,0.93152069,60,P,30180,5029,true,true
GCF_000005845.2_to_GCF_003697165.2:32,GCF_000005845.2_to_GCF_003697165.2,GCF_000005845.2,GCF_003697165.2,NC_000913.3,4641652,1473620,1526853,-,NZ_CP033092.2,4903501,2523233,2568762,44038,53271,0.82667868,60,P,29848,5029,false,false
GCF_000005845.2_to_GCF_003697165.2:33,GCF_000005845.2_to_GCF_003697165.2,GCF_000005845.2,GCF_003697165.2,NC_000913.3,4641652,4093127,4132266,-,NZ_CP033092.2,4903501,4640451,4679328,37874,39187,0.96649399,60,P,28171,5046,true,true
GCF_000005845.2_to_GCF_003697165.2:34,GCF_000005845.2_to_GCF_003697165.2,GCF_000005845.2,GCF_003697165.2,NC_000913.3,4641652,17358,58177,-,NZ_CP033092.2,4903501,3949329,3990719,38351,42529,0.90176115,60,P,26833,5029,true,true
GCF_000005845.2_to_GCF_003697165.2:35,GCF_000005845.2_to_GCF_003697165.2,GCF_000005845.2,GCF_003697165.2,NC_000913.3,4641652,1351837,1400336,-,NZ_CP033092.2,4903501,2600453,2639515,37224,49176,0.75695461,60,P,25137,5029,false,false
GCF_000005845.2_to_GCF_003697165.2:36,GCF_000005845.2_to_GCF_003697165.2,GCF_000005845.2,GCF_003697165.2,NC_000913.3,4641652,643499,687842,-,NZ_CP033092.2,4903501,3359656,3395468,35072,44352,0.79076479,60,P,28924,5029,false,false
GCF_000005845.2_to_GCF_003697165.2:37,GCF_000005845.2_to_GCF_003697165.2,GCF_000005845.2,GCF_003697165.2,NC_000913.3,4641652,508836,551333,-,NZ_CP033092.2,4903501,3459442,3497156,34099,45067,0.75662902,60,P,23384,5029,false,false
GCF_000005845.2_to_GCF_003697165.2:38,GCF_000005845.2_to_GCF_003697165.2,GCF_000005845.2,GCF_003697165.2,NC_000913.3,4641652,3746066,3796877,-,NZ_CP033092.2,4903501,87927,132536,35571,58362,0.60948905,60,P,22798,5029,false,false
GCF_000005845.2_to_GCF_003697165.2:39,GCF_000005845.2_to_GCF_003697165.2,GCF_000005845.2,GCF_003697165.2,NC_000913.3,4641652,2635891,2667931,-,NZ_CP033092.2,4903501,1345666,1377074,30649,32050,0.95628705,60,P,24028,5029,true,true
GCF_000005845.2_to_GCF_003697165.2:40,GCF_000005845.2_to_GCF_003697165.2,GCF_000005845.2,GCF_003697165.2,NC_000913.3,4641652,3838222,3875473,-,NZ_CP033092.2,4903501,8254,41056,31567,37267,0.84704967,60,P,20522,5029,false,false
GCF_000005845.2_to_GCF_003697165.2:41,GCF_000005845.2_to_GCF_003697165.2,GCF_000005845.2,GCF_003697165.2,NC_000913.3,4641652,1256718,1286906,-,NZ_CP033092.2,4903501,2757160,2787477,28380,31511,0.90063787,60,P,22912,5029,true,true
GCF_000005845.2_to_GCF_003697165.2:42,GCF_000005845.2_to_GCF_003697165.2,GCF_000005845.2,GCF_003697165.2,NC_000913.3,4641652,1212509,1245048,-,NZ_CP033092.2,4903501,2801930,2831779,28915,32689,0.88454832,60,P,21401,5029,true,true
GCF_000005845.2_to_GCF_003697165.2:43,GCF_000005845.2_to_GCF_003697165.2,GCF_000005845.2,GCF_003697165.2,NC_000913.3,4641652,689345,720563,-,NZ_CP033092.2,4903501,3319059,3357288,28288,40310,0.70176135,60,P,21382,5029,false,false
GCF_000005845.2_to_GCF_003697165.2:44,GCF_000005845.2_to_GCF_003697165.2,GCF_000005845.2,GCF_003697165.2,NC_000913.3,4641652,2167889,2198056,-,NZ_CP033092.2,4903501,1824032,1853039,27918,30351,0.91983790,60,P,19145,5029,true,true
GCF_000005845.2_to_GCF_003697165.2:45,GCF_000005845.2_to_GCF_003697165.2,GCF_000005845.2,GCF_003697165.2,NC_000913.3,4641652,2198516,2229067,-,NZ_CP033092.2,4903501,1792588,1823578,29260,31034,0.94283689,60,P,18322,5029,true,true
GCF_000005845.2_to_GCF_003697165.2:46,GCF_000005845.2_to_GCF_003697165.2,GCF_000005845.2,GCF_003697165.2,NC_000913.3,4641652,721060,765148,-,NZ_CP033092.2,4903501,3288914,3318471,28461,44165,0.64442432,60,P,19323,5029,false,false
GCF_000005845.2_to_GCF_003697165.2:47,GCF_000005845.2_to_GCF_003697165.2,GCF_000005845.2,GCF_003697165.2,NC_000913.3,4641652,121910,149678,-,NZ_CP033092.2,4903501,3855006,3882564,26526,27956,0.94884819,60,P,19699,5029,true,true
GCF_000005845.2_to_GCF_003697165.2:48,GCF_000005845.2_to_GCF_003697165.2,GCF_000005845.2,GCF_003697165.2,NC_000913.3,4641652,2076301,2101285,-,NZ_CP033092.2,4903501,1957883,1982855,24385,24985,0.97598559,60,P,18870,5029,true,true
GCF_000005845.2_to_GCF_003697165.2:49,GCF_000005845.2_to_GCF_003697165.2,GCF_000005845.2,GCF_003697165.2,NC_000913.3,4641652,2229447,2251939,-,NZ_CP033092.2,4903501,1769699,1792190,21972,22494,0.97679381,60,P,17685,5029,true,true
GCF_000005845.2_to_GCF_003697165.2:50,GCF_000005845.2_to_GCF_003697165.2,GCF_000005845.2,GCF_003697165.2,NC_000913.3,4641652,2139759,2165527,-,NZ_CP033092.2,4903501,1895775,1920582,23773,25770,0.92250679,60,P,14433,5029,true,false
GCF_000005845.2_to_GCF_003697165.2:51,GCF_000005845.2_to_GCF_003697165.2,GCF_000005845.2,GCF_003697165.2,NC_000913.3,4641652,2012562,2034143,-,NZ_CP033092.2,4903501,2066968,2088554,21132,21593,0.97865049,60,P,16716,5029,true,true
GCF_000005845.2_to_GCF_003697165.2:52,GCF_000005845.2_to_GCF_003697165.2,GCF_000005845.2,GCF_003697165.2,NC_000913.3,4641652,2118679,2139486,-,NZ_CP033092.2,4903501,1921327,1942241,20232,20932,0.96655838,60,P,14574,5029,true,true
GCF_000005845.2_to_GCF_003697165.2:53,GCF_000005845.2_to_GCF_003697165.2,GCF_000005845.2,GCF_003697165.2,NC_000913.3,4641652,3818005,3836462,-,NZ_CP033092.2,4903501,42875,68762,17741,26024,0.68171688,60,P,12438,5029,false,false
GCF_000005845.2_to_GCF_003697165.2:54,GCF_000005845.2_to_GCF_003697165.2,GCF_000005845.2,GCF_003697165.2,NC_000913.3,4641652,2049326,2068553,-,NZ_CP033092.2,4903501,2008188,2025469,16801,19233,0.87355067,60,P,13120,5029,true,false
GCF_000005845.2_to_GCF_003697165.2:55,GCF_000005845.2_to_GCF_003697165.2,GCF_000005845.2,GCF_003697165.2,NC_000913.3,4641652,0,17126,-,NZ_CP033092.2,4903501,3994875,4010704,15346,17303,0.88689823,60,P,12655,5029,true,true
GCF_000005845.2_to_GCF_003697165.2:56,GCF_000005845.2_to_GCF_003697165.2,GCF_000005845.2,GCF_003697165.2,NC_000913.3,4641652,2887310,2905507,-,NZ_CP033092.2,4903501,1103556,1120853,16566,18199,0.91026980,60,P,10321,5029,true,true
GCF_000005845.2_to_GCF_003697165.2:57,GCF_000005845.2_to_GCF_003697165.2,GCF_000005845.2,GCF_003697165.2,NC_000913.3,4641652,3635101,3655214,-,NZ_CP033092.2,4903501,232311,247981,14990,20126,0.74480771,60,P,9811,5029,false,false
GCF_000005845.2_to_GCF_003697165.2:58,GCF_000005845.2_to_GCF_003697165.2,GCF_000005845.2,GCF_003697165.2,NC_000913.3,4641652,4283232,4297134,-,NZ_CP033092.2,4903501,4443392,4456892,13019,14000,0.92992857,60,P,8880,5046,true,false
GCF_000005845.2_to_GCF_003697165.2:59,GCF_000005845.2_to_GCF_003697165.2,GCF_000005845.2,GCF_003697165.2,NC_000913.3,4641652,4628830,4641645,-,NZ_CP033092.2,4903501,4010711,4023463,12479,12815,0.97378073,60,P,9548,5046,true,true
GCF_000005845.2_to_GCF_003697165.2:60,GCF_000005845.2_to_GCF_003697165.2,GCF_000005845.2,GCF_003697165.2,NC_000913.3,4641652,4269306,4281629,-,NZ_CP033092.2,4903501,4459026,4471347,11961,12324,0.97054528,60,P,7780,5046,true,true
GCF_000005845.2_to_GCF_003697165.2:61,GCF_000005845.2_to_GCF_003697165.2,GCF_000005845.2,GCF_003697165.2,NC_000913.3,4641652,1435112,1466698,-,NZ_CP033092.2,4903501,2575228,2588152,12313,31741,0.38792099,60,P,8887,5029,false,false
GCF_000005845.2_to_GCF_003697165.2:62,GCF_000005845.2_to_GCF_003697165.2,GCF_000005845.2,GCF_003697165.2,NC_000913.3,4641652,1607261,1620209,-,NZ_CP033092.2,4903501,2450279,2462712,11589,13447,0.86182792,60,P,8052,5029,true,false
GCF_000005845.2_to_GCF_003697165.2:63,GCF_000005845.2_to_GCF_003697165.2,GCF_000005845.2,GCF_003697165.2,NC_000913.3,4641652,303070,313794,-,NZ_CP033092.2,4903501,3697041,3707757,10360,10728,0.96569724,60,P,7606,5029,true,false
GCF_000005845.2_to_GCF_003697165.2:64,GCF_000005845.2_to_GCF_003697165.2,GCF_000005845.2,GCF_003697165.2,NC_000913.3,4641652,3807955,3817788,-,NZ_CP033092.2,4903501,68979,78821,9560,9851,0.97045985,60,P,7791,5029,false,false
GCF_000005845.2_to_GCF_003697165.2:65,GCF_000005845.2_to_GCF_003697165.2,GCF_000005845.2,GCF_003697165.2,NC_000913.3,4641652,2456333,2467638,-,NZ_CP033092.2,4903501,1564222,1573979,9431,11305,0.83423264,60,P,6343,5029,false,false
GCF_000005845.2_to_GCF_003697165.2:66,GCF_000005845.2_to_GCF_003697165.2,GCF_000005845.2,GCF_003697165.2,NC_000913.3,4641652,253686,262939,-,NZ_CP033092.2,4903501,3715661,3724210,8243,9325,0.88396783,60,P,6171,5029,false,false
GCF_000005845.2_to_GCF_003697165.2:67,GCF_000005845.2_to_GCF_003697165.2,GCF_000005845.2,GCF_003697165.2,NC_000913.3,4641652,3876101,3883729,-,NZ_CP033092.2,4903501,0,7628,7476,7628,0.98007341,60,P,6005,5029,false,false
GCF_000005845.2_to_GCF_003697165.2:68,GCF_000005845.2_to_GCF_003697165.2,GCF_000005845.2,GCF_003697165.2,NC_000913.3,4641652,4563741,4571920,-,NZ_CP033092.2,4903501,4073834,4082024,7916,8203,0.96501280,60,P,5397,5046,false,false
GCF_000005845.2_to_GCF_003697165.2:69,GCF_000005845.2_to_GCF_003697165.2,GCF_000005845.2,GCF_003697165.2,NC_000913.3,4641652,1287064,1294416,-,NZ_CP033092.2,4903501,2750185,2757357,7053,7352,0.95933079,60,P,6056,5029,false,false
GCF_000005845.2_to_GCF_003697165.2:70,GCF_000005845.2_to_GCF_003697165.2,GCF_000005845.2,GCF_003697165.2,NC_000913.3,4641652,1245736,1252959,-,NZ_CP033092.2,4903501,2787904,2795126,7078,7223,0.97992524,60,P,5572,5029,false,false
GCF_000005845.2_to_GCF_003697165.2:71,GCF_000005845.2_to_GCF_003697165.2,GCF_000005845.2,GCF_003697165.2,NC_000913.3,4641652,4080235,4088038,-,NZ_CP033092.2,4903501,4681187,4688510,7142,7803,0.91528899,60,P,5166,5046,false,false
GCF_000005845.2_to_GCF_003697165.2:72,GCF_000005845.2_to_GCF_003697165.2,GCF_000005845.2,GCF_003697165.2,NC_000913.3,4641652,2003160,2010505,-,NZ_CP033092.2,4903501,2092690,2100035,7123,7345,0.96977536,60,P,4858,5029,false,false
GCF_000005845.2_to_GCF_003697165.2:73,GCF_000005845.2_to_GCF_003697165.2,GCF_000005845.2,GCF_003697165.2,NC_000913.3,4641652,2110276,2118405,-,NZ_CP033092.2,4903501,1942401,1950530,7665,8129,0.94292041,60,P,3557,5029,false,false
GCF_000005845.2_to_GCF_003697165.2:74,GCF_000005845.2_to_GCF_003697165.2,GCF_000005845.2,GCF_003697165.2,NC_000913.3,4641652,239362,245945,-,NZ_CP033092.2,4903501,3732252,3738833,6420,6583,0.97523925,60,P,4692,5029,false,false
GCF_000005845.2_to_GCF_003697165.2:75,GCF_000005845.2_to_GCF_003697165.2,GCF_000005845.2,GCF_003697165.2,NC_000913.3,4641652,2035228,2042025,-,NZ_CP033092.2,4903501,2059160,2065960,6575,6801,0.96676959,60,P,4616,5029,false,false
GCF_000005845.2_to_GCF_003697165.2:76,GCF_000005845.2_to_GCF_003697165.2,GCF_000005845.2,GCF_003697165.2,NC_000913.3,4641652,1405976,1412218,-,NZ_CP033092.2,4903501,2590136,2596378,6125,6242,0.98125601,60,P,4915,5029,false,false
GCF_000005845.2_to_GCF_003697165.2:77,GCF_000005845.2_to_GCF_003697165.2,GCF_000005845.2,GCF_003697165.2,NC_000913.3,4641652,553224,582877,-,NZ_CP033092.2,4903501,3450531,3457175,6385,29655,0.21530939,60,P,4609,5029,false,false
GCF_000005845.2_to_GCF_003697165.2:78,GCF_000005845.2_to_GCF_003697165.2,GCF_000005845.2,GCF_003697165.2,NC_000913.3,4641652,246783,253685,-,NZ_CP033092.2,4903501,3725238,3732009,6404,6903,0.92771259,60,P,3258,5029,false,false
GCF_000005845.2_to_GCF_003697165.2:79,GCF_000005845.2_to_GCF_003697165.2,GCF_000005845.2,GCF_003697165.2,NC_000913.3,4641652,3625591,3630820,-,NZ_CP033092.2,4903501,248757,253987,5053,5230,0.96615679,60,P,3181,5029,false,false
GCF_000005845.2_to_GCF_003697165.2:80,GCF_000005845.2_to_GCF_003697165.2,GCF_000005845.2,GCF_003697165.2,NC_000913.3,4641652,637289,641869,-,NZ_CP033092.2,4903501,3395764,3400266,4317,4584,0.94175393,60,P,3188,5029,false,false
GCF_000005845.2_to_GCF_003697165.2:81,GCF_000005845.2_to_GCF_003697165.2,GCF_000005845.2,GCF_003697165.2,NC_000913.3,4641652,2252547,2258693,-,NZ_CP033092.2,4903501,1764138,1769091,4556,6149,0.74093349,60,P,1568,5029,false,false
GCF_000005845.2_to_GCF_003697165.2:82,GCF_000005845.2_to_GCF_003697165.2,GCF_000005845.2,GCF_003697165.2,NC_000913.3,4641652,3076015,3079383,-,NZ_CP033092.2,4903501,905981,909348,3225,3368,0.95754157,60,P,1855,5029,false,false
GCF_000005845.2_to_GCF_003697165.2:83,GCF_000005845.2_to_GCF_003697165.2,GCF_000005845.2,GCF_003697165.2,NC_000913.3,4641652,4075495,4078438,-,NZ_CP033092.2,4903501,4691716,4694659,2837,2943,0.96398233,60,P,1763,5046,false,false
GCF_000005845.2_to_GCF_003697165.2:84,GCF_000005845.2_to_GCF_003697165.2,GCF_000005845.2,GCF_003697165.2,NC_000913.3,4641652,4264312,4266862,-,NZ_CP033092.2,4903501,4487941,4490491,2487,2550,0.97529412,60,P,1884,5046,false,false
GCF_000005845.2_to_GCF_003697165.2:85,GCF_000005845.2_to_GCF_003697165.2,GCF_000005845.2,GCF_003697165.2,NC_000913.3,4641652,4261764,4264231,-,NZ_CP033092.2,4903501,4497830,4500296,2394,2467,0.97040940,60,P,1605,5046,false,false
GCF_000005845.2_to_GCF_003697165.2:86,GCF_000005845.2_to_GCF_003697165.2,GCF_000005845.2,GCF_003697165.2,NC_000913.3,4641652,1590749,1592592,-,NZ_CP033092.2,4903501,2462784,2464630,1773,1846,0.96045504,60,P,893,5029,false,false
GCF_000005845.2_to_GCF_003697165.2:87,GCF_000005845.2_to_GCF_003697165.2,GCF_000005845.2,GCF_003697165.2,NC_000913.3,4641652,2043037,2044609,-,NZ_CP033092.2,4903501,2057349,2058921,1549,1572,0.98536896,60,P,1396,5029,false,false
GCF_000005845.2_to_GCF_003697165.2:88,GCF_000005845.2_to_GCF_003697165.2,GCF_000005845.2,GCF_003697165.2,NC_000913.3,4641652,551525,553187,-,NZ_CP033092.2,4903501,3457630,3459292,1616,1662,0.97232250,60,P,1154,5029,false,false
GCF_000005845.2_to_GCF_003697165.2:89,GCF_000005845.2_to_GCF_003697165.2,GCF_000005845.2,GCF_003697165.2,NC_000913.3,4641652,4267035,4268305,-,NZ_CP033092.2,4903501,4485094,4486364,1236,1270,0.97322835,60,P,863,5046,false,false
GCF_000005845.2_to_GCF_003697165.2:90,GCF_000005845.2_to_GCF_003697165.2,GCF_000005845.2,GCF_003697165.2,NC_000913.3,4641652,3074225,3075367,-,NZ_CP033092.2,4903501,909346,910488,1093,1142,0.95709282,60,P,593,5029,false,false
GCF_000005845.2_to_GCF_003697165.2:91,GCF_000005845.2_to_GCF_003697165.2,GCF_000005845.2,GCF_003697165.2,NC_000913.3,4641652,316531,317400,-,NZ_CP033092.2,4903501,3684750,3685618,842,869,0.96892980,60,P,580,5029,false,false
GCF_000005845.2_to_GCF_003697165.2:92,GCF_000005845.2_to_GCF_003697165.2,GCF_000005845.2,GCF_003697165.2,NC_000913.3,4641652,152681,156893,-,NZ_CP033092.2,4903501,3847757,3851977,3447,4229,0.81508631,60,P,153,5029,false,false
GCF_000005845.2_to_GCF_003697165.2:93,GCF_000005845.2_to_GCF_003697165.2,GCF_000005845.2,GCF_003697165.2,NC_000913.3,4641652,4079187,4079630,-,NZ_CP033092.2,4903501,4688539,4688984,412,445,0.92584270,60,P,176,5046,false,false
GCF_036503815.1_to_GCF_000005845.2:1,GCF_036503815.1_to_GCF_000005845.2,GCF_036503815.1,GCF_000005845.2,NZ_AP027764.1,4992219,2299929,2481227,-,NC_000913.3,4641652,1651548,1833235,176125,181740,0.96910421,60,P,135629,5120,true,true
GCF_036503815.1_to_GCF_000005845.2:2,GCF_036503815.1_to_GCF_000005845.2,GCF_036503815.1,GCF_000005845.2,NZ_AP027764.1,4992219,3070978,3256779,-,NC_000913.3,4641652,859231,1053801,177044,197261,0.89751142,60,P,128180,5120,true,true
GCF_036503815.1_to_GCF_000005845.2:3,GCF_036503815.1_to_GCF_000005845.2,GCF_036503815.1,GCF_000005845.2,NZ_AP027764.1,4992219,4798610,4958496,-,NC_000913.3,4641652,3911837,4060277,143160,160424,0.89238518,60,P,105033,5076,true,true
GCF_036503815.1_to_GCF_000005845.2:4,GCF_036503815.1_to_GCF_000005845.2,GCF_036503815.1,GCF_000005845.2,NZ_AP027764.1,4992219,441751,589700,-,NC_000913.3,4641652,3367777,3512497,135399,153469,0.88225635,60,P,110920,5120,true,true
GCF_036503815.1_to_GCF_000005845.2:5,GCF_036503815.1_to_GCF_000005845.2,GCF_036503815.1,GCF_000005845.2,NZ_AP027764.1,4992219,1399956,1550900,-,NC_000913.3,4641652,2479028,2635415,141258,160377,0.88078715,60,P,92215,5120,true,true
GCF_036503815.1_to_GCF_000005845.2:6,GCF_036503815.1_to_GCF_000005845.2,GCF_036503815.1,GCF_000005845.2,NZ_AP027764.1,4992219,2922281,3058304,-,NC_000913.3,4641652,1056188,1196442,131380,140376,0.93591497,60,P,95929,5120,true,true
GCF_036503815.1_to_GCF_000005845.2:7,GCF_036503815.1_to_GCF_000005845.2,GCF_036503815.1,GCF_000005845.2,NZ_AP027764.1,4992219,3581080,3749723,-,NC_000913.3,4641652,385193,522833,130803,170737,0.76610811,60,P,91020,5120,false,false
GCF_036503815.1_to_GCF_000005845.2:8,GCF_036503815.1_to_GCF_000005845.2,GCF_036503815.1,GCF_000005845.2,NZ_AP027764.1,4992219,113183,264240,-,NC_000913.3,4641652,3650995,3796859,129455,162181,0.79821311,60,P,86299,5120,false,false
GCF_036503815.1_to_GCF_000005845.2:9,GCF_036503815.1_to_GCF_000005845.2,GCF_036503815.1,GCF_000005845.2,NZ_AP027764.1,4992219,4011299,4139658,-,NC_000913.3,4641652,20564,149589,121350,131364,0.92376907,60,P,82295,5120,true,true
GCF_036503815.1_to_GCF_000005845.2:10,GCF_036503815.1_to_GCF_000005845.2,GCF_036503815.1,GCF_000005845.2,NZ_AP027764.1,4992219,1265434,1387812,-,NC_000913.3,4641652,2635891,2755907,114557,123016,0.93123659,60,P,75057,5120,true,true
GCF_036503815.1_to_GCF_000005845.2:11,GCF_036503815.1_to_GCF_000005845.2,GCF_036503815.1,GCF_000005845.2,NZ_AP027764.1,4992219,4426501,4538217,-,NC_000913.3,4641652,4313661,4426610,106800,114303,0.93435868,60,P,78045,5076,true,true
GCF_036503815.1_to_GCF_000005845.2:12,GCF_036503815.1_to_GCF_000005845.2,GCF_036503815.1,GCF_000005845.2,NZ_AP027764.1,4992219,721929,822351,-,NC_000913.3,4641652,3131343,3239537,94850,110302,0.85991188,60,P,65663,5120,true,true
GCF_036503815.1_to_GCF_000005845.2:13,GCF_036503815.1_to_GCF_000005845.2,GCF_036503815.1,GCF_000005845.2,NZ_AP027764.1,4992219,990711,1087307,-,NC_000913.3,4641652,2906521,2996360,86105,97580,0.88240418,60,P,63847,5120,true,true
GCF_036503815.1_to_GCF_000005845.2:14,GCF_036503815.1_to_GCF_000005845.2,GCF_036503815.1,GCF_000005845.2,NZ_AP027764.1,4992219,3488376,3578972,-,NC_000913.3,4641652,530138,636600,81078,112371,0.72152068,60,P,49538,5120,false,false
GCF_036503815.1_to_GCF_000005845.2:15,GCF_036503815.1_to_GCF_000005845.2,GCF_036503815.1,GCF_000005845.2,NZ_AP027764.1,4992219,3918040,4003681,-,NC_000913.3,4641652,157305,237834,77452,86000,0.90060465,60,P,57646,5120,true,true
GCF_036503815.1_to_GCF_000005845.2:16,GCF_036503815.1_to_GCF_000005845.2,GCF_036503815.1,GCF_000005845.2,NZ_AP027764.1,4992219,1134450,1222412,-,NC_000913.3,4641652,2777981,2860409,78706,88150,0.89286444,60,P,49335,5120,true,true
GCF_036503815.1_to_GCF_000005845.2:17,GCF_036503815.1_to_GCF_000005845.2,GCF_036503815.1,GCF_000005845.2,NZ_AP027764.1,4992219,2797700,2873362,-,NC_000913.3,4641652,1245736,1324718,73171,79073,0.92536011,60,P,53732,5120,true,true
GCF_036503815.1_to_GCF_000005845.2:18,GCF_036503815.1_to_GCF_000005845.2,GCF_036503815.1,GCF_000005845.2,NZ_AP027764.1,4992219,3405319,3482885,-,NC_000913.3,4641652,643499,720563,73254,78911,0.92831164,60,P,54130,5120,true,true
GCF_036503815.1_to_GCF_000005845.2:19,GCF_036503815.1_to_GCF_000005845.2,GCF_036503815.1,GCF_000005845.2,NZ_AP027764.1,4992219,1708734,1781348,-,NC_000913.3,4641652,2230551,2304504,69950,74061,0.94449170,60,P,49693,5120,true,true
GCF_036503815.1_to_GCF_000005845.2:20,GCF_036503815.1_to_GCF_000005845.2,GCF_036503815.1,GCF_000005845.2,NZ_AP027764.1,4992219,4642712,4713852,-,NC_000913.3,4641652,4132465,4202044,65932,72636,0.90770417,60,P,49342,5076,true,true
GCF_036503815.1_to_GCF_000005845.2:21,GCF_036503815.1_to_GCF_000005845.2,GCF_036503815.1,GCF_000005845.2,NZ_AP027764.1,4992219,1636348,1707456,-,NC_000913.3,4641652,2304615,2384034,66390,81224,0.81736925,60,P,41907,5120,false,false
GCF_036503815.1_to_GCF_000005845.2:22,GCF_036503815.1_to_GCF_000005845.2,GCF_036503815.1,GCF_000005845.2,NZ_AP027764.1,4992219,2734914,2797634,-,NC_000913.3,4641652,1326817,1388233,58833,62952,0.93456920,60,P,38680,5120,true,true
GCF_036503815.1_to_GCF_000005845.2:23,GCF_036503815.1_to_GCF_000005845.2,GCF_036503815.1,GCF_000005845.2,NZ_AP027764.1,4992219,597522,653416,-,NC_000913.3,4641652,3304571,3360616,54327,56048,0.96929418,60,P,42671,5120,true,true
GCF_036503815.1_to_GCF_000005845.2:24,GCF_036503815.1_to_GCF_000005845.2,GCF_036503815.1,GCF_000005845.2,NZ_AP027764.1,4992219,1573756,1633347,-,NC_000913.3,4641652,2388136,2449157,57200,61105,0.93609361,60,P,37937,5120,true,true
GCF_036503815.1_to_GCF_000005845.2:25,GCF_036503815.1_to_GCF_000005845.2,GCF_036503815.1,GCF_000005845.2,NZ_AP027764.1,4992219,2130771,2185623,-,NC_000913.3,4641652,1946562,2002343,53106,55787,0.95194221,60,P,37559,5120,true,true
GCF_036503815.1_to_GCF_000005845.2:26,GCF_036503815.1_to_GCF_000005845.2,GCF_036503815.1,GCF_000005845.2,NZ_AP027764.1,4992219,654870,721637,-,NC_000913.3,4641652,3239758,3304445,56300,72563,0.77587751,60,P,36944,5120,false,false
GCF_036503815.1_to_GCF_000005845.2:27,GCF_036503815.1_to_GCF_000005845.2,GCF_036503815.1,GCF_000005845.2,NZ_AP027764.1,4992219,2187565,2239070,-,NC_000913.3,4641652,1894547,1946053,50088,51507,0.97245035,60,P,39618,5120,true,true
GCF_036503815.1_to_GCF_000005845.2:28,GCF_036503815.1_to_GCF_000005845.2,GCF_036503815.1,GCF_000005845.2,NZ_AP027764.1,4992219,4586347,4642252,-,NC_000913.3,4641652,4202525,4260264,53519,57900,0.92433506,60,P,34262,5076,true,true
GCF_036503815.1_to_GCF_000005845.2:29,GCF_036503815.1_to_GCF_000005845.2,GCF_036503815.1,GCF_000005845.2,NZ_AP027764.1,4992219,2240369,2289983,-,NC_000913.3,4641652,1845101,1893696,47223,49616,0.95176959,60,P,35938,5120,true,true
GCF_036503815.1_to_GCF_000005845.2:30,GCF_036503815.1_to_GCF_000005845.2,GCF_036503815.1,GCF_000005845.2,NZ_AP027764.1,4992219,387936,441637,-,NC_000913.3,4641652,3512632,3563518,48918,53788,0.90945936,60,P,33595,5120,true,true
GCF_036503815.1_to_GCF_000005845.2:31,GCF_036503815.1_to_GCF_000005845.2,GCF_036503815.1,GCF_000005845.2,NZ_AP027764.1,4992219,2642088,2696383,-,NC_000913.3,4641652,1472914,1526853,49468,56508,0.87541587,60,P,30394,5120,true,true
GCF_036503815.1_to_GCF_000005845.2:32,GCF_036503815.1_to_GCF_000005845.2,GCF_036503815.1,GCF_000005845.2,NZ_AP027764.1,4992219,925642,973768,-,NC_000913.3,4641652,2997690,3045908,46369,48313,0.95976238,60,P,31913,5120,true,true
GCF_036503815.1_to_GCF_000005845.2:33,GCF_036503815.1_to_GCF_000005845.2,GCF_036503815.1,GCF_000005845.2,NZ_AP027764.1,4992219,830727,889747,-,NC_000913.3,4641652,3079654,3130145,47927,59445,0.80624106,60,P,31353,5120,false,false
GCF_036503815.1_to_GCF_000005845.2:34,GCF_036503815.1_to_GCF_000005845.2,GCF_036503815.1,GCF_000005845.2,NZ_AP027764.1,4992219,8246,84863,-,NC_000913.3,4641652,3827466,3875478,46250,76642,0.60345502,60,P,30576,5120,false,false
GCF_036503815.1_to_GCF_000005845.2:35,GCF_036503815.1_to_GCF_000005845.2,GCF_036503815.1,GCF_000005845.2,NZ_AP027764.1,4992219,3309801,3352446,-,NC_000913.3,4641652,771192,815526,41130,44412,0.92610105,60,P,30097,5120,true,true
GCF_036503815.1_to_GCF_000005845.2:36,GCF_036503815.1_to_GCF_000005845.2,GCF_036503815.1,GCF_000005845.2,NZ_AP027764.1,4992219,2505289,2548249,-,NC_000913.3,4641652,1590749,1632503,40203,42989,0.93519272,60,P,28463,5120,true,true
GCF_036503815.1_to_GCF_000005845.2:37,GCF_036503815.1_to_GCF_000005845.2,GCF_036503815.1,GCF_000005845.2,NZ_AP027764.1,4992219,4716863,4756524,-,NC_000913.3,4641652,4093127,4132268,37409,40198,0.93061844,60,P,28258,5076,true,true
GCF_036503815.1_to_GCF_000005845.2:38,GCF_036503815.1_to_GCF_000005845.2,GCF_036503815.1,GCF_000005845.2,NZ_AP027764.1,4992219,4538491,4575385,-,NC_000913.3,4641652,4269324,4306755,35592,37462,0.95008275,60,P,23796,5076,true,true
GCF_036503815.1_to_GCF_000005845.2:39,GCF_036503815.1_to_GCF_000005845.2,GCF_036503815.1,GCF_000005845.2,NZ_AP027764.1,4992219,2085825,2129670,-,NC_000913.3,4641652,2003123,2043359,37069,45105,0.82183793,60,P,21291,5120,false,false
GCF_036503815.1_to_GCF_000005845.2:40,GCF_036503815.1_to_GCF_000005845.2,GCF_036503815.1,GCF_000005845.2,NZ_AP027764.1,4992219,2558411,2596286,-,NC_000913.3,4641652,1552369,1590079,35942,37911,0.94806257,60,P,21291,5120,true,true
GCF_036503815.1_to_GCF_000005845.2:41,GCF_036503815.1_to_GCF_000005845.2,GCF_036503815.1,GCF_000005845.2,NZ_AP027764.1,4992219,891009,924178,-,NC_000913.3,4641652,3046125,3079408,32084,33286,0.96388872,60,P,22838,5120,true,true
GCF_036503815.1_to_GCF_000005845.2:42,GCF_036503815.1_to_GCF_000005845.2,GCF_036503815.1,GCF_000005845.2,NZ_AP027764.1,4992219,2701650,2732647,-,NC_000913.3,4641652,1388313,1446021,30069,57709,0.52104524,60,P,22325,5120,false,false
GCF_036503815.1_to_GCF_000005845.2:43,GCF_036503815.1_to_GCF_000005845.2,GCF_036503815.1,GCF_000005845.2,NZ_AP027764.1,4992219,2880159,2915530,-,NC_000913.3,4641652,1212966,1245048,27854,38340,0.72649974,60,P,17618,5120,false,false
GCF_036503815.1_to_GCF_000005845.2:44,GCF_036503815.1_to_GCF_000005845.2,GCF_036503815.1,GCF_000005845.2,NZ_AP027764.1,4992219,3258083,3282892,-,NC_000913.3,4641652,832974,857921,24030,24961,0.96270181,60,P,17827,5120,true,true
GCF_036503815.1_to_GCF_000005845.2:45,GCF_036503815.1_to_GCF_000005845.2,GCF_036503815.1,GCF_000005845.2,NZ_AP027764.1,4992219,1826430,1863515,-,NC_000913.3,4641652,2167853,2196628,26141,38445,0.67995838,60,P,15889,5120,false,false
GCF_036503815.1_to_GCF_000005845.2:46,GCF_036503815.1_to_GCF_000005845.2,GCF_036503815.1,GCF_000005845.2,NZ_AP027764.1,4992219,351888,380979,-,NC_000913.3,4641652,3563907,3592509,24578,32142,0.76466928,60,P,16551,5120,false,false
GCF_036503815.1_to_GCF_000005845.2:47,GCF_036503815.1_to_GCF_000005845.2,GCF_036503815.1,GCF_000005845.2,NZ_AP027764.1,4992219,1896675,1924358,-,NC_000913.3,4641652,2113153,2139488,25004,27898,0.89626497,60,P,14694,5120,true,true
GCF_036503815.1_to_GCF_000005845.2:48,GCF_036503815.1_to_GCF_000005845.2,GCF_036503815.1,GCF_000005845.2,NZ_AP027764.1,4992219,1788913,1816913,-,NC_000913.3,4641652,2202369,2229067,25412,28006,0.90737699,60,P,13877,5120,true,true
GCF_036503815.1_to_GCF_000005845.2:49,GCF_036503815.1_to_GCF_000005845.2,GCF_036503815.1,GCF_000005845.2,NZ_AP027764.1,4992219,1867482,1894939,-,NC_000913.3,4641652,2139759,2165555,24471,27475,0.89066424,60,P,13546,5120,true,false
GCF_036503815.1_to_GCF_000005845.2:50,GCF_036503815.1_to_GCF_000005845.2,GCF_036503815.1,GCF_000005845.2,NZ_AP027764.1,4992219,265976,323375,-,NC_000913.3,4641652,3625678,3650662,23787,57413,0.41431383,60,P,13911,5120,false,false
GCF_036503815.1_to_GCF_000005845.2:51,GCF_036503815.1_to_GCF_000005845.2,GCF_036503815.1,GCF_000005845.2,NZ_AP027764.1,4992219,3783039,3812229,-,NC_000913.3,4641652,332681,357506,22871,29939,0.76391997,60,P,12337,5120,false,false
GCF_036503815.1_to_GCF_000005845.2:52,GCF_036503815.1_to_GCF_000005845.2,GCF_036503815.1,GCF_000005845.2,NZ_AP027764.1,4992219,3757847,3781746,-,NC_000913.3,4641652,357735,379973,21034,24070,0.87386789,60,P,10973,5120,true,true
GCF_036503815.1_to_GCF_000005845.2:53,GCF_036503815.1_to_GCF_000005845.2,GCF_036503815.1,GCF_000005845.2,NZ_AP027764.1,4992219,4311018,4331987,-,NC_000913.3,4641652,4534816,4555885,20124,21093,0.95406059,60,P,13065,5076,true,true
GCF_036503815.1_to_GCF_000005845.2:54,GCF_036503815.1_to_GCF_000005845.2,GCF_036503815.1,GCF_000005845.2,NZ_AP027764.1,4992219,4346666,4365840,-,NC_000913.3,4641652,4477180,4496348,18671,19176,0.97366500,60,P,14501,5076,true,true
GCF_036503815.1_to_GCF_000005845.2:55,GCF_036503815.1_to_GCF_000005845.2,GCF_036503815.1,GCF_000005845.2,NZ_AP027764.1,4992219,4372849,4394560,-,NC_000913.3,4641652,4449047,4470317,20270,21839,0.92815605,60,P,12507,5076,true,true
GCF_036503815.1_to_GCF_000005845.2:56,GCF_036503815.1_to_GCF_000005845.2,GCF_036503815.1,GCF_000005845.2,NZ_AP027764.1,4992219,4145267,4168865,-,NC_000913.3,4641652,0,19782,19050,23726,0.80291663,60,P,14607,5120,false,false
GCF_036503815.1_to_GCF_000005845.2:57,GCF_036503815.1_to_GCF_000005845.2,GCF_036503815.1,GCF_000005845.2,NZ_AP027764.1,4992219,3836353,3864965,-,NC_000913.3,4641652,297347,315186,17298,28629,0.60421251,60,P,13019,5120,false,false
GCF_036503815.1_to_GCF_000005845.2:58,GCF_036503815.1_to_GCF_000005845.2,GCF_036503815.1,GCF_000005845.2,NZ_AP027764.1,4992219,4249630,4267266,-,NC_000913.3,4641652,4591643,4609346,17074,17717,0.96370717,60,P,12094,5076,true,true
GCF_036503815.1_to_GCF_000005845.2:59,GCF_036503815.1_to_GCF_000005845.2,GCF_036503815.1,GCF_000005845.2,NZ_AP027764.1,4992219,4396484,4416156,-,NC_000913.3,4641652,4428604,4448271,18681,19694,0.94856301,60,P,10612,5076,true,true
GCF_036503815.1_to_GCF_000005845.2:60,GCF_036503815.1_to_GCF_000005845.2,GCF_036503815.1,GCF_000005845.2,NZ_AP027764.1,4992219,4168865,4187714,-,NC_000913.3,4641652,4623110,4641652,17667,19010,0.92935297,60,P,11510,5076,true,true
GCF_036503815.1_to_GCF_000005845.2:61,GCF_036503815.1_to_GCF_000005845.2,GCF_036503815.1,GCF_000005845.2,NZ_AP027764.1,4992219,2596259,2618541,-,NC_000913.3,4641652,1533285,1552040,17815,22284,0.79945252,60,P,10764,5120,false,false
GCF_036503815.1_to_GCF_000005845.2:62,GCF_036503815.1_to_GCF_000005845.2,GCF_036503815.1,GCF_000005845.2,NZ_AP027764.1,4992219,2018333,2038196,-,NC_000913.3,4641652,2043467,2062288,17652,19905,0.88681236,60,P,10251,5120,true,false
GCF_036503815.1_to_GCF_000005845.2:63,GCF_036503815.1_to_GCF_000005845.2,GCF_036503815.1,GCF_000005845.2,NZ_AP027764.1,4992219,334995,350975,-,NC_000913.3,4641652,3592723,3608644,15275,15980,0.95588235,60,P,9427,5120,true,true
GCF_036503815.1_to_GCF_000005845.2:64,GCF_036503815.1_to_GCF_000005845.2,GCF_036503815.1,GCF_000005845.2,NZ_AP027764.1,4992219,1090932,1107572,-,NC_000913.3,4641652,2887321,2904013,15786,16692,0.94572250,60,P,8691,5120,true,true
GCF_036503815.1_to_GCF_000005845.2:65,GCF_036503815.1_to_GCF_000005845.2,GCF_036503815.1,GCF_000005845.2,NZ_AP027764.1,4992219,4286737,4310619,-,NC_000913.3,4641652,4556296,4571920,14650,23888,0.61327863,60,P,8331,5076,false,false
GCF_036503815.1_to_GCF_000005845.2:66,GCF_036503815.1_to_GCF_000005845.2,GCF_036503815.1,GCF_000005845.2,NZ_AP027764.1,4992219,3817197,3831102,-,NC_000913.3,4641652,317398,331536,13179,14243,0.92529664,60,P,8934,5120,true,true
GCF_036503815.1_to_GCF_000005845.2:67,GCF_036503815.1_to_GCF_000005845.2,GCF_036503815.1,GCF_000005845.2,NZ_AP027764.1,4992219,3367938,3380503,-,NC_000913.3,4641652,752642,765154,12083,12574,0.96095117,60,P,9076,5120,true,true
GCF_036503815.1_to_GCF_000005845.2:68,GCF_036503815.1_to_GCF_000005845.2,GCF_036503815.1,GCF_000005845.2,NZ_AP027764.1,4992219,4976241,4992219,-,NC_000913.3,4641652,3883729,3897223,12821,15991,0.80176349,60,P,7879,5076,false,false
GCF_036503815.1_to_GCF_000005845.2:69,GCF_036503815.1_to_GCF_000005845.2,GCF_036503815.1,GCF_000005845.2,NZ_AP027764.1,4992219,4188014,4200242,-,NC_000913.3,4641652,4609458,4621767,11650,12421,0.93792770,60,P,8198,5076,true,true
GCF_036503815.1_to_GCF_000005845.2:70,GCF_036503815.1_to_GCF_000005845.2,GCF_036503815.1,GCF_000005845.2,NZ_AP027764.1,4992219,1119421,1130561,-,NC_000913.3,4641652,2866512,2877646,10763,11140,0.96615799,60,P,7894,5120,true,true
GCF_036503815.1_to_GCF_000005845.2:71,GCF_036503815.1_to_GCF_000005845.2,GCF_036503815.1,GCF_000005845.2,NZ_AP027764.1,4992219,3380890,3394186,-,NC_000913.3,4641652,738962,752255,12426,13300,0.93428571,60,P,6078,5120,true,true
GCF_036503815.1_to_GCF_000005845.2:72,GCF_036503815.1_to_GCF_000005845.2,GCF_036503815.1,GCF_000005845.2,NZ_AP027764.1,4992219,3287186,3299212,-,NC_000913.3,4641652,820825,832237,10861,12031,0.90275123,60,P,5753,5120,true,true
GCF_036503815.1_to_GCF_000005845.2:73,GCF_036503815.1_to_GCF_000005845.2,GCF_036503815.1,GCF_000005845.2,NZ_AP027764.1,4992219,1935419,1946829,-,NC_000913.3,4641652,2089868,2101203,10791,11414,0.94541791,60,P,6611,5120,true,true
GCF_036503815.1_to_GCF_000005845.2:74,GCF_036503815.1_to_GCF_000005845.2,GCF_036503815.1,GCF_000005845.2,NZ_AP027764.1,4992219,95227,105068,-,NC_000913.3,4641652,3807955,3817788,9477,9849,0.96222967,60,P,7279,5120,false,false
GCF_036503815.1_to_GCF_000005845.2:75,GCF_036503815.1_to_GCF_000005845.2,GCF_036503815.1,GCF_000005845.2,NZ_AP027764.1,4992219,324196,334422,-,NC_000913.3,4641652,3608763,3618991,9775,10228,0.95570982,60,P,5585,5120,true,true
GCF_036503815.1_to_GCF_000005845.2:76,GCF_036503815.1_to_GCF_000005845.2,GCF_036503815.1,GCF_000005845.2,NZ_AP027764.1,4992219,1947051,1956073,-,NC_000913.3,4641652,2078765,2089205,8763,10485,0.83576538,60,P,7124,5120,false,false
GCF_036503815.1_to_GCF_000005845.2:77,GCF_036503815.1_to_GCF_000005845.2,GCF_036503815.1,GCF_000005845.2,NZ_AP027764.1,4992219,85733,95010,-,NC_000913.3,4641652,3818005,3827281,8886,9278,0.95774951,60,P,6017,5120,false,false
GCF_036503815.1_to_GCF_000005845.2:78,GCF_036503815.1_to_GCF_000005845.2,GCF_036503815.1,GCF_000005845.2,NZ_AP027764.1,4992219,4776664,4786069,-,NC_000913.3,4641652,4069492,4078913,8977,9429,0.95206279,60,P,5126,5076,false,false
GCF_036503815.1_to_GCF_000005845.2:79,GCF_036503815.1_to_GCF_000005845.2,GCF_036503815.1,GCF_000005845.2,NZ_AP027764.1,4992219,1556498,1566697,-,NC_000913.3,4641652,2456333,2466389,9449,10199,0.92646338,60,P,4592,5120,true,true
GCF_036503815.1_to_GCF_000005845.2:80,GCF_036503815.1_to_GCF_000005845.2,GCF_036503815.1,GCF_000005845.2,NZ_AP027764.1,4992219,3880905,3890213,-,NC_000913.3,4641652,253683,262938,8139,10084,0.80712019,60,P,5693,5120,false,false
GCF_036503815.1_to_GCF_000005845.2:81,GCF_036503815.1_to_GCF_000005845.2,GCF_036503815.1,GCF_000005845.2,NZ_AP027764.1,4992219,3396397,3404738,-,NC_000913.3,4641652,721053,729394,7978,8341,0.95648004,60,P,4423,5120,false,false
GCF_036503815.1_to_GCF_000005845.2:82,GCF_036503815.1_to_GCF_000005845.2,GCF_036503815.1,GCF_000005845.2,NZ_AP027764.1,4992219,2290160,2299001,-,NC_000913.3,4641652,1834875,1843716,8361,8841,0.94570750,60,P,4403,5120,false,false
GCF_036503815.1_to_GCF_000005845.2:83,GCF_036503815.1_to_GCF_000005845.2,GCF_036503815.1,GCF_000005845.2,NZ_AP027764.1,4992219,4767249,4774617,-,NC_000913.3,4641652,4078912,4086836,7129,7945,0.89729390,60,P,5180,5076,false,false
GCF_036503815.1_to_GCF_000005845.2:84,GCF_036503815.1_to_GCF_000005845.2,GCF_036503815.1,GCF_000005845.2,NZ_AP027764.1,4992219,0,7625,-,NC_000913.3,4641652,3876101,3883729,7331,7628,0.96106450,60,P,4869,5120,false,false
GCF_036503815.1_to_GCF_000005845.2:85,GCF_036503815.1_to_GCF_000005845.2,GCF_036503815.1,GCF_000005845.2,NZ_AP027764.1,4992219,4366124,4372282,-,NC_000913.3,4641652,4470523,4476900,5752,6389,0.90029739,60,P,3823,5076,false,false
GCF_036503815.1_to_GCF_000005845.2:86,GCF_036503815.1_to_GCF_000005845.2,GCF_036503815.1,GCF_000005845.2,NZ_AP027764.1,4992219,4787112,4792808,-,NC_000913.3,4641652,4063595,4069294,5355,5699,0.93963853,60,P,2320,5076,false,false
GCF_036503815.1_to_GCF_000005845.2:87,GCF_036503815.1_to_GCF_000005845.2,GCF_036503815.1,GCF_000005845.2,NZ_AP027764.1,4992219,4963922,4968594,-,NC_000913.3,4641652,3906865,3911630,4506,4765,0.94564533,60,P,2932,5076,false,false
GCF_036503815.1_to_GCF_000005845.2:88,GCF_036503815.1_to_GCF_000005845.2,GCF_036503815.1,GCF_000005845.2,NZ_AP027764.1,4992219,3300116,3305003,-,NC_000913.3,4641652,815748,820634,4626,4887,0.94659300,60,P,2580,5120,false,false
GCF_036503815.1_to_GCF_000005845.2:89,GCF_036503815.1_to_GCF_000005845.2,GCF_036503815.1,GCF_000005845.2,NZ_AP027764.1,4992219,4580858,4585164,-,NC_000913.3,4641652,4261423,4265730,4141,4307,0.96145809,60,P,2566,5076,false,false
GCF_036503815.1_to_GCF_000005845.2:90,GCF_036503815.1_to_GCF_000005845.2,GCF_036503815.1,GCF_000005845.2,NZ_AP027764.1,4992219,3483181,3487687,-,NC_000913.3,4641652,637289,641869,4298,4582,0.93801833,60,P,3289,5120,false,false
GCF_036503815.1_to_GCF_000005845.2:91,GCF_036503815.1_to_GCF_000005845.2,GCF_036503815.1,GCF_000005845.2,NZ_AP027764.1,4992219,4758437,4762861,-,NC_000913.3,4641652,4088401,4092825,4180,4424,0.94484629,60,P,2214,5076,false,false
GCF_036503815.1_to_GCF_000005845.2:92,GCF_036503815.1_to_GCF_000005845.2,GCF_036503815.1,GCF_000005845.2,NZ_AP027764.1,4992219,4273242,4276780,-,NC_000913.3,4641652,4587908,4591446,3462,3538,0.97851894,60,P,2899,5076,false,false
GCF_036503815.1_to_GCF_000005845.2:93,GCF_036503815.1_to_GCF_000005845.2,GCF_036503815.1,GCF_000005845.2,NZ_AP027764.1,4992219,3892211,3895374,-,NC_000913.3,4641652,248790,251953,2989,3163,0.94498893,60,P,1303,5120,false,false
GCF_036503815.1_to_GCF_000005845.2:94,GCF_036503815.1_to_GCF_000005845.2,GCF_036503815.1,GCF_000005845.2,NZ_AP027764.1,4992219,2483411,2485730,-,NC_000913.3,4641652,1648495,1650844,2278,2351,0.96894938,60,P,2262,5120,false,false
GCF_036503815.1_to_GCF_000005845.2:95,GCF_036503815.1_to_GCF_000005845.2,GCF_036503815.1,GCF_000005845.2,NZ_AP027764.1,4992219,1817711,1820830,-,NC_000913.3,4641652,2198463,2201583,2879,3120,0.92275641,60,P,1121,5120,false,false
GCF_036503815.1_to_GCF_000005845.2:96,GCF_036503815.1_to_GCF_000005845.2,GCF_036503815.1,GCF_000005845.2,NZ_AP027764.1,4992219,1863549,1865174,-,NC_000913.3,4641652,2165576,2167201,1589,1625,0.97784615,60,P,1344,5120,false,false
GCF_036503815.1_to_GCF_000005845.2:97,GCF_036503815.1_to_GCF_000005845.2,GCF_036503815.1,GCF_000005845.2,NZ_AP027764.1,4992219,1634490,1636015,-,NC_000913.3,4641652,2385913,2387438,1458,1525,0.95606557,60,P,851,5120,false,false
GCF_036503815.1_to_GCF_000005845.2:98,GCF_036503815.1_to_GCF_000005845.2,GCF_036503815.1,GCF_000005845.2,NZ_AP027764.1,4992219,4575630,4576904,-,NC_000913.3,4641652,4267035,4268309,1245,1274,0.97723705,60,P,1576,5076,false,false
GCF_036503815.1_to_GCF_000005845.2:99,GCF_036503815.1_to_GCF_000005845.2,GCF_036503815.1,GCF_000005845.2,NZ_AP027764.1,4992219,1089750,1090880,-,NC_000913.3,4641652,2904378,2905509,1085,1131,0.95932803,60,P,662,5120,false,false
GCF_036503815.1_to_GCF_000005845.2:100,GCF_036503815.1_to_GCF_000005845.2,GCF_036503815.1,GCF_000005845.2,NZ_AP027764.1,4992219,2502679,2503754,-,NC_000913.3,4641652,1634320,1636901,1031,2581,0.39945757,60,P,594,5120,false,false
GCF_036503815.1_to_GCF_000005845.2:101,GCF_036503815.1_to_GCF_000005845.2,GCF_036503815.1,GCF_000005845.2,NZ_AP027764.1,4992219,3895795,3896405,-,NC_000913.3,4641652,247842,248369,466,616,0.75649351,60,P,41,5120,false,false
GCF_036503815.1_to_GCF_000005845.2:102,GCF_036503815.1_to_GCF_000005845.2,GCF_036503815.1,GCF_000005845.2,NZ_AP027765.1,99974,76777,78123,-,NC_000913.3,4641652,608004,609350,1346,1346,1.00000000,1,P,1338,1337,false,false
GCF_036503815.1_to_GCF_000005845.2:103,GCF_036503815.1_to_GCF_000005845.2,GCF_036503815.1,GCF_000005845.2,NZ_AP027765.1,99974,76777,78121,-,NC_000913.3,4641652,2514272,2515616,1344,1344,1.00000000,0,S,1337,,false,false
GCF_036503815.1_to_GCF_000005845.2:104,GCF_036503815.1_to_GCF_000005845.2,GCF_036503815.1,GCF_000005845.2,NZ_AP027765.1,99974,76777,78121,-,NC_000913.3,4641652,15386,16730,1344,1344,1.00000000,0,S,1337,,false,false
GCF_036503815.1_to_GCF_000005845.2:105,GCF_036503815.1_to_GCF_000005845.2,GCF_036503815.1,GCF_000005845.2,NZ_AP027765.1,99974,17027,18285,+,NC_000913.3,4641652,391706,392966,1246,1260,0.98888889,1,P,1126,1126,false,false
GCF_036503815.1_to_GCF_000005845.2:106,GCF_036503815.1_to_GCF_000005845.2,GCF_036503815.1,GCF_000005845.2,NZ_AP027765.1,99974,17028,18285,-,NC_000913.3,4641652,566776,568035,1245,1259,0.98888006,0,S,1126,,false,false
GCF_036503815.1_to_GCF_000005845.2:107,GCF_036503815.1_to_GCF_000005845.2,GCF_036503815.1,GCF_000005845.2,NZ_AP027765.1,99974,17028,18285,+,NC_000913.3,4641652,1094243,1095502,1245,1259,0.98888006,0,S,1126,,false,false
GCF_036503815.1_to_GCF_000005845.2:108,GCF_036503815.1_to_GCF_000005845.2,GCF_036503815.1,GCF_000005845.2,NZ_AP027765.1,99974,17029,18285,-,NC_000913.3,4641652,2170170,2171428,1244,1258,0.98887122,0,S,1126,,false,false
GCF_036503815.1_to_GCF_000005845.2:109,GCF_036503815.1_to_GCF_000005845.2,GCF_036503815.1,GCF_000005845.2,NZ_AP027765.1,99974,2318,3555,+,NC_000913.3,4641652,566775,568028,1158,1253,0.92418196,1,P,535,535,false,false
GCF_036503815.1_to_GCF_000005845.2:110,GCF_036503815.1_to_GCF_000005845.2,GCF_036503815.1,GCF_000005845.2,NZ_AP027768.1,4145,1290,1637,-,NC_000913.3,4641652,3130145,3130492,345,347,0.99423631,0,P,562,562,false,false
GCF_036503815.1_to_GCF_000005845.2:111,GCF_036503815.1_to_GCF_000005845.2,GCF_036503815.1,GCF_000005845.2,NZ_AP027768.1,4145,1290,1637,+,NC_000913.3,4641652,575438,575785,345,347,0.99423631,0,S,562,,false,false
GCF_036503815.1_to_GCF_000005845.2:112,GCF_036503815.1_to_GCF_000005845.2,GCF_036503815.1,GCF_000005845.2,NZ_AP027768.1,4145,1290,1637,+,NC_000913.3,4641652,3366403,3366750,345,347,0.99423631,0,S,562,,false,false
GCF_036503815.1_to_GCF_000005845.2:113,GCF_036503815.1_to_GCF_000005845.2,GCF_036503815.1,GCF_000005845.2,NZ_AP027768.1,4145,1290,1637,+,NC_000913.3,4641652,3652883,3653230,345,347,0.99423631,0,S,562,,false,false
GCF_036503815.1_to_GCF_000005845.2:114,GCF_036503815.1_to_GCF_000005845.2,GCF_036503815.1,GCF_000005845.2,NZ_AP027768.1,4145,1290,1637,+,NC_000913.3,4641652,688698,689045,345,347,0.99423631,0,S,562,,false,false
GCF_036503815.1_to_GCF_000005845.2:115,GCF_036503815.1_to_GCF_000005845.2,GCF_036503815.1,GCF_000005845.2,NZ_AP027768.1,4145,1290,1637,-,NC_000913.3,4641652,1396043,1396390,345,347,0.99423631,0,S,562,,false,false
GCF_000005845.2_to_GCF_036503815.1:1,GCF_000005845.2_to_GCF_036503815.1,GCF_000005845.2,GCF_036503815.1,NC_000913.3,4641652,1651548,1833235,-,NZ_AP027764.1,4992219,2299929,2481227,176125,181740,0.96910421,60,P,135539,5087,true,true
GCF_000005845.2_to_GCF_036503815.1:2,GCF_000005845.2_to_GCF_036503815.1,GCF_000005845.2,GCF_036503815.1,NC_000913.3,4641652,859231,1053801,-,NZ_AP027764.1,4992219,3070978,3256779,177044,197268,0.89747957,60,P,128096,5087,true,true
GCF_000005845.2_to_GCF_036503815.1:3,GCF_000005845.2_to_GCF_036503815.1,GCF_000005845.2,GCF_036503815.1,NC_000913.3,4641652,3911837,4060277,-,NZ_AP027764.1,4992219,4798610,4958496,143160,160427,0.89236849,60,P,105088,5120,true,true
GCF_000005845.2_to_GCF_036503815.1:4,GCF_000005845.2_to_GCF_036503815.1,GCF_000005845.2,GCF_036503815.1,NC_000913.3,4641652,3367777,3512497,-,NZ_AP027764.1,4992219,441751,589700,135399,153469,0.88225635,60,P,110841,5087,true,true
GCF_000005845.2_to_GCF_036503815.1:5,GCF_000005845.2_to_GCF_036503815.1,GCF_000005845.2,GCF_036503815.1,NC_000913.3,4641652,2479000,2635415,-,NZ_AP027764.1,4992219,1399956,1550907,141265,160405,0.88067704,60,P,92163,5087,true,true
GCF_000005845.2_to_GCF_036503815.1:6,GCF_000005845.2_to_GCF_036503815.1,GCF_000005845.2,GCF_036503815.1,NC_000913.3,4641652,1056188,1196452,-,NZ_AP027764.1,4992219,2922271,3058304,131390,140386,0.93591954,60,P,95989,5087,true,true
GCF_000005845.2_to_GCF_036503815.1:7,GCF_000005845.2_to_GCF_036503815.1,GCF_000005845.2,GCF_036503815.1,NC_000913.3,4641652,385193,522833,-,NZ_AP027764.1,4992219,3581080,3749723,130806,170736,0.76613017,60,P,91245,5087,false,false
GCF_000005845.2_to_GCF_036503815.1:8,GCF_000005845.2_to_GCF_036503815.1,GCF_000005845.2,GCF_036503815.1,NC_000913.3,4641652,3653234,3796859,-,NZ_AP027764.1,4992219,113183,263201,128481,159938,0.80331754,60,P,85800,5087,false,false
GCF_000005845.2_to_GCF_036503815.1:9,GCF_000005845.2_to_GCF_036503815.1,GCF_000005845.2,GCF_036503815.1,NC_000913.3,4641652,20564,149589,-,NZ_AP027764.1,4992219,4011299,4139658,121351,131364,0.92377668,60,P,82196,5087,true,true
GCF_000005845.2_to_GCF_036503815.1:10,GCF_000005845.2_to_GCF_036503815.1,GCF_000005845.2,GCF_036503815.1,NC_000913.3,4641652,2635891,2755943,-,NZ_AP027764.1,4992219,1265398,1387812,114588,123049,0.93123877,60,P,75266,5087,true,true
GCF_000005845.2_to_GCF_036503815.1:11,GCF_000005845.2_to_GCF_036503815.1,GCF_000005845.2,GCF_036503815.1,NC_000913.3,4641652,3239758,3360616,-,NZ_AP027764.1,4992219,597522,721637,110704,130072,0.85109785,60,P,79565,5087,true,true
GCF_000005845.2_to_GCF_036503815.1:12,GCF_000005845.2_to_GCF_036503815.1,GCF_000005845.2,GCF_036503815.1,NC_000913.3,4641652,4313661,4426610,-,NZ_AP027764.1,4992219,4426501,4538217,106800,114303,0.93435868,60,P,78061,5120,true,true
GCF_000005845.2_to_GCF_036503815.1:13,GCF_000005845.2_to_GCF_036503815.1,GCF_000005845.2,GCF_036503815.1,NC_000913.3,4641652,3131343,3239537,-,NZ_AP027764.1,4992219,721929,822351,94850,110302,0.85991188,60,P,65657,5087,true,true
GCF_000005845.2_to_GCF_036503815.1:14,GCF_000005845.2_to_GCF_036503815.1,GCF_000005845.2,GCF_036503815.1,NC_000913.3,4641652,2906521,2996360,-,NZ_AP027764.1,4992219,990711,1087307,86105,97580,0.88240418,60,P,63802,5087,true,true
GCF_000005845.2_to_GCF_036503815.1:15,GCF_000005845.2_to_GCF_036503815.1,GCF_000005845.2,GCF_036503815.1,NC_000913.3,4641652,530138,636600,-,NZ_AP027764.1,4992219,3488376,3578972,81078,112365,0.72155920,60,P,49489,5087,false,false
GCF_000005845.2_to_GCF_036503815.1:16,GCF_000005845.2_to_GCF_036503815.1,GCF_000005845.2,GCF_036503815.1,NC_000913.3,4641652,157305,237989,-,NZ_AP027764.1,4992219,3917885,4003681,77585,86155,0.90052812,60,P,57617,5087,true,true
GCF_000005845.2_to_GCF_036503815.1:17,GCF_000005845.2_to_GCF_036503815.1,GCF_000005845.2,GCF_036503815.1,NC_000913.3,4641652,2778151,2860409,-,NZ_AP027764.1,4992219,1134450,1222242,78541,87981,0.89270411,60,P,49111,5087,true,true
GCF_000005845.2_to_GCF_036503815.1:18,GCF_000005845.2_to_GCF_036503815.1,GCF_000005845.2,GCF_036503815.1,NC_000913.3,4641652,1245736,1327728,-,NZ_AP027764.1,4992219,2796723,2873362,74089,82085,0.90258878,60,P,54192,5087,true,true
GCF_000005845.2_to_GCF_036503815.1:19,GCF_000005845.2_to_GCF_036503815.1,GCF_000005845.2,GCF_036503815.1,NC_000913.3,4641652,643499,720563,-,NZ_AP027764.1,4992219,3405319,3482885,73254,78911,0.92831164,60,P,54132,5087,true,true
GCF_000005845.2_to_GCF_036503815.1:20,GCF_000005845.2_to_GCF_036503815.1,GCF_000005845.2,GCF_036503815.1,NC_000913.3,4641652,2229447,2304504,-,NZ_AP027764.1,4992219,1708734,1788515,70981,81239,0.87373060,60,P,49658,5087,true,true
GCF_000005845.2_to_GCF_036503815.1:21,GCF_000005845.2_to_GCF_036503815.1,GCF_000005845.2,GCF_036503815.1,NC_000913.3,4641652,4132465,4202044,-,NZ_AP027764.1,4992219,4642712,4713852,65928,72639,0.90761161,60,P,49352,5120,true,true
GCF_000005845.2_to_GCF_036503815.1:22,GCF_000005845.2_to_GCF_036503815.1,GCF_000005845.2,GCF_036503815.1,NC_000913.3,4641652,2304728,2387438,-,NZ_AP027764.1,4992219,1634490,1707456,68097,84519,0.80570049,60,P,42789,5087,false,false
GCF_000005845.2_to_GCF_036503815.1:23,GCF_000005845.2_to_GCF_036503815.1,GCF_000005845.2,GCF_036503815.1,NC_000913.3,4641652,1327766,1390723,-,NZ_AP027764.1,4992219,2730237,2795158,60303,65154,0.92554563,60,P,39563,5087,true,true
GCF_000005845.2_to_GCF_036503815.1:24,GCF_000005845.2_to_GCF_036503815.1,GCF_000005845.2,GCF_036503815.1,NC_000913.3,4641652,1946562,2002343,-,NZ_AP027764.1,4992219,2130771,2185623,53106,55787,0.95194221,60,P,37545,5087,true,true
GCF_000005845.2_to_GCF_036503815.1:25,GCF_000005845.2_to_GCF_036503815.1,GCF_000005845.2,GCF_036503815.1,NC_000913.3,4641652,2393201,2449157,-,NZ_AP027764.1,4992219,1573756,1629694,53846,55961,0.96220582,60,P,35710,5087,true,true
GCF_000005845.2_to_GCF_036503815.1:26,GCF_000005845.2_to_GCF_036503815.1,GCF_000005845.2,GCF_036503815.1,NC_000913.3,4641652,2003123,2066020,-,NZ_AP027764.1,4992219,1956419,2129670,58435,174547,0.33478089,60,P,34003,5087,false,false
GCF_000005845.2_to_GCF_036503815.1:27,GCF_000005845.2_to_GCF_036503815.1,GCF_000005845.2,GCF_036503815.1,NC_000913.3,4641652,1894000,1946053,-,NZ_AP027764.1,4992219,2187565,2240046,50562,52485,0.96336096,60,P,39590,5087,true,true
GCF_000005845.2_to_GCF_036503815.1:28,GCF_000005845.2_to_GCF_036503815.1,GCF_000005845.2,GCF_036503815.1,NC_000913.3,4641652,4202525,4260264,-,NZ_AP027764.1,4992219,4586347,4642252,53519,57903,0.92428717,60,P,34282,5120,true,true
GCF_000005845.2_to_GCF_036503815.1:29,GCF_000005845.2_to_GCF_036503815.1,GCF_000005845.2,GCF_036503815.1,NC_000913.3,4641652,1845101,1893696,-,NZ_AP027764.1,4992219,2240369,2289983,47223,49616,0.95176959,60,P,35912,5087,true,true
GCF_000005845.2_to_GCF_036503815.1:30,GCF_000005845.2_to_GCF_036503815.1,GCF_000005845.2,GCF_036503815.1,NC_000913.3,4641652,3512632,3563518,-,NZ_AP027764.1,4992219,387936,441637,48916,53793,0.90933765,60,P,33571,5087,true,true
GCF_000005845.2_to_GCF_036503815.1:31,GCF_000005845.2_to_GCF_036503815.1,GCF_000005845.2,GCF_036503815.1,NC_000913.3,4641652,1472914,1526808,-,NZ_AP027764.1,4992219,2642133,2696383,49427,56463,0.87538742,60,P,31115,5087,true,true
GCF_000005845.2_to_GCF_036503815.1:32,GCF_000005845.2_to_GCF_036503815.1,GCF_000005845.2,GCF_036503815.1,NC_000913.3,4641652,2997690,3045908,-,NZ_AP027764.1,4992219,925642,973768,46369,48313,0.95976238,60,P,31891,5087,true,true
GCF_000005845.2_to_GCF_036503815.1:33,GCF_000005845.2_to_GCF_036503815.1,GCF_000005845.2,GCF_036503815.1,NC_000913.3,4641652,3827466,3875478,-,NZ_AP027764.1,4992219,8246,84863,46250,76643,0.60344715,60,P,30555,5087,false,false
GCF_000005845.2_to_GCF_036503815.1:34,GCF_000005845.2_to_GCF_036503815.1,GCF_000005845.2,GCF_036503815.1,NC_000913.3,4641652,3083934,3130145,-,NZ_AP027764.1,4992219,830727,884655,43875,54289,0.80817477,60,P,28820,5087,false,false
GCF_000005845.2_to_GCF_036503815.1:35,GCF_000005845.2_to_GCF_036503815.1,GCF_000005845.2,GCF_036503815.1,NC_000913.3,4641652,771192,815526,-,NZ_AP027764.1,4992219,3309801,3352446,41130,44402,0.92630963,60,P,30075,5087,true,true
GCF_000005845.2_to_GCF_036503815.1:36,GCF_000005845.2_to_GCF_036503815.1,GCF_000005845.2,GCF_036503815.1,NC_000913.3,4641652,1590749,1632503,-,NZ_AP027764.1,4992219,2505289,2548249,40203,42989,0.93519272,60,P,28443,5087,true,true
GCF_000005845.2_to_GCF_036503815.1:37,GCF_000005845.2_to_GCF_036503815.1,GCF_000005845.2,GCF_036503815.1,NC_000913.3,4641652,4094677,4132268,-,NZ_AP027764.1,4992219,4716863,4755342,36284,38640,0.93902692,60,P,27745,5120,true,true
GCF_000005845.2_to_GCF_036503815.1:38,GCF_000005845.2_to_GCF_036503815.1,GCF_000005845.2,GCF_036503815.1,NC_000913.3,4641652,4269324,4306755,-,NZ_AP027764.1,4992219,4538491,4575385,35592,37462,0.95008275,60,P,23801,5120,true,true
GCF_000005845.2_to_GCF_036503815.1:39,GCF_000005845.2_to_GCF_036503815.1,GCF_000005845.2,GCF_036503815.1,NC_000913.3,4641652,1552790,1590079,-,NZ_AP027764.1,4992219,2558411,2595708,35567,37326,0.95287467,60,P,21162,5087,true,true
GCF_000005845.2_to_GCF_036503815.1:40,GCF_000005845.2_to_GCF_036503815.1,GCF_000005845.2,GCF_036503815.1,NC_000913.3,4641652,3046125,3079408,-,NZ_AP027764.1,4992219,891009,924178,32084,33286,0.96388872,60,P,22821,5087,true,true
GCF_000005845.2_to_GCF_036503815.1:41,GCF_000005845.2_to_GCF_036503815.1,GCF_000005845.2,GCF_036503815.1,NC_000913.3,4641652,1393139,1446155,-,NZ_AP027764.1,4992219,2701516,2730267,27907,53017,0.52637833,60,P,20979,5087,false,false
GCF_000005845.2_to_GCF_036503815.1:42,GCF_000005845.2_to_GCF_036503815.1,GCF_000005845.2,GCF_036503815.1,NC_000913.3,4641652,832974,857921,-,NZ_AP027764.1,4992219,3258083,3282892,24030,24960,0.96274038,60,P,17814,5087,true,true
GCF_000005845.2_to_GCF_036503815.1:43,GCF_000005845.2_to_GCF_036503815.1,GCF_000005845.2,GCF_036503815.1,NC_000913.3,4641652,2139759,2167201,-,NZ_AP027764.1,4992219,1863549,1894939,26072,31410,0.83005412,60,P,14906,5087,false,false
GCF_000005845.2_to_GCF_036503815.1:44,GCF_000005845.2_to_GCF_036503815.1,GCF_000005845.2,GCF_036503815.1,NC_000913.3,4641652,3563907,3592509,-,NZ_AP027764.1,4992219,351888,380979,24576,32142,0.76460706,60,P,16539,5087,false,false
GCF_000005845.2_to_GCF_036503815.1:45,GCF_000005845.2_to_GCF_036503815.1,GCF_000005845.2,GCF_036503815.1,NC_000913.3,4641652,2113225,2139488,-,NZ_AP027764.1,4992219,1896675,1924286,24933,27826,0.89603249,60,P,14576,5087,true,true
GCF_000005845.2_to_GCF_036503815.1:46,GCF_000005845.2_to_GCF_036503815.1,GCF_000005845.2,GCF_036503815.1,NC_000913.3,4641652,2202369,2229067,-,NZ_AP027764.1,4992219,1788913,1816913,25412,28006,0.90737699,60,P,13867,5087,true,true
GCF_000005845.2_to_GCF_036503815.1:47,GCF_000005845.2_to_GCF_036503815.1,GCF_000005845.2,GCF_036503815.1,NC_000913.3,4641652,2171428,2196670,-,NZ_AP027764.1,4992219,1822578,1860952,24056,38468,0.62535094,60,P,15284,5087,false,false
GCF_000005845.2_to_GCF_036503815.1:48,GCF_000005845.2_to_GCF_036503815.1,GCF_000005845.2,GCF_036503815.1,NC_000913.3,4641652,3625678,3650662,-,NZ_AP027764.1,4992219,265976,323375,23787,57413,0.41431383,60,P,13908,5087,false,false
GCF_000005845.2_to_GCF_036503815.1:49,GCF_000005845.2_to_GCF_036503815.1,GCF_000005845.2,GCF_036503815.1,NC_000913.3,4641652,332681,357506,-,NZ_AP027764.1,4992219,3783039,3812229,22871,29939,0.76391997,60,P,12328,5087,false,false
GCF_000005845.2_to_GCF_036503815.1:50,GCF_000005845.2_to_GCF_036503815.1,GCF_000005845.2,GCF_036503815.1,NC_000913.3,4641652,1223563,1245048,-,NZ_AP027764.1,4992219,2880159,2903492,20715,23360,0.88677226,60,P,14481,5087,true,false
GCF_000005845.2_to_GCF_036503815.1:51,GCF_000005845.2_to_GCF_036503815.1,GCF_000005845.2,GCF_036503815.1,NC_000913.3,4641652,4477180,4496478,-,NZ_AP027764.1,4992219,4346536,4365840,18801,19306,0.97384233,60,P,14710,5120,true,true
GCF_000005845.2_to_GCF_036503815.1:52,GCF_000005845.2_to_GCF_036503815.1,GCF_000005845.2,GCF_036503815.1,NC_000913.3,4641652,357735,379973,-,NZ_AP027764.1,4992219,3757847,3781746,21034,24070,0.87386789,60,P,10959,5087,true,true
GCF_000005845.2_to_GCF_036503815.1:53,GCF_000005845.2_to_GCF_036503815.1,GCF_000005845.2,GCF_036503815.1,NC_000913.3,4641652,4534842,4555885,-,NZ_AP027764.1,4992219,4311018,4331961,20097,21066,0.95400171,60,P,12862,5120,true,true
GCF_000005845.2_to_GCF_036503815.1:54,GCF_000005845.2_to_GCF_036503815.1,GCF_000005845.2,GCF_036503815.1,NC_000913.3,4641652,4449047,4470317,-,NZ_AP027764.1,4992219,4372849,4394560,20270,21839,0.92815605,60,P,12529,5120,true,true
GCF_000005845.2_to_GCF_036503815.1:55,GCF_000005845.2_to_GCF_036503815.1,GCF_000005845.2,GCF_036503815.1,NC_000913.3,4641652,0,19782,-,NZ_AP027764.1,4992219,4145267,4168865,19050,23726,0.80291663,60,P,14590,5087,false,false
GCF_000005845.2_to_GCF_036503815.1:56,GCF_000005845.2_to_GCF_036503815.1,GCF_000005845.2,GCF_036503815.1,NC_000913.3,4641652,4591643,4609478,-,NZ_AP027764.1,4992219,4249498,4267266,17206,17849,0.96397557,60,P,12256,5120,true,true
GCF_000005845.2_to_GCF_036503815.1:57,GCF_000005845.2_to_GCF_036503815.1,GCF_000005845.2,GCF_036503815.1,NC_000913.3,4641652,4428604,4448271,-,NZ_AP027764.1,4992219,4396484,4416156,18681,19694,0.94856301,60,P,10614,5120,true,true
GCF_000005845.2_to_GCF_036503815.1:58,GCF_000005845.2_to_GCF_036503815.1,GCF_000005845.2,GCF_036503815.1,NC_000913.3,4641652,1533285,1552682,-,NZ_AP027764.1,4992219,2595973,2618541,18087,22926,0.78892960,60,P,10149,5087,false,false
GCF_000005845.2_to_GCF_036503815.1:59,GCF_000005845.2_to_GCF_036503815.1,GCF_000005845.2,GCF_036503815.1,NC_000913.3,4641652,297860,313794,-,NZ_AP027764.1,4992219,3842400,3858323,15449,15939,0.96925780,60,P,12592,5087,true,false
GCF_000005845.2_to_GCF_036503815.1:60,GCF_000005845.2_to_GCF_036503815.1,GCF_000005845.2,GCF_036503815.1,NC_000913.3,4641652,2887418,2905509,-,NZ_AP027764.1,4992219,1089750,1107476,16812,18091,0.92930186,60,P,9197,5087,true,true
GCF_000005845.2_to_GCF_036503815.1:61,GCF_000005845.2_to_GCF_036503815.1,GCF_000005845.2,GCF_036503815.1,NC_000913.3,4641652,3592723,3608644,-,NZ_AP027764.1,4992219,334995,350975,15275,15980,0.95588235,60,P,9434,5087,true,true
GCF_000005845.2_to_GCF_036503815.1:62,GCF_000005845.2_to_GCF_036503815.1,GCF_000005845.2,GCF_036503815.1,NC_000913.3,4641652,815748,832237,-,NZ_AP027764.1,4992219,3287186,3305003,15615,17829,0.87582029,60,P,8327,5087,true,true
GCF_000005845.2_to_GCF_036503815.1:63,GCF_000005845.2_to_GCF_036503815.1,GCF_000005845.2,GCF_036503815.1,NC_000913.3,4641652,4628829,4641652,-,NZ_AP027764.1,4992219,4168865,4181537,12292,12823,0.95859003,60,P,9058,5120,true,true
GCF_000005845.2_to_GCF_036503815.1:64,GCF_000005845.2_to_GCF_036503815.1,GCF_000005845.2,GCF_036503815.1,NC_000913.3,4641652,317438,331536,-,NZ_AP027764.1,4992219,3817197,3830962,13140,14103,0.93171666,60,P,8300,5087,true,true
GCF_000005845.2_to_GCF_036503815.1:65,GCF_000005845.2_to_GCF_036503815.1,GCF_000005845.2,GCF_036503815.1,NC_000913.3,4641652,752642,765154,-,NZ_AP027764.1,4992219,3367938,3380503,12083,12574,0.96095117,60,P,9069,5087,true,true
GCF_000005845.2_to_GCF_036503815.1:66,GCF_000005845.2_to_GCF_036503815.1,GCF_000005845.2,GCF_036503815.1,NC_000913.3,4641652,3883729,3897382,-,NZ_AP027764.1,4992219,4976082,4992219,12961,16150,0.80253870,60,P,7900,5120,false,false
GCF_000005845.2_to_GCF_036503815.1:67,GCF_000005845.2_to_GCF_036503815.1,GCF_000005845.2,GCF_036503815.1,NC_000913.3,4641652,4609476,4621767,-,NZ_AP027764.1,4992219,4188014,4200224,11633,12403,0.93791825,60,P,8053,5120,true,true
GCF_000005845.2_to_GCF_036503815.1:68,GCF_000005845.2_to_GCF_036503815.1,GCF_000005845.2,GCF_036503815.1,NC_000913.3,4641652,2866512,2877646,-,NZ_AP027764.1,4992219,1119421,1130561,10763,11140,0.96615799,60,P,7888,5087,true,true
GCF_000005845.2_to_GCF_036503815.1:69,GCF_000005845.2_to_GCF_036503815.1,GCF_000005845.2,GCF_036503815.1,NC_000913.3,4641652,738962,752327,-,NZ_AP027764.1,4992219,3380818,3394186,12482,13373,0.93337321,60,P,6080,5087,true,true
GCF_000005845.2_to_GCF_036503815.1:70,GCF_000005845.2_to_GCF_036503815.1,GCF_000005845.2,GCF_036503815.1,NC_000913.3,4641652,2089868,2101235,-,NZ_AP027764.1,4992219,1935387,1946829,10822,11446,0.94548314,60,P,6714,5087,true,true
GCF_000005845.2_to_GCF_036503815.1:71,GCF_000005845.2_to_GCF_036503815.1,GCF_000005845.2,GCF_036503815.1,NC_000913.3,4641652,3807955,3817788,-,NZ_AP027764.1,4992219,95227,105068,9477,9849,0.96222967,60,P,7274,5087,false,false
GCF_000005845.2_to_GCF_036503815.1:72,GCF_000005845.2_to_GCF_036503815.1,GCF_000005845.2,GCF_036503815.1,NC_000913.3,4641652,3608763,3618991,-,NZ_AP027764.1,4992219,324196,334422,9775,10228,0.95570982,60,P,5581,5087,true,true
GCF_000005845.2_to_GCF_036503815.1:73,GCF_000005845.2_to_GCF_036503815.1,GCF_000005845.2,GCF_036503815.1,NC_000913.3,4641652,2078748,2089205,-,NZ_AP027764.1,4992219,1947051,1956090,8779,10502,0.83593601,60,P,7072,5087,false,false
GCF_000005845.2_to_GCF_036503815.1:74,GCF_000005845.2_to_GCF_036503815.1,GCF_000005845.2,GCF_036503815.1,NC_000913.3,4641652,4069492,4079634,-,NZ_AP027764.1,4992219,4773875,4786069,9657,12218,0.79039123,60,P,5387,5120,false,false
GCF_000005845.2_to_GCF_036503815.1:75,GCF_000005845.2_to_GCF_036503815.1,GCF_000005845.2,GCF_036503815.1,NC_000913.3,4641652,3818005,3827281,-,NZ_AP027764.1,4992219,85733,95010,8886,9278,0.95774951,60,P,6013,5087,false,false
GCF_000005845.2_to_GCF_036503815.1:76,GCF_000005845.2_to_GCF_036503815.1,GCF_000005845.2,GCF_036503815.1,NC_000913.3,4641652,2456333,2466389,-,NZ_AP027764.1,4992219,1556498,1566697,9449,10199,0.92646338,60,P,4602,5087,true,true
GCF_000005845.2_to_GCF_036503815.1:77,GCF_000005845.2_to_GCF_036503815.1,GCF_000005845.2,GCF_036503815.1,NC_000913.3,4641652,4563741,4571920,-,NZ_AP027764.1,4992219,4286737,4294952,7898,8217,0.96117805,60,P,5752,5120,false,false
GCF_000005845.2_to_GCF_036503815.1:78,GCF_000005845.2_to_GCF_036503815.1,GCF_000005845.2,GCF_036503815.1,NC_000913.3,4641652,721053,729394,-,NZ_AP027764.1,4992219,3396397,3404738,7978,8341,0.95648004,60,P,4420,5087,false,false
GCF_000005845.2_to_GCF_036503815.1:79,GCF_000005845.2_to_GCF_036503815.1,GCF_000005845.2,GCF_036503815.1,NC_000913.3,4641652,1833766,1843716,-,NZ_AP027764.1,4992219,2290160,2299408,8676,9950,0.87195980,60,P,4400,5087,false,false
GCF_000005845.2_to_GCF_036503815.1:80,GCF_000005845.2_to_GCF_036503815.1,GCF_000005845.2,GCF_036503815.1,NC_000913.3,4641652,3876101,3883729,-,NZ_AP027764.1,4992219,0,7625,7331,7628,0.96106450,60,P,4865,5087,false,false
GCF_000005845.2_to_GCF_036503815.1:81,GCF_000005845.2_to_GCF_036503815.1,GCF_000005845.2,GCF_036503815.1,NC_000913.3,4641652,4080239,4086836,-,NZ_AP027764.1,4992219,4767249,4773846,6431,6597,0.97483705,60,P,4921,5120,false,false
GCF_000005845.2_to_GCF_036503815.1:82,GCF_000005845.2_to_GCF_036503815.1,GCF_000005845.2,GCF_036503815.1,NC_000913.3,4641652,239362,245945,-,NZ_AP027764.1,4992219,3897697,3904196,6280,6584,0.95382746,60,P,4560,5087,false,false
GCF_000005845.2_to_GCF_036503815.1:83,GCF_000005845.2_to_GCF_036503815.1,GCF_000005845.2,GCF_036503815.1,NC_000913.3,4641652,1213102,1223550,-,NZ_AP027764.1,4992219,2907867,2915394,6999,10471,0.66841753,60,P,3030,5087,false,false
GCF_000005845.2_to_GCF_036503815.1:84,GCF_000005845.2_to_GCF_036503815.1,GCF_000005845.2,GCF_036503815.1,NC_000913.3,4641652,4470523,4475960,-,NZ_AP027764.1,4992219,4366836,4372282,5187,5446,0.95244216,60,P,3824,5120,false,false
GCF_000005845.2_to_GCF_036503815.1:85,GCF_000005845.2_to_GCF_036503815.1,GCF_000005845.2,GCF_036503815.1,NC_000913.3,4641652,4261423,4266862,-,NZ_AP027764.1,4992219,4578487,4585164,5225,6678,0.78241989,60,P,3172,5120,false,false
GCF_000005845.2_to_GCF_036503815.1:86,GCF_000005845.2_to_GCF_036503815.1,GCF_000005845.2,GCF_036503815.1,NC_000913.3,4641652,4623110,4628683,-,NZ_AP027764.1,4992219,4181749,4187714,5296,5965,0.88784577,60,P,2454,5120,false,false
GCF_000005845.2_to_GCF_036503815.1:87,GCF_000005845.2_to_GCF_036503815.1,GCF_000005845.2,GCF_036503815.1,NC_000913.3,4641652,4556296,4561480,-,NZ_AP027764.1,4992219,4305434,4310619,4963,5185,0.95718419,60,P,2866,5120,false,false
GCF_000005845.2_to_GCF_036503815.1:88,GCF_000005845.2_to_GCF_036503815.1,GCF_000005845.2,GCF_036503815.1,NC_000913.3,4641652,4063595,4069294,-,NZ_AP027764.1,4992219,4787112,4792808,5355,5699,0.93963853,60,P,2321,5120,false,false
GCF_000005845.2_to_GCF_036503815.1:89,GCF_000005845.2_to_GCF_036503815.1,GCF_000005845.2,GCF_036503815.1,NC_000913.3,4641652,3906865,3911630,-,NZ_AP027764.1,4992219,4963922,4968594,4506,4765,0.94564533,60,P,2913,5120,false,false
GCF_000005845.2_to_GCF_036503815.1:90,GCF_000005845.2_to_GCF_036503815.1,GCF_000005845.2,GCF_036503815.1,NC_000913.3,4641652,637289,641869,-,NZ_AP027764.1,4992219,3483181,3487687,4298,4582,0.93801833,60,P,3286,5087,false,false
GCF_000005845.2_to_GCF_036503815.1:91,GCF_000005845.2_to_GCF_036503815.1,GCF_000005845.2,GCF_036503815.1,NC_000913.3,4641652,246783,251953,-,NZ_AP027764.1,4992219,3892211,3897465,4829,5260,0.91806084,60,P,1848,5087,false,false
GCF_000005845.2_to_GCF_036503815.1:92,GCF_000005845.2_to_GCF_036503815.1,GCF_000005845.2,GCF_036503815.1,NC_000913.3,4641652,3079654,3083874,-,NZ_AP027764.1,4992219,885590,889747,4012,4221,0.95048567,60,P,2510,5087,false,false
GCF_000005845.2_to_GCF_036503815.1:93,GCF_000005845.2_to_GCF_036503815.1,GCF_000005845.2,GCF_036503815.1,NC_000913.3,4641652,4088401,4092825,-,NZ_AP027764.1,4992219,4758437,4762861,4180,4424,0.94484629,60,P,2215,5120,false,false
GCF_000005845.2_to_GCF_036503815.1:94,GCF_000005845.2_to_GCF_036503815.1,GCF_000005845.2,GCF_036503815.1,NC_000913.3,4641652,4587908,4591446,-,NZ_AP027764.1,4992219,4273242,4276780,3462,3538,0.97851894,60,P,2667,5120,false,false
GCF_000005845.2_to_GCF_036503815.1:95,GCF_000005845.2_to_GCF_036503815.1,GCF_000005845.2,GCF_036503815.1,NC_000913.3,4641652,258842,262939,-,NZ_AP027764.1,4992219,3880904,3885001,3907,4097,0.95362460,60,P,2193,5087,false,false
GCF_000005845.2_to_GCF_036503815.1:96,GCF_000005845.2_to_GCF_036503815.1,GCF_000005845.2,GCF_036503815.1,NC_000913.3,4641652,2390047,2393041,-,NZ_AP027764.1,4992219,1629921,1632915,2893,2994,0.96626587,60,P,2132,5087,false,false
GCF_000005845.2_to_GCF_036503815.1:97,GCF_000005845.2_to_GCF_036503815.1,GCF_000005845.2,GCF_036503815.1,NC_000913.3,4641652,1648469,1650844,-,NZ_AP027764.1,4992219,2483411,2485756,2303,2377,0.96886832,60,P,2159,5087,false,false
GCF_000005845.2_to_GCF_036503815.1:98,GCF_000005845.2_to_GCF_036503815.1,GCF_000005845.2,GCF_036503815.1,NC_000913.3,4641652,2198529,2201583,-,NZ_AP027764.1,4992219,1817711,1820764,2837,3054,0.92894565,60,P,1113,5087,false,false
GCF_000005845.2_to_GCF_036503815.1:99,GCF_000005845.2_to_GCF_036503815.1,GCF_000005845.2,GCF_036503815.1,NC_000913.3,4641652,2167983,2170170,-,NZ_AP027764.1,4992219,1860949,1863213,2005,2269,0.88364918,60,P,621,5087,false,false
GCF_000005845.2_to_GCF_036503815.1:100,GCF_000005845.2_to_GCF_036503815.1,GCF_000005845.2,GCF_036503815.1,NC_000913.3,4641652,4267035,4268309,-,NZ_AP027764.1,4992219,4575630,4576904,1245,1274,0.97723705,60,P,964,5120,false,false
GCF_000005845.2_to_GCF_036503815.1:101,GCF_000005845.2_to_GCF_036503815.1,GCF_000005845.2,GCF_036503815.1,NC_000913.3,4641652,4093127,4094350,-,NZ_AP027764.1,4992219,4755301,4756524,1167,1223,0.95421096,60,P,519,5120,false,false
GCF_000005845.2_to_GCF_036503815.1:102,GCF_000005845.2_to_GCF_036503815.1,GCF_000005845.2,GCF_036503815.1,NC_000913.3,4641652,252705,253685,-,NZ_AP027764.1,4992219,3891238,3892218,945,980,0.96428571,60,P,546,5087,false,false
GCF_000005845.2_to_GCF_036503815.1:103,GCF_000005845.2_to_GCF_036503815.1,GCF_000005845.2,GCF_036503815.1,NC_000913.3,4641652,316530,317400,-,NZ_AP027764.1,4992219,3831687,3832557,850,870,0.97701149,60,P,628,5087,false,false
GCF_000005845.2_to_GCF_036503815.1:104,GCF_000005845.2_to_GCF_036503815.1,GCF_000005845.2,GCF_036503815.1,NC_000913.3,4641652,3650995,3652034,-,NZ_AP027764.1,4992219,263202,264240,973,1042,0.93378119,60,P,452,5087,false,false
GCF_000005845.2_to_GCF_036503815.1:105,GCF_000005845.2_to_GCF_036503815.1,GCF_000005845.2,GCF_036503815.1,NC_000913.3,4641652,1636276,1636901,-,NZ_AP027764.1,4992219,2502679,2503304,599,625,0.95840000,60,P,412,5087,false,false
GCF_000005845.2_to_GCF_036503815.1:106,GCF_000005845.2_to_GCF_036503815.1,GCF_000005845.2,GCF_036503815.1,NC_000913.3,4641652,253683,254194,-,NZ_AP027764.1,4992219,3889702,3890213,486,511,0.95107632,60,P,1160,5087,false,false
GCF_000005845.2_to_GCF_036503815.1:107,GCF_000005845.2_to_GCF_036503815.1,GCF_000005845.2,GCF_036503815.1,NC_000913.3,4641652,1634320,1634775,-,NZ_AP027764.1,4992219,2503299,2503754,437,455,0.96043956,60,P,283,5087,false,false
GCF_005843885.1_to_GCF_000005845.2:1,GCF_005843885.1_to_GCF_000005845.2,GCF_005843885.1,GCF_000005845.2,NZ_CP040443.1,5120753,3868320,4129302,+,NC_000913.3,4641652,859232,1063797,177104,271945,0.65124933,60,P,64053,4906,false,false
GCF_005843885.1_to_GCF_000005845.2:2,GCF_005843885.1_to_GCF_000005845.2,GCF_005843885.1,GCF_000005845.2,NZ_CP040443.1,5120753,1569365,1737433,+,NC_000913.3,4641652,3470092,3622880,137539,174319,0.78900751,60,P,70821,5026,false,false
GCF_005843885.1_to_GCF_000005845.2:3,GCF_005843885.1_to_GCF_000005845.2,GCF_005843885.1,GCF_000005845.2,NZ_CP040443.1,5120753,2972683,3113408,+,NC_000913.3,4641652,8,145003,130892,146164,0.89551463,60,P,66351,4906,true,true
GCF_005843885.1_to_GCF_000005845.2:4,GCF_005843885.1_to_GCF_000005845.2,GCF_005843885.1,GCF_000005845.2,NZ_CP040443.1,5120753,144171,278737,+,NC_000913.3,4641652,2198525,2342459,120089,149423,0.80368484,60,P,55744,4945,false,false
GCF_005843885.1_to_GCF_000005845.2:5,GCF_005843885.1_to_GCF_000005845.2,GCF_005843885.1,GCF_000005845.2,NZ_CP040443.1,5120753,4688009,4838495,+,NC_000913.3,4641652,1625334,1802621,136139,177529,0.76685499,60,P,42876,4906,false,false
GCF_005843885.1_to_GCF_000005845.2:6,GCF_005843885.1_to_GCF_000005845.2,GCF_005843885.1,GCF_000005845.2,NZ_CP040443.1,5120753,3387339,3510045,+,NC_000913.3,4641652,393221,513436,110838,123611,0.89666777,60,P,50851,4906,true,true
GCF_005843885.1_to_GCF_000005845.2:7,GCF_005843885.1_to_GCF_000005845.2,GCF_005843885.1,GCF_000005845.2,NZ_CP040443.1,5120753,401179,518456,+,NC_000913.3,4641652,2495298,2635442,107431,141408,0.75972364,60,P,44942,4945,false,false
GCF_005843885.1_to_GCF_000005845.2:8,GCF_005843885.1_to_GCF_000005845.2,GCF_005843885.1,GCF_000005845.2,NZ_CP040443.1,5120753,2543713,2791879,+,NC_000913.3,4641652,4313897,4426610,94007,261162,0.35995666,60,P,43257,4954,false,false
GCF_005843885.1_to_GCF_000005845.2:9,GCF_005843885.1_to_GCF_000005845.2,GCF_005843885.1,GCF_000005845.2,NZ_CP040443.1,5120753,1974604,2064617,-,NC_000913.3,4641652,3911838,4002376,81961,93982,0.87209253,60,P,47055,4950,true,true
GCF_005843885.1_to_GCF_000005845.2:10,GCF_005843885.1_to_GCF_000005845.2,GCF_005843885.1,GCF_000005845.2,NZ_CP040443.1,5120753,2339059,2425864,+,NC_000913.3,4641652,4132469,4213164,75863,88127,0.86083720,60,P,46337,4954,true,true
GCF_005843885.1_to_GCF_000005845.2:11,GCF_005843885.1_to_GCF_000005845.2,GCF_005843885.1,GCF_000005845.2,NZ_CP040443.1,5120753,529773,619314,+,NC_000913.3,4641652,2635917,2725800,83484,90410,0.92339343,60,P,44790,4945,true,true
GCF_005843885.1_to_GCF_000005845.2:12,GCF_005843885.1_to_GCF_000005845.2,GCF_005843885.1,GCF_000005845.2,NZ_CP040443.1,5120753,1245135,1350110,+,NC_000913.3,4641652,3131344,3231291,82093,117083,0.70115217,60,P,40276,5026,false,false
GCF_005843885.1_to_GCF_000005845.2:13,GCF_005843885.1_to_GCF_000005845.2,GCF_005843885.1,GCF_000005845.2,NZ_CP040443.1,5120753,4156920,4299044,+,NC_000913.3,4641652,1097052,1196404,87636,145440,0.60255776,60,P,32697,4906,false,false
GCF_005843885.1_to_GCF_000005845.2:14,GCF_005843885.1_to_GCF_000005845.2,GCF_005843885.1,GCF_000005845.2,NZ_CP040443.1,5120753,3653430,3723727,+,NC_000913.3,4641652,656583,733296,65209,77731,0.83890597,60,P,34422,4906,false,false
GCF_005843885.1_to_GCF_000005845.2:15,GCF_005843885.1_to_GCF_000005845.2,GCF_005843885.1,GCF_000005845.2,NZ_CP040443.1,5120753,1433014,1509313,+,NC_000913.3,4641652,3322034,3404445,69782,83463,0.83608305,60,P,30872,5026,false,false
GCF_005843885.1_to_GCF_000005845.2:16,GCF_005843885.1_to_GCF_000005845.2,GCF_005843885.1,GCF_000005845.2,NZ_CP040443.1,5120753,309360,381546,+,NC_000913.3,4641652,2373555,2449157,66697,76105,0.87638132,60,P,34003,4945,true,true
GCF_005843885.1_to_GCF_000005845.2:17,GCF_005843885.1_to_GCF_000005845.2,GCF_005843885.1,GCF_000005845.2,NZ_CP040443.1,5120753,685280,753003,+,NC_000913.3,4641652,2814215,2877646,59815,67872,0.88129125,60,P,34380,4945,true,true
GCF_005843885.1_to_GCF_000005845.2:18,GCF_005843885.1_to_GCF_000005845.2,GCF_005843885.1,GCF_000005845.2,NZ_CP040443.1,5120753,1900825,1971911,-,NC_000913.3,4641652,4003298,4063350,56492,71552,0.78952370,60,P,32274,4978,false,false
GCF_005843885.1_to_GCF_000005845.2:19,GCF_005843885.1_to_GCF_000005845.2,GCF_005843885.1,GCF_000005845.2,NZ_CP040443.1,5120753,4838766,4914881,+,NC_000913.3,4641652,1805185,1893707,68084,89751,0.75858765,60,P,22161,4906,false,false
GCF_005843885.1_to_GCF_000005845.2:20,GCF_005843885.1_to_GCF_000005845.2,GCF_005843885.1,GCF_000005845.2,NZ_CP040443.1,5120753,4929960,4998808,+,NC_000913.3,4641652,1908342,1978497,62531,70456,0.88751845,60,P,20758,4906,true,true
GCF_005843885.1_to_GCF_000005845.2:21,GCF_005843885.1_to_GCF_000005845.2,GCF_005843885.1,GCF_000005845.2,NZ_CP040443.1,5120753,1510885,1567833,+,NC_000913.3,4641652,3404897,3453454,46270,57147,0.80966630,60,P,36205,5026,false,false
GCF_005843885.1_to_GCF_000005845.2:22,GCF_005843885.1_to_GCF_000005845.2,GCF_005843885.1,GCF_000005845.2,NZ_CP040443.1,5120753,3125671,3176775,+,NC_000913.3,4641652,157306,209624,48101,52444,0.91718786,60,P,26665,4906,true,true
GCF_005843885.1_to_GCF_000005845.2:23,GCF_005843885.1_to_GCF_000005845.2,GCF_005843885.1,GCF_000005845.2,NZ_CP040443.1,5120753,877798,936842,+,NC_000913.3,4641652,3000179,3059425,54288,59289,0.91565046,60,P,21901,4945,true,true
GCF_005843885.1_to_GCF_000005845.2:24,GCF_005843885.1_to_GCF_000005845.2,GCF_005843885.1,GCF_000005845.2,NZ_CP040443.1,5120753,3775040,3829830,+,NC_000913.3,4641652,771254,820561,46171,55219,0.83614336,60,P,26644,4906,false,false
GCF_005843885.1_to_GCF_000005845.2:25,GCF_005843885.1_to_GCF_000005845.2,GCF_005843885.1,GCF_000005845.2,NZ_CP040443.1,5120753,813730,871815,+,NC_000913.3,4641652,2935598,2987123,46784,58911,0.79414710,60,P,19186,4945,false,false
GCF_005843885.1_to_GCF_000005845.2:26,GCF_005843885.1_to_GCF_000005845.2,GCF_005843885.1,GCF_000005845.2,NZ_CP040443.1,5120753,3177377,3245928,+,NC_000913.3,4641652,211880,245945,32649,68733,0.47501200,60,P,24151,4906,false,false
GCF_005843885.1_to_GCF_000005845.2:27,GCF_005843885.1_to_GCF_000005845.2,GCF_005843885.1,GCF_000005845.2,NZ_CP040443.1,5120753,3334763,3379918,+,NC_000913.3,4641652,345200,384565,35773,46741,0.76534520,60,P,20318,4906,false,false
GCF_005843885.1_to_GCF_000005845.2:28,GCF_005843885.1_to_GCF_000005845.2,GCF_005843885.1,GCF_000005845.2,NZ_CP040443.1,5120753,3830381,3867150,+,NC_000913.3,4641652,821523,858056,34349,36836,0.93248453,60,P,17623,4906,true,true
GCF_005843885.1_to_GCF_000005845.2:29,GCF_005843885.1_to_GCF_000005845.2,GCF_005843885.1,GCF_000005845.2,NZ_CP040443.1,5120753,2498035,2534330,+,NC_000913.3,4641652,4269302,4306756,33708,37968,0.88780025,60,P,15728,4954,true,true
GCF_005843885.1_to_GCF_000005845.2:30,GCF_005843885.1_to_GCF_000005845.2,GCF_005843885.1,GCF_000005845.2,NZ_CP040443.1,5120753,2799833,2842453,+,NC_000913.3,4641652,4427723,4470317,35173,47168,0.74569623,60,P,12012,4954,false,false
GCF_005843885.1_to_GCF_000005845.2:31,GCF_005843885.1_to_GCF_000005845.2,GCF_005843885.1,GCF_000005845.2,NZ_CP040443.1,5120753,961375,993234,+,NC_000913.3,4641652,3079654,3110442,29074,31979,0.90915914,60,P,16798,4945,true,true
GCF_005843885.1_to_GCF_000005845.2:32,GCF_005843885.1_to_GCF_000005845.2,GCF_005843885.1,GCF_000005845.2,NZ_CP040443.1,5120753,1405190,1432766,+,NC_000913.3,4641652,3292481,3319981,26446,27579,0.95891802,60,P,19234,5026,true,true
GCF_005843885.1_to_GCF_000005845.2:33,GCF_005843885.1_to_GCF_000005845.2,GCF_005843885.1,GCF_000005845.2,NZ_CP040443.1,5120753,4546295,4590215,+,NC_000913.3,4641652,1482300,1527904,39553,45724,0.86503805,60,P,12163,4906,true,true
GCF_005843885.1_to_GCF_000005845.2:34,GCF_005843885.1_to_GCF_000005845.2,GCF_005843885.1,GCF_000005845.2,NZ_CP040443.1,5120753,619589,650003,+,NC_000913.3,4641652,2726063,2755957,28155,30631,0.91916686,60,P,20849,4945,true,true
GCF_005843885.1_to_GCF_000005845.2:35,GCF_005843885.1_to_GCF_000005845.2,GCF_005843885.1,GCF_000005845.2,NZ_CP040443.1,5120753,2287739,2324265,+,NC_000913.3,4641652,4093129,4127274,31579,36549,0.86401817,60,P,11141,4954,true,true
GCF_005843885.1_to_GCF_000005845.2:36,GCF_005843885.1_to_GCF_000005845.2,GCF_005843885.1,GCF_000005845.2,NZ_CP040443.1,5120753,8093,37786,+,NC_000913.3,4641652,2110223,2139488,27552,29703,0.92758307,60,P,15557,4945,true,true
GCF_005843885.1_to_GCF_000005845.2:37,GCF_005843885.1_to_GCF_000005845.2,GCF_005843885.1,GCF_000005845.2,NZ_CP040443.1,5120753,1790036,1834009,+,NC_000913.3,4641652,3672319,3709875,33816,44347,0.76253185,60,P,11064,5026,false,false
GCF_005843885.1_to_GCF_000005845.2:38,GCF_005843885.1_to_GCF_000005845.2,GCF_005843885.1,GCF_000005845.2,NZ_CP040443.1,5120753,3554206,3581977,+,NC_000913.3,4641652,530155,557800,26069,27803,0.93763263,60,P,13050,4906,true,true
GCF_005843885.1_to_GCF_000005845.2:39,GCF_005843885.1_to_GCF_000005845.2,GCF_005843885.1,GCF_000005845.2,NZ_CP040443.1,5120753,4332873,4362044,+,NC_000913.3,4641652,1256718,1286526,27141,29843,0.90945950,60,P,12435,4906,true,true
GCF_005843885.1_to_GCF_000005845.2:40,GCF_005843885.1_to_GCF_000005845.2,GCF_005843885.1,GCF_000005845.2,NZ_CP040443.1,5120753,4439111,4469560,+,NC_000913.3,4641652,1351831,1394838,26872,44575,0.60284913,60,P,12386,4906,false,false
GCF_005843885.1_to_GCF_000005845.2:41,GCF_005843885.1_to_GCF_000005845.2,GCF_005843885.1,GCF_000005845.2,NZ_CP040443.1,5120753,4394936,4429208,+,NC_000913.3,4641652,1316446,1349206,29920,34293,0.87248126,60,P,10913,4906,true,true
GCF_005843885.1_to_GCF_000005845.2:42,GCF_005843885.1_to_GCF_000005845.2,GCF_005843885.1,GCF_000005845.2,NZ_CP040443.1,5120753,3607392,3634869,+,NC_000913.3,4641652,607622,636590,25586,28978,0.88294568,60,P,12149,4906,true,true
GCF_005843885.1_to_GCF_000005845.2:43,GCF_005843885.1_to_GCF_000005845.2,GCF_005843885.1,GCF_000005845.2,NZ_CP040443.1,5120753,2237514,2268711,-,NC_000913.3,4641652,3770230,3796860,23599,32613,0.72360715,60,P,10589,4950,false,false
GCF_005843885.1_to_GCF_000005845.2:44,GCF_005843885.1_to_GCF_000005845.2,GCF_005843885.1,GCF_000005845.2,NZ_CP040443.1,5120753,107307,143706,+,NC_000913.3,4641652,2168630,2198054,25748,37689,0.68317016,60,P,11150,4945,false,false
GCF_005843885.1_to_GCF_000005845.2:45,GCF_005843885.1_to_GCF_000005845.2,GCF_005843885.1,GCF_000005845.2,NZ_CP040443.1,5120753,2467509,2490431,+,NC_000913.3,4641652,4233668,4260047,21356,26591,0.80312888,60,P,9083,4954,false,false
GCF_005843885.1_to_GCF_000005845.2:46,GCF_005843885.1_to_GCF_000005845.2,GCF_005843885.1,GCF_000005845.2,NZ_CP040443.1,5120753,4133844,4154965,+,NC_000913.3,4641652,1065508,1086116,19491,21349,0.91297016,60,P,11849,4906,true,true
GCF_005843885.1_to_GCF_000005845.2:47,GCF_005843885.1_to_GCF_000005845.2,GCF_005843885.1,GCF_000005845.2,NZ_CP040443.1,5120753,2096884,2121375,-,NC_000913.3,4641652,3842112,3875478,22494,33460,0.67226539,60,P,8140,4950,false,false
GCF_005843885.1_to_GCF_000005845.2:48,GCF_005843885.1_to_GCF_000005845.2,GCF_005843885.1,GCF_000005845.2,NZ_CP040443.1,5120753,4602887,4624745,+,NC_000913.3,4641652,1532962,1557050,20419,24131,0.84617297,60,P,10815,4906,false,false
GCF_005843885.1_to_GCF_000005845.2:49,GCF_005843885.1_to_GCF_000005845.2,GCF_005843885.1,GCF_000005845.2,NZ_CP040443.1,5120753,784506,806701,+,NC_000913.3,4641652,2906521,2933469,20535,27178,0.75557436,60,P,10330,4945,false,false
GCF_005843885.1_to_GCF_000005845.2:50,GCF_005843885.1_to_GCF_000005845.2,GCF_005843885.1,GCF_000005845.2,NZ_CP040443.1,5120753,39902,104838,+,NC_000913.3,4641652,2141418,2164988,21147,65688,0.32193095,60,P,10025,4945,false,false
GCF_005843885.1_to_GCF_000005845.2:51,GCF_005843885.1_to_GCF_000005845.2,GCF_005843885.1,GCF_000005845.2,NZ_CP040443.1,5120753,2075498,2096263,-,NC_000913.3,4641652,3876101,3896862,19438,20775,0.93564380,60,P,8753,4950,true,true
GCF_005843885.1_to_GCF_000005845.2:52,GCF_005843885.1_to_GCF_000005845.2,GCF_005843885.1,GCF_000005845.2,NZ_CP040443.1,5120753,4659086,4684101,+,NC_000913.3,4641652,1590960,1622356,22208,32112,0.69157947,60,P,7569,4906,false,false
GCF_005843885.1_to_GCF_000005845.2:53,GCF_005843885.1_to_GCF_000005845.2,GCF_005843885.1,GCF_000005845.2,NZ_CP040443.1,5120753,2935267,2953754,+,NC_000913.3,4641652,4603361,4621677,17090,18828,0.90769067,60,P,9416,4954,true,true
GCF_005843885.1_to_GCF_000005845.2:54,GCF_005843885.1_to_GCF_000005845.2,GCF_005843885.1,GCF_000005845.2,NZ_CP040443.1,5120753,2954144,2972657,+,NC_000913.3,4641652,4623110,4641634,17229,18715,0.92059845,60,P,7104,4954,true,true
GCF_005843885.1_to_GCF_000005845.2:55,GCF_005843885.1_to_GCF_000005845.2,GCF_005843885.1,GCF_000005845.2,NZ_CP040443.1,5120753,285904,309061,+,NC_000913.3,4641652,2349934,2373256,21081,23347,0.90294256,60,P,6780,4945,true,true
GCF_005843885.1_to_GCF_000005845.2:56,GCF_005843885.1_to_GCF_000005845.2,GCF_005843885.1,GCF_000005845.2,NZ_CP040443.1,5120753,3586264,3603739,+,NC_000913.3,4641652,587169,604735,16405,17601,0.93204932,60,P,7897,4906,true,true
GCF_005843885.1_to_GCF_000005845.2:57,GCF_005843885.1_to_GCF_000005845.2,GCF_005843885.1,GCF_000005845.2,NZ_CP040443.1,5120753,1845814,1867562,+,NC_000913.3,4641652,3722331,3744137,19806,21839,0.90690966,60,P,6546,5026,true,true
GCF_005843885.1_to_GCF_000005845.2:58,GCF_005843885.1_to_GCF_000005845.2,GCF_005843885.1,GCF_000005845.2,NZ_CP040443.1,5120753,4311158,4332446,+,NC_000913.3,4641652,1230664,1252959,19329,22429,0.86178608,60,P,6158,4906,true,true
GCF_005843885.1_to_GCF_000005845.2:59,GCF_005843885.1_to_GCF_000005845.2,GCF_005843885.1,GCF_000005845.2,NZ_CP040443.1,5120753,1218633,1236724,+,NC_000913.3,4641652,3112090,3130125,16761,18117,0.92515317,60,P,8319,5026,true,true
GCF_005843885.1_to_GCF_000005845.2:60,GCF_005843885.1_to_GCF_000005845.2,GCF_005843885.1,GCF_000005845.2,NZ_CP040443.1,5120753,764291,780475,+,NC_000913.3,4641652,2887321,2903497,15119,16196,0.93350210,60,P,7666,4945,true,true
GCF_005843885.1_to_GCF_000005845.2:61,GCF_005843885.1_to_GCF_000005845.2,GCF_005843885.1,GCF_000005845.2,NZ_CP040443.1,5120753,1377862,1397118,+,NC_000913.3,4641652,3253339,3281075,17429,28030,0.62179807,60,P,6645,5026,false,false
GCF_005843885.1_to_GCF_000005845.2:62,GCF_005843885.1_to_GCF_000005845.2,GCF_005843885.1,GCF_000005845.2,NZ_CP040443.1,5120753,2426150,2448712,+,NC_000913.3,4641652,4213687,4231674,14364,25174,0.57058870,60,P,5840,4954,false,false
GCF_005843885.1_to_GCF_000005845.2:63,GCF_005843885.1_to_GCF_000005845.2,GCF_005843885.1,GCF_000005845.2,NZ_CP040443.1,5120753,665901,679703,+,NC_000913.3,4641652,2800553,2813956,12704,13805,0.92024629,60,P,7579,4945,true,true
GCF_005843885.1_to_GCF_000005845.2:64,GCF_005843885.1_to_GCF_000005845.2,GCF_005843885.1,GCF_000005845.2,NZ_CP040443.1,5120753,2272905,2287640,-,NC_000913.3,4641652,3751126,3765895,13599,14956,0.90926718,60,P,5393,4950,true,true
GCF_005843885.1_to_GCF_000005845.2:65,GCF_005843885.1_to_GCF_000005845.2,GCF_005843885.1,GCF_000005845.2,NZ_CP040443.1,5120753,1749477,1763764,+,NC_000913.3,4641652,3636228,3650652,13351,14479,0.92209407,60,P,6596,5026,true,true
GCF_005843885.1_to_GCF_000005845.2:66,GCF_005843885.1_to_GCF_000005845.2,GCF_005843885.1,GCF_000005845.2,NZ_CP040443.1,5120753,3743421,3755334,+,NC_000913.3,4641652,753132,765052,11454,11938,0.95945720,60,P,8120,4906,true,true
GCF_005843885.1_to_GCF_000005845.2:67,GCF_005843885.1_to_GCF_000005845.2,GCF_005843885.1,GCF_000005845.2,NZ_CP040443.1,5120753,2202277,2217917,-,NC_000913.3,4641652,3815125,3831822,14394,16738,0.85995937,60,P,5856,4950,true,true
GCF_005843885.1_to_GCF_000005845.2:68,GCF_005843885.1_to_GCF_000005845.2,GCF_005843885.1,GCF_000005845.2,NZ_CP040443.1,5120753,4376739,4393868,+,NC_000913.3,4641652,1295437,1313773,15483,18361,0.84325472,60,P,4294,4906,false,false
GCF_005843885.1_to_GCF_000005845.2:69,GCF_005843885.1_to_GCF_000005845.2,GCF_005843885.1,GCF_000005845.2,NZ_CP040443.1,5120753,1359223,1377622,+,NC_000913.3,4641652,3239760,3252662,11911,18421,0.64659899,60,P,4738,5026,false,false
GCF_005843885.1_to_GCF_000005845.2:70,GCF_005843885.1_to_GCF_000005845.2,GCF_005843885.1,GCF_000005845.2,NZ_CP040443.1,5120753,937133,951289,+,NC_000913.3,4641652,3059751,3073892,12753,14325,0.89026178,60,P,5132,4945,true,true
GCF_005843885.1_to_GCF_000005845.2:71,GCF_005843885.1_to_GCF_000005845.2,GCF_005843885.1,GCF_000005845.2,NZ_CP040443.1,5120753,3322520,3332666,+,NC_000913.3,4641652,332464,342593,9647,10148,0.95063067,60,P,5998,4906,true,true
GCF_005843885.1_to_GCF_000005845.2:72,GCF_005843885.1_to_GCF_000005845.2,GCF_005843885.1,GCF_000005845.2,NZ_CP040443.1,5120753,5053135,5068517,+,NC_000913.3,4641652,2018772,2034143,13815,15400,0.89707792,60,P,3875,4906,true,true
GCF_005843885.1_to_GCF_000005845.2:73,GCF_005843885.1_to_GCF_000005845.2,GCF_005843885.1,GCF_000005845.2,NZ_CP040443.1,5120753,2219217,2229065,-,NC_000913.3,4641652,3805242,3815091,9366,9850,0.95086294,60,P,5426,4950,false,false
GCF_005843885.1_to_GCF_000005845.2:74,GCF_005843885.1_to_GCF_000005845.2,GCF_005843885.1,GCF_000005845.2,NZ_CP040443.1,5120753,3640381,3652996,+,NC_000913.3,4641652,643514,656125,11533,12625,0.91350495,60,P,3742,4906,true,true
GCF_005843885.1_to_GCF_000005845.2:75,GCF_005843885.1_to_GCF_000005845.2,GCF_005843885.1,GCF_000005845.2,NZ_CP040443.1,5120753,2849298,2859890,+,NC_000913.3,4641652,4480932,4497213,9757,16503,0.59122584,60,P,4430,4954,false,false
GCF_005843885.1_to_GCF_000005845.2:76,GCF_005843885.1_to_GCF_000005845.2,GCF_005843885.1,GCF_000005845.2,NZ_CP040443.1,5120753,2894196,2905211,+,NC_000913.3,4641652,4558360,4571855,10159,13523,0.75123863,60,P,3504,4954,false,false
GCF_005843885.1_to_GCF_000005845.2:77,GCF_005843885.1_to_GCF_000005845.2,GCF_005843885.1,GCF_000005845.2,NZ_CP040443.1,5120753,4477219,4488420,+,NC_000913.3,4641652,1405658,1416600,10046,11214,0.89584448,60,P,4811,4906,true,true
GCF_005843885.1_to_GCF_000005845.2:78,GCF_005843885.1_to_GCF_000005845.2,GCF_005843885.1,GCF_000005845.2,NZ_CP040443.1,5120753,1881019,1888686,-,NC_000913.3,4641652,4079177,4086841,7403,7668,0.96544079,60,P,5348,4950,false,false
GCF_005843885.1_to_GCF_000005845.2:79,GCF_005843885.1_to_GCF_000005845.2,GCF_005843885.1,GCF_000005845.2,NZ_CP040443.1,5120753,3540763,3549253,+,NC_000913.3,4641652,514428,522830,7976,8500,0.93835294,60,P,4503,4906,false,false
GCF_005843885.1_to_GCF_000005845.2:80,GCF_005843885.1_to_GCF_000005845.2,GCF_005843885.1,GCF_000005845.2,NZ_CP040443.1,5120753,3290285,3298731,+,NC_000913.3,4641652,253699,262858,7924,9222,0.85924962,60,P,4245,4906,false,false
GCF_005843885.1_to_GCF_000005845.2:81,GCF_005843885.1_to_GCF_000005845.2,GCF_005843885.1,GCF_000005845.2,NZ_CP040443.1,5120753,5112280,5120750,+,NC_000913.3,4641652,2089863,2098322,7946,8471,0.93802385,60,P,4015,4906,false,false
GCF_005843885.1_to_GCF_000005845.2:82,GCF_005843885.1_to_GCF_000005845.2,GCF_005843885.1,GCF_000005845.2,NZ_CP040443.1,5120753,3729209,3739074,+,NC_000913.3,4641652,738951,748835,9033,9886,0.91371637,60,P,2730,4906,false,false
GCF_005843885.1_to_GCF_000005845.2:83,GCF_005843885.1_to_GCF_000005845.2,GCF_005843885.1,GCF_000005845.2,NZ_CP040443.1,5120753,5008116,5024554,+,NC_000913.3,4641652,1988582,1999581,9936,16449,0.60404888,60,P,2897,4906,false,false
GCF_005843885.1_to_GCF_000005845.2:84,GCF_005843885.1_to_GCF_000005845.2,GCF_005843885.1,GCF_000005845.2,NZ_CP040443.1,5120753,5074360,5085167,+,NC_000913.3,4641652,2053520,2065732,9720,12234,0.79450711,60,P,2213,4906,false,false
GCF_005843885.1_to_GCF_000005845.2:85,GCF_005843885.1_to_GCF_000005845.2,GCF_005843885.1,GCF_000005845.2,NZ_CP040443.1,5120753,1738528,1746462,+,NC_000913.3,4641652,3624232,3630820,6322,7934,0.79682380,60,P,3858,5026,false,false
GCF_005843885.1_to_GCF_000005845.2:86,GCF_005843885.1_to_GCF_000005845.2,GCF_005843885.1,GCF_000005845.2,NZ_CP040443.1,5120753,388743,397405,+,NC_000913.3,4641652,2456333,2466526,7952,10215,0.77846304,60,P,2795,4945,false,false
GCF_005843885.1_to_GCF_000005845.2:87,GCF_005843885.1_to_GCF_000005845.2,GCF_005843885.1,GCF_000005845.2,NZ_CP040443.1,5120753,4920796,4929354,+,NC_000913.3,4641652,1899161,1907733,7826,8576,0.91254664,60,P,3051,4906,false,false
GCF_005843885.1_to_GCF_000005845.2:88,GCF_005843885.1_to_GCF_000005845.2,GCF_005843885.1,GCF_000005845.2,NZ_CP040443.1,5120753,1834562,1844386,+,NC_000913.3,4641652,3710428,3720319,8803,9898,0.88937159,60,P,2206,5026,false,false
GCF_005843885.1_to_GCF_000005845.2:89,GCF_005843885.1_to_GCF_000005845.2,GCF_005843885.1,GCF_000005845.2,NZ_CP040443.1,5120753,4533222,4544475,+,NC_000913.3,4641652,1434751,1445896,9821,11294,0.86957677,60,P,2381,4906,true,true
GCF_005843885.1_to_GCF_000005845.2:90,GCF_005843885.1_to_GCF_000005845.2,GCF_005843885.1,GCF_000005845.2,NZ_CP040443.1,5120753,650502,655678,+,NC_000913.3,4641652,2788835,2794011,4949,5176,0.95614374,60,P,3042,4945,false,false
GCF_005843885.1_to_GCF_000005845.2:91,GCF_005843885.1_to_GCF_000005845.2,GCF_005843885.1,GCF_000005845.2,NZ_CP040443.1,5120753,5105365,5112063,+,NC_000913.3,4641652,2081062,2089205,6169,8161,0.75591227,60,P,2709,4906,false,false
GCF_005843885.1_to_GCF_000005845.2:92,GCF_005843885.1_to_GCF_000005845.2,GCF_005843885.1,GCF_000005845.2,NZ_CP040443.1,5120753,954751,959943,+,NC_000913.3,4641652,3074219,3079411,4910,5192,0.94568567,60,P,3027,4945,false,false
GCF_005843885.1_to_GCF_000005845.2:93,GCF_005843885.1_to_GCF_000005845.2,GCF_005843885.1,GCF_000005845.2,NZ_CP040443.1,5120753,1399072,1404286,+,NC_000913.3,4641652,3281781,3286994,4922,5214,0.94399693,60,P,2213,5026,false,false
GCF_005843885.1_to_GCF_000005845.2:94,GCF_005843885.1_to_GCF_000005845.2,GCF_005843885.1,GCF_000005845.2,NZ_CP040443.1,5120753,2070143,2074807,-,NC_000913.3,4641652,3906874,3911630,4479,4756,0.94175778,60,P,2555,4950,false,false
GCF_005843885.1_to_GCF_000005845.2:95,GCF_005843885.1_to_GCF_000005845.2,GCF_005843885.1,GCF_000005845.2,NZ_CP040443.1,5120753,4626128,4634767,+,NC_000913.3,4641652,1563403,1572057,7658,8661,0.88419351,60,P,1759,4906,false,false
GCF_005843885.1_to_GCF_000005845.2:96,GCF_005843885.1_to_GCF_000005845.2,GCF_005843885.1,GCF_000005845.2,NZ_CP040443.1,5120753,2331179,2336040,+,NC_000913.3,4641652,4127284,4132269,4623,4987,0.92701023,60,P,2324,4954,false,false
GCF_005843885.1_to_GCF_000005845.2:97,GCF_005843885.1_to_GCF_000005845.2,GCF_005843885.1,GCF_000005845.2,NZ_CP040443.1,5120753,4369178,4376500,+,NC_000913.3,4641652,1287066,1294215,6430,7336,0.87649945,60,P,2178,4906,false,false
GCF_005843885.1_to_GCF_000005845.2:98,GCF_005843885.1_to_GCF_000005845.2,GCF_005843885.1,GCF_000005845.2,NZ_CP040443.1,5120753,2927973,2934876,+,NC_000913.3,4641652,4596067,4602979,6213,6916,0.89835165,60,P,1356,4954,false,false
GCF_005843885.1_to_GCF_000005845.2:99,GCF_005843885.1_to_GCF_000005845.2,GCF_005843885.1,GCF_000005845.2,NZ_CP040443.1,5120753,2230185,2234863,-,NC_000913.3,4641652,3799462,3804138,4417,4682,0.94340026,60,P,2119,4950,false,false
GCF_005843885.1_to_GCF_000005845.2:100,GCF_005843885.1_to_GCF_000005845.2,GCF_005843885.1,GCF_000005845.2,NZ_CP040443.1,5120753,1353837,1358818,+,NC_000913.3,4641652,3234734,3239537,4509,4981,0.90523991,60,P,2007,5026,false,false
GCF_005843885.1_to_GCF_000005845.2:101,GCF_005843885.1_to_GCF_000005845.2,GCF_005843885.1,GCF_000005845.2,NZ_CP040443.1,5120753,280874,285716,+,NC_000913.3,4641652,2344590,2349523,4536,4935,0.91914894,60,P,2062,4945,false,false
GCF_005843885.1_to_GCF_000005845.2:102,GCF_005843885.1_to_GCF_000005845.2,GCF_005843885.1,GCF_000005845.2,NZ_CP040443.1,5120753,5046915,5052789,+,NC_000913.3,4641652,2012563,2018426,5341,5874,0.90926115,60,P,1557,4906,false,false
GCF_005843885.1_to_GCF_000005845.2:103,GCF_005843885.1_to_GCF_000005845.2,GCF_005843885.1,GCF_000005845.2,NZ_CP040443.1,5120753,4999256,5005859,+,NC_000913.3,4641652,1979720,1986324,5935,6616,0.89706771,60,P,1229,4906,false,false
GCF_005843885.1_to_GCF_000005845.2:104,GCF_005843885.1_to_GCF_000005845.2,GCF_005843885.1,GCF_000005845.2,NZ_CP040443.1,5120753,2910099,2913828,+,NC_000913.3,4641652,4587908,4591446,3432,3732,0.91961415,60,P,2306,4954,false,false
GCF_005843885.1_to_GCF_000005845.2:105,GCF_005843885.1_to_GCF_000005845.2,GCF_005843885.1,GCF_000005845.2,NZ_CP040443.1,5120753,3380469,3385184,+,NC_000913.3,4641652,385120,389901,4357,4788,0.90998329,60,P,1585,4906,false,false
GCF_005843885.1_to_GCF_000005845.2:106,GCF_005843885.1_to_GCF_000005845.2,GCF_005843885.1,GCF_000005845.2,NZ_CP040443.1,5120753,1870423,1875184,+,NC_000913.3,4641652,3746066,3750827,4376,4761,0.91913464,60,P,1475,5026,false,false
GCF_005843885.1_to_GCF_000005845.2:107,GCF_005843885.1_to_GCF_000005845.2,GCF_005843885.1,GCF_000005845.2,NZ_CP040443.1,5120753,2889012,2893073,+,NC_000913.3,4641652,4551342,4555349,3762,4062,0.92614476,60,P,1737,4954,false,false
GCF_005843885.1_to_GCF_000005845.2:108,GCF_005843885.1_to_GCF_000005845.2,GCF_005843885.1,GCF_000005845.2,NZ_CP040443.1,5120753,1777019,1783447,+,NC_000913.3,4641652,3657735,3664231,5624,6525,0.86191571,60,P,957,5026,false,false
GCF_005843885.1_to_GCF_000005845.2:109,GCF_005843885.1_to_GCF_000005845.2,GCF_005843885.1,GCF_000005845.2,NZ_CP040443.1,5120753,2490596,2494560,+,NC_000913.3,4641652,4261764,4265731,3664,3967,0.92361986,60,P,920,4954,false,false
GCF_005843885.1_to_GCF_000005845.2:110,GCF_005843885.1_to_GCF_000005845.2,GCF_005843885.1,GCF_000005845.2,NZ_CP040443.1,5120753,4915199,4920198,+,NC_000913.3,4641652,1893993,1898563,4139,5001,0.82763447,60,P,1410,4906,false,false
GCF_005843885.1_to_GCF_000005845.2:111,GCF_005843885.1_to_GCF_000005845.2,GCF_005843885.1,GCF_000005845.2,NZ_CP040443.1,5120753,655918,660327,+,NC_000913.3,4641652,2794178,2798593,3997,4415,0.90532276,60,P,1191,4945,false,false
GCF_005843885.1_to_GCF_000005845.2:112,GCF_005843885.1_to_GCF_000005845.2,GCF_005843885.1,GCF_000005845.2,NZ_CP040443.1,5120753,1888965,1891909,-,NC_000913.3,4641652,4075494,4078438,2812,2944,0.95516304,60,P,1683,4950,false,false
GCF_005843885.1_to_GCF_000005845.2:113,GCF_005843885.1_to_GCF_000005845.2,GCF_005843885.1,GCF_000005845.2,NZ_CP040443.1,5120753,3114352,3117997,+,NC_000913.3,4641652,145957,149618,3358,3661,0.91723573,60,P,1278,4906,false,false
GCF_005843885.1_to_GCF_000005845.2:114,GCF_005843885.1_to_GCF_000005845.2,GCF_005843885.1,GCF_000005845.2,NZ_CP040443.1,5120753,4472833,4477052,+,NC_000913.3,4641652,1394909,1400327,3811,5420,0.70313653,60,P,1026,4906,false,false
GCF_005843885.1_to_GCF_000005845.2:115,GCF_005843885.1_to_GCF_000005845.2,GCF_005843885.1,GCF_000005845.2,NZ_CP040443.1,5120753,3246170,3249317,+,NC_000913.3,4641652,246781,249965,2939,3191,0.92102789,60,P,1278,4906,false,false
GCF_005843885.1_to_GCF_000005845.2:116,GCF_005843885.1_to_GCF_000005845.2,GCF_005843885.1,GCF_000005845.2,NZ_CP040443.1,5120753,3635991,3640070,+,NC_000913.3,4641652,637716,641869,3649,4162,0.87674195,60,P,1655,4906,false,false
GCF_005843885.1_to_GCF_000005845.2:117,GCF_005843885.1_to_GCF_000005845.2,GCF_005843885.1,GCF_000005845.2,NZ_CP040443.1,5120753,3603922,3606619,+,NC_000913.3,4641652,604768,607467,2562,2699,0.94924046,60,P,1355,4906,false,false
GCF_005843885.1_to_GCF_000005845.2:118,GCF_005843885.1_to_GCF_000005845.2,GCF_005843885.1,GCF_000005845.2,NZ_CP040443.1,5120753,5035047,5039561,+,NC_000913.3,4641652,2005311,2009714,3914,4519,0.86612082,60,P,593,4906,false,false
GCF_005843885.1_to_GCF_000005845.2:119,GCF_005843885.1_to_GCF_000005845.2,GCF_005843885.1,GCF_000005845.2,NZ_CP040443.1,5120753,1350068,1352835,+,NC_000913.3,4641652,3231449,3234151,2520,2768,0.91040462,60,P,1014,5026,false,false
GCF_005843885.1_to_GCF_000005845.2:120,GCF_005843885.1_to_GCF_000005845.2,GCF_005843885.1,GCF_000005845.2,NZ_CP040443.1,5120753,3314580,3317366,+,NC_000913.3,4641652,321670,324456,2573,2786,0.92354630,60,P,964,4906,false,false
GCF_005843885.1_to_GCF_000005845.2:121,GCF_005843885.1_to_GCF_000005845.2,GCF_005843885.1,GCF_000005845.2,NZ_CP040443.1,5120753,2843018,2845062,+,NC_000913.3,4641652,4470523,4472568,1924,2045,0.94083130,60,P,750,4954,false,false
GCF_005843885.1_to_GCF_000005845.2:122,GCF_005843885.1_to_GCF_000005845.2,GCF_005843885.1,GCF_000005845.2,NZ_CP040443.1,5120753,1787248,1789822,+,NC_000913.3,4641652,3669528,3672102,2313,2575,0.89825243,60,P,957,5026,false,false
GCF_005843885.1_to_GCF_000005845.2:123,GCF_005843885.1_to_GCF_000005845.2,GCF_005843885.1,GCF_000005845.2,NZ_CP040443.1,5120753,2495269,2497752,+,NC_000913.3,4641652,4265770,4268252,2222,2484,0.89452496,60,P,363,4954,false,false
GCF_005843885.1_to_GCF_000005845.2:124,GCF_005843885.1_to_GCF_000005845.2,GCF_005843885.1,GCF_000005845.2,NZ_CP040443.1,5120753,5029525,5032269,+,NC_000913.3,4641652,1999581,2002328,2434,2750,0.88509091,60,P,349,4906,false,false
GCF_005843885.1_to_GCF_000005845.2:125,GCF_005843885.1_to_GCF_000005845.2,GCF_005843885.1,GCF_000005845.2,NZ_CP040443.1,5120753,2845793,2847865,+,NC_000913.3,4641652,4477315,4479486,1894,2173,0.87160607,60,P,563,4954,false,false
GCF_005843885.1_to_GCF_000005845.2:126,GCF_005843885.1_to_GCF_000005845.2,GCF_005843885.1,GCF_000005845.2,NZ_CP040443.1,5120753,4306062,4307976,+,NC_000913.3,4641652,1224289,1226203,1750,1914,0.91431557,60,P,517,4906,false,false
GCF_005843885.1_to_GCF_000005845.2:127,GCF_005843885.1_to_GCF_000005845.2,GCF_005843885.1,GCF_000005845.2,NZ_CP040443.1,5120753,1774518,1776827,+,NC_000913.3,4641652,3655249,3657557,2048,2309,0.88696405,60,P,645,5026,false,false
GCF_005843885.1_to_GCF_000005845.2:128,GCF_005843885.1_to_GCF_000005845.2,GCF_005843885.1,GCF_000005845.2,NZ_CP040443.1,5120753,1209143,1210628,+,NC_000913.3,4641652,3110602,3112087,1382,1485,0.93063973,60,P,732,0,false,false
GCF_005843885.1_to_GCF_000005845.2:129,GCF_005843885.1_to_GCF_000005845.2,GCF_005843885.1,GCF_000005845.2,NZ_CP040443.1,5120753,5103343,5104891,+,NC_000913.3,4641652,2079045,2080593,1413,1548,0.91279070,60,P,433,4906,false,false
GCF_005843885.1_to_GCF_000005845.2:130,GCF_005843885.1_to_GCF_000005845.2,GCF_005843885.1,GCF_000005845.2,NZ_CP040443.1,5120753,4685773,4687778,+,NC_000913.3,4641652,1622545,1624544,1777,2008,0.88496016,60,P,398,4906,false,false
GCF_005843885.1_to_GCF_000005845.2:131,GCF_005843885.1_to_GCF_000005845.2,GCF_005843885.1,GCF_000005845.2,NZ_CP040443.1,5120753,4307967,4309536,+,NC_000913.3,4641652,1227702,1229272,1414,1570,0.90063694,60,P,349,4906,false,false
GCF_005843885.1_to_GCF_000005845.2:132,GCF_005843885.1_to_GCF_000005845.2,GCF_005843885.1,GCF_000005845.2,NZ_CP040443.1,5120753,4492104,4493040,+,NC_000913.3,4641652,1420677,1421613,902,936,0.96367521,60,P,559,4906,false,false
GCF_005843885.1_to_GCF_000005845.2:133,GCF_005843885.1_to_GCF_000005845.2,GCF_005843885.1,GCF_000005845.2,NZ_CP040443.1,5120753,780945,782073,+,NC_000913.3,4641652,2904377,2905507,1035,1130,0.91592920,60,P,290,4945,false,false
GCF_005843885.1_to_GCF_000005845.2:134,GCF_005843885.1_to_GCF_000005845.2,GCF_005843885.1,GCF_000005845.2,NZ_CP040443.1,5120753,5006251,5007634,+,NC_000913.3,4641652,1986719,1988098,1230,1385,0.88808664,60,P,154,4906,false,false
GCF_005843885.1_to_GCF_000005845.2:135,GCF_005843885.1_to_GCF_000005845.2,GCF_005843885.1,GCF_000005845.2,NZ_CP040443.1,5120753,1178151,1179176,+,NC_000913.3,4641652,2077140,2078152,922,1026,0.89863548,60,P,720,0,false,false
GCF_005843885.1_to_GCF_000005845.2:136,GCF_005843885.1_to_GCF_000005845.2,GCF_005843885.1,GCF_000005845.2,NZ_CP040443.1,5120753,2887823,2888662,+,NC_000913.3,4641652,4537741,4538580,756,839,0.90107271,60,P,278,4954,false,false
GCF_005843885.1_to_GCF_000005845.2:137,GCF_005843885.1_to_GCF_000005845.2,GCF_005843885.1,GCF_000005845.2,NZ_CP040443.1,5120753,3726639,3727083,+,NC_000913.3,4641652,734714,735158,433,444,0.97522523,60,P,356,4906,false,false
GCF_005843885.1_to_GCF_000005845.2:138,GCF_005843885.1_to_GCF_000005845.2,GCF_005843885.1,GCF_000005845.2,NZ_CP040443.1,5120753,38185,38884,+,NC_000913.3,4641652,2139701,2140400,628,699,0.89842632,60,P,160,4945,false,false
GCF_005843885.1_to_GCF_000005845.2:139,GCF_005843885.1_to_GCF_000005845.2,GCF_005843885.1,GCF_000005845.2,NZ_CP040443.1,5120753,876647,877601,+,NC_000913.3,4641652,2998983,2999935,832,955,0.87120419,60,P,414,4945,false,false
GCF_005843885.1_to_GCF_000005845.2:140,GCF_005843885.1_to_GCF_000005845.2,GCF_005843885.1,GCF_000005845.2,NZ_CP040443.1,5120753,4490526,4490903,+,NC_000913.3,4641652,1418247,1418625,364,378,0.96296296,60,P,740,4906,false,false
GCF_005843885.1_to_GCF_000005845.2:141,GCF_005843885.1_to_GCF_000005845.2,GCF_005843885.1,GCF_000005845.2,NZ_CP040443.1,5120753,5070578,5071336,+,NC_000913.3,4641652,2035726,2036484,663,758,0.87467018,60,P,63,4906,false,false
GCF_005843885.1_to_GCF_000005845.2:142,GCF_005843885.1_to_GCF_000005845.2,GCF_005843885.1,GCF_000005845.2,NZ_CP040443.1,5120753,279608,280324,+,NC_000913.3,4641652,2343330,2344046,625,716,0.87290503,60,P,116,4945,false,false
GCF_005843885.1_to_GCF_000005845.2:143,GCF_005843885.1_to_GCF_000005845.2,GCF_005843885.1,GCF_000005845.2,NZ_CP040443.1,5120753,384028,388103,+,NC_000913.3,4641652,2451581,2455683,3300,4114,0.80213904,60,P,211,4945,false,false
GCF_005843885.1_to_GCF_000005845.2:144,GCF_005843885.1_to_GCF_000005845.2,GCF_005843885.1,GCF_000005845.2,NZ_CP040443.1,5120753,4490965,4491260,+,NC_000913.3,4641652,1419195,1419490,277,295,0.93898305,60,P,133,4906,false,false
GCF_000005845.2_to_GCF_005843885.1:1,GCF_000005845.2_to_GCF_005843885.1,GCF_000005845.2,GCF_005843885.1,NC_000913.3,4641652,859232,1063797,+,NZ_CP040443.1,5120753,3868320,4129302,177104,271945,0.65124933,60,P,64053,5026,false,false
GCF_000005845.2_to_GCF_005843885.1:2,GCF_000005845.2_to_GCF_005843885.1,GCF_000005845.2,GCF_005843885.1,NC_000913.3,4641652,3470092,3622880,+,NZ_CP040443.1,5120753,1569365,1737433,137539,174319,0.78900751,60,P,70821,4978,false,false
GCF_000005845.2_to_GCF_005843885.1:3,GCF_000005845.2_to_GCF_005843885.1,GCF_000005845.2,GCF_005843885.1,NC_000913.3,4641652,8,145003,+,NZ_CP040443.1,5120753,2972683,3113408,130892,146165,0.89550850,60,P,66351,5026,true,true
GCF_000005845.2_to_GCF_005843885.1:4,GCF_000005845.2_to_GCF_005843885.1,GCF_000005845.2,GCF_005843885.1,NC_000913.3,4641652,2198525,2342459,+,NZ_CP040443.1,5120753,144171,278737,120089,149422,0.80369022,60,P,55744,4810,false,false
GCF_000005845.2_to_GCF_005843885.1:5,GCF_000005845.2_to_GCF_005843885.1,GCF_000005845.2,GCF_005843885.1,NC_000913.3,4641652,1625334,1802621,+,NZ_CP040443.1,5120753,4688009,4838495,136139,177529,0.76685499,60,P,42876,5026,false,false
GCF_000005845.2_to_GCF_005843885.1:6,GCF_000005845.2_to_GCF_005843885.1,GCF_000005845.2,GCF_005843885.1,NC_000913.3,4641652,393221,513436,+,NZ_CP040443.1,5120753,3387339,3510045,110838,123611,0.89666777,60,P,50851,5026,true,true
GCF_000005845.2_to_GCF_005843885.1:7,GCF_000005845.2_to_GCF_005843885.1,GCF_000005845.2,GCF_005843885.1,NC_000913.3,4641652,2495298,2635442,+,NZ_CP040443.1,5120753,401179,518456,107431,141408,0.75972364,60,P,44942,4810,false,false
GCF_000005845.2_to_GCF_005843885.1:8,GCF_000005845.2_to_GCF_005843885.1,GCF_000005845.2,GCF_005843885.1,NC_000913.3,4641652,4313897,4426610,+,NZ_CP040443.1,5120753,2543713,2791879,94007,261162,0.35995666,60,P,43257,4984,false,false
GCF_000005845.2_to_GCF_005843885.1:9,GCF_000005845.2_to_GCF_005843885.1,GCF_000005845.2,GCF_005843885.1,NC_000913.3,4641652,3911838,4002376,-,NZ_CP040443.1,5120753,1972894,2064617,81965,95692,0.85655018,60,P,47162,4954,true,true
GCF_000005845.2_to_GCF_005843885.1:10,GCF_000005845.2_to_GCF_005843885.1,GCF_000005845.2,GCF_005843885.1,NC_000913.3,4641652,4132469,4213164,+,NZ_CP040443.1,5120753,2339059,2425864,75863,88127,0.86083720,60,P,46337,4984,true,true
GCF_000005845.2_to_GCF_005843885.1:11,GCF_000005845.2_to_GCF_005843885.1,GCF_000005845.2,GCF_005843885.1,NC_000913.3,4641652,2635917,2725800,+,NZ_CP040443.1,5120753,529773,619314,83484,90410,0.92339343,60,P,44790,4810,true,true
GCF_000005845.2_to_GCF_005843885.1:12,GCF_000005845.2_to_GCF_005843885.1,GCF_000005845.2,GCF_005843885.1,NC_000913.3,4641652,3131344,3231291,+,NZ_CP040443.1,5120753,1245135,1350110,82093,117083,0.70115217,60,P,40276,4978,false,false
GCF_000005845.2_to_GCF_005843885.1:13,GCF_000005845.2_to_GCF_005843885.1,GCF_000005845.2,GCF_005843885.1,NC_000913.3,4641652,1097052,1196404,+,NZ_CP040443.1,5120753,4156920,4299044,87636,145440,0.60255776,60,P,32697,5026,false,false
GCF_000005845.2_to_GCF_005843885.1:14,GCF_000005845.2_to_GCF_005843885.1,GCF_000005845.2,GCF_005843885.1,NC_000913.3,4641652,656583,733296,+,NZ_CP040443.1,5120753,3653430,3723727,65209,77730,0.83891676,60,P,34422,5026,false,false
GCF_000005845.2_to_GCF_005843885.1:15,GCF_000005845.2_to_GCF_005843885.1,GCF_000005845.2,GCF_005843885.1,NC_000913.3,4641652,3322034,3404445,+,NZ_CP040443.1,5120753,1433014,1509313,69782,83463,0.83608305,60,P,30872,4978,false,false
GCF_000005845.2_to_GCF_005843885.1:16,GCF_000005845.2_to_GCF_005843885.1,GCF_000005845.2,GCF_005843885.1,NC_000913.3,4641652,2373555,2449157,+,NZ_CP040443.1,5120753,309360,381546,66697,76105,0.87638132,60,P,34003,4810,true,true
GCF_000005845.2_to_GCF_005843885.1:17,GCF_000005845.2_to_GCF_005843885.1,GCF_000005845.2,GCF_005843885.1,NC_000913.3,4641652,2814215,2877646,+,NZ_CP040443.1,5120753,685280,753003,59815,67872,0.88129125,60,P,34380,4810,true,true
GCF_000005845.2_to_GCF_005843885.1:18,GCF_000005845.2_to_GCF_005843885.1,GCF_000005845.2,GCF_005843885.1,NC_000913.3,4641652,4003298,4063535,-,NZ_CP040443.1,5120753,1900640,1971911,56671,71737,0.78998285,60,P,32479,4954,false,false
GCF_000005845.2_to_GCF_005843885.1:19,GCF_000005845.2_to_GCF_005843885.1,GCF_000005845.2,GCF_005843885.1,NC_000913.3,4641652,1805185,1893707,+,NZ_CP040443.1,5120753,4838766,4914881,68084,89751,0.75858765,60,P,22161,5026,false,false
GCF_000005845.2_to_GCF_005843885.1:20,GCF_000005845.2_to_GCF_005843885.1,GCF_000005845.2,GCF_005843885.1,NC_000913.3,4641652,1908342,1978497,+,NZ_CP040443.1,5120753,4929960,4998808,62531,70456,0.88751845,60,P,20758,5026,true,true
GCF_000005845.2_to_GCF_005843885.1:21,GCF_000005845.2_to_GCF_005843885.1,GCF_000005845.2,GCF_005843885.1,NC_000913.3,4641652,3404897,3453454,+,NZ_CP040443.1,5120753,1510885,1567833,46270,57147,0.80966630,60,P,36205,4978,false,false
GCF_000005845.2_to_GCF_005843885.1:22,GCF_000005845.2_to_GCF_005843885.1,GCF_000005845.2,GCF_005843885.1,NC_000913.3,4641652,157306,209624,+,NZ_CP040443.1,5120753,3125671,3176775,48101,52444,0.91718786,60,P,26665,5026,true,true
GCF_000005845.2_to_GCF_005843885.1:23,GCF_000005845.2_to_GCF_005843885.1,GCF_000005845.2,GCF_005843885.1,NC_000913.3,4641652,3000179,3059425,+,NZ_CP040443.1,5120753,877798,936842,54288,59289,0.91565046,60,P,21901,4810,true,true
GCF_000005845.2_to_GCF_005843885.1:24,GCF_000005845.2_to_GCF_005843885.1,GCF_000005845.2,GCF_005843885.1,NC_000913.3,4641652,771254,820561,+,NZ_CP040443.1,5120753,3775040,3829830,46171,55219,0.83614336,60,P,26644,5026,false,false
GCF_000005845.2_to_GCF_005843885.1:25,GCF_000005845.2_to_GCF_005843885.1,GCF_000005845.2,GCF_005843885.1,NC_000913.3,4641652,2935598,2987123,+,NZ_CP040443.1,5120753,813730,871815,46784,58911,0.79414710,60,P,19186,4810,false,false
GCF_000005845.2_to_GCF_005843885.1:26,GCF_000005845.2_to_GCF_005843885.1,GCF_000005845.2,GCF_005843885.1,NC_000913.3,4641652,211880,245945,+,NZ_CP040443.1,5120753,3177377,3245928,32649,68733,0.47501200,60,P,24151,5026,false,false
GCF_000005845.2_to_GCF_005843885.1:27,GCF_000005845.2_to_GCF_005843885.1,GCF_000005845.2,GCF_005843885.1,NC_000913.3,4641652,345200,384565,+,NZ_CP040443.1,5120753,3334763,3379918,35773,46741,0.76534520,60,P,20318,5026,false,false
GCF_000005845.2_to_GCF_005843885.1:28,GCF_000005845.2_to_GCF_005843885.1,GCF_000005845.2,GCF_005843885.1,NC_000913.3,4641652,821523,858056,+,NZ_CP040443.1,5120753,3830381,3867150,34349,36836,0.93248453,60,P,17623,5026,true,true
GCF_000005845.2_to_GCF_005843885.1:29,GCF_000005845.2_to_GCF_005843885.1,GCF_000005845.2,GCF_005843885.1,NC_000913.3,4641652,4269302,4306756,+,NZ_CP040443.1,5120753,2498035,2534330,33708,37968,0.88780025,60,P,15728,4984,true,true
GCF_000005845.2_to_GCF_005843885.1:30,GCF_000005845.2_to_GCF_005843885.1,GCF_000005845.2,GCF_005843885.1,NC_000913.3,4641652,4427723,4470317,+,NZ_CP040443.1,5120753,2799833,2842453,35173,47168,0.74569623,60,P,12012,4984,false,false
GCF_000005845.2_to_GCF_005843885.1:31,GCF_000005845.2_to_GCF_005843885.1,GCF_000005845.2,GCF_005843885.1,NC_000913.3,4641652,3079654,3110442,+,NZ_CP040443.1,5120753,961375,993234,29074,31979,0.90915914,60,P,16798,4810,true,true
GCF_000005845.2_to_GCF_005843885.1:32,GCF_000005845.2_to_GCF_005843885.1,GCF_000005845.2,GCF_005843885.1,NC_000913.3,4641652,3292481,3319981,+,NZ_CP040443.1,5120753,1405190,1432766,26446,27579,0.95891802,60,P,19234,4978,true,true
GCF_000005845.2_to_GCF_005843885.1:33,GCF_000005845.2_to_GCF_005843885.1,GCF_000005845.2,GCF_005843885.1,NC_000913.3,4641652,1482300,1527904,+,NZ_CP040443.1,5120753,4546295,4590215,39553,45722,0.86507589,60,P,12163,5026,true,true
GCF_000005845.2_to_GCF_005843885.1:34,GCF_000005845.2_to_GCF_005843885.1,GCF_000005845.2,GCF_005843885.1,NC_000913.3,4641652,2726063,2755957,+,NZ_CP040443.1,5120753,619589,650003,28155,30634,0.91907684,60,P,20849,4810,true,true
GCF_000005845.2_to_GCF_005843885.1:35,GCF_000005845.2_to_GCF_005843885.1,GCF_000005845.2,GCF_005843885.1,NC_000913.3,4641652,4093129,4127274,+,NZ_CP040443.1,5120753,2287739,2324265,31579,36549,0.86401817,60,P,11141,4984,true,true
GCF_000005845.2_to_GCF_005843885.1:36,GCF_000005845.2_to_GCF_005843885.1,GCF_000005845.2,GCF_005843885.1,NC_000913.3,4641652,2110223,2139488,+,NZ_CP040443.1,5120753,8093,37786,27552,29703,0.92758307,60,P,15557,4810,true,true
GCF_000005845.2_to_GCF_005843885.1:37,GCF_000005845.2_to_GCF_005843885.1,GCF_000005845.2,GCF_005843885.1,NC_000913.3,4641652,3672319,3709875,+,NZ_CP040443.1,5120753,1790036,1834009,33816,44350,0.76248027,60,P,11064,4978,false,false
GCF_000005845.2_to_GCF_005843885.1:38,GCF_000005845.2_to_GCF_005843885.1,GCF_000005845.2,GCF_005843885.1,NC_000913.3,4641652,530155,557800,+,NZ_CP040443.1,5120753,3554206,3581977,26069,27803,0.93763263,60,P,13050,5026,true,true
GCF_000005845.2_to_GCF_005843885.1:39,GCF_000005845.2_to_GCF_005843885.1,GCF_000005845.2,GCF_005843885.1,NC_000913.3,4641652,1256718,1286526,+,NZ_CP040443.1,5120753,4332873,4362044,27141,29842,0.90948998,60,P,12435,5026,true,true
GCF_000005845.2_to_GCF_005843885.1:40,GCF_000005845.2_to_GCF_005843885.1,GCF_000005845.2,GCF_005843885.1,NC_000913.3,4641652,1351831,1394838,+,NZ_CP040443.1,5120753,4439111,4469560,26872,44575,0.60284913,60,P,12386,5026,false,false
GCF_000005845.2_to_GCF_005843885.1:41,GCF_000005845.2_to_GCF_005843885.1,GCF_000005845.2,GCF_005843885.1,NC_000913.3,4641652,1316446,1349206,+,NZ_CP040443.1,5120753,4394936,4429208,29920,34293,0.87248126,60,P,10913,5026,true,true
GCF_000005845.2_to_GCF_005843885.1:42,GCF_000005845.2_to_GCF_005843885.1,GCF_000005845.2,GCF_005843885.1,NC_000913.3,4641652,607622,636590,+,NZ_CP040443.1,5120753,3607392,3634869,25586,28978,0.88294568,60,P,12149,5026,true,true
GCF_000005845.2_to_GCF_005843885.1:43,GCF_000005845.2_to_GCF_005843885.1,GCF_000005845.2,GCF_005843885.1,NC_000913.3,4641652,3770230,3796860,-,NZ_CP040443.1,5120753,2237514,2268711,23599,32613,0.72360715,60,P,10604,4954,false,false
GCF_000005845.2_to_GCF_005843885.1:44,GCF_000005845.2_to_GCF_005843885.1,GCF_000005845.2,GCF_005843885.1,NC_000913.3,4641652,2168630,2198054,+,NZ_CP040443.1,5120753,107307,143706,25748,37689,0.68317016,60,P,11150,4810,false,false
GCF_000005845.2_to_GCF_005843885.1:45,GCF_000005845.2_to_GCF_005843885.1,GCF_000005845.2,GCF_005843885.1,NC_000913.3,4641652,4233668,4260047,+,NZ_CP040443.1,5120753,2467509,2490431,21356,26591,0.80312888,60,P,9083,4984,false,false
GCF_000005845.2_to_GCF_005843885.1:46,GCF_000005845.2_to_GCF_005843885.1,GCF_000005845.2,GCF_005843885.1,NC_000913.3,4641652,1065508,1086116,+,NZ_CP040443.1,5120753,4133844,4154965,19491,21349,0.91297016,60,P,11849,5026,true,true
GCF_000005845.2_to_GCF_005843885.1:47,GCF_000005845.2_to_GCF_005843885.1,GCF_000005845.2,GCF_005843885.1,NC_000913.3,4641652,3838327,3873068,-,NZ_CP040443.1,5120753,2098013,2125981,24792,35657,0.69529125,60,P,8918,4954,false,false
GCF_000005845.2_to_GCF_005843885.1:48,GCF_000005845.2_to_GCF_005843885.1,GCF_000005845.2,GCF_005843885.1,NC_000913.3,4641652,1532962,1557050,+,NZ_CP040443.1,5120753,4602887,4624745,20419,24131,0.84617297,60,P,10815,5026,false,false
GCF_000005845.2_to_GCF_005843885.1:49,GCF_000005845.2_to_GCF_005843885.1,GCF_000005845.2,GCF_005843885.1,NC_000913.3,4641652,2906521,2933469,+,NZ_CP040443.1,5120753,784506,806701,20535,27178,0.75557436,60,P,10330,4810,false,false
GCF_000005845.2_to_GCF_005843885.1:50,GCF_000005845.2_to_GCF_005843885.1,GCF_000005845.2,GCF_005843885.1,NC_000913.3,4641652,2141418,2164988,+,NZ_CP040443.1,5120753,39902,104838,21147,65688,0.32193095,60,P,10025,4810,false,false
GCF_000005845.2_to_GCF_005843885.1:51,GCF_000005845.2_to_GCF_005843885.1,GCF_000005845.2,GCF_005843885.1,NC_000913.3,4641652,3876101,3896862,-,NZ_CP040443.1,5120753,2075498,2096263,19438,20775,0.93564380,60,P,8766,4954,true,true
GCF_000005845.2_to_GCF_005843885.1:52,GCF_000005845.2_to_GCF_005843885.1,GCF_000005845.2,GCF_005843885.1,NC_000913.3,4641652,1590960,1622356,+,NZ_CP040443.1,5120753,4659086,4684101,22208,32112,0.69157947,60,P,7569,5026,false,false
GCF_000005845.2_to_GCF_005843885.1:53,GCF_000005845.2_to_GCF_005843885.1,GCF_000005845.2,GCF_005843885.1,NC_000913.3,4641652,4603361,4621677,+,NZ_CP040443.1,5120753,2935267,2953754,17090,18828,0.90769067,60,P,9416,4984,true,true
GCF_000005845.2_to_GCF_005843885.1:54,GCF_000005845.2_to_GCF_005843885.1,GCF_000005845.2,GCF_005843885.1,NC_000913.3,4641652,4623110,4641634,+,NZ_CP040443.1,5120753,2954144,2972657,17229,18715,0.92059845,60,P,7104,4984,true,true
GCF_000005845.2_to_GCF_005843885.1:55,GCF_000005845.2_to_GCF_005843885.1,GCF_000005845.2,GCF_005843885.1,NC_000913.3,4641652,2349934,2373256,+,NZ_CP040443.1,5120753,285904,309061,21081,23347,0.90294256,60,P,6780,4810,true,true
GCF_000005845.2_to_GCF_005843885.1:56,GCF_000005845.2_to_GCF_005843885.1,GCF_000005845.2,GCF_005843885.1,NC_000913.3,4641652,587169,604735,+,NZ_CP040443.1,5120753,3586264,3603739,16405,17601,0.93204932,60,P,7897,5026,true,true
GCF_000005845.2_to_GCF_005843885.1:57,GCF_000005845.2_to_GCF_005843885.1,GCF_000005845.2,GCF_005843885.1,NC_000913.3,4641652,3722331,3744137,+,NZ_CP040443.1,5120753,1845814,1867562,19806,21839,0.90690966,60,P,6546,4978,true,true
GCF_000005845.2_to_GCF_005843885.1:58,GCF_000005845.2_to_GCF_005843885.1,GCF_000005845.2,GCF_005843885.1,NC_000913.3,4641652,1230664,1252959,+,NZ_CP040443.1,5120753,4311158,4332446,19329,22429,0.86178608,60,P,6158,5026,true,true
GCF_000005845.2_to_GCF_005843885.1:59,GCF_000005845.2_to_GCF_005843885.1,GCF_000005845.2,GCF_005843885.1,NC_000913.3,4641652,3112090,3130125,+,NZ_CP040443.1,5120753,1218633,1236724,16761,18117,0.92515317,60,P,8319,4978,true,true
GCF_000005845.2_to_GCF_005843885.1:60,GCF_000005845.2_to_GCF_005843885.1,GCF_000005845.2,GCF_005843885.1,NC_000913.3,4641652,2887321,2903497,+,NZ_CP040443.1,5120753,764291,780475,15119,16196,0.93350210,60,P,7666,4810,true,true
GCF_000005845.2_to_GCF_005843885.1:61,GCF_000005845.2_to_GCF_005843885.1,GCF_000005845.2,GCF_005843885.1,NC_000913.3,4641652,3253339,3281075,+,NZ_CP040443.1,5120753,1377862,1397118,17429,28030,0.62179807,60,P,6645,4978,false,false
GCF_000005845.2_to_GCF_005843885.1:62,GCF_000005845.2_to_GCF_005843885.1,GCF_000005845.2,GCF_005843885.1,NC_000913.3,4641652,4213687,4231674,+,NZ_CP040443.1,5120753,2426150,2448712,14364,25174,0.57058870,60,P,5840,4984,false,false
GCF_000005845.2_to_GCF_005843885.1:63,GCF_000005845.2_to_GCF_005843885.1,GCF_000005845.2,GCF_005843885.1,NC_000913.3,4641652,2800553,2813956,+,NZ_CP040443.1,5120753,665901,679703,12704,13805,0.92024629,60,P,7579,4810,true,true
GCF_000005845.2_to_GCF_005843885.1:64,GCF_000005845.2_to_GCF_005843885.1,GCF_000005845.2,GCF_005843885.1,NC_000913.3,4641652,3751126,3765895,-,NZ_CP040443.1,5120753,2272905,2287640,13599,14956,0.90926718,60,P,5401,4954,true,true
GCF_000005845.2_to_GCF_005843885.1:65,GCF_000005845.2_to_GCF_005843885.1,GCF_000005845.2,GCF_005843885.1,NC_000913.3,4641652,3636228,3650652,+,NZ_CP040443.1,5120753,1749477,1763764,13351,14479,0.92209407,60,P,6596,4978,true,true
GCF_000005845.2_to_GCF_005843885.1:66,GCF_000005845.2_to_GCF_005843885.1,GCF_000005845.2,GCF_005843885.1,NC_000913.3,4641652,753132,765052,+,NZ_CP040443.1,5120753,3743421,3755334,11454,11935,0.95969837,60,P,8120,5026,true,true
GCF_000005845.2_to_GCF_005843885.1:67,GCF_000005845.2_to_GCF_005843885.1,GCF_000005845.2,GCF_005843885.1,NC_000913.3,4641652,3805242,3817535,-,NZ_CP040443.1,5120753,2215506,2229065,11675,13565,0.86067084,60,P,6723,4954,true,false
GCF_000005845.2_to_GCF_005843885.1:68,GCF_000005845.2_to_GCF_005843885.1,GCF_000005845.2,GCF_005843885.1,NC_000913.3,4641652,1295437,1313773,+,NZ_CP040443.1,5120753,4376739,4393868,15483,18361,0.84325472,60,P,4294,5026,false,false
GCF_000005845.2_to_GCF_005843885.1:69,GCF_000005845.2_to_GCF_005843885.1,GCF_000005845.2,GCF_005843885.1,NC_000913.3,4641652,3818751,3832005,-,NZ_CP040443.1,5120753,2202094,2215373,12191,13282,0.91785876,60,P,4747,4954,true,true
GCF_000005845.2_to_GCF_005843885.1:70,GCF_000005845.2_to_GCF_005843885.1,GCF_000005845.2,GCF_005843885.1,NC_000913.3,4641652,3239760,3252662,+,NZ_CP040443.1,5120753,1359223,1377622,11911,18421,0.64659899,60,P,4738,4978,false,false
GCF_000005845.2_to_GCF_005843885.1:71,GCF_000005845.2_to_GCF_005843885.1,GCF_000005845.2,GCF_005843885.1,NC_000913.3,4641652,3059751,3073892,+,NZ_CP040443.1,5120753,937133,951289,12753,14325,0.89026178,60,P,5132,4810,true,true
GCF_000005845.2_to_GCF_005843885.1:72,GCF_000005845.2_to_GCF_005843885.1,GCF_000005845.2,GCF_005843885.1,NC_000913.3,4641652,332464,342593,+,NZ_CP040443.1,5120753,3322520,3332666,9647,10148,0.95063067,60,P,5998,5026,true,true
GCF_000005845.2_to_GCF_005843885.1:73,GCF_000005845.2_to_GCF_005843885.1,GCF_000005845.2,GCF_005843885.1,NC_000913.3,4641652,2018772,2034143,+,NZ_CP040443.1,5120753,5053135,5068517,13815,15400,0.89707792,60,P,3875,5026,true,true
GCF_000005845.2_to_GCF_005843885.1:74,GCF_000005845.2_to_GCF_005843885.1,GCF_000005845.2,GCF_005843885.1,NC_000913.3,4641652,643514,656125,+,NZ_CP040443.1,5120753,3640381,3652996,11533,12625,0.91350495,60,P,3742,5026,true,true
GCF_000005845.2_to_GCF_005843885.1:75,GCF_000005845.2_to_GCF_005843885.1,GCF_000005845.2,GCF_005843885.1,NC_000913.3,4641652,4480932,4497213,+,NZ_CP040443.1,5120753,2849298,2859890,9757,16503,0.59122584,60,P,4430,4984,false,false
GCF_000005845.2_to_GCF_005843885.1:76,GCF_000005845.2_to_GCF_005843885.1,GCF_000005845.2,GCF_005843885.1,NC_000913.3,4641652,4558360,4571855,+,NZ_CP040443.1,5120753,2894196,2905211,10159,13523,0.75123863,60,P,3504,4984,false,false
GCF_000005845.2_to_GCF_005843885.1:77,GCF_000005845.2_to_GCF_005843885.1,GCF_000005845.2,GCF_005843885.1,NC_000913.3,4641652,1405658,1416600,+,NZ_CP040443.1,5120753,4477219,4488420,10046,11214,0.89584448,60,P,4811,5026,true,true
GCF_000005845.2_to_GCF_005843885.1:78,GCF_000005845.2_to_GCF_005843885.1,GCF_000005845.2,GCF_005843885.1,NC_000913.3,4641652,4079177,4086841,-,NZ_CP040443.1,5120753,1881019,1888686,7403,7668,0.96544079,60,P,5342,4954,false,false
GCF_000005845.2_to_GCF_005843885.1:79,GCF_000005845.2_to_GCF_005843885.1,GCF_000005845.2,GCF_005843885.1,NC_000913.3,4641652,514428,522830,+,NZ_CP040443.1,5120753,3540763,3549253,7976,8500,0.93835294,60,P,4503,5026,false,false
GCF_000005845.2_to_GCF_005843885.1:80,GCF_000005845.2_to_GCF_005843885.1,GCF_000005845.2,GCF_005843885.1,NC_000913.3,4641652,253699,262858,+,NZ_CP040443.1,5120753,3290285,3298731,7924,9222,0.85924962,60,P,4245,5026,false,false
GCF_000005845.2_to_GCF_005843885.1:81,GCF_000005845.2_to_GCF_005843885.1,GCF_000005845.2,GCF_005843885.1,NC_000913.3,4641652,2089863,2098322,+,NZ_CP040443.1,5120753,5112280,5120750,7946,8471,0.93802385,60,P,4015,5026,false,false
GCF_000005845.2_to_GCF_005843885.1:82,GCF_000005845.2_to_GCF_005843885.1,GCF_000005845.2,GCF_005843885.1,NC_000913.3,4641652,738951,748835,+,NZ_CP040443.1,5120753,3729209,3739074,9033,9886,0.91371637,60,P,2730,5026,false,false
GCF_000005845.2_to_GCF_005843885.1:83,GCF_000005845.2_to_GCF_005843885.1,GCF_000005845.2,GCF_005843885.1,NC_000913.3,4641652,1988582,1999581,+,NZ_CP040443.1,5120753,5008116,5024554,9936,16449,0.60404888,60,P,2897,5026,false,false
GCF_000005845.2_to_GCF_005843885.1:84,GCF_000005845.2_to_GCF_005843885.1,GCF_000005845.2,GCF_005843885.1,NC_000913.3,4641652,2053520,2065732,+,NZ_CP040443.1,5120753,5074360,5085167,9720,12234,0.79450711,60,P,2213,5026,false,false
GCF_000005845.2_to_GCF_005843885.1:85,GCF_000005845.2_to_GCF_005843885.1,GCF_000005845.2,GCF_005843885.1,NC_000913.3,4641652,3624232,3630820,+,NZ_CP040443.1,5120753,1738528,1746462,6322,7934,0.79682380,60,P,3858,4978,false,false
GCF_000005845.2_to_GCF_005843885.1:86,GCF_000005845.2_to_GCF_005843885.1,GCF_000005845.2,GCF_005843885.1,NC_000913.3,4641652,2456333,2466526,+,NZ_CP040443.1,5120753,388743,397405,7952,10215,0.77846304,60,P,2795,4810,false,false
GCF_000005845.2_to_GCF_005843885.1:87,GCF_000005845.2_to_GCF_005843885.1,GCF_000005845.2,GCF_005843885.1,NC_000913.3,4641652,1899161,1907733,+,NZ_CP040443.1,5120753,4920796,4929354,7826,8576,0.91254664,60,P,3051,5026,false,false
GCF_000005845.2_to_GCF_005843885.1:88,GCF_000005845.2_to_GCF_005843885.1,GCF_000005845.2,GCF_005843885.1,NC_000913.3,4641652,3710428,3720319,+,NZ_CP040443.1,5120753,1834562,1844386,8803,9898,0.88937159,60,P,2206,4978,false,false
GCF_000005845.2_to_GCF_005843885.1:89,GCF_000005845.2_to_GCF_005843885.1,GCF_000005845.2,GCF_005843885.1,NC_000913.3,4641652,1434751,1445896,+,NZ_CP040443.1,5120753,4533222,4544475,9821,11294,0.86957677,60,P,2381,5026,true,true
GCF_000005845.2_to_GCF_005843885.1:90,GCF_000005845.2_to_GCF_005843885.1,GCF_000005845.2,GCF_005843885.1,NC_000913.3,4641652,2788835,2794011,+,NZ_CP040443.1,5120753,650502,655678,4949,5176,0.95614374,60,P,3042,4810,false,false
GCF_000005845.2_to_GCF_005843885.1:91,GCF_000005845.2_to_GCF_005843885.1,GCF_000005845.2,GCF_005843885.1,NC_000913.3,4641652,2081062,2089205,+,NZ_CP040443.1,5120753,5105365,5112063,6169,8161,0.75591227,60,P,2709,5026,false,false
GCF_000005845.2_to_GCF_005843885.1:92,GCF_000005845.2_to_GCF_005843885.1,GCF_000005845.2,GCF_005843885.1,NC_000913.3,4641652,3074219,3079411,+,NZ_CP040443.1,5120753,954751,959943,4910,5192,0.94568567,60,P,3027,4810,false,false
GCF_000005845.2_to_GCF_005843885.1:93,GCF_000005845.2_to_GCF_005843885.1,GCF_000005845.2,GCF_005843885.1,NC_000913.3,4641652,3281781,3286994,+,NZ_CP040443.1,5120753,1399072,1404286,4922,5214,0.94399693,60,P,2213,4978,false,false
GCF_000005845.2_to_GCF_005843885.1:94,GCF_000005845.2_to_GCF_005843885.1,GCF_000005845.2,GCF_005843885.1,NC_000913.3,4641652,3906874,3911630,-,NZ_CP040443.1,5120753,2070143,2074807,4479,4756,0.94175778,60,P,2558,4954,false,false
GCF_000005845.2_to_GCF_005843885.1:95,GCF_000005845.2_to_GCF_005843885.1,GCF_000005845.2,GCF_005843885.1,NC_000913.3,4641652,1563403,1572057,+,NZ_CP040443.1,5120753,4626128,4634767,7658,8661,0.88419351,60,P,1759,5026,false,false
GCF_000005845.2_to_GCF_005843885.1:96,GCF_000005845.2_to_GCF_005843885.1,GCF_000005845.2,GCF_005843885.1,NC_000913.3,4641652,4127284,4132269,+,NZ_CP040443.1,5120753,2331179,2336040,4623,4987,0.92701023,60,P,2324,4984,false,false
GCF_000005845.2_to_GCF_005843885.1:97,GCF_000005845.2_to_GCF_005843885.1,GCF_000005845.2,GCF_005843885.1,NC_000913.3,4641652,1287066,1294215,+,NZ_CP040443.1,5120753,4369178,4376500,6430,7336,0.87649945,60,P,2178,5026,false,false
GCF_000005845.2_to_GCF_005843885.1:98,GCF_000005845.2_to_GCF_005843885.1,GCF_000005845.2,GCF_005843885.1,NC_000913.3,4641652,4596067,4602979,+,NZ_CP040443.1,5120753,2927973,2934876,6213,6916,0.89835165,60,P,1356,4984,false,false
GCF_000005845.2_to_GCF_005843885.1:99,GCF_000005845.2_to_GCF_005843885.1,GCF_000005845.2,GCF_005843885.1,NC_000913.3,4641652,3799462,3804138,-,NZ_CP040443.1,5120753,2230185,2234863,4417,4682,0.94340026,60,P,2122,4954,false,false
GCF_000005845.2_to_GCF_005843885.1:100,GCF_000005845.2_to_GCF_005843885.1,GCF_000005845.2,GCF_005843885.1,NC_000913.3,4641652,3234734,3239537,+,NZ_CP040443.1,5120753,1353837,1358818,4509,4981,0.90523991,60,P,2007,4978,false,false
GCF_000005845.2_to_GCF_005843885.1:101,GCF_000005845.2_to_GCF_005843885.1,GCF_000005845.2,GCF_005843885.1,NC_000913.3,4641652,2344590,2349523,+,NZ_CP040443.1,5120753,280874,285716,4536,4935,0.91914894,60,P,2062,4810,false,false
GCF_000005845.2_to_GCF_005843885.1:102,GCF_000005845.2_to_GCF_005843885.1,GCF_000005845.2,GCF_005843885.1,NC_000913.3,4641652,2012563,2018426,+,NZ_CP040443.1,5120753,5046915,5052789,5341,5874,0.90926115,60,P,1557,5026,false,false
GCF_000005845.2_to_GCF_005843885.1:103,GCF_000005845.2_to_GCF_005843885.1,GCF_000005845.2,GCF_005843885.1,NC_000913.3,4641652,1979720,1986324,+,NZ_CP040443.1,5120753,4999256,5005859,5935,6616,0.89706771,60,P,1229,5026,false,false
GCF_000005845.2_to_GCF_005843885.1:104,GCF_000005845.2_to_GCF_005843885.1,GCF_000005845.2,GCF_005843885.1,NC_000913.3,4641652,4587908,4591446,+,NZ_CP040443.1,5120753,2910099,2913828,3432,3732,0.91961415,60,P,2306,4984,false,false
GCF_000005845.2_to_GCF_005843885.1:105,GCF_000005845.2_to_GCF_005843885.1,GCF_000005845.2,GCF_005843885.1,NC_000913.3,4641652,385120,389901,+,NZ_CP040443.1,5120753,3380469,3385184,4357,4788,0.90998329,60,P,1585,5026,false,false
GCF_000005845.2_to_GCF_005843885.1:106,GCF_000005845.2_to_GCF_005843885.1,GCF_000005845.2,GCF_005843885.1,NC_000913.3,4641652,3746066,3750827,+,NZ_CP040443.1,5120753,1870423,1875184,4376,4761,0.91913464,60,P,1475,4978,false,false
GCF_000005845.2_to_GCF_005843885.1:107,GCF_000005845.2_to_GCF_005843885.1,GCF_000005845.2,GCF_005843885.1,NC_000913.3,4641652,4551342,4555349,+,NZ_CP040443.1,5120753,2889012,2893073,3762,4062,0.92614476,60,P,1737,4984,false,false
GCF_000005845.2_to_GCF_005843885.1:108,GCF_000005845.2_to_GCF_005843885.1,GCF_000005845.2,GCF_005843885.1,NC_000913.3,4641652,3657735,3664231,+,NZ_CP040443.1,5120753,1777019,1783447,5624,6525,0.86191571,60,P,957,4978,false,false
GCF_000005845.2_to_GCF_005843885.1:109,GCF_000005845.2_to_GCF_005843885.1,GCF_000005845.2,GCF_005843885.1,NC_000913.3,4641652,4261764,4265731,+,NZ_CP040443.1,5120753,2490596,2494560,3664,3967,0.92361986,60,P,920,4984,false,false
GCF_000005845.2_to_GCF_005843885.1:110,GCF_000005845.2_to_GCF_005843885.1,GCF_000005845.2,GCF_005843885.1,NC_000913.3,4641652,1893993,1898563,+,NZ_CP040443.1,5120753,4915199,4920198,4139,5001,0.82763447,60,P,1410,5026,false,false
GCF_000005845.2_to_GCF_005843885.1:111,GCF_000005845.2_to_GCF_005843885.1,GCF_000005845.2,GCF_005843885.1,NC_000913.3,4641652,2794178,2798593,+,NZ_CP040443.1,5120753,655918,660327,3997,4415,0.90532276,60,P,1191,4810,false,false
GCF_000005845.2_to_GCF_005843885.1:112,GCF_000005845.2_to_GCF_005843885.1,GCF_000005845.2,GCF_005843885.1,NC_000913.3,4641652,4075559,4078438,-,NZ_CP040443.1,5120753,1888965,1891844,2750,2879,0.95519278,60,P,1540,4954,false,false
GCF_000005845.2_to_GCF_005843885.1:113,GCF_000005845.2_to_GCF_005843885.1,GCF_000005845.2,GCF_005843885.1,NC_000913.3,4641652,145957,149618,+,NZ_CP040443.1,5120753,3114352,3117997,3358,3661,0.91723573,60,P,1278,5026,false,false
GCF_000005845.2_to_GCF_005843885.1:114,GCF_000005845.2_to_GCF_005843885.1,GCF_000005845.2,GCF_005843885.1,NC_000913.3,4641652,1394909,1400327,+,NZ_CP040443.1,5120753,4472833,4477052,3811,5420,0.70313653,60,P,1026,5026,false,false
GCF_000005845.2_to_GCF_005843885.1:115,GCF_000005845.2_to_GCF_005843885.1,GCF_000005845.2,GCF_005843885.1,NC_000913.3,4641652,246781,249965,+,NZ_CP040443.1,5120753,3246170,3249317,2939,3191,0.92102789,60,P,1278,5026,false,false
GCF_000005845.2_to_GCF_005843885.1:116,GCF_000005845.2_to_GCF_005843885.1,GCF_000005845.2,GCF_005843885.1,NC_000913.3,4641652,637716,641869,+,NZ_CP040443.1,5120753,3635991,3640070,3649,4162,0.87674195,60,P,1655,5026,false,false
GCF_000005845.2_to_GCF_005843885.1:117,GCF_000005845.2_to_GCF_005843885.1,GCF_000005845.2,GCF_005843885.1,NC_000913.3,4641652,604768,607467,+,NZ_CP040443.1,5120753,3603922,3606619,2562,2699,0.94924046,60,P,1355,5026,false,false
GCF_000005845.2_to_GCF_005843885.1:118,GCF_000005845.2_to_GCF_005843885.1,GCF_000005845.2,GCF_005843885.1,NC_000913.3,4641652,2005311,2009714,+,NZ_CP040443.1,5120753,5035047,5039561,3914,4520,0.86592920,60,P,593,5026,false,false
GCF_000005845.2_to_GCF_005843885.1:119,GCF_000005845.2_to_GCF_005843885.1,GCF_000005845.2,GCF_005843885.1,NC_000913.3,4641652,3231449,3234151,+,NZ_CP040443.1,5120753,1350068,1352835,2520,2768,0.91040462,60,P,1014,4978,false,false
GCF_000005845.2_to_GCF_005843885.1:120,GCF_000005845.2_to_GCF_005843885.1,GCF_000005845.2,GCF_005843885.1,NC_000913.3,4641652,321670,324456,+,NZ_CP040443.1,5120753,3314580,3317366,2573,2786,0.92354630,60,P,964,5026,false,false
GCF_000005845.2_to_GCF_005843885.1:121,GCF_000005845.2_to_GCF_005843885.1,GCF_000005845.2,GCF_005843885.1,NC_000913.3,4641652,4470523,4472568,+,NZ_CP040443.1,5120753,2843018,2845062,1924,2045,0.94083130,60,P,750,4984,false,false
GCF_000005845.2_to_GCF_005843885.1:122,GCF_000005845.2_to_GCF_005843885.1,GCF_000005845.2,GCF_005843885.1,NC_000913.3,4641652,3669528,3672102,+,NZ_CP040443.1,5120753,1787248,1789822,2313,2575,0.89825243,60,P,957,4978,false,false
GCF_000005845.2_to_GCF_005843885.1:123,GCF_000005845.2_to_GCF_005843885.1,GCF_000005845.2,GCF_005843885.1,NC_000913.3,4641652,4265770,4268252,+,NZ_CP040443.1,5120753,2495269,2497752,2222,2484,0.89452496,60,P,363,4984,false,false
GCF_000005845.2_to_GCF_005843885.1:124,GCF_000005845.2_to_GCF_005843885.1,GCF_000005845.2,GCF_005843885.1,NC_000913.3,4641652,1999581,2002328,+,NZ_CP040443.1,5120753,5029525,5032269,2434,2750,0.88509091,60,P,349,5026,false,false
GCF_000005845.2_to_GCF_005843885.1:125,GCF_000005845.2_to_GCF_005843885.1,GCF_000005845.2,GCF_005843885.1,NC_000913.3,4641652,4477315,4479486,+,NZ_CP040443.1,5120753,2845793,2847865,1894,2173,0.87160607,60,P,563,4984,false,false
GCF_000005845.2_to_GCF_005843885.1:126,GCF_000005845.2_to_GCF_005843885.1,GCF_000005845.2,GCF_005843885.1,NC_000913.3,4641652,1224289,1226203,+,NZ_CP040443.1,5120753,4306062,4307976,1750,1914,0.91431557,60,P,517,5026,false,false
GCF_000005845.2_to_GCF_005843885.1:127,GCF_000005845.2_to_GCF_005843885.1,GCF_000005845.2,GCF_005843885.1,NC_000913.3,4641652,3655249,3657557,+,NZ_CP040443.1,5120753,1774518,1776827,2048,2309,0.88696405,60,P,645,4978,false,false
GCF_000005845.2_to_GCF_005843885.1:128,GCF_000005845.2_to_GCF_005843885.1,GCF_000005845.2,GCF_005843885.1,NC_000913.3,4641652,3110602,3112087,+,NZ_CP040443.1,5120753,1209143,1210628,1382,1485,0.93063973,60,P,732,0,false,false
GCF_000005845.2_to_GCF_005843885.1:129,GCF_000005845.2_to_GCF_005843885.1,GCF_000005845.2,GCF_005843885.1,NC_000913.3,4641652,2079045,2080593,+,NZ_CP040443.1,5120753,5103343,5104891,1413,1548,0.91279070,60,P,433,5026,false,false
GCF_000005845.2_to_GCF_005843885.1:130,GCF_000005845.2_to_GCF_005843885.1,GCF_000005845.2,GCF_005843885.1,NC_000913.3,4641652,1622545,1624544,+,NZ_CP040443.1,5120753,4685773,4687778,1777,2008,0.88496016,60,P,398,5026,false,false
GCF_000005845.2_to_GCF_005843885.1:131,GCF_000005845.2_to_GCF_005843885.1,GCF_000005845.2,GCF_005843885.1,NC_000913.3,4641652,1227702,1229272,+,NZ_CP040443.1,5120753,4307967,4309536,1414,1570,0.90063694,60,P,349,5026,false,false
GCF_000005845.2_to_GCF_005843885.1:132,GCF_000005845.2_to_GCF_005843885.1,GCF_000005845.2,GCF_005843885.1,NC_000913.3,4641652,4086868,4088068,-,NZ_CP040443.1,5120753,1875291,1876476,1107,1200,0.92250000,60,P,550,0,false,false
GCF_000005845.2_to_GCF_005843885.1:133,GCF_000005845.2_to_GCF_005843885.1,GCF_000005845.2,GCF_005843885.1,NC_000913.3,4641652,1420677,1421613,+,NZ_CP040443.1,5120753,4492104,4493040,902,936,0.96367521,60,P,559,5026,false,false
GCF_000005845.2_to_GCF_005843885.1:134,GCF_000005845.2_to_GCF_005843885.1,GCF_000005845.2,GCF_005843885.1,NC_000913.3,4641652,2904377,2905507,+,NZ_CP040443.1,5120753,780945,782073,1035,1130,0.91592920,60,P,290,4810,false,false
GCF_000005845.2_to_GCF_005843885.1:135,GCF_000005845.2_to_GCF_005843885.1,GCF_000005845.2,GCF_005843885.1,NC_000913.3,4641652,1986719,1988098,+,NZ_CP040443.1,5120753,5006251,5007634,1230,1385,0.88808664,60,P,154,5026,false,false
GCF_000005845.2_to_GCF_005843885.1:136,GCF_000005845.2_to_GCF_005843885.1,GCF_000005845.2,GCF_005843885.1,NC_000913.3,4641652,4537741,4538580,+,NZ_CP040443.1,5120753,2887823,2888662,756,839,0.90107271,60,P,278,4984,false,false
GCF_000005845.2_to_GCF_005843885.1:137,GCF_000005845.2_to_GCF_005843885.1,GCF_000005845.2,GCF_005843885.1,NC_000913.3,4641652,734714,735158,+,NZ_CP040443.1,5120753,3726639,3727083,433,444,0.97522523,60,P,356,5026,false,false
GCF_000005845.2_to_GCF_005843885.1:138,GCF_000005845.2_to_GCF_005843885.1,GCF_000005845.2,GCF_005843885.1,NC_000913.3,4641652,2139701,2140400,+,NZ_CP040443.1,5120753,38185,38884,628,699,0.89842632,60,P,160,4810,false,false
GCF_000005845.2_to_GCF_005843885.1:139,GCF_000005845.2_to_GCF_005843885.1,GCF_000005845.2,GCF_005843885.1,NC_000913.3,4641652,2998983,2999935,+,NZ_CP040443.1,5120753,876647,877601,832,955,0.87120419,60,P,414,4810,false,false
GCF_000005845.2_to_GCF_005843885.1:140,GCF_000005845.2_to_GCF_005843885.1,GCF_000005845.2,GCF_005843885.1,NC_000913.3,4641652,1418247,1418625,+,NZ_CP040443.1,5120753,4490526,4490903,364,378,0.96296296,60,P,740,5026,false,false
GCF_000005845.2_to_GCF_005843885.1:141,GCF_000005845.2_to_GCF_005843885.1,GCF_000005845.2,GCF_005843885.1,NC_000913.3,4641652,2035726,2036484,+,NZ_CP040443.1,5120753,5070578,5071336,663,758,0.87467018,60,P,63,5026,false,false
GCF_000005845.2_to_GCF_005843885.1:142,GCF_000005845.2_to_GCF_005843885.1,GCF_000005845.2,GCF_005843885.1,NC_000913.3,4641652,2343330,2344046,+,NZ_CP040443.1,5120753,279608,280324,625,716,0.87290503,60,P,116,4810,false,false
GCF_000005845.2_to_GCF_005843885.1:143,GCF_000005845.2_to_GCF_005843885.1,GCF_000005845.2,GCF_005843885.1,NC_000913.3,4641652,2451581,2455683,+,NZ_CP040443.1,5120753,384028,388103,3300,4114,0.80213904,60,P,211,4810,false,false
GCF_000005845.2_to_GCF_005843885.1:144,GCF_000005845.2_to_GCF_005843885.1,GCF_000005845.2,GCF_005843885.1,NC_000913.3,4641652,1419195,1419490,+,NZ_CP040443.1,5120753,4490965,4491260,277,295,0.93898305,60,P,133,5026,false,false
GCF_000026225.1_to_GCF_000005845.2:1,GCF_000026225.1_to_GCF_000005845.2,GCF_000026225.1,GCF_000005845.2,NC_011740.1,4588711,199393,265276,+,NC_000913.3,4641652,177668,245945,61979,68600,0.90348397,60,P,41737,4981,true,true
GCF_000026225.1_to_GCF_000005845.2:2,GCF_000026225.1_to_GCF_000005845.2,GCF_000026225.1,GCF_000005845.2,NC_011740.1,4588711,471745,524515,-,NC_000913.3,4641652,2687064,2741244,50467,54233,0.93055888,60,P,33196,4978,true,true
GCF_000026225.1_to_GCF_000005845.2:3,GCF_000026225.1_to_GCF_000005845.2,GCF_000026225.1,GCF_000005845.2,NC_011740.1,4588711,357785,411853,-,NC_000913.3,4641652,2800617,2856190,48799,58073,0.84030444,60,P,28575,4978,false,false
GCF_000026225.1_to_GCF_000005845.2:4,GCF_000026225.1_to_GCF_000005845.2,GCF_000026225.1,GCF_000005845.2,NC_011740.1,4588711,38685,105734,+,NC_000913.3,4641652,29457,83755,49300,68826,0.71629907,60,P,26215,4981,false,false
GCF_000026225.1_to_GCF_000005845.2:5,GCF_000026225.1_to_GCF_000005845.2,GCF_000026225.1,GCF_000005845.2,NC_011740.1,4588711,3797788,3841214,-,NC_000913.3,4641652,3941661,3986033,41638,44400,0.93779279,60,P,27966,4903,true,true
GCF_000026225.1_to_GCF_000005845.2:6,GCF_000026225.1_to_GCF_000005845.2,GCF_000026225.1,GCF_000005845.2,NC_011740.1,4588711,3335016,3369546,+,NC_000913.3,4641652,3418936,3453454,33836,34532,0.97984478,60,P,29110,17795,true,true
GCF_000026225.1_to_GCF_000005845.2:7,GCF_000026225.1_to_GCF_000005845.2,GCF_000026225.1,GCF_000005845.2,NC_011740.1,4588711,3847151,3883114,-,NC_000913.3,4641652,4164916,4202044,34969,37140,0.94154550,60,P,28937,4999,true,true
GCF_000026225.1_to_GCF_000005845.2:8,GCF_000026225.1_to_GCF_000005845.2,GCF_000026225.1,GCF_000005845.2,NC_011740.1,4588711,732274,780938,-,NC_000913.3,4641652,2526987,2581943,43641,56824,0.76800296,60,P,21507,185,false,false
GCF_000026225.1_to_GCF_000005845.2:9,GCF_000026225.1_to_GCF_000005845.2,GCF_000026225.1,GCF_000005845.2,NC_011740.1,4588711,3371077,3410640,+,NC_000913.3,4641652,3470092,3516295,37638,46239,0.81398819,60,P,22032,17795,false,false
GCF_000026225.1_to_GCF_000005845.2:10,GCF_000026225.1_to_GCF_000005845.2,GCF_000026225.1,GCF_000005845.2,NC_011740.1,4588711,1628018,1661925,-,NC_000913.3,4641652,1444511,1487020,32117,42842,0.74966155,60,P,13362,12530,false,false
GCF_000026225.1_to_GCF_000005845.2:11,GCF_000026225.1_to_GCF_000005845.2,GCF_000026225.1,GCF_000005845.2,NC_011740.1,4588711,3728066,3796528,-,NC_000913.3,4641652,3986686,4026729,37133,68639,0.54098982,60,P,16739,4903,false,false
GCF_000026225.1_to_GCF_000005845.2:12,GCF_000026225.1_to_GCF_000005845.2,GCF_000026225.1,GCF_000005845.2,NC_011740.1,4588711,2480227,2510702,-,NC_000913.3,4641652,689358,720563,28166,32299,0.87203938,60,P,16596,1948,true,true
GCF_000026225.1_to_GCF_000005845.2:13,GCF_000026225.1_to_GCF_000005845.2,GCF_000026225.1,GCF_000005845.2,NC_011740.1,4588711,2653825,2695967,-,NC_000913.3,4641652,419278,451872,30345,42299,0.71739285,60,P,14367,1948,false,false
GCF_000026225.1_to_GCF_000005845.2:14,GCF_000026225.1_to_GCF_000005845.2,GCF_000026225.1,GCF_000005845.2,NC_011740.1,4588711,4086351,4113250,+,NC_000913.3,4641652,3866447,3893421,25867,26976,0.95888938,60,P,17771,4934,true,true
GCF_000026225.1_to_GCF_000005845.2:15,GCF_000026225.1_to_GCF_000005845.2,GCF_000026225.1,GCF_000005845.2,NC_011740.1,4588711,4316591,4345344,+,NC_000913.3,4641652,4383850,4411992,26437,29118,0.90792637,60,P,13962,3642,true,true
GCF_000026225.1_to_GCF_000005845.2:16,GCF_000026225.1_to_GCF_000005845.2,GCF_000026225.1,GCF_000005845.2,NC_011740.1,4588711,3884287,3917819,-,NC_000913.3,4641652,4132456,4163743,28862,33964,0.84978212,60,P,13783,4999,false,false
GCF_000026225.1_to_GCF_000005845.2:17,GCF_000026225.1_to_GCF_000005845.2,GCF_000026225.1,GCF_000005845.2,NC_011740.1,4588711,4118754,4143600,+,NC_000913.3,4641652,3898520,3922700,23288,25012,0.93107308,60,P,17888,4934,true,true
GCF_000026225.1_to_GCF_000005845.2:18,GCF_000026225.1_to_GCF_000005845.2,GCF_000026225.1,GCF_000005845.2,NC_011740.1,4588711,2356741,2381979,-,NC_000913.3,4641652,820846,845554,23690,25329,0.93529156,60,P,13369,1948,true,true
GCF_000026225.1_to_GCF_000005845.2:19,GCF_000026225.1_to_GCF_000005845.2,GCF_000026225.1,GCF_000005845.2,NC_011740.1,4588711,2154750,2183336,+,NC_000913.3,4641652,2113433,2140334,25356,28808,0.88017217,60,P,15565,1368,true,true
GCF_000026225.1_to_GCF_000005845.2:20,GCF_000026225.1_to_GCF_000005845.2,GCF_000026225.1,GCF_000005845.2,NC_011740.1,4588711,3204939,3239720,+,NC_000913.3,4641652,3297170,3319967,22005,34791,0.63249116,60,P,14779,17795,false,false
GCF_000026225.1_to_GCF_000005845.2:21,GCF_000026225.1_to_GCF_000005845.2,GCF_000026225.1,GCF_000005845.2,NC_011740.1,4588711,2421284,2455294,-,NC_000913.3,4641652,753230,776509,21876,34254,0.63864074,60,P,11940,1948,false,false
GCF_000026225.1_to_GCF_000005845.2:22,GCF_000026225.1_to_GCF_000005845.2,GCF_000026225.1,GCF_000005845.2,NC_011740.1,4588711,2391656,2420633,-,NC_000913.3,4641652,777214,812943,26544,35774,0.74199139,60,P,10805,1948,false,false
GCF_000026225.1_to_GCF_000005845.2:23,GCF_000026225.1_to_GCF_000005845.2,GCF_000026225.1,GCF_000005845.2,NC_011740.1,4588711,2183925,2208824,+,NC_000913.3,4641652,2140923,2165555,22872,24986,0.91539262,60,P,11650,1368,true,true
GCF_000026225.1_to_GCF_000005845.2:24,GCF_000026225.1_to_GCF_000005845.2,GCF_000026225.1,GCF_000005845.2,NC_011740.1,4588711,1023574,1050065,+,NC_000913.3,4641652,891213,916049,22848,26744,0.85432246,60,P,10370,135,true,true
GCF_000026225.1_to_GCF_000005845.2:25,GCF_000026225.1_to_GCF_000005845.2,GCF_000026225.1,GCF_000005845.2,NC_011740.1,4588711,2629529,2652766,-,NC_000913.3,4641652,452748,475977,21668,23263,0.93143619,60,P,10262,1948,true,true
GCF_000026225.1_to_GCF_000005845.2:26,GCF_000026225.1_to_GCF_000005845.2,GCF_000026225.1,GCF_000005845.2,NC_011740.1,4588711,3708930,3725279,-,NC_000913.3,4641652,4027608,4044122,15933,16523,0.96429220,60,P,12886,4903,true,true
GCF_000026225.1_to_GCF_000005845.2:27,GCF_000026225.1_to_GCF_000005845.2,GCF_000026225.1,GCF_000005845.2,NC_011740.1,4588711,1114885,1137463,+,NC_000913.3,4641652,987582,1017336,20931,29763,0.70325572,60,P,11371,135,false,false
GCF_000026225.1_to_GCF_000005845.2:28,GCF_000026225.1_to_GCF_000005845.2,GCF_000026225.1,GCF_000005845.2,NC_011740.1,4588711,2282188,2311271,+,NC_000913.3,4641652,2229533,2258738,26007,29423,0.88390035,60,P,10542,1368,true,true
GCF_000026225.1_to_GCF_000005845.2:29,GCF_000026225.1_to_GCF_000005845.2,GCF_000026225.1,GCF_000005845.2,NC_011740.1,4588711,3268547,3300533,+,NC_000913.3,4641652,3349138,3385103,24496,40832,0.59992163,60,P,9606,17795,false,false
GCF_000026225.1_to_GCF_000005845.2:30,GCF_000026225.1_to_GCF_000005845.2,GCF_000026225.1,GCF_000005845.2,NC_011740.1,4588711,3427094,3447775,+,NC_000913.3,4641652,3532727,3552589,18531,20827,0.88975849,60,P,8927,17795,true,true
GCF_000026225.1_to_GCF_000005845.2:31,GCF_000026225.1_to_GCF_000005845.2,GCF_000026225.1,GCF_000005845.2,NC_011740.1,4588711,4416501,4435270,+,NC_000913.3,4641652,4449059,4467341,17212,18975,0.90708827,60,P,7227,3642,true,true
GCF_000026225.1_to_GCF_000005845.2:32,GCF_000026225.1_to_GCF_000005845.2,GCF_000026225.1,GCF_000005845.2,NC_011740.1,4588711,791567,808783,-,NC_000913.3,4641652,2496902,2514192,16473,17292,0.95263706,60,P,10417,185,true,true
GCF_000026225.1_to_GCF_000005845.2:33,GCF_000026225.1_to_GCF_000005845.2,GCF_000026225.1,GCF_000005845.2,NC_011740.1,4588711,3495852,3516407,+,NC_000913.3,4641652,3592723,3612631,18605,20593,0.90346234,60,P,9077,17795,true,true
GCF_000026225.1_to_GCF_000005845.2:34,GCF_000026225.1_to_GCF_000005845.2,GCF_000026225.1,GCF_000005845.2,NC_011740.1,4588711,860033,879326,-,NC_000913.3,4641652,2418680,2437969,18079,19311,0.93620216,60,P,10661,185,true,true
GCF_000026225.1_to_GCF_000005845.2:35,GCF_000026225.1_to_GCF_000005845.2,GCF_000026225.1,GCF_000005845.2,NC_011740.1,4588711,2513087,2531712,-,NC_000913.3,4641652,670481,687842,16529,18625,0.88746309,60,P,8833,1948,true,true
GCF_000026225.1_to_GCF_000005845.2:36,GCF_000026225.1_to_GCF_000005845.2,GCF_000026225.1,GCF_000005845.2,NC_011740.1,4588711,896339,911977,-,NC_000913.3,4641652,2388136,2405256,15141,17126,0.88409436,60,P,12202,185,true,true
GCF_000026225.1_to_GCF_000005845.2:37,GCF_000026225.1_to_GCF_000005845.2,GCF_000026225.1,GCF_000005845.2,NC_011740.1,4588711,3061700,3081194,+,NC_000913.3,4641652,3192885,3215673,17405,23777,0.73200993,60,P,9400,17795,false,false
GCF_000026225.1_to_GCF_000005845.2:38,GCF_000026225.1_to_GCF_000005845.2,GCF_000026225.1,GCF_000005845.2,NC_011740.1,4588711,1313857,1331425,+,NC_000913.3,4641652,1169445,1187018,16588,17577,0.94373329,60,P,10504,0,true,true
GCF_000026225.1_to_GCF_000005845.2:39,GCF_000026225.1_to_GCF_000005845.2,GCF_000026225.1,GCF_000005845.2,NC_011740.1,4588711,3159296,3178826,-,NC_000913.3,4641652,4565999,4580326,13989,19534,0.71613597,60,P,11080,0,false,false
GCF_000026225.1_to_GCF_000005845.2:40,GCF_000026225.1_to_GCF_000005845.2,GCF_000026225.1,GCF_000005845.2,NC_011740.1,4588711,3241603,3267949,+,NC_000913.3,4641652,3322029,3348540,23492,26583,0.88372268,60,P,9494,17795,true,true
GCF_000026225.1_to_GCF_000005845.2:41,GCF_000026225.1_to_GCF_000005845.2,GCF_000026225.1,GCF_000005845.2,NC_011740.1,4588711,4455762,4474378,-,NC_000913.3,4641652,3275320,3297029,15487,24025,0.64462019,60,P,8005,354,false,false
GCF_000026225.1_to_GCF_000005845.2:42,GCF_000026225.1_to_GCF_000005845.2,GCF_000026225.1,GCF_000005845.2,NC_011740.1,4588711,3475329,3494939,+,NC_000913.3,4641652,3569748,3592509,18056,22782,0.79255553,60,P,7389,17795,false,false
GCF_000026225.1_to_GCF_000005845.2:43,GCF_000026225.1_to_GCF_000005845.2,GCF_000026225.1,GCF_000005845.2,NC_011740.1,4588711,2554449,2569764,-,NC_000913.3,4641652,619414,634970,14539,15556,0.93462330,60,P,6640,1948,true,true
GCF_000026225.1_to_GCF_000005845.2:44,GCF_000026225.1_to_GCF_000005845.2,GCF_000026225.1,GCF_000005845.2,NC_011740.1,4588711,111318,133913,+,NC_000913.3,4641652,89348,112059,20367,22739,0.89568583,60,P,7274,4981,true,true
GCF_000026225.1_to_GCF_000005845.2:45,GCF_000026225.1_to_GCF_000005845.2,GCF_000026225.1,GCF_000005845.2,NC_011740.1,4588711,2591358,2605847,-,NC_000913.3,4641652,593394,608010,13864,14617,0.94848464,60,P,7088,1948,true,true
GCF_000026225.1_to_GCF_000005845.2:46,GCF_000026225.1_to_GCF_000005845.2,GCF_000026225.1,GCF_000005845.2,NC_011740.1,4588711,2120614,2135257,+,NC_000913.3,4641652,2082791,2097437,13927,14647,0.95084318,60,P,8739,1368,true,true
GCF_000026225.1_to_GCF_000005845.2:47,GCF_000026225.1_to_GCF_000005845.2,GCF_000026225.1,GCF_000005845.2,NC_011740.1,4588711,312945,327385,-,NC_000913.3,4641652,2878188,2892519,13656,14472,0.94361526,60,P,9297,4978,true,true
GCF_000026225.1_to_GCF_000005845.2:48,GCF_000026225.1_to_GCF_000005845.2,GCF_000026225.1,GCF_000005845.2,NC_011740.1,4588711,2795040,2810687,-,NC_000913.3,4641652,248362,262929,13148,16429,0.80029217,60,P,6341,1948,false,false
GCF_000026225.1_to_GCF_000005845.2:49,GCF_000026225.1_to_GCF_000005845.2,GCF_000026225.1,GCF_000005845.2,NC_011740.1,4588711,2343426,2356622,+,NC_000913.3,4641652,2291009,2304380,12647,13377,0.94542872,60,P,9352,1368,true,true
GCF_000026225.1_to_GCF_000005845.2:50,GCF_000026225.1_to_GCF_000005845.2,GCF_000026225.1,GCF_000005845.2,NC_011740.1,4588711,152957,166664,+,NC_000913.3,4641652,131162,145003,13004,13874,0.93729278,60,P,7869,4981,true,true
GCF_000026225.1_to_GCF_000005845.2:51,GCF_000026225.1_to_GCF_000005845.2,GCF_000026225.1,GCF_000005845.2,NC_011740.1,4588711,2945536,2959784,+,NC_000913.3,4641652,3083934,3098348,13429,14436,0.93024383,60,P,7776,17795,true,true
GCF_000026225.1_to_GCF_000005845.2:52,GCF_000026225.1_to_GCF_000005845.2,GCF_000026225.1,GCF_000005845.2,NC_011740.1,4588711,3936489,3956822,-,NC_000913.3,4641652,4102816,4123423,18339,20657,0.88778622,60,P,7622,4999,true,false
GCF_000026225.1_to_GCF_000005845.2:53,GCF_000026225.1_to_GCF_000005845.2,GCF_000026225.1,GCF_000005845.2,NC_011740.1,4588711,4214361,4238055,+,NC_000913.3,4641652,4233668,4260003,20971,26445,0.79300435,60,P,4919,3642,false,false
GCF_000026225.1_to_GCF_000005845.2:54,GCF_000026225.1_to_GCF_000005845.2,GCF_000026225.1,GCF_000005845.2,NC_011740.1,4588711,2266278,2281846,+,NC_000913.3,4641652,2211657,2227282,14467,15637,0.92517746,60,P,7639,1368,true,true
GCF_000026225.1_to_GCF_000005845.2:55,GCF_000026225.1_to_GCF_000005845.2,GCF_000026225.1,GCF_000005845.2,NC_011740.1,4588711,459438,471104,-,NC_000913.3,4641652,2744124,2755903,11327,11780,0.96154499,60,P,9223,4978,true,false
GCF_000026225.1_to_GCF_000005845.2:56,GCF_000026225.1_to_GCF_000005845.2,GCF_000026225.1,GCF_000005845.2,NC_011740.1,4588711,1236996,1261841,-,NC_000913.3,4641652,1936645,1966192,21908,29624,0.73953551,60,P,5277,12530,false,false
GCF_000026225.1_to_GCF_000005845.2:57,GCF_000026225.1_to_GCF_000005845.2,GCF_000026225.1,GCF_000005845.2,NC_011740.1,4588711,3965733,3990411,-,NC_000913.3,4641652,4079290,4093423,12938,25164,0.51414719,60,P,7513,4999,false,false
GCF_000026225.1_to_GCF_000005845.2:58,GCF_000026225.1_to_GCF_000005845.2,GCF_000026225.1,GCF_000005845.2,NC_011740.1,4588711,4557447,4569420,+,NC_000913.3,4641652,4609458,4621767,11490,12322,0.93247849,60,P,8329,0,true,true
GCF_000026225.1_to_GCF_000005845.2:59,GCF_000026225.1_to_GCF_000005845.2,GCF_000026225.1,GCF_000005845.2,NC_011740.1,4588711,2891762,2903547,+,NC_000913.3,4641652,3033205,3045101,11327,11906,0.95136906,60,P,7147,17795,true,true
GCF_000026225.1_to_GCF_000005845.2:60,GCF_000026225.1_to_GCF_000005845.2,GCF_000026225.1,GCF_000005845.2,NC_011740.1,4588711,4161194,4172970,+,NC_000913.3,4641652,4208000,4220307,11312,12329,0.91751156,60,P,7269,5818,true,true
GCF_000026225.1_to_GCF_000005845.2:61,GCF_000026225.1_to_GCF_000005845.2,GCF_000026225.1,GCF_000005845.2,NC_011740.1,4588711,1098176,1114523,+,NC_000913.3,4641652,970672,987226,14956,16569,0.90264953,60,P,7169,135,true,true
GCF_000026225.1_to_GCF_000005845.2:62,GCF_000026225.1_to_GCF_000005845.2,GCF_000026225.1,GCF_000005845.2,NC_011740.1,4588711,2904900,2919083,+,NC_000913.3,4641652,3046124,3060597,13216,14502,0.91132258,60,P,6257,17795,true,true
GCF_000026225.1_to_GCF_000005845.2:63,GCF_000026225.1_to_GCF_000005845.2,GCF_000026225.1,GCF_000005845.2,NC_011740.1,4588711,1733724,1746200,-,NC_000913.3,4641652,1316416,1328823,11752,12484,0.94136495,60,P,4354,12530,true,true
GCF_000026225.1_to_GCF_000005845.2:64,GCF_000026225.1_to_GCF_000005845.2,GCF_000026225.1,GCF_000005845.2,NC_011740.1,4588711,10594,38365,+,NC_000913.3,4641652,12005,29136,13572,30331,0.44746299,60,P,8844,4981,false,false
GCF_000026225.1_to_GCF_000005845.2:65,GCF_000026225.1_to_GCF_000005845.2,GCF_000026225.1,GCF_000005845.2,NC_011740.1,4588711,2464844,2479639,-,NC_000913.3,4641652,721060,745523,13650,24474,0.55773474,60,P,5313,1948,false,false
GCF_000026225.1_to_GCF_000005845.2:66,GCF_000026225.1_to_GCF_000005845.2,GCF_000026225.1,GCF_000005845.2,NC_011740.1,4588711,3836042,3846691,-,NC_000913.3,4641652,4202525,4213166,10315,10653,0.96827185,60,P,8088,4999,true,true
GCF_000026225.1_to_GCF_000005845.2:67,GCF_000026225.1_to_GCF_000005845.2,GCF_000026225.1,GCF_000005845.2,NC_011740.1,4588711,1779836,1792298,-,NC_000913.3,4641652,1273941,1286526,11751,12586,0.93365644,60,P,4396,12530,true,true
GCF_000026225.1_to_GCF_000005845.2:68,GCF_000026225.1_to_GCF_000005845.2,GCF_000026225.1,GCF_000005845.2,NC_011740.1,4588711,2920225,2931273,+,NC_000913.3,4641652,3068210,3079383,10607,11173,0.94934216,60,P,6338,17795,true,true
GCF_000026225.1_to_GCF_000005845.2:69,GCF_000026225.1_to_GCF_000005845.2,GCF_000026225.1,GCF_000005845.2,NC_011740.1,4588711,4569720,4582990,+,NC_000913.3,4641652,4623110,4636072,11966,13445,0.88999628,60,P,6635,0,true,true
GCF_000026225.1_to_GCF_000005845.2:70,GCF_000026225.1_to_GCF_000005845.2,GCF_000026225.1,GCF_000005845.2,NC_011740.1,4588711,1585896,1599738,-,NC_000913.3,4641652,1598667,1610771,11397,13854,0.82265050,60,P,3981,12530,false,false
GCF_000026225.1_to_GCF_000005845.2:71,GCF_000026225.1_to_GCF_000005845.2,GCF_000026225.1,GCF_000005845.2,NC_011740.1,4588711,638621,649793,-,NC_000913.3,4641652,2652976,2664276,10550,11450,0.92139738,60,P,7434,185,true,true
GCF_000026225.1_to_GCF_000005845.2:72,GCF_000026225.1_to_GCF_000005845.2,GCF_000026225.1,GCF_000005845.2,NC_011740.1,4588711,1354260,1373904,-,NC_000913.3,4641652,1813448,1833235,17312,19881,0.87078115,60,P,3655,12530,true,false
GCF_000026225.1_to_GCF_000005845.2:73,GCF_000026225.1_to_GCF_000005845.2,GCF_000026225.1,GCF_000005845.2,NC_011740.1,4588711,3591628,3606487,+,NC_000913.3,4641652,3680624,3695487,13452,14882,0.90391076,60,P,4905,17795,true,true
GCF_000026225.1_to_GCF_000005845.2:74,GCF_000026225.1_to_GCF_000005845.2,GCF_000026225.1,GCF_000005845.2,NC_011740.1,4588711,4064331,4074891,+,NC_000913.3,4641652,3844185,3854748,10043,10564,0.95068156,60,P,5997,4934,true,true
GCF_000026225.1_to_GCF_000005845.2:75,GCF_000026225.1_to_GCF_000005845.2,GCF_000026225.1,GCF_000005845.2,NC_011740.1,4588711,984819,999323,+,NC_000913.3,4641652,850332,866271,13200,15977,0.82618764,60,P,5660,135,false,false
GCF_000026225.1_to_GCF_000005845.2:76,GCF_000026225.1_to_GCF_000005845.2,GCF_000026225.1,GCF_000005845.2,NC_011740.1,4588711,266255,283378,-,NC_000913.3,4641652,2925000,2950566,15305,25590,0.59808519,60,P,5217,4978,false,false
GCF_000026225.1_to_GCF_000005845.2:77,GCF_000026225.1_to_GCF_000005845.2,GCF_000026225.1,GCF_000005845.2,NC_011740.1,4588711,3657261,3672031,+,NC_000913.3,4641652,3741960,3760835,13355,18919,0.70590412,60,P,4134,17795,false,false
GCF_000026225.1_to_GCF_000005845.2:78,GCF_000026225.1_to_GCF_000005845.2,GCF_000026225.1,GCF_000005845.2,NC_011740.1,4588711,1958007,1968864,-,NC_000913.3,4641652,1074906,1086098,10242,11215,0.91324119,60,P,3814,12530,true,true
GCF_000026225.1_to_GCF_000005845.2:79,GCF_000026225.1_to_GCF_000005845.2,GCF_000026225.1,GCF_000005845.2,NC_011740.1,4588711,4021954,4031802,+,NC_000913.3,4641652,3805243,3815091,9392,9849,0.95359935,60,P,6004,4934,false,false
GCF_000026225.1_to_GCF_000005845.2:80,GCF_000026225.1_to_GCF_000005845.2,GCF_000026225.1,GCF_000005845.2,NC_011740.1,4588711,2607665,2617144,-,NC_000913.3,4641652,487336,496985,9093,9652,0.94208454,60,P,5600,1948,false,false
GCF_000026225.1_to_GCF_000005845.2:81,GCF_000026225.1_to_GCF_000005845.2,GCF_000026225.1,GCF_000005845.2,NC_011740.1,4588711,415820,425412,-,NC_000913.3,4641652,2788903,2798499,9161,9596,0.95466861,60,P,5562,4978,false,false
GCF_000026225.1_to_GCF_000005845.2:82,GCF_000026225.1_to_GCF_000005845.2,GCF_000026225.1,GCF_000005845.2,NC_011740.1,4588711,1056597,1068158,+,NC_000913.3,4641652,922435,933945,10609,11583,0.91591125,60,P,5410,135,true,true
GCF_000026225.1_to_GCF_000005845.2:83,GCF_000026225.1_to_GCF_000005845.2,GCF_000026225.1,GCF_000005845.2,NC_011740.1,4588711,933759,945180,-,NC_000913.3,4641652,2350063,2365527,10442,15500,0.67367742,60,P,5370,185,false,false
GCF_000026225.1_to_GCF_000005845.2:84,GCF_000026225.1_to_GCF_000005845.2,GCF_000026225.1,GCF_000005845.2,NC_011740.1,4588711,4483544,4496603,-,NC_000913.3,4641652,3234737,3247984,11843,13290,0.89112114,60,P,4450,354,true,true
GCF_000026225.1_to_GCF_000005845.2:85,GCF_000026225.1_to_GCF_000005845.2,GCF_000026225.1,GCF_000005845.2,NC_011740.1,4588711,4307388,4316154,+,NC_000913.3,4641652,4374647,4383412,8378,8776,0.95464904,60,P,4770,3642,false,false
GCF_000026225.1_to_GCF_000005845.2:86,GCF_000026225.1_to_GCF_000005845.2,GCF_000026225.1,GCF_000005845.2,NC_011740.1,4588711,1274538,1286632,-,NC_000913.3,4641652,1911694,1923809,11048,12117,0.91177684,60,P,3328,12530,true,true
GCF_000026225.1_to_GCF_000005845.2:87,GCF_000026225.1_to_GCF_000005845.2,GCF_000026225.1,GCF_000005845.2,NC_011740.1,4588711,1227978,1236836,+,NC_000913.3,4641652,1053524,1062382,8446,8858,0.95348837,60,P,5428,0,false,false
GCF_000026225.1_to_GCF_000005845.2:88,GCF_000026225.1_to_GCF_000005845.2,GCF_000026225.1,GCF_000005845.2,NC_011740.1,4588711,569406,578449,+,NC_000913.3,4641652,513908,522833,8511,9044,0.94106590,60,P,3383,0,false,false
GCF_000026225.1_to_GCF_000005845.2:89,GCF_000026225.1_to_GCF_000005845.2,GCF_000026225.1,GCF_000005845.2,NC_011740.1,4588711,293853,307104,-,NC_000913.3,4641652,2905923,2917734,10761,13251,0.81208965,60,P,6414,4978,false,false
GCF_000026225.1_to_GCF_000005845.2:90,GCF_000026225.1_to_GCF_000005845.2,GCF_000026225.1,GCF_000005845.2,NC_011740.1,4588711,143819,151261,+,NC_000913.3,4641652,121910,129469,7280,7560,0.96296296,60,P,6426,4981,false,false
GCF_000026225.1_to_GCF_000005845.2:91,GCF_000026225.1_to_GCF_000005845.2,GCF_000026225.1,GCF_000005845.2,NC_011740.1,4588711,4151386,4159692,+,NC_000913.3,4641652,3930488,3938795,7948,8307,0.95678344,60,P,5164,4934,false,false
GCF_000026225.1_to_GCF_000005845.2:92,GCF_000026225.1_to_GCF_000005845.2,GCF_000026225.1,GCF_000005845.2,NC_011740.1,4588711,327966,339352,-,NC_000913.3,4641652,2866512,2877912,10410,11421,0.91147885,60,P,4533,4978,true,true
GCF_000026225.1_to_GCF_000005845.2:93,GCF_000026225.1_to_GCF_000005845.2,GCF_000026225.1,GCF_000005845.2,NC_011740.1,4588711,581865,590371,+,NC_000913.3,4641652,549686,557825,7760,8584,0.90400746,60,P,3680,0,false,false
GCF_000026225.1_to_GCF_000005845.2:94,GCF_000026225.1_to_GCF_000005845.2,GCF_000026225.1,GCF_000005845.2,NC_011740.1,4588711,1381419,1389073,-,NC_000913.3,4641652,1794967,1802621,7409,7654,0.96799059,60,P,4000,12530,false,false
GCF_000026225.1_to_GCF_000005845.2:95,GCF_000026225.1_to_GCF_000005845.2,GCF_000026225.1,GCF_000005845.2,NC_011740.1,4588711,3686777,3699557,+,NC_000913.3,4641652,3777250,3790299,11520,13055,0.88242053,60,P,3878,17795,true,true
GCF_000026225.1_to_GCF_000005845.2:96,GCF_000026225.1_to_GCF_000005845.2,GCF_000026225.1,GCF_000005845.2,NC_011740.1,4588711,4370465,4381988,+,NC_000913.3,4641652,4428604,4441365,10509,12768,0.82307331,60,P,2653,3642,false,false
GCF_000026225.1_to_GCF_000005845.2:97,GCF_000026225.1_to_GCF_000005845.2,GCF_000026225.1,GCF_000005845.2,NC_011740.1,4588711,2242811,2255175,+,NC_000913.3,4641652,2193065,2201583,8089,12370,0.65392078,60,P,5208,1368,false,false
GCF_000026225.1_to_GCF_000005845.2:98,GCF_000026225.1_to_GCF_000005845.2,GCF_000026225.1,GCF_000005845.2,NC_011740.1,4588711,3566930,3575977,+,NC_000913.3,4641652,3641542,3650586,8490,9050,0.93812155,60,P,3660,17795,false,false
GCF_000026225.1_to_GCF_000005845.2:99,GCF_000026225.1_to_GCF_000005845.2,GCF_000026225.1,GCF_000005845.2,NC_011740.1,4588711,713301,723004,-,NC_000913.3,4641652,2591230,2600950,9002,9723,0.92584593,60,P,4825,185,false,false
GCF_000026225.1_to_GCF_000005845.2:100,GCF_000026225.1_to_GCF_000005845.2,GCF_000026225.1,GCF_000005845.2,NC_011740.1,4588711,1491587,1499788,+,NC_000913.3,4641652,1517755,1525953,7778,8201,0.94842092,60,P,4548,0,false,false
GCF_000026225.1_to_GCF_000005845.2:101,GCF_000026225.1_to_GCF_000005845.2,GCF_000026225.1,GCF_000005845.2,NC_011740.1,4588711,2571257,2579657,-,NC_000913.3,4641652,609580,617980,7934,8400,0.94452381,60,P,3478,1948,false,false
GCF_000026225.1_to_GCF_000005845.2:102,GCF_000026225.1_to_GCF_000005845.2,GCF_000026225.1,GCF_000005845.2,NC_011740.1,4588711,848935,857810,-,NC_000913.3,4641652,2440183,2449157,8323,8979,0.92694064,60,P,3879,185,false,false
GCF_000026225.1_to_GCF_000005845.2:103,GCF_000026225.1_to_GCF_000005845.2,GCF_000026225.1,GCF_000005845.2,NC_011740.1,4588711,1405170,1414055,-,NC_000913.3,4641652,1755447,1764347,8335,8906,0.93588592,60,P,3198,12530,false,false
GCF_000026225.1_to_GCF_000005845.2:104,GCF_000026225.1_to_GCF_000005845.2,GCF_000026225.1,GCF_000005845.2,NC_011740.1,4588711,4295680,4306076,+,NC_000913.3,4641652,4362757,4373163,9530,10414,0.91511427,60,P,3484,3642,true,true
GCF_000026225.1_to_GCF_000005845.2:105,GCF_000026225.1_to_GCF_000005845.2,GCF_000026225.1,GCF_000005845.2,NC_011740.1,4588711,2997509,3008179,+,NC_000913.3,4641652,3136683,3146363,8908,10734,0.82988634,60,P,3941,17795,false,false
GCF_000026225.1_to_GCF_000005845.2:106,GCF_000026225.1_to_GCF_000005845.2,GCF_000026225.1,GCF_000005845.2,NC_011740.1,4588711,3448251,3458706,+,NC_000913.3,4641652,3553064,3563518,9539,10462,0.91177595,60,P,3741,17795,true,true
GCF_000026225.1_to_GCF_000005845.2:107,GCF_000026225.1_to_GCF_000005845.2,GCF_000026225.1,GCF_000005845.2,NC_011740.1,4588711,529867,540974,+,NC_000913.3,4641652,501561,511271,8755,11382,0.76919698,60,P,3246,0,false,false
GCF_000026225.1_to_GCF_000005845.2:108,GCF_000026225.1_to_GCF_000005845.2,GCF_000026225.1,GCF_000005845.2,NC_011740.1,4588711,917870,926848,-,NC_000913.3,4641652,2372412,2381372,8326,8979,0.92727475,60,P,3750,185,false,false
GCF_000026225.1_to_GCF_000005845.2:109,GCF_000026225.1_to_GCF_000005845.2,GCF_000026225.1,GCF_000005845.2,NC_011740.1,4588711,3927142,3935700,-,NC_000913.3,4641652,4124210,4132268,7491,8686,0.86242229,60,P,4038,4999,false,false
GCF_000026225.1_to_GCF_000005845.2:110,GCF_000026225.1_to_GCF_000005845.2,GCF_000026225.1,GCF_000005845.2,NC_011740.1,4588711,2731827,2739345,-,NC_000913.3,4641652,346564,354477,7144,7913,0.90281815,60,P,3526,1948,false,false
GCF_000026225.1_to_GCF_000005845.2:111,GCF_000026225.1_to_GCF_000005845.2,GCF_000026225.1,GCF_000005845.2,NC_011740.1,4588711,2255859,2265427,+,NC_000913.3,4641652,2202255,2210820,7968,9570,0.83260188,60,P,3539,1368,false,false
GCF_000026225.1_to_GCF_000005845.2:112,GCF_000026225.1_to_GCF_000005845.2,GCF_000026225.1,GCF_000005845.2,NC_011740.1,4588711,4000514,4006879,-,NC_000913.3,4641652,4053648,4060125,6163,6511,0.94655199,60,P,4730,4999,false,false
GCF_000026225.1_to_GCF_000005845.2:113,GCF_000026225.1_to_GCF_000005845.2,GCF_000026225.1,GCF_000005845.2,NC_011740.1,4588711,1798277,1808267,-,NC_000913.3,4641652,1256733,1266707,9071,10000,0.90710000,60,P,2863,12530,true,false
GCF_000026225.1_to_GCF_000005845.2:114,GCF_000026225.1_to_GCF_000005845.2,GCF_000026225.1,GCF_000005845.2,NC_011740.1,4588711,191169,198648,+,NC_000913.3,4641652,169339,176941,7049,7603,0.92713403,60,P,4029,4981,false,false
GCF_000026225.1_to_GCF_000005845.2:115,GCF_000026225.1_to_GCF_000005845.2,GCF_000026225.1,GCF_000005845.2,NC_011740.1,4588711,3321280,3328291,+,NC_000913.3,4641652,3405094,3412113,6689,7025,0.95217082,60,P,4345,17795,false,false
GCF_000026225.1_to_GCF_000005845.2:116,GCF_000026225.1_to_GCF_000005845.2,GCF_000026225.1,GCF_000005845.2,NC_011740.1,4588711,3617109,3624162,+,NC_000913.3,4641652,3701867,3709119,6697,7256,0.92296031,60,P,3455,17795,false,false
GCF_000026225.1_to_GCF_000005845.2:117,GCF_000026225.1_to_GCF_000005845.2,GCF_000026225.1,GCF_000005845.2,NC_011740.1,4588711,4353487,4360118,+,NC_000913.3,4641652,4419979,4426610,6342,6635,0.95584024,60,P,3055,3642,false,false
GCF_000026225.1_to_GCF_000005845.2:118,GCF_000026225.1_to_GCF_000005845.2,GCF_000026225.1,GCF_000005845.2,NC_011740.1,4588711,1524211,1529945,+,NC_000913.3,4641652,1546306,1552040,5584,5734,0.97384025,60,P,4513,0,false,false
GCF_000026225.1_to_GCF_000005845.2:119,GCF_000026225.1_to_GCF_000005845.2,GCF_000026225.1,GCF_000005845.2,NC_011740.1,4588711,4160592,4166371,+,NC_000913.3,4641652,3941058,3946831,5622,5786,0.97165572,0,S,5818,,false,false
GCF_000026225.1_to_GCF_000005845.2:120,GCF_000026225.1_to_GCF_000005845.2,GCF_000026225.1,GCF_000005845.2,NC_011740.1,4588711,4261050,4271049,+,NC_000913.3,4641652,4269302,4281038,8993,11783,0.76321820,60,P,2668,3642,false,false
GCF_000026225.1_to_GCF_000005845.2:121,GCF_000026225.1_to_GCF_000005845.2,GCF_000026225.1,GCF_000005845.2,NC_011740.1,4588711,4406406,4413127,+,NC_000913.3,4641652,4441547,4448271,6331,6724,0.94155265,60,P,2568,3642,false,false
GCF_000026225.1_to_GCF_000005845.2:122,GCF_000026225.1_to_GCF_000005845.2,GCF_000026225.1,GCF_000005845.2,NC_011740.1,4588711,1849269,1855688,-,NC_000913.3,4641652,1189649,1196071,6086,6422,0.94767985,60,P,2723,12530,false,false
GCF_000026225.1_to_GCF_000005845.2:123,GCF_000026225.1_to_GCF_000005845.2,GCF_000026225.1,GCF_000005845.2,NC_011740.1,4588711,3699602,3706554,-,NC_000913.3,4641652,4046498,4053481,6505,7004,0.92875500,60,P,4024,4903,false,false
GCF_000026225.1_to_GCF_000005845.2:124,GCF_000026225.1_to_GCF_000005845.2,GCF_000026225.1,GCF_000005845.2,NC_011740.1,4588711,4038202,4044180,+,NC_000913.3,4641652,3821309,3827287,5730,5978,0.95851455,60,P,3762,4934,false,false
GCF_000026225.1_to_GCF_000005845.2:125,GCF_000026225.1_to_GCF_000005845.2,GCF_000026225.1,GCF_000005845.2,NC_011740.1,4588711,1083316,1091625,+,NC_000913.3,4641652,954873,964117,7619,9253,0.82340862,60,P,3523,135,false,false
GCF_000026225.1_to_GCF_000005845.2:126,GCF_000026225.1_to_GCF_000005845.2,GCF_000026225.1,GCF_000005845.2,NC_011740.1,4588711,3152720,3158079,-,NC_000913.3,4641652,4581429,4586912,5233,5483,0.95440452,60,P,4091,0,false,false
GCF_000026225.1_to_GCF_000005845.2:127,GCF_000026225.1_to_GCF_000005845.2,GCF_000026225.1,GCF_000005845.2,NC_011740.1,4588711,952868,962904,-,NC_000913.3,4641652,2322495,2341888,8969,19440,0.46136831,60,P,3470,185,false,false
GCF_000026225.1_to_GCF_000005845.2:128,GCF_000026225.1_to_GCF_000005845.2,GCF_000026225.1,GCF_000005845.2,NC_011740.1,4588711,3008922,3019008,+,NC_000913.3,4641652,3147111,3157431,8976,10324,0.86943045,60,P,2889,17795,true,true
GCF_000026225.1_to_GCF_000005845.2:129,GCF_000026225.1_to_GCF_000005845.2,GCF_000026225.1,GCF_000005845.2,NC_011740.1,4588711,2384282,2391124,-,NC_000913.3,4641652,813475,820561,6357,7092,0.89636210,60,P,2588,1948,false,false
GCF_000026225.1_to_GCF_000005845.2:130,GCF_000026225.1_to_GCF_000005845.2,GCF_000026225.1,GCF_000005845.2,NC_011740.1,4588711,3038672,3047656,+,NC_000913.3,4641652,3172442,3181436,8044,8996,0.89417519,60,P,1457,17795,false,false
GCF_000026225.1_to_GCF_000005845.2:131,GCF_000026225.1_to_GCF_000005845.2,GCF_000026225.1,GCF_000005845.2,NC_011740.1,4588711,1346933,1353332,-,NC_000913.3,4641652,1834875,1841274,5964,6399,0.93202063,60,P,1776,12530,false,false
GCF_000026225.1_to_GCF_000005845.2:132,GCF_000026225.1_to_GCF_000005845.2,GCF_000026225.1,GCF_000005845.2,NC_011740.1,4588711,1153042,1158395,+,NC_000913.3,4641652,1031986,1037339,5104,5353,0.95348403,60,P,2852,135,false,false
GCF_000026225.1_to_GCF_000005845.2:133,GCF_000026225.1_to_GCF_000005845.2,GCF_000026225.1,GCF_000005845.2,NC_011740.1,4588711,183963,189556,+,NC_000913.3,4641652,161977,167672,5292,5697,0.92890995,60,P,2376,4981,false,false
GCF_000026225.1_to_GCF_000005845.2:134,GCF_000026225.1_to_GCF_000005845.2,GCF_000026225.1,GCF_000005845.2,NC_011740.1,4588711,3540132,3545176,+,NC_000913.3,4641652,3625659,3630703,4827,5044,0.95697859,60,P,2453,17795,false,false
GCF_000026225.1_to_GCF_000005845.2:135,GCF_000026225.1_to_GCF_000005845.2,GCF_000026225.1,GCF_000005845.2,NC_011740.1,4588711,972088,980126,-,NC_000913.3,4641652,2305180,2313191,7197,8049,0.89414834,60,P,2366,185,false,false
GCF_000026225.1_to_GCF_000005845.2:136,GCF_000026225.1_to_GCF_000005845.2,GCF_000026225.1,GCF_000005845.2,NC_011740.1,4588711,4524400,4530885,-,NC_000913.3,4641652,1637610,1643533,5517,6501,0.84863867,60,P,3100,79,false,false
GCF_000026225.1_to_GCF_000005845.2:137,GCF_000026225.1_to_GCF_000005845.2,GCF_000026225.1,GCF_000005845.2,NC_011740.1,4588711,1433398,1438239,-,NC_000913.3,4641652,1723671,1728512,4632,4841,0.95682710,60,P,1981,12530,false,false
GCF_000026225.1_to_GCF_000005845.2:138,GCF_000026225.1_to_GCF_000005845.2,GCF_000026225.1,GCF_000005845.2,NC_011740.1,4588711,4049360,4053860,+,NC_000913.3,4641652,3831830,3836331,4353,4501,0.96711842,60,P,3308,4934,false,false
GCF_000026225.1_to_GCF_000005845.2:139,GCF_000026225.1_to_GCF_000005845.2,GCF_000026225.1,GCF_000005845.2,NC_011740.1,4588711,946075,951360,-,NC_000913.3,4641652,2343390,2348860,4975,5470,0.90950640,60,P,3248,185,false,false
GCF_000026225.1_to_GCF_000005845.2:140,GCF_000026225.1_to_GCF_000005845.2,GCF_000026225.1,GCF_000005845.2,NC_011740.1,4588711,4507371,4512972,+,NC_000913.3,4641652,4604876,4609478,4430,5602,0.79078900,60,P,3070,85,false,false
GCF_000026225.1_to_GCF_000005845.2:141,GCF_000026225.1_to_GCF_000005845.2,GCF_000026225.1,GCF_000005845.2,NC_011740.1,4588711,2332059,2341514,+,NC_000913.3,4641652,2278142,2286330,7302,9472,0.77090372,60,P,2948,1368,false,false
GCF_000026225.1_to_GCF_000005845.2:142,GCF_000026225.1_to_GCF_000005845.2,GCF_000026225.1,GCF_000005845.2,NC_011740.1,4588711,2965493,2969923,+,NC_000913.3,4641652,3100952,3105513,4274,4561,0.93707520,60,P,3026,17795,false,false
GCF_000026225.1_to_GCF_000005845.2:143,GCF_000026225.1_to_GCF_000005845.2,GCF_000026225.1,GCF_000005845.2,NC_011740.1,4588711,1337471,1345683,-,NC_000913.3,4641652,1842256,1850471,7248,8219,0.88185911,60,P,1627,12530,false,false
GCF_000026225.1_to_GCF_000005845.2:144,GCF_000026225.1_to_GCF_000005845.2,GCF_000026225.1,GCF_000005845.2,NC_011740.1,4588711,2618251,2623178,-,NC_000913.3,4641652,481299,486224,4636,4927,0.94093769,60,P,2122,1948,false,false
GCF_000026225.1_to_GCF_000005845.2:145,GCF_000026225.1_to_GCF_000005845.2,GCF_000026225.1,GCF_000005845.2,NC_011740.1,4588711,1077156,1083031,+,NC_000913.3,4641652,947243,954587,5405,7353,0.73507412,60,P,3216,135,false,false
GCF_000026225.1_to_GCF_000005845.2:146,GCF_000026225.1_to_GCF_000005845.2,GCF_000026225.1,GCF_000005845.2,NC_011740.1,4588711,4144234,4149676,+,NC_000913.3,4641652,3923336,3928778,5041,5442,0.92631386,60,P,2751,4934,false,false
GCF_000026225.1_to_GCF_000005845.2:147,GCF_000026225.1_to_GCF_000005845.2,GCF_000026225.1,GCF_000005845.2,NC_011740.1,4588711,591987,600508,-,NC_000913.3,4641652,2472124,2476221,3971,8521,0.46602511,60,P,2284,764,false,false
GCF_000026225.1_to_GCF_000005845.2:148,GCF_000026225.1_to_GCF_000005845.2,GCF_000026225.1,GCF_000005845.2,NC_011740.1,4588711,1307364,1313242,-,NC_000913.3,4641652,1887391,1893272,5370,5882,0.91295478,60,P,1389,12530,false,false
GCF_000026225.1_to_GCF_000005845.2:149,GCF_000026225.1_to_GCF_000005845.2,GCF_000026225.1,GCF_000005845.2,NC_011740.1,4588711,1069986,1074782,+,NC_000913.3,4641652,935917,940713,4493,4796,0.93682235,60,P,2930,135,false,false
GCF_000026225.1_to_GCF_000005845.2:150,GCF_000026225.1_to_GCF_000005845.2,GCF_000026225.1,GCF_000005845.2,NC_011740.1,4588711,1529918,1534936,+,NC_000913.3,4641652,1552369,1557071,4423,5030,0.87932406,60,P,2378,0,false,false
GCF_000026225.1_to_GCF_000005845.2:151,GCF_000026225.1_to_GCF_000005845.2,GCF_000026225.1,GCF_000005845.2,NC_011740.1,4588711,4006981,4012343,+,NC_000913.3,4641652,3790290,3796874,4942,6584,0.75060753,60,P,1616,4934,false,false
GCF_000026225.1_to_GCF_000005845.2:152,GCF_000026225.1_to_GCF_000005845.2,GCF_000026225.1,GCF_000005845.2,NC_011740.1,4588711,3147571,3151109,-,NC_000913.3,4641652,4587908,4591446,3469,3538,0.98049746,60,P,2574,0,false,false
GCF_000026225.1_to_GCF_000005845.2:153,GCF_000026225.1_to_GCF_000005845.2,GCF_000026225.1,GCF_000005845.2,NC_011740.1,4588711,4174525,4179222,+,NC_000913.3,4641652,4222807,4227504,4391,4697,0.93485203,60,P,1525,3642,false,false
GCF_000026225.1_to_GCF_000005845.2:154,GCF_000026225.1_to_GCF_000005845.2,GCF_000026225.1,GCF_000005845.2,NC_011740.1,4588711,679072,683533,-,NC_000913.3,4641652,2630954,2635415,4199,4461,0.94126877,60,P,2402,185,false,false
GCF_000026225.1_to_GCF_000005845.2:155,GCF_000026225.1_to_GCF_000005845.2,GCF_000026225.1,GCF_000005845.2,NC_011740.1,4588711,3641706,3646545,+,NC_000913.3,4641652,3720377,3726623,4475,6248,0.71622919,60,P,2428,17795,false,false
GCF_000026225.1_to_GCF_000005845.2:156,GCF_000026225.1_to_GCF_000005845.2,GCF_000026225.1,GCF_000005845.2,NC_011740.1,4588711,1975166,1980850,+,NC_000913.3,4641652,2012696,2018380,5149,5684,0.90587614,60,P,1944,0,false,false
GCF_000026225.1_to_GCF_000005845.2:157,GCF_000026225.1_to_GCF_000005845.2,GCF_000026225.1,GCF_000005845.2,NC_011740.1,4588711,660662,666919,-,NC_000913.3,4641652,2635891,2642132,5603,6258,0.89533397,60,P,1785,185,false,false
GCF_000026225.1_to_GCF_000005845.2:158,GCF_000026225.1_to_GCF_000005845.2,GCF_000026225.1,GCF_000005845.2,NC_011740.1,4588711,3674021,3679220,+,NC_000913.3,4641652,3771044,3776374,4769,5341,0.89290395,60,P,2254,17795,false,false
GCF_000026225.1_to_GCF_000005845.2:159,GCF_000026225.1_to_GCF_000005845.2,GCF_000026225.1,GCF_000005845.2,NC_011740.1,4588711,1666992,1671955,-,NC_000913.3,4641652,1435787,1440775,4548,4991,0.91124023,60,P,1375,12530,false,false
GCF_000026225.1_to_GCF_000005845.2:160,GCF_000026225.1_to_GCF_000005845.2,GCF_000026225.1,GCF_000005845.2,NC_011740.1,4588711,3960409,3964495,-,NC_000913.3,4641652,4093454,4097907,3806,4456,0.85412926,60,P,1844,4999,false,false
GCF_000026225.1_to_GCF_000005845.2:161,GCF_000026225.1_to_GCF_000005845.2,GCF_000026225.1,GCF_000005845.2,NC_011740.1,4588711,4447890,4451194,+,NC_000913.3,4641652,4480980,4484284,3196,3304,0.96731235,60,P,1598,3642,false,false
GCF_000026225.1_to_GCF_000005845.2:162,GCF_000026225.1_to_GCF_000005845.2,GCF_000026225.1,GCF_000005845.2,NC_011740.1,4588711,3417179,3425049,+,NC_000913.3,4641652,3522753,3530653,6847,7910,0.86561315,60,P,1774,17795,false,false
GCF_000026225.1_to_GCF_000005845.2:163,GCF_000026225.1_to_GCF_000005845.2,GCF_000026225.1,GCF_000005845.2,NC_011740.1,4588711,2547631,2551277,-,NC_000913.3,4641652,638151,641869,3460,3720,0.93010753,60,P,2056,1948,false,false
GCF_000026225.1_to_GCF_000005845.2:164,GCF_000026225.1_to_GCF_000005845.2,GCF_000026225.1,GCF_000005845.2,NC_011740.1,4588711,1885526,1892296,-,NC_000913.3,4641652,1146535,1153228,5906,6787,0.87019302,60,P,1352,12530,false,false
GCF_000026225.1_to_GCF_000005845.2:165,GCF_000026225.1_to_GCF_000005845.2,GCF_000026225.1,GCF_000005845.2,NC_011740.1,4588711,1899710,1907445,-,NC_000913.3,4641652,1131308,1139066,6705,7764,0.86360124,60,P,564,12530,false,false
GCF_000026225.1_to_GCF_000005845.2:166,GCF_000026225.1_to_GCF_000005845.2,GCF_000026225.1,GCF_000005845.2,NC_011740.1,4588711,4033101,4037052,+,NC_000913.3,4641652,3815126,3820160,3660,5050,0.72475248,60,P,2063,4934,false,false
GCF_000026225.1_to_GCF_000005845.2:167,GCF_000026225.1_to_GCF_000005845.2,GCF_000026225.1,GCF_000005845.2,NC_011740.1,4588711,1292228,1299217,-,NC_000913.3,4641652,1899308,1906298,6079,7001,0.86830453,60,P,718,12530,false,false
GCF_000026225.1_to_GCF_000005845.2:168,GCF_000026225.1_to_GCF_000005845.2,GCF_000026225.1,GCF_000005845.2,NC_011740.1,4588711,2932561,2935568,+,NC_000913.3,4641652,3079654,3082661,2881,3007,0.95809777,60,P,1463,17795,false,false
GCF_000026225.1_to_GCF_000005845.2:169,GCF_000026225.1_to_GCF_000005845.2,GCF_000026225.1,GCF_000005845.2,NC_011740.1,4588711,3991547,3994478,-,NC_000913.3,4641652,4075506,4078437,2817,2931,0.96110542,60,P,1935,4999,false,false
GCF_000026225.1_to_GCF_000005845.2:170,GCF_000026225.1_to_GCF_000005845.2,GCF_000026225.1,GCF_000005845.2,NC_011740.1,4588711,1300019,1305904,-,NC_000913.3,4641652,1894051,1898506,4032,5891,0.68443388,60,P,1081,12530,false,false
GCF_000026225.1_to_GCF_000005845.2:171,GCF_000026225.1_to_GCF_000005845.2,GCF_000026225.1,GCF_000005845.2,NC_011740.1,4588711,167610,172036,+,NC_000913.3,4641652,145959,150065,3743,4431,0.84473031,60,P,1542,4981,false,false
GCF_000026225.1_to_GCF_000005845.2:172,GCF_000026225.1_to_GCF_000005845.2,GCF_000026225.1,GCF_000005845.2,NC_011740.1,4588711,3309787,3319511,+,NC_000913.3,4641652,3394681,3404445,8233,9795,0.84053088,60,P,1438,17795,false,false
GCF_000026225.1_to_GCF_000005845.2:173,GCF_000026225.1_to_GCF_000005845.2,GCF_000026225.1,GCF_000005845.2,NC_011740.1,4588711,342296,345636,-,NC_000913.3,4641652,2857069,2860409,3120,3340,0.93413174,60,P,1144,4978,false,false
GCF_000026225.1_to_GCF_000005845.2:174,GCF_000026225.1_to_GCF_000005845.2,GCF_000026225.1,GCF_000005845.2,NC_011740.1,4588711,4451691,4455689,+,NC_000913.3,4641652,4484438,4488436,3642,3998,0.91095548,60,P,879,3642,false,false
GCF_000026225.1_to_GCF_000005845.2:175,GCF_000026225.1_to_GCF_000005845.2,GCF_000026225.1,GCF_000005845.2,NC_011740.1,4588711,1144505,1151590,+,NC_000913.3,4641652,1024384,1031466,6027,7090,0.85007052,60,P,1708,135,false,false
GCF_000026225.1_to_GCF_000005845.2:176,GCF_000026225.1_to_GCF_000005845.2,GCF_000026225.1,GCF_000005845.2,NC_011740.1,4588711,884720,894101,-,NC_000913.3,4641652,2407491,2416888,7936,9418,0.84264175,60,P,1147,185,false,false
GCF_000026225.1_to_GCF_000005845.2:177,GCF_000026225.1_to_GCF_000005845.2,GCF_000026225.1,GCF_000005845.2,NC_011740.1,4588711,2853940,2856575,+,NC_000913.3,4641652,354818,357454,2535,2636,0.96168437,60,P,1694,0,false,false
GCF_000026225.1_to_GCF_000005845.2:178,GCF_000026225.1_to_GCF_000005845.2,GCF_000026225.1,GCF_000005845.2,NC_011740.1,4588711,631587,634358,-,NC_000913.3,4641652,2684257,2687028,2640,2771,0.95272465,60,P,1764,0,false,false
GCF_000026225.1_to_GCF_000005845.2:179,GCF_000026225.1_to_GCF_000005845.2,GCF_000026225.1,GCF_000005845.2,NC_011740.1,4588711,3021109,3036001,+,NC_000913.3,4641652,3158943,3165992,6085,14912,0.40806062,60,P,971,17795,false,false
GCF_000026225.1_to_GCF_000005845.2:180,GCF_000026225.1_to_GCF_000005845.2,GCF_000026225.1,GCF_000005845.2,NC_011740.1,4588711,289721,293699,-,NC_000913.3,4641652,2917929,2920740,2643,3981,0.66390354,60,P,1211,4978,false,false
GCF_000026225.1_to_GCF_000005845.2:181,GCF_000026225.1_to_GCF_000005845.2,GCF_000026225.1,GCF_000005845.2,NC_011740.1,4588711,107589,110987,+,NC_000913.3,4641652,85613,89010,3118,3398,0.91759859,60,P,1338,4981,false,false
GCF_000026225.1_to_GCF_000005845.2:182,GCF_000026225.1_to_GCF_000005845.2,GCF_000026225.1,GCF_000005845.2,NC_011740.1,4588711,4014986,4019331,+,NC_000913.3,4641652,3799465,3803809,3870,4346,0.89047400,60,P,963,4934,false,false
GCF_000026225.1_to_GCF_000005845.2:183,GCF_000026225.1_to_GCF_000005845.2,GCF_000026225.1,GCF_000005845.2,NC_011740.1,4588711,3627880,3632264,+,NC_000913.3,4641652,3712820,3717207,3881,4388,0.88445761,60,P,1226,17795,false,false
GCF_000026225.1_to_GCF_000005845.2:184,GCF_000026225.1_to_GCF_000005845.2,GCF_000026225.1,GCF_000005845.2,NC_011740.1,4588711,1893083,1896066,-,NC_000913.3,4641652,1142757,1145739,2776,2983,0.93060677,60,P,1016,12530,false,false
GCF_000026225.1_to_GCF_000005845.2:185,GCF_000026225.1_to_GCF_000005845.2,GCF_000026225.1,GCF_000005845.2,NC_011740.1,4588711,4045037,4048015,+,NC_000913.3,4641652,3827459,3830485,2776,3034,0.91496374,60,P,1320,4934,false,false
GCF_000026225.1_to_GCF_000005845.2:186,GCF_000026225.1_to_GCF_000005845.2,GCF_000026225.1,GCF_000005845.2,NC_011740.1,4588711,651879,660399,-,NC_000913.3,4641652,2642392,2650910,7192,8527,0.84343849,60,P,1592,185,false,false
GCF_000026225.1_to_GCF_000005845.2:187,GCF_000026225.1_to_GCF_000005845.2,GCF_000026225.1,GCF_000005845.2,NC_011740.1,4588711,1727713,1732684,-,NC_000913.3,4641652,1329859,1334830,4370,4986,0.87645407,60,P,881,12530,false,false
GCF_000026225.1_to_GCF_000005845.2:188,GCF_000026225.1_to_GCF_000005845.2,GCF_000026225.1,GCF_000005845.2,NC_011740.1,4588711,785714,787918,-,NC_000913.3,4641652,2519151,2521359,2141,2209,0.96921684,60,P,1764,185,false,false
GCF_000026225.1_to_GCF_000005845.2:189,GCF_000026225.1_to_GCF_000005845.2,GCF_000026225.1,GCF_000005845.2,NC_011740.1,4588711,4554264,4556873,+,NC_000913.3,4641652,1432222,1434768,2400,2610,0.91954023,60,P,1678,1621,false,false
GCF_000026225.1_to_GCF_000005845.2:190,GCF_000026225.1_to_GCF_000005845.2,GCF_000026225.1,GCF_000005845.2,NC_011740.1,4588711,4115571,4118486,+,NC_000913.3,4641652,3895338,3898246,2684,2915,0.92075472,60,P,1059,4934,false,false
GCF_000026225.1_to_GCF_000005845.2:191,GCF_000026225.1_to_GCF_000005845.2,GCF_000026225.1,GCF_000005845.2,NC_011740.1,4588711,1192147,1194974,+,NC_000913.3,4641652,1065507,1068288,2572,2838,0.90627202,60,P,1036,135,false,false
GCF_000026225.1_to_GCF_000005845.2:192,GCF_000026225.1_to_GCF_000005845.2,GCF_000026225.1,GCF_000005845.2,NC_011740.1,4588711,3581833,3585281,+,NC_000913.3,4641652,3674726,3678315,3109,3589,0.86625801,60,P,1015,17795,false,false
GCF_000026225.1_to_GCF_000005845.2:193,GCF_000026225.1_to_GCF_000005845.2,GCF_000026225.1,GCF_000005845.2,NC_011740.1,4588711,4515731,4517668,-,NC_000913.3,4641652,2473584,2475520,1869,1937,0.96489417,60,P,1739,1077,false,false
GCF_000026225.1_to_GCF_000005845.2:194,GCF_000026225.1_to_GCF_000005845.2,GCF_000026225.1,GCF_000005845.2,NC_011740.1,4588711,2209594,2212169,+,NC_000913.3,4641652,2165576,2169577,2379,4002,0.59445277,60,P,1522,1368,false,false
GCF_000026225.1_to_GCF_000005845.2:195,GCF_000026225.1_to_GCF_000005845.2,GCF_000026225.1,GCF_000005845.2,NC_011740.1,4588711,608699,610437,+,NC_000913.3,4641652,1204400,1206138,1693,1738,0.97410817,60,P,1362,0,false,false
GCF_000026225.1_to_GCF_000005845.2:196,GCF_000026225.1_to_GCF_000005845.2,GCF_000026225.1,GCF_000005845.2,NC_011740.1,4588711,2829542,2840966,+,NC_000913.3,4641652,2969400,2978999,7927,11464,0.69146895,60,P,930,0,false,false
GCF_000026225.1_to_GCF_000005845.2:197,GCF_000026225.1_to_GCF_000005845.2,GCF_000026225.1,GCF_000005845.2,NC_011740.1,4588711,1760960,1764232,-,NC_000913.3,4641652,1295444,1298716,2887,3282,0.87964656,60,P,410,12530,false,false
GCF_000026225.1_to_GCF_000005845.2:198,GCF_000026225.1_to_GCF_000005845.2,GCF_000026225.1,GCF_000005845.2,NC_011740.1,4588711,179296,183082,+,NC_000913.3,4641652,157310,161096,3330,3789,0.87885986,60,P,1030,4981,false,false
GCF_000026225.1_to_GCF_000005845.2:199,GCF_000026225.1_to_GCF_000005845.2,GCF_000026225.1,GCF_000005845.2,NC_011740.1,4588711,4238273,4247324,+,NC_000913.3,4641652,4261764,4268308,5542,9059,0.61176730,60,P,381,3642,false,false
GCF_000026225.1_to_GCF_000005845.2:200,GCF_000026225.1_to_GCF_000005845.2,GCF_000026225.1,GCF_000005845.2,NC_011740.1,4588711,2824129,2829335,+,NC_000913.3,4641652,2963989,2969193,4424,5218,0.84783442,60,P,939,0,false,false
GCF_000026225.1_to_GCF_000005845.2:201,GCF_000026225.1_to_GCF_000005845.2,GCF_000026225.1,GCF_000005845.2,NC_011740.1,4588711,1507629,1509994,+,NC_000913.3,4641652,1533300,1535663,2154,2365,0.91078224,60,P,518,0,false,false
GCF_000026225.1_to_GCF_000005845.2:202,GCF_000026225.1_to_GCF_000005845.2,GCF_000026225.1,GCF_000005845.2,NC_011740.1,4588711,1399367,1403525,-,NC_000913.3,4641652,1766187,1770484,3602,4312,0.83534323,60,P,387,12530,false,false
GCF_000026225.1_to_GCF_000005845.2:203,GCF_000026225.1_to_GCF_000005845.2,GCF_000026225.1,GCF_000005845.2,NC_011740.1,4588711,1923806,1929636,-,NC_000913.3,4641652,1108281,1114248,4884,5972,0.81781648,60,P,280,12530,false,false
GCF_000026225.1_to_GCF_000005845.2:204,GCF_000026225.1_to_GCF_000005845.2,GCF_000026225.1,GCF_000005845.2,NC_011740.1,4588711,980275,983511,+,NC_000913.3,4641652,845734,849012,2853,3285,0.86849315,60,P,557,135,false,false
GCF_000026225.1_to_GCF_000005845.2:205,GCF_000026225.1_to_GCF_000005845.2,GCF_000026225.1,GCF_000005845.2,NC_011740.1,4588711,623717,625346,+,NC_000913.3,4641652,1206134,1207763,1545,1629,0.94843462,60,P,941,0,false,false
GCF_000026225.1_to_GCF_000005845.2:206,GCF_000026225.1_to_GCF_000005845.2,GCF_000026225.1,GCF_000005845.2,NC_011740.1,4588711,1205004,1208523,-,NC_000913.3,4641652,2006185,2009705,3047,3520,0.86562500,60,P,371,62,false,false
GCF_000026225.1_to_GCF_000005845.2:207,GCF_000026225.1_to_GCF_000005845.2,GCF_000026225.1,GCF_000005845.2,NC_011740.1,4588711,1219109,1222759,-,NC_000913.3,4641652,1991745,1995396,3151,3651,0.86305122,60,P,850,62,false,false
GCF_000026225.1_to_GCF_000005845.2:208,GCF_000026225.1_to_GCF_000005845.2,GCF_000026225.1,GCF_000005845.2,NC_011740.1,4588711,3469712,3474824,+,NC_000913.3,4641652,3564133,3569244,4317,5112,0.84448357,60,P,237,17795,false,false
GCF_000026225.1_to_GCF_000005845.2:209,GCF_000026225.1_to_GCF_000005845.2,GCF_000026225.1,GCF_000005845.2,NC_011740.1,4588711,142044,143422,+,NC_000913.3,4641652,120184,121562,1329,1378,0.96444122,60,P,890,4981,false,false
GCF_000026225.1_to_GCF_000005845.2:210,GCF_000026225.1_to_GCF_000005845.2,GCF_000026225.1,GCF_000005845.2,NC_011740.1,4588711,2813596,2819039,+,NC_000913.3,4641652,2953454,2958897,4578,5443,0.84108029,60,P,353,0,false,false
GCF_000026225.1_to_GCF_000005845.2:211,GCF_000026225.1_to_GCF_000005845.2,GCF_000026225.1,GCF_000005845.2,NC_011740.1,4588711,2532316,2536618,-,NC_000913.3,4641652,664936,669241,3669,4306,0.85206688,60,P,347,1948,false,false
GCF_000026225.1_to_GCF_000005845.2:212,GCF_000026225.1_to_GCF_000005845.2,GCF_000026225.1,GCF_000005845.2,NC_011740.1,4588711,2626762,2628103,-,NC_000913.3,4641652,475965,477306,1293,1342,0.96348733,60,P,914,1948,false,false
GCF_000026225.1_to_GCF_000005845.2:213,GCF_000026225.1_to_GCF_000005845.2,GCF_000026225.1,GCF_000005845.2,NC_011740.1,4588711,4550824,4552504,+,NC_000913.3,4641652,1428794,1430474,1556,1681,0.92563950,60,P,727,1621,false,false
GCF_000026225.1_to_GCF_000005845.2:214,GCF_000026225.1_to_GCF_000005845.2,GCF_000026225.1,GCF_000005845.2,NC_011740.1,4588711,1443600,1446390,-,NC_000913.3,4641652,1715515,1718313,2447,2799,0.87424080,60,P,350,12530,false,false
GCF_000026225.1_to_GCF_000005845.2:215,GCF_000026225.1_to_GCF_000005845.2,GCF_000026225.1,GCF_000005845.2,NC_011740.1,4588711,1138592,1141302,+,NC_000913.3,4641652,1018466,1021181,2375,2742,0.86615609,60,P,1186,135,false,false
GCF_000026225.1_to_GCF_000005845.2:216,GCF_000026225.1_to_GCF_000005845.2,GCF_000026225.1,GCF_000005845.2,NC_011740.1,4588711,3651796,3656372,+,NC_000913.3,4641652,3736377,3740954,3878,4589,0.84506428,60,P,361,17795,false,false
GCF_000026225.1_to_GCF_000005845.2:217,GCF_000026225.1_to_GCF_000005845.2,GCF_000026225.1,GCF_000005845.2,NC_011740.1,4588711,2537447,2541501,-,NC_000913.3,4641652,658834,664110,3452,5294,0.65205893,60,P,538,1948,false,false
GCF_000026225.1_to_GCF_000005845.2:218,GCF_000026225.1_to_GCF_000005845.2,GCF_000026225.1,GCF_000005845.2,NC_011740.1,4588711,1878313,1882043,-,NC_000913.3,4641652,1156712,1162693,3176,5983,0.53083737,60,P,266,12530,false,false
GCF_000026225.1_to_GCF_000005845.2:219,GCF_000026225.1_to_GCF_000005845.2,GCF_000026225.1,GCF_000005845.2,NC_011740.1,4588711,2860477,2861738,+,NC_000913.3,4641652,566775,568036,1205,1261,0.95559080,1,P,721,721,false,false
GCF_000026225.1_to_GCF_000005845.2:220,GCF_000026225.1_to_GCF_000005845.2,GCF_000026225.1,GCF_000005845.2,NC_011740.1,4588711,2860477,2861737,-,NC_000913.3,4641652,391707,392967,1204,1260,0.95555556,0,S,721,,false,false
GCF_000026225.1_to_GCF_000005845.2:221,GCF_000026225.1_to_GCF_000005845.2,GCF_000026225.1,GCF_000005845.2,NC_011740.1,4588711,2860477,2861736,+,NC_000913.3,4641652,2170169,2171428,1203,1259,0.95552025,0,S,721,,false,false
GCF_000026225.1_to_GCF_000005845.2:222,GCF_000026225.1_to_GCF_000005845.2,GCF_000026225.1,GCF_000005845.2,NC_011740.1,4588711,2970134,2973247,+,NC_000913.3,4641652,3105698,3108810,2687,3116,0.86232349,60,P,361,17795,false,false
GCF_000026225.1_to_GCF_000005845.2:223,GCF_000026225.1_to_GCF_000005845.2,GCF_000026225.1,GCF_000005845.2,NC_011740.1,4588711,4514437,4515446,-,NC_000913.3,4641652,1645977,1646986,1001,1009,0.99207136,60,P,912,0,false,false
GCF_000026225.1_to_GCF_000005845.2:224,GCF_000026225.1_to_GCF_000005845.2,GCF_000026225.1,GCF_000005845.2,NC_011740.1,4588711,1332410,1334518,-,NC_000913.3,4641652,1861735,1863851,1865,2117,0.88096363,60,P,420,12530,false,false
GCF_000026225.1_to_GCF_000005845.2:225,GCF_000026225.1_to_GCF_000005845.2,GCF_000026225.1,GCF_000005845.2,NC_011740.1,4588711,1771252,1772833,-,NC_000913.3,4641652,1287059,1288811,1452,1758,0.82593857,60,P,420,12530,false,false
GCF_000026225.1_to_GCF_000005845.2:226,GCF_000026225.1_to_GCF_000005845.2,GCF_000026225.1,GCF_000005845.2,NC_011740.1,4588711,1505542,1506808,+,NC_000913.3,4641652,1531696,1532962,1191,1266,0.94075829,60,P,373,0,false,false
GCF_000026225.1_to_GCF_000005845.2:227,GCF_000026225.1_to_GCF_000005845.2,GCF_000026225.1,GCF_000005845.2,NC_011740.1,4588711,1705935,1712019,-,NC_000913.3,4641652,1350250,1357001,5070,6761,0.74988907,60,P,210,12530,false,false
GCF_000026225.1_to_GCF_000005845.2:228,GCF_000026225.1_to_GCF_000005845.2,GCF_000026225.1,GCF_000005845.2,NC_011740.1,4588711,7561,10327,+,NC_000913.3,4641652,7810,10580,2379,2779,0.85606333,60,P,280,4981,false,false
GCF_000026225.1_to_GCF_000005845.2:229,GCF_000026225.1_to_GCF_000005845.2,GCF_000026225.1,GCF_000005845.2,NC_011740.1,4588711,2312283,2316127,+,NC_000913.3,4641652,2259749,2263599,3238,3852,0.84060228,60,P,207,1368,false,false
GCF_000026225.1_to_GCF_000005845.2:230,GCF_000026225.1_to_GCF_000005845.2,GCF_000026225.1,GCF_000005845.2,NC_011740.1,4588711,2233985,2235843,+,NC_000913.3,4641652,2182882,2184737,1652,1858,0.88912809,60,P,857,1368,false,false
GCF_000026225.1_to_GCF_000005845.2:231,GCF_000026225.1_to_GCF_000005845.2,GCF_000026225.1,GCF_000005845.2,NC_011740.1,4588711,694308,699274,-,NC_000913.3,4641652,2615810,2620878,4144,5081,0.81558748,60,P,423,185,false,false
GCF_000026225.1_to_GCF_000005845.2:232,GCF_000026225.1_to_GCF_000005845.2,GCF_000026225.1,GCF_000005845.2,NC_011740.1,4588711,3411388,3413560,+,NC_000913.3,4641652,3517034,3519217,1909,2188,0.87248629,60,P,486,17795,false,false
GCF_000026225.1_to_GCF_000005845.2:233,GCF_000026225.1_to_GCF_000005845.2,GCF_000026225.1,GCF_000005845.2,NC_011740.1,4588711,2964069,2965281,+,NC_000913.3,4641652,3099538,3100750,1126,1213,0.92827700,60,P,417,17795,false,false
GCF_000026225.1_to_GCF_000005845.2:234,GCF_000026225.1_to_GCF_000005845.2,GCF_000026225.1,GCF_000005845.2,NC_011740.1,4588711,1816369,1820138,-,NC_000913.3,4641652,1234887,1238649,3169,3788,0.83658923,60,P,140,12530,false,false
GCF_000026225.1_to_GCF_000005845.2:235,GCF_000026225.1_to_GCF_000005845.2,GCF_000026225.1,GCF_000005845.2,NC_011740.1,4588711,3300882,3307476,+,NC_000913.3,4641652,3385463,3392087,5416,6664,0.81272509,60,P,293,17795,false,false
GCF_000026225.1_to_GCF_000005845.2:236,GCF_000026225.1_to_GCF_000005845.2,GCF_000026225.1,GCF_000005845.2,NC_011740.1,4588711,1262151,1268202,-,NC_000913.3,4641652,1930370,1936327,4924,6074,0.81066842,60,P,238,12530,false,false
GCF_000026225.1_to_GCF_000005845.2:237,GCF_000026225.1_to_GCF_000005845.2,GCF_000026225.1,GCF_000005845.2,NC_011740.1,4588711,0,6252,+,NC_000913.3,4641652,132,6501,5134,6387,0.80382026,60,P,329,4981,false,false
GCF_000026225.1_to_GCF_000005845.2:238,GCF_000026225.1_to_GCF_000005845.2,GCF_000026225.1,GCF_000005845.2,NC_011740.1,4588711,3562772,3566010,+,NC_000913.3,4641652,3637119,3640549,2759,3437,0.80273494,60,P,187,17795,false,false
GCF_000026225.1_to_GCF_000005845.2:239,GCF_000026225.1_to_GCF_000005845.2,GCF_000026225.1,GCF_000005845.2,NC_011740.1,4588711,3606905,3611289,+,NC_000913.3,4641652,3695905,3700287,3636,4389,0.82843472,60,P,386,17795,false,false
GCF_000026225.1_to_GCF_000005845.2:240,GCF_000026225.1_to_GCF_000005845.2,GCF_000026225.1,GCF_000005845.2,NC_011740.1,4588711,4586517,4587616,+,NC_000913.3,4641652,4639588,4640687,1022,1099,0.92993631,60,P,565,0,false,false
GCF_000026225.1_to_GCF_000005845.2:241,GCF_000026225.1_to_GCF_000005845.2,GCF_000026225.1,GCF_000005845.2,NC_011740.1,4588711,1754019,1758825,-,NC_000913.3,4641652,1301928,1306735,3972,4807,0.82629499,60,P,93,12530,false,false
GCF_000026225.1_to_GCF_000005845.2:242,GCF_000026225.1_to_GCF_000005845.2,GCF_000026225.1,GCF_000005845.2,NC_011740.1,4588711,703956,705749,-,NC_000913.3,4641652,2608507,2610252,1517,1793,0.84606804,60,P,65,185,false,false
GCF_000026225.1_to_GCF_000005845.2:243,GCF_000026225.1_to_GCF_000005845.2,GCF_000026225.1,GCF_000005845.2,NC_011740.1,4588711,1094024,1095951,+,NC_000913.3,4641652,966521,968448,1658,1927,0.86040477,60,P,272,135,false,false
GCF_000026225.1_to_GCF_000005845.2:244,GCF_000026225.1_to_GCF_000005845.2,GCF_000026225.1,GCF_000005845.2,NC_011740.1,4588711,283833,285524,-,NC_000913.3,4641652,2922861,2924544,1459,1697,0.85975250,60,P,230,4978,false,false
GCF_000026225.1_to_GCF_000005845.2:245,GCF_000026225.1_to_GCF_000005845.2,GCF_000026225.1,GCF_000005845.2,NC_011740.1,4588711,2717124,2720111,-,NC_000913.3,4641652,393231,396200,2488,2988,0.83266399,60,P,335,1948,false,false
GCF_000026225.1_to_GCF_000005845.2:246,GCF_000026225.1_to_GCF_000005845.2,GCF_000026225.1,GCF_000005845.2,NC_011740.1,4588711,4477427,4482180,-,NC_000913.3,4641652,3249347,3254881,3908,5548,0.70439798,60,P,267,354,false,false
GCF_000026225.1_to_GCF_000005845.2:247,GCF_000026225.1_to_GCF_000005845.2,GCF_000026225.1,GCF_000005845.2,NC_011740.1,4588711,1394067,1398790,-,NC_000913.3,4641652,1784773,1789367,3792,4729,0.80186086,32,P,19,12530,false,false
GCF_000026225.1_to_GCF_000005845.2:248,GCF_000026225.1_to_GCF_000005845.2,GCF_000026225.1,GCF_000005845.2,NC_011740.1,4588711,1447214,1449395,-,NC_000913.3,4641652,1712556,1714737,1831,2187,0.83721994,60,P,117,12530,false,false
GCF_000026225.1_to_GCF_000005845.2:249,GCF_000026225.1_to_GCF_000005845.2,GCF_000026225.1,GCF_000005845.2,NC_011740.1,4588711,4351191,4353150,+,NC_000913.3,4641652,4417680,4419639,1678,1961,0.85568587,60,P,58,3642,false,false
GCF_000026225.1_to_GCF_000005845.2:250,GCF_000026225.1_to_GCF_000005845.2,GCF_000026225.1,GCF_000005845.2,NC_011740.1,4588711,3625878,3627092,+,NC_000913.3,4641652,3710816,3712030,1077,1214,0.88714992,60,P,93,17795,false,false
GCF_000026225.1_to_GCF_000005845.2:251,GCF_000026225.1_to_GCF_000005845.2,GCF_000026225.1,GCF_000005845.2,NC_011740.1,4588711,1767037,1768673,-,NC_000913.3,4641652,1291388,1293034,1426,1648,0.86529126,60,P,177,12530,false,false
GCF_000026225.1_to_GCF_000005845.2:252,GCF_000026225.1_to_GCF_000005845.2,GCF_000026225.1,GCF_000005845.2,NC_011740.1,4588711,630483,631321,-,NC_000913.3,4641652,2467752,2468590,770,838,0.91885442,60,P,388,0,false,false
GCF_000026225.1_to_GCF_000005845.2:253,GCF_000026225.1_to_GCF_000005845.2,GCF_000026225.1,GCF_000005845.2,NC_011740.1,4588711,1685434,1692028,-,NC_000913.3,4641652,1398188,1399828,1413,6601,0.21405848,44,P,163,12530,false,false
GCF_000026225.1_to_GCF_000005845.2:254,GCF_000026225.1_to_GCF_000005845.2,GCF_000026225.1,GCF_000005845.2,NC_011740.1,4588711,688655,692260,-,NC_000913.3,4641652,2622988,2626593,2980,3605,0.82662968,60,P,186,185,false,false
GCF_000026225.1_to_GCF_000005845.2:255,GCF_000026225.1_to_GCF_000005845.2,GCF_000026225.1,GCF_000005845.2,NC_011740.1,4588711,1873190,1877028,-,NC_000913.3,4641652,1163978,1168015,3153,4051,0.77832634,60,P,117,12530,false,false
GCF_000026225.1_to_GCF_000005845.2:256,GCF_000026225.1_to_GCF_000005845.2,GCF_000026225.1,GCF_000005845.2,NC_011740.1,4588711,3126402,3127703,+,NC_000913.3,4641652,3231565,3232866,1137,1301,0.87394312,60,P,542,17795,false,false
GCF_000026225.1_to_GCF_000005845.2:257,GCF_000026225.1_to_GCF_000005845.2,GCF_000026225.1,GCF_000005845.2,NC_011740.1,4588711,1008796,1010178,+,NC_000913.3,4641652,876708,878090,1200,1382,0.86830680,60,P,114,135,false,false
GCF_000026225.1_to_GCF_000005845.2:258,GCF_000026225.1_to_GCF_000005845.2,GCF_000026225.1,GCF_000005845.2,NC_011740.1,4588711,2036936,2037509,+,NC_000913.3,4641652,737972,738545,552,573,0.96335079,2,P,375,371,false,false
GCF_000026225.1_to_GCF_000005845.2:259,GCF_000026225.1_to_GCF_000005845.2,GCF_000026225.1,GCF_000005845.2,NC_011740.1,4588711,135166,136433,+,NC_000913.3,4641652,113311,114578,1106,1267,0.87292818,60,P,140,4981,false,false
GCF_000026225.1_to_GCF_000005845.2:260,GCF_000026225.1_to_GCF_000005845.2,GCF_000026225.1,GCF_000005845.2,NC_011740.1,4588711,2703625,2704702,-,NC_000913.3,4641652,409107,410184,953,1077,0.88486537,60,P,96,1948,false,false
GCF_000026225.1_to_GCF_000005845.2:261,GCF_000026225.1_to_GCF_000005845.2,GCF_000026225.1,GCF_000005845.2,NC_011740.1,4588711,1020878,1022785,+,NC_000913.3,4641652,887975,889882,1619,1912,0.84675732,60,P,114,135,false,false
GCF_000026225.1_to_GCF_000005845.2:262,GCF_000026225.1_to_GCF_000005845.2,GCF_000026225.1,GCF_000005845.2,NC_011740.1,4588711,1454844,1456445,-,NC_000913.3,4641652,1705451,1707052,1362,1601,0.85071830,60,P,103,12530,false,false
GCF_000026225.1_to_GCF_000005845.2:263,GCF_000026225.1_to_GCF_000005845.2,GCF_000026225.1,GCF_000005845.2,NC_011740.1,4588711,2100596,2101295,-,NC_000913.3,4641652,577652,578351,645,699,0.92274678,60,P,319,79,false,false
GCF_000026225.1_to_GCF_000005845.2:264,GCF_000026225.1_to_GCF_000005845.2,GCF_000026225.1,GCF_000005845.2,NC_011740.1,4588711,1982667,1983984,+,NC_000913.3,4641652,2020182,2021499,1139,1317,0.86484434,60,P,72,0,false,false
GCF_000026225.1_to_GCF_000005845.2:265,GCF_000026225.1_to_GCF_000005845.2,GCF_000026225.1,GCF_000005845.2,NC_011740.1,4588711,967995,969612,-,NC_000913.3,4641652,2315671,2317404,1380,1734,0.79584775,60,P,186,185,false,false
GCF_000026225.1_to_GCF_000005845.2:266,GCF_000026225.1_to_GCF_000005845.2,GCF_000026225.1,GCF_000005845.2,NC_011740.1,4588711,1672862,1676346,-,NC_000913.3,4641652,1408412,1411912,2879,3512,0.81976082,60,P,177,12530,false,false
GCF_000026225.1_to_GCF_000005845.2:267,GCF_000026225.1_to_GCF_000005845.2,GCF_000026225.1,GCF_000005845.2,NC_011740.1,4588711,524659,525257,+,NC_000913.3,4641652,497070,497671,563,601,0.93677205,60,P,163,0,false,false
GCF_000026225.1_to_GCF_000005845.2:268,GCF_000026225.1_to_GCF_000005845.2,GCF_000026225.1,GCF_000005845.2,NC_011740.1,4588711,2883602,2884999,-,NC_000913.3,4641652,3666177,3667574,1200,1397,0.85898354,1,P,106,115,false,false
GCF_000026225.1_to_GCF_000005845.2:269,GCF_000026225.1_to_GCF_000005845.2,GCF_000026225.1,GCF_000005845.2,NC_011740.1,4588711,2883785,2884999,-,NC_000913.3,4641652,1570642,1571856,1052,1214,0.86655684,0,S,115,,false,false
GCF_000026225.1_to_GCF_000005845.2:270,GCF_000026225.1_to_GCF_000005845.2,GCF_000026225.1,GCF_000005845.2,NC_011740.1,4588711,3640360,3641251,+,NC_000913.3,4641652,3719430,3720319,782,894,0.87472036,60,P,380,17795,false,false
GCF_000026225.1_to_GCF_000005845.2:271,GCF_000026225.1_to_GCF_000005845.2,GCF_000026225.1,GCF_000005845.2,NC_011740.1,4588711,1909488,1911153,-,NC_000913.3,4641652,1127624,1129286,1405,1665,0.84384384,60,P,145,12530,false,false
GCF_000026225.1_to_GCF_000005845.2:272,GCF_000026225.1_to_GCF_000005845.2,GCF_000026225.1,GCF_000005845.2,NC_011740.1,4588711,1747509,1752905,-,NC_000913.3,4641652,1306820,1313772,4400,6983,0.63010168,60,P,196,12530,false,false
GCF_000026225.1_to_GCF_000005845.2:273,GCF_000026225.1_to_GCF_000005845.2,GCF_000026225.1,GCF_000005845.2,NC_011740.1,4588711,4444769,4445939,+,NC_000913.3,4641652,4477724,4478893,1009,1170,0.86239316,60,P,768,3642,false,false
GCF_000026225.1_to_GCF_000005845.2:274,GCF_000026225.1_to_GCF_000005845.2,GCF_000026225.1,GCF_000005845.2,NC_011740.1,4588711,723347,727450,-,NC_000913.3,4641652,2586756,2590898,3348,4147,0.80733060,60,P,323,185,false,false
GCF_000026225.1_to_GCF_000005845.2:275,GCF_000026225.1_to_GCF_000005845.2,GCF_000026225.1,GCF_000005845.2,NC_011740.1,4588711,1416746,1424354,-,NC_000913.3,4641652,1737538,1746597,6200,9095,0.68169324,60,P,322,12530,false,false
GCF_000026225.1_to_GCF_000005845.2:276,GCF_000026225.1_to_GCF_000005845.2,GCF_000026225.1,GCF_000005845.2,NC_011740.1,4588711,1290846,1291365,-,NC_000913.3,4641652,1907171,1907689,486,519,0.93641618,60,P,107,12530,false,false
GCF_000026225.1_to_GCF_000005845.2:277,GCF_000026225.1_to_GCF_000005845.2,GCF_000026225.1,GCF_000005845.2,NC_011740.1,4588711,4188715,4189628,+,NC_000913.3,4641652,4230324,4231369,800,1045,0.76555024,60,P,159,3642,false,false
GCF_000026225.1_to_GCF_000005845.2:278,GCF_000026225.1_to_GCF_000005845.2,GCF_000026225.1,GCF_000005845.2,NC_011740.1,4588711,2820718,2822721,+,NC_000913.3,4641652,2960575,2962578,1671,2003,0.83424863,60,P,37,0,false,false
GCF_000026225.1_to_GCF_000005845.2:279,GCF_000026225.1_to_GCF_000005845.2,GCF_000026225.1,GCF_000005845.2,NC_011740.1,4588711,927742,930277,-,NC_000913.3,4641652,2368995,2371521,2076,2539,0.81764474,60,P,93,185,false,false
GCF_000026225.1_to_GCF_000005845.2:280,GCF_000026225.1_to_GCF_000005845.2,GCF_000026225.1,GCF_000005845.2,NC_011740.1,4588711,3647236,3650255,+,NC_000913.3,4641652,3727770,3730788,2452,3025,0.81057851,60,P,75,17795,false,false
GCF_000026225.1_to_GCF_000005845.2:281,GCF_000026225.1_to_GCF_000005845.2,GCF_000026225.1,GCF_000005845.2,NC_011740.1,4588711,836505,837380,-,NC_000913.3,4641652,2460664,2461538,766,875,0.87542857,60,P,244,185,false,false
GCF_000026225.1_to_GCF_000005845.2:282,GCF_000026225.1_to_GCF_000005845.2,GCF_000026225.1,GCF_000005845.2,NC_011740.1,4588711,2136467,2137108,+,NC_000913.3,4641652,2098561,2099202,580,641,0.90483619,60,P,89,1368,false,false
GCF_000026225.1_to_GCF_000005845.2:283,GCF_000026225.1_to_GCF_000005845.2,GCF_000026225.1,GCF_000005845.2,NC_011740.1,4588711,692910,694098,-,NC_000913.3,4641652,2621179,2622367,1017,1188,0.85606061,60,P,86,185,false,false
GCF_000026225.1_to_GCF_000005845.2:284,GCF_000026225.1_to_GCF_000005845.2,GCF_000026225.1,GCF_000005845.2,NC_011740.1,4588711,2542370,2543163,-,NC_000913.3,4641652,657172,657965,703,794,0.88539043,60,P,293,1948,false,false
GCF_000026225.1_to_GCF_000005845.2:285,GCF_000026225.1_to_GCF_000005845.2,GCF_000026225.1,GCF_000005845.2,NC_011740.1,4588711,1713353,1715393,-,NC_000913.3,4641652,1346981,1349021,1698,2040,0.83235294,60,P,61,12530,false,false
GCF_000026225.1_to_GCF_000005845.2:286,GCF_000026225.1_to_GCF_000005845.2,GCF_000026225.1,GCF_000005845.2,NC_011740.1,4588711,1425841,1426991,-,NC_000913.3,4641652,1734862,1735934,930,1150,0.80869565,60,P,65,12530,false,false
GCF_000026225.1_to_GCF_000005845.2:287,GCF_000026225.1_to_GCF_000005845.2,GCF_000026225.1,GCF_000005845.2,NC_011740.1,4588711,1940200,1940699,-,NC_000913.3,4641652,1097197,1097701,469,504,0.93055556,60,P,163,12530,false,false
GCF_000026225.1_to_GCF_000005845.2:288,GCF_000026225.1_to_GCF_000005845.2,GCF_000026225.1,GCF_000005845.2,NC_011740.1,4588711,2697211,2700192,-,NC_000913.3,4641652,415052,418034,2456,2999,0.81893965,60,P,126,1948,false,false
GCF_000026225.1_to_GCF_000005845.2:289,GCF_000026225.1_to_GCF_000005845.2,GCF_000026225.1,GCF_000005845.2,NC_011740.1,4588711,1828269,1829784,-,NC_000913.3,4641652,1224599,1226102,1260,1516,0.83113456,60,P,168,12530,false,false
GCF_000026225.1_to_GCF_000005845.2:290,GCF_000026225.1_to_GCF_000005845.2,GCF_000026225.1,GCF_000005845.2,NC_011740.1,4588711,2323639,2324538,+,NC_000913.3,4641652,2269720,2270622,784,904,0.86725664,60,P,236,1368,false,false
GCF_000026225.1_to_GCF_000005845.2:291,GCF_000026225.1_to_GCF_000005845.2,GCF_000026225.1,GCF_000005845.2,NC_011740.1,4588711,1932637,1933995,-,NC_000913.3,4641652,1103918,1105278,1131,1368,0.82675439,60,P,84,12530,false,false
GCF_000026225.1_to_GCF_000005845.2:292,GCF_000026225.1_to_GCF_000005845.2,GCF_000026225.1,GCF_000005845.2,NC_011740.1,4588711,1934462,1937054,-,NC_000913.3,4641652,1100850,1103443,2126,2595,0.81926782,50,P,33,12530,false,false
GCF_000026225.1_to_GCF_000005845.2:293,GCF_000026225.1_to_GCF_000005845.2,GCF_000026225.1,GCF_000005845.2,NC_011740.1,4588711,175018,178894,+,NC_000913.3,4641652,153017,156893,3166,3884,0.81513903,60,P,126,4981,false,false
GCF_000026225.1_to_GCF_000005845.2:294,GCF_000026225.1_to_GCF_000005845.2,GCF_000026225.1,GCF_000005845.2,NC_011740.1,4588711,139696,141229,+,NC_000913.3,4641652,117833,119366,1282,1535,0.83517915,60,P,70,4981,false,false
GCF_000026225.1_to_GCF_000005845.2:295,GCF_000026225.1_to_GCF_000005845.2,GCF_000026225.1,GCF_000005845.2,NC_011740.1,4588711,1663273,1664518,-,NC_000913.3,4641652,1441919,1443163,1050,1247,0.84202085,51,P,33,12530,false,false
GCF_000026225.1_to_GCF_000005845.2:296,GCF_000026225.1_to_GCF_000005845.2,GCF_000026225.1,GCF_000005845.2,NC_011740.1,4588711,833238,835366,-,NC_000913.3,4641652,2464210,2466327,1700,2134,0.79662605,60,P,86,185,false,false
GCF_000026225.1_to_GCF_000005845.2:297,GCF_000026225.1_to_GCF_000005845.2,GCF_000026225.1,GCF_000005845.2,NC_011740.1,4588711,1186680,1187617,+,NC_000913.3,4641652,1062860,1063797,798,937,0.85165422,60,P,193,135,false,false
GCF_000026225.1_to_GCF_000005845.2:298,GCF_000026225.1_to_GCF_000005845.2,GCF_000026225.1,GCF_000005845.2,NC_011740.1,4588711,2623708,2624348,-,NC_000913.3,4641652,480087,480726,561,640,0.87656250,60,P,78,1948,false,false
GCF_000026225.1_to_GCF_000005845.2:299,GCF_000026225.1_to_GCF_000005845.2,GCF_000026225.1,GCF_000005845.2,NC_011740.1,4588711,1984451,1987773,+,NC_000913.3,4641652,2021970,2025311,2708,3358,0.80643240,60,P,228,0,false,false
GCF_000026225.1_to_GCF_000005845.2:300,GCF_000026225.1_to_GCF_000005845.2,GCF_000026225.1,GCF_000005845.2,NC_011740.1,4588711,1996648,1997563,-,NC_000913.3,4641652,575911,576826,780,915,0.85245902,60,P,94,0,false,false
GCF_000026225.1_to_GCF_000005845.2:301,GCF_000026225.1_to_GCF_000005845.2,GCF_000026225.1,GCF_000005845.2,NC_011740.1,4588711,2865684,2866462,-,NC_000913.3,4641652,4509020,4509797,670,778,0.86118252,60,P,89,0,false,false
GCF_000026225.1_to_GCF_000005845.2:302,GCF_000026225.1_to_GCF_000005845.2,GCF_000026225.1,GCF_000005845.2,NC_011740.1,4588711,841369,841886,-,NC_000913.3,4641652,2456319,2456836,460,517,0.88974855,60,P,122,185,false,false
GCF_000026225.1_to_GCF_000005845.2:303,GCF_000026225.1_to_GCF_000005845.2,GCF_000026225.1,GCF_000005845.2,NC_011740.1,4588711,1724183,1726603,-,NC_000913.3,4641652,1335760,1338181,1972,2421,0.81453945,60,P,42,12530,false,false
GCF_000026225.1_to_GCF_000005845.2:304,GCF_000026225.1_to_GCF_000005845.2,GCF_000026225.1,GCF_000005845.2,NC_011740.1,4588711,931300,933348,-,NC_000913.3,4641652,2365936,2367984,1645,2048,0.80322266,60,P,100,185,false,false
GCF_000026225.1_to_GCF_000005845.2:305,GCF_000026225.1_to_GCF_000005845.2,GCF_000026225.1,GCF_000005845.2,NC_011740.1,4588711,965207,967622,-,NC_000913.3,4641652,2317777,2320192,1970,2419,0.81438611,60,P,115,185,false,false
GCF_000026225.1_to_GCF_000005845.2:306,GCF_000026225.1_to_GCF_000005845.2,GCF_000026225.1,GCF_000005845.2,NC_011740.1,4588711,1626237,1626660,-,NC_000913.3,4641652,1487165,1487588,383,423,0.90543735,60,P,93,12530,false,false
GCF_000026225.1_to_GCF_000005845.2:307,GCF_000026225.1_to_GCF_000005845.2,GCF_000026225.1,GCF_000005845.2,NC_011740.1,4588711,1955274,1957143,-,NC_000913.3,4641652,1086971,1088840,1501,1869,0.80310326,60,P,61,12530,false,false
GCF_000026225.1_to_GCF_000005845.2:308,GCF_000026225.1_to_GCF_000005845.2,GCF_000026225.1,GCF_000005845.2,NC_011740.1,4588711,1214113,1216752,-,NC_000913.3,4641652,1997767,2000403,2159,2644,0.81656581,60,P,127,62,false,false
GCF_000026225.1_to_GCF_000005845.2:309,GCF_000026225.1_to_GCF_000005845.2,GCF_000026225.1,GCF_000005845.2,NC_011740.1,4588711,894764,895702,-,NC_000913.3,4641652,2405904,2406835,755,938,0.80490405,60,P,115,185,false,false
GCF_000026225.1_to_GCF_000005845.2:310,GCF_000026225.1_to_GCF_000005845.2,GCF_000026225.1,GCF_000005845.2,NC_011740.1,4588711,1915387,1917639,-,NC_000913.3,4641652,1120446,1122696,1848,2260,0.81769912,60,P,163,12530,false,false
GCF_000026225.1_to_GCF_000005845.2:311,GCF_000026225.1_to_GCF_000005845.2,GCF_000026225.1,GCF_000005845.2,NC_011740.1,4588711,3092541,3095219,+,NC_000913.3,4641652,3216326,3219112,2169,2805,0.77326203,60,P,93,17795,false,false
GCF_000026225.1_to_GCF_000005845.2:312,GCF_000026225.1_to_GCF_000005845.2,GCF_000026225.1,GCF_000005845.2,NC_011740.1,4588711,4020389,4020722,+,NC_000913.3,4641652,3803801,3804134,308,333,0.92492492,60,P,124,4934,false,false
GCF_000026225.1_to_GCF_000005845.2:313,GCF_000026225.1_to_GCF_000005845.2,GCF_000026225.1,GCF_000005845.2,NC_011740.1,4588711,1461350,1464831,-,NC_000913.3,4641652,1687742,1691225,2778,3485,0.79713056,60,P,89,12530,false,false
GCF_000026225.1_to_GCF_000005845.2:314,GCF_000026225.1_to_GCF_000005845.2,GCF_000026225.1,GCF_000005845.2,NC_011740.1,4588711,1718967,1722193,-,NC_000913.3,4641652,1340148,1343380,2600,3253,0.79926222,60,P,75,12530,false,false
GCF_000026225.1_to_GCF_000005845.2:315,GCF_000026225.1_to_GCF_000005845.2,GCF_000026225.1,GCF_000005845.2,NC_011740.1,4588711,2077306,2077677,+,NC_000913.3,4641652,2079038,2079409,337,371,0.90835580,60,P,85,0,false,false
GCF_000026225.1_to_GCF_000005845.2:316,GCF_000026225.1_to_GCF_000005845.2,GCF_000026225.1,GCF_000005845.2,NC_011740.1,4588711,1212632,1213441,-,NC_000913.3,4641652,2001077,2001886,678,809,0.83807169,60,P,88,62,false,false
GCF_000026225.1_to_GCF_000005845.2:317,GCF_000026225.1_to_GCF_000005845.2,GCF_000026225.1,GCF_000005845.2,NC_011743.1,55150,7413,8174,-,NC_000913.3,4641652,19794,20555,695,761,0.91327201,1,P,274,291,false,false
GCF_000026225.1_to_GCF_000005845.2:318,GCF_000026225.1_to_GCF_000005845.2,GCF_000026225.1,GCF_000005845.2,NC_011743.1,55150,7413,8173,-,NC_000913.3,4641652,257907,258667,694,760,0.91315789,0,S,274,,false,false
GCF_000026225.1_to_GCF_000005845.2:319,GCF_000026225.1_to_GCF_000005845.2,GCF_000026225.1,GCF_000005845.2,NC_011743.1,55150,7413,8173,-,NC_000913.3,4641652,1978502,1979262,694,760,0.91315789,0,S,274,,false,false
GCF_000026225.1_to_GCF_000005845.2:320,GCF_000026225.1_to_GCF_000005845.2,GCF_000026225.1,GCF_000005845.2,NC_011743.1,55150,7413,8173,+,NC_000913.3,4641652,3583435,3584195,694,760,0.91315789,0,S,274,,false,false
GCF_000026225.1_to_GCF_000005845.2:321,GCF_000026225.1_to_GCF_000005845.2,GCF_000026225.1,GCF_000005845.2,NC_011743.1,55150,7407,8173,+,NC_000913.3,4641652,4518473,4519239,698,766,0.91122715,0,S,291,,false,false
GCF_000026225.1_to_GCF_000005845.2:322,GCF_000026225.1_to_GCF_000005845.2,GCF_000026225.1,GCF_000005845.2,NC_011743.1,55150,7413,8173,-,NC_000913.3,4641652,279162,279922,693,760,0.91184211,0,S,269,,false,false
GCF_000005845.2_to_GCF_000026225.1:1,GCF_000005845.2_to_GCF_000026225.1,GCF_000005845.2,GCF_000026225.1,NC_000913.3,4641652,177668,245945,+,NC_011740.1,4588711,199393,265276,61979,68600,0.90348397,60,P,41737,5026,true,true
GCF_000005845.2_to_GCF_000026225.1:2,GCF_000005845.2_to_GCF_000026225.1,GCF_000005845.2,GCF_000026225.1,NC_000913.3,4641652,2687064,2741244,-,NC_011740.1,4588711,471745,524515,50464,54234,0.93048641,60,P,32210,4889,true,true
GCF_000005845.2_to_GCF_000026225.1:3,GCF_000005845.2_to_GCF_000026225.1,GCF_000005845.2,GCF_000026225.1,NC_000913.3,4641652,29457,83755,+,NC_011740.1,4588711,38685,105734,49300,68826,0.71629907,60,P,26215,5026,false,false
GCF_000005845.2_to_GCF_000026225.1:4,GCF_000005845.2_to_GCF_000026225.1,GCF_000005845.2,GCF_000026225.1,NC_000913.3,4641652,3941661,3986033,-,NC_011740.1,4588711,3797788,3841214,41640,44399,0.93785896,60,P,28008,5818,true,true
GCF_000005845.2_to_GCF_000026225.1:5,GCF_000005845.2_to_GCF_000026225.1,GCF_000005845.2,GCF_000026225.1,NC_000913.3,4641652,3418936,3453454,+,NC_011740.1,4588711,3335016,3369546,33836,34532,0.97984478,60,P,29109,13173,true,true
GCF_000005845.2_to_GCF_000026225.1:6,GCF_000005845.2_to_GCF_000026225.1,GCF_000005845.2,GCF_000026225.1,NC_000913.3,4641652,4164916,4202044,-,NC_011740.1,4588711,3847151,3883114,34972,37139,0.94165163,60,P,28940,5105,true,true
GCF_000005845.2_to_GCF_000026225.1:7,GCF_000005845.2_to_GCF_000026225.1,GCF_000005845.2,GCF_000026225.1,NC_000913.3,4641652,2526987,2581623,-,NC_011740.1,4588711,732518,780938,43431,56504,0.76863585,60,P,21495,2724,false,false
GCF_000005845.2_to_GCF_000026225.1:8,GCF_000005845.2_to_GCF_000026225.1,GCF_000005845.2,GCF_000026225.1,NC_000913.3,4641652,3470092,3516295,+,NC_011740.1,4588711,3371077,3410640,37638,46239,0.81398819,60,P,22031,13173,false,false
GCF_000005845.2_to_GCF_000026225.1:9,GCF_000005845.2_to_GCF_000026225.1,GCF_000005845.2,GCF_000026225.1,NC_000913.3,4641652,1444511,1487006,-,NC_011740.1,4588711,1628032,1661925,32103,42826,0.74961472,60,P,14266,12549,false,false
GCF_000005845.2_to_GCF_000026225.1:10,GCF_000005845.2_to_GCF_000026225.1,GCF_000005845.2,GCF_000026225.1,NC_000913.3,4641652,3986686,4027275,-,NC_011740.1,4588711,3725414,3796528,37576,71287,0.52710873,60,P,17368,5085,false,false
GCF_000005845.2_to_GCF_000026225.1:11,GCF_000005845.2_to_GCF_000026225.1,GCF_000005845.2,GCF_000026225.1,NC_000913.3,4641652,813475,845554,-,NC_011740.1,4588711,2356741,2391124,30250,34730,0.87100489,60,P,16361,10848,true,true
GCF_000005845.2_to_GCF_000026225.1:12,GCF_000005845.2_to_GCF_000026225.1,GCF_000005845.2,GCF_000026225.1,NC_000913.3,4641652,689358,720563,-,NC_011740.1,4588711,2480227,2510702,28165,32303,0.87190044,60,P,17016,10848,true,true
GCF_000005845.2_to_GCF_000026225.1:13,GCF_000005845.2_to_GCF_000026225.1,GCF_000005845.2,GCF_000026225.1,NC_000913.3,4641652,419363,451872,-,NC_011740.1,4588711,2653825,2695882,30279,42214,0.71727389,60,P,14714,10848,false,false
GCF_000005845.2_to_GCF_000026225.1:14,GCF_000005845.2_to_GCF_000026225.1,GCF_000005845.2,GCF_000026225.1,NC_000913.3,4641652,3866447,3893421,+,NC_011740.1,4588711,4086351,4113250,25867,26976,0.95888938,60,P,17771,4978,true,true
GCF_000005845.2_to_GCF_000026225.1:15,GCF_000005845.2_to_GCF_000026225.1,GCF_000005845.2,GCF_000026225.1,NC_000913.3,4641652,4383850,4411992,+,NC_011740.1,4588711,4316591,4345344,26437,29118,0.90792637,60,P,13962,4016,true,true
GCF_000005845.2_to_GCF_000026225.1:16,GCF_000005845.2_to_GCF_000026225.1,GCF_000005845.2,GCF_000026225.1,NC_000913.3,4641652,4132456,4163743,-,NC_011740.1,4588711,3884287,3917819,28862,33964,0.84978212,60,P,13784,5105,false,false
GCF_000005845.2_to_GCF_000026225.1:17,GCF_000005845.2_to_GCF_000026225.1,GCF_000005845.2,GCF_000026225.1,NC_000913.3,4641652,3898520,3922700,+,NC_011740.1,4588711,4118754,4143600,23288,25013,0.93103586,60,P,17888,4978,true,true
GCF_000005845.2_to_GCF_000026225.1:18,GCF_000005845.2_to_GCF_000026225.1,GCF_000005845.2,GCF_000026225.1,NC_000913.3,4641652,2113433,2140334,+,NC_011740.1,4588711,2154750,2183336,25356,28808,0.88017217,60,P,15565,1368,true,true
GCF_000005845.2_to_GCF_000026225.1:19,GCF_000005845.2_to_GCF_000026225.1,GCF_000005845.2,GCF_000026225.1,NC_000913.3,4641652,2800617,2825647,-,NC_011740.1,4588711,384438,411853,23941,27422,0.87305813,60,P,14930,4889,true,false
GCF_000005845.2_to_GCF_000026225.1:20,GCF_000005845.2_to_GCF_000026225.1,GCF_000005845.2,GCF_000026225.1,NC_000913.3,4641652,3297170,3319967,+,NC_011740.1,4588711,3204939,3239720,22005,34791,0.63249116,60,P,14779,13173,false,false
GCF_000005845.2_to_GCF_000026225.1:21,GCF_000005845.2_to_GCF_000026225.1,GCF_000005845.2,GCF_000026225.1,NC_000913.3,4641652,2829797,2856190,-,NC_011740.1,4588711,357785,384271,24746,26496,0.93395229,60,P,12067,4889,true,false
GCF_000005845.2_to_GCF_000026225.1:22,GCF_000005845.2_to_GCF_000026225.1,GCF_000005845.2,GCF_000026225.1,NC_000913.3,4641652,753230,776509,-,NC_011740.1,4588711,2421284,2455294,21876,34254,0.63864074,60,P,12234,10848,false,false
GCF_000005845.2_to_GCF_000026225.1:23,GCF_000005845.2_to_GCF_000026225.1,GCF_000005845.2,GCF_000026225.1,NC_000913.3,4641652,777214,812943,-,NC_011740.1,4588711,2391656,2420633,26544,35775,0.74197065,60,P,11070,10848,false,false
GCF_000005845.2_to_GCF_000026225.1:24,GCF_000005845.2_to_GCF_000026225.1,GCF_000005845.2,GCF_000026225.1,NC_000913.3,4641652,452748,477306,-,NC_011740.1,4588711,2626762,2652766,22949,26031,0.88160270,60,P,11529,10848,true,true
GCF_000005845.2_to_GCF_000026225.1:25,GCF_000005845.2_to_GCF_000026225.1,GCF_000005845.2,GCF_000026225.1,NC_000913.3,4641652,2140923,2165555,+,NC_011740.1,4588711,2183925,2208824,22872,24986,0.91539262,60,P,11650,1368,true,true
GCF_000005845.2_to_GCF_000026225.1:26,GCF_000005845.2_to_GCF_000026225.1,GCF_000005845.2,GCF_000026225.1,NC_000913.3,4641652,891213,916049,+,NC_011740.1,4588711,1023574,1050065,22848,26744,0.85432246,60,P,10370,5428,true,true
GCF_000005845.2_to_GCF_000026225.1:27,GCF_000005845.2_to_GCF_000026225.1,GCF_000005845.2,GCF_000026225.1,NC_000913.3,4641652,4027608,4044122,-,NC_011740.1,4588711,3708930,3725279,15933,16526,0.96411715,60,P,12904,5085,true,true
GCF_000005845.2_to_GCF_000026225.1:28,GCF_000005845.2_to_GCF_000026225.1,GCF_000005845.2,GCF_000026225.1,NC_000913.3,4641652,987582,1017336,+,NC_011740.1,4588711,1114885,1137463,20931,29763,0.70325572,60,P,11371,5428,false,false
GCF_000005845.2_to_GCF_000026225.1:29,GCF_000005845.2_to_GCF_000026225.1,GCF_000005845.2,GCF_000026225.1,NC_000913.3,4641652,2229533,2258738,+,NC_011740.1,4588711,2282188,2311271,26007,29424,0.88387031,60,P,10542,1368,true,true
GCF_000005845.2_to_GCF_000026225.1:30,GCF_000005845.2_to_GCF_000026225.1,GCF_000005845.2,GCF_000026225.1,NC_000913.3,4641652,3349138,3385103,+,NC_011740.1,4588711,3268547,3300533,24496,40832,0.59992163,60,P,9606,13173,false,false
GCF_000005845.2_to_GCF_000026225.1:31,GCF_000005845.2_to_GCF_000026225.1,GCF_000005845.2,GCF_000026225.1,NC_000913.3,4641652,3532727,3552589,+,NC_011740.1,4588711,3427094,3447775,18531,20827,0.88975849,60,P,8927,13173,true,true
GCF_000005845.2_to_GCF_000026225.1:32,GCF_000005845.2_to_GCF_000026225.1,GCF_000005845.2,GCF_000026225.1,NC_000913.3,4641652,4449059,4467341,+,NC_011740.1,4588711,4416501,4435270,17212,18975,0.90708827,60,P,7248,4016,true,true
GCF_000005845.2_to_GCF_000026225.1:33,GCF_000005845.2_to_GCF_000026225.1,GCF_000005845.2,GCF_000026225.1,NC_000913.3,4641652,2496902,2514192,-,NC_011740.1,4588711,791567,808783,16473,17292,0.95263706,60,P,10619,2724,true,true
GCF_000005845.2_to_GCF_000026225.1:34,GCF_000005845.2_to_GCF_000026225.1,GCF_000005845.2,GCF_000026225.1,NC_000913.3,4641652,3592723,3612631,+,NC_011740.1,4588711,3495852,3516407,18605,20593,0.90346234,60,P,9089,13173,true,true
GCF_000005845.2_to_GCF_000026225.1:35,GCF_000005845.2_to_GCF_000026225.1,GCF_000005845.2,GCF_000026225.1,NC_000913.3,4641652,2418680,2437969,-,NC_011740.1,4588711,860033,879326,18079,19311,0.93620216,60,P,10676,2724,true,true
GCF_000005845.2_to_GCF_000026225.1:36,GCF_000005845.2_to_GCF_000026225.1,GCF_000005845.2,GCF_000026225.1,NC_000913.3,4641652,670481,687842,-,NC_011740.1,4588711,2513087,2531712,16529,18625,0.88746309,60,P,9050,10848,true,true
GCF_000005845.2_to_GCF_000026225.1:37,GCF_000005845.2_to_GCF_000026225.1,GCF_000005845.2,GCF_000026225.1,NC_000913.3,4641652,2390047,2405256,-,NC_011740.1,4588711,896339,911545,14778,15209,0.97166152,60,P,12168,2724,true,true
GCF_000005845.2_to_GCF_000026225.1:38,GCF_000005845.2_to_GCF_000026225.1,GCF_000005845.2,GCF_000026225.1,NC_000913.3,4641652,3192885,3215673,+,NC_011740.1,4588711,3061700,3081194,17405,23777,0.73200993,60,P,9400,13173,false,false
GCF_000005845.2_to_GCF_000026225.1:39,GCF_000005845.2_to_GCF_000026225.1,GCF_000005845.2,GCF_000026225.1,NC_000913.3,4641652,1169445,1187018,+,NC_011740.1,4588711,1313857,1331425,16588,17577,0.94373329,60,P,10504,0,true,true
GCF_000005845.2_to_GCF_000026225.1:40,GCF_000005845.2_to_GCF_000026225.1,GCF_000005845.2,GCF_000026225.1,NC_000913.3,4641652,4565999,4580326,-,NC_011740.1,4588711,3159296,3178826,13989,19534,0.71613597,60,P,11131,0,false,false
GCF_000005845.2_to_GCF_000026225.1:41,GCF_000005845.2_to_GCF_000026225.1,GCF_000005845.2,GCF_000026225.1,NC_000913.3,4641652,3322029,3348540,+,NC_011740.1,4588711,3241603,3267949,23492,26583,0.88372268,60,P,9493,13173,true,true
GCF_000005845.2_to_GCF_000026225.1:42,GCF_000005845.2_to_GCF_000026225.1,GCF_000005845.2,GCF_000026225.1,NC_000913.3,4641652,3275320,3297029,-,NC_011740.1,4588711,4455762,4474378,15487,24025,0.64462019,60,P,8038,0,false,false
GCF_000005845.2_to_GCF_000026225.1:43,GCF_000005845.2_to_GCF_000026225.1,GCF_000005845.2,GCF_000026225.1,NC_000913.3,4641652,3569748,3592509,+,NC_011740.1,4588711,3475329,3494939,18056,22783,0.79252074,60,P,7389,13173,false,false
GCF_000005845.2_to_GCF_000026225.1:44,GCF_000005845.2_to_GCF_000026225.1,GCF_000005845.2,GCF_000026225.1,NC_000913.3,4641652,619414,634970,-,NC_011740.1,4588711,2554449,2569764,14539,15556,0.93462330,60,P,6809,10848,true,true
GCF_000005845.2_to_GCF_000026225.1:45,GCF_000005845.2_to_GCF_000026225.1,GCF_000005845.2,GCF_000026225.1,NC_000913.3,4641652,89348,112059,+,NC_011740.1,4588711,111318,133913,20367,22739,0.89568583,60,P,7274,5026,true,true
GCF_000005845.2_to_GCF_000026225.1:46,GCF_000005845.2_to_GCF_000026225.1,GCF_000005845.2,GCF_000026225.1,NC_000913.3,4641652,593410,608010,-,NC_011740.1,4588711,2590855,2605831,13849,15104,0.91690943,60,P,7237,10848,true,true
GCF_000005845.2_to_GCF_000026225.1:47,GCF_000005845.2_to_GCF_000026225.1,GCF_000005845.2,GCF_000026225.1,NC_000913.3,4641652,2878005,2892682,-,NC_011740.1,4588711,312782,327873,13961,15127,0.92291928,60,P,9192,4889,true,true
GCF_000005845.2_to_GCF_000026225.1:48,GCF_000005845.2_to_GCF_000026225.1,GCF_000005845.2,GCF_000026225.1,NC_000913.3,4641652,4099395,4123423,-,NC_011740.1,4588711,3936489,3958923,20244,24092,0.84027893,60,P,7629,5105,false,false
GCF_000005845.2_to_GCF_000026225.1:49,GCF_000005845.2_to_GCF_000026225.1,GCF_000005845.2,GCF_000026225.1,NC_000913.3,4641652,2082791,2097437,+,NC_011740.1,4588711,2120614,2135257,13927,14647,0.95084318,60,P,8739,1368,true,true
GCF_000005845.2_to_GCF_000026225.1:50,GCF_000005845.2_to_GCF_000026225.1,GCF_000005845.2,GCF_000026225.1,NC_000913.3,4641652,248362,262947,-,NC_011740.1,4588711,2795022,2810687,13166,16447,0.80051073,60,P,7839,274,false,false
GCF_000005845.2_to_GCF_000026225.1:51,GCF_000005845.2_to_GCF_000026225.1,GCF_000005845.2,GCF_000026225.1,NC_000913.3,4641652,2291009,2304380,+,NC_011740.1,4588711,2343426,2356622,12647,13377,0.94542872,60,P,9352,1368,true,true
GCF_000005845.2_to_GCF_000026225.1:52,GCF_000005845.2_to_GCF_000026225.1,GCF_000005845.2,GCF_000026225.1,NC_000913.3,4641652,4079921,4094350,-,NC_011740.1,4588711,3963599,3990237,13622,26667,0.51081861,60,P,7695,5105,false,false
GCF_000005845.2_to_GCF_000026225.1:53,GCF_000005845.2_to_GCF_000026225.1,GCF_000005845.2,GCF_000026225.1,NC_000913.3,4641652,131162,145003,+,NC_011740.1,4588711,152957,166664,13004,13874,0.93729278,60,P,7869,5026,true,true
GCF_000005845.2_to_GCF_000026225.1:54,GCF_000005845.2_to_GCF_000026225.1,GCF_000005845.2,GCF_000026225.1,NC_000913.3,4641652,3083934,3098348,+,NC_011740.1,4588711,2945536,2959784,13429,14436,0.93024383,60,P,7775,13173,true,true
GCF_000005845.2_to_GCF_000026225.1:55,GCF_000005845.2_to_GCF_000026225.1,GCF_000005845.2,GCF_000026225.1,NC_000913.3,4641652,2744124,2756023,-,NC_011740.1,4588711,447927,471104,11442,23291,0.49126272,60,P,9132,4889,false,false
GCF_000005845.2_to_GCF_000026225.1:56,GCF_000005845.2_to_GCF_000026225.1,GCF_000005845.2,GCF_000026225.1,NC_000913.3,4641652,4233668,4260003,+,NC_011740.1,4588711,4214361,4238055,20971,26445,0.79300435,60,P,4919,4016,false,false
GCF_000005845.2_to_GCF_000026225.1:57,GCF_000005845.2_to_GCF_000026225.1,GCF_000005845.2,GCF_000026225.1,NC_000913.3,4641652,2211657,2227282,+,NC_011740.1,4588711,2266278,2281846,14467,15637,0.92517746,60,P,7639,1368,true,true
GCF_000005845.2_to_GCF_000026225.1:58,GCF_000005845.2_to_GCF_000026225.1,GCF_000005845.2,GCF_000026225.1,NC_000913.3,4641652,4609458,4621767,+,NC_011740.1,4588711,4557447,4569420,11490,12322,0.93247849,60,P,8329,0,true,true
GCF_000005845.2_to_GCF_000026225.1:59,GCF_000005845.2_to_GCF_000026225.1,GCF_000005845.2,GCF_000026225.1,NC_000913.3,4641652,3033205,3045101,+,NC_011740.1,4588711,2891762,2903547,11327,11906,0.95136906,60,P,7147,13173,true,true
GCF_000005845.2_to_GCF_000026225.1:60,GCF_000005845.2_to_GCF_000026225.1,GCF_000005845.2,GCF_000026225.1,NC_000913.3,4641652,4208000,4220307,+,NC_011740.1,4588711,4161194,4172970,11312,12325,0.91780933,60,P,7270,4016,true,true
GCF_000005845.2_to_GCF_000026225.1:61,GCF_000005845.2_to_GCF_000026225.1,GCF_000005845.2,GCF_000026225.1,NC_000913.3,4641652,970672,987226,+,NC_011740.1,4588711,1098176,1114523,14956,16569,0.90264953,60,P,7169,5428,true,true
GCF_000005845.2_to_GCF_000026225.1:62,GCF_000005845.2_to_GCF_000026225.1,GCF_000005845.2,GCF_000026225.1,NC_000913.3,4641652,3046124,3060597,+,NC_011740.1,4588711,2904900,2919083,13216,14502,0.91132258,60,P,6256,13173,true,true
GCF_000005845.2_to_GCF_000026225.1:63,GCF_000005845.2_to_GCF_000026225.1,GCF_000005845.2,GCF_000026225.1,NC_000913.3,4641652,1316416,1328823,-,NC_011740.1,4588711,1733724,1746200,11751,12483,0.94136025,60,P,4647,12549,true,true
GCF_000005845.2_to_GCF_000026225.1:64,GCF_000005845.2_to_GCF_000026225.1,GCF_000005845.2,GCF_000026225.1,NC_000913.3,4641652,1936645,1954409,-,NC_011740.1,4588711,1244189,1261841,15946,17804,0.89564143,60,P,5230,12549,true,false
GCF_000005845.2_to_GCF_000026225.1:65,GCF_000005845.2_to_GCF_000026225.1,GCF_000005845.2,GCF_000026225.1,NC_000913.3,4641652,12005,29136,+,NC_011740.1,4588711,10594,38365,13572,30331,0.44746299,60,P,8844,5026,false,false
GCF_000005845.2_to_GCF_000026225.1:66,GCF_000005845.2_to_GCF_000026225.1,GCF_000005845.2,GCF_000026225.1,NC_000913.3,4641652,721060,745523,-,NC_011740.1,4588711,2464844,2479639,13651,24475,0.55775281,60,P,5468,10848,false,false
GCF_000005845.2_to_GCF_000026225.1:67,GCF_000005845.2_to_GCF_000026225.1,GCF_000005845.2,GCF_000026225.1,NC_000913.3,4641652,4202525,4213166,-,NC_011740.1,4588711,3836042,3846691,10315,10653,0.96827185,60,P,8089,5105,true,true
GCF_000005845.2_to_GCF_000026225.1:68,GCF_000005845.2_to_GCF_000026225.1,GCF_000005845.2,GCF_000026225.1,NC_000913.3,4641652,1273941,1286526,-,NC_011740.1,4588711,1779836,1792298,11751,12586,0.93365644,60,P,5135,12549,true,true
GCF_000005845.2_to_GCF_000026225.1:69,GCF_000005845.2_to_GCF_000026225.1,GCF_000005845.2,GCF_000026225.1,NC_000913.3,4641652,3068210,3079383,+,NC_011740.1,4588711,2920225,2931273,10607,11173,0.94934216,60,P,6337,13173,true,true
GCF_000005845.2_to_GCF_000026225.1:70,GCF_000005845.2_to_GCF_000026225.1,GCF_000005845.2,GCF_000026225.1,NC_000913.3,4641652,4623110,4636072,+,NC_011740.1,4588711,4569720,4582990,11966,13444,0.89006248,60,P,6635,0,true,true
GCF_000005845.2_to_GCF_000026225.1:71,GCF_000005845.2_to_GCF_000026225.1,GCF_000005845.2,GCF_000026225.1,NC_000913.3,4641652,1598668,1610771,-,NC_011740.1,4588711,1585896,1599737,11396,13853,0.82263770,60,P,4235,12549,false,false
GCF_000005845.2_to_GCF_000026225.1:72,GCF_000005845.2_to_GCF_000026225.1,GCF_000005845.2,GCF_000026225.1,NC_000913.3,4641652,2652976,2664276,-,NC_011740.1,4588711,638621,649793,10550,11450,0.92139738,60,P,7435,2724,true,true
GCF_000005845.2_to_GCF_000026225.1:73,GCF_000005845.2_to_GCF_000026225.1,GCF_000005845.2,GCF_000026225.1,NC_000913.3,4641652,1810134,1833235,-,NC_011740.1,4588711,1354260,1376168,19181,23197,0.82687416,60,P,3901,12549,false,false
GCF_000005845.2_to_GCF_000026225.1:74,GCF_000005845.2_to_GCF_000026225.1,GCF_000005845.2,GCF_000026225.1,NC_000913.3,4641652,3680624,3695487,+,NC_011740.1,4588711,3591628,3606487,13452,14882,0.90391076,60,P,4905,13173,true,true
GCF_000005845.2_to_GCF_000026225.1:75,GCF_000005845.2_to_GCF_000026225.1,GCF_000005845.2,GCF_000026225.1,NC_000913.3,4641652,3844185,3854748,+,NC_011740.1,4588711,4064331,4074891,10043,10564,0.95068156,60,P,5997,4978,true,true
GCF_000005845.2_to_GCF_000026225.1:76,GCF_000005845.2_to_GCF_000026225.1,GCF_000005845.2,GCF_000026225.1,NC_000913.3,4641652,850332,866271,+,NC_011740.1,4588711,984819,999323,13200,15977,0.82618764,60,P,5660,5428,false,false
GCF_000005845.2_to_GCF_000026225.1:77,GCF_000005845.2_to_GCF_000026225.1,GCF_000005845.2,GCF_000026225.1,NC_000913.3,4641652,2925000,2950566,-,NC_011740.1,4588711,266255,283378,15305,25589,0.59810856,60,P,5062,4889,false,false
GCF_000005845.2_to_GCF_000026225.1:78,GCF_000005845.2_to_GCF_000026225.1,GCF_000005845.2,GCF_000026225.1,NC_000913.3,4641652,3741960,3760835,+,NC_011740.1,4588711,3657261,3672031,13355,18919,0.70590412,60,P,4133,13173,false,false
GCF_000005845.2_to_GCF_000026225.1:79,GCF_000005845.2_to_GCF_000026225.1,GCF_000005845.2,GCF_000026225.1,NC_000913.3,4641652,1074906,1086098,-,NC_011740.1,4588711,1958007,1968864,10242,11215,0.91324119,60,P,4069,12549,true,true
GCF_000005845.2_to_GCF_000026225.1:80,GCF_000005845.2_to_GCF_000026225.1,GCF_000005845.2,GCF_000026225.1,NC_000913.3,4641652,3805243,3815091,+,NC_011740.1,4588711,4021954,4031802,9392,9849,0.95359935,60,P,6004,4978,false,false
GCF_000005845.2_to_GCF_000026225.1:81,GCF_000005845.2_to_GCF_000026225.1,GCF_000005845.2,GCF_000026225.1,NC_000913.3,4641652,487336,496986,-,NC_011740.1,4588711,2607664,2617144,9094,9653,0.94209054,60,P,5768,10848,false,false
GCF_000005845.2_to_GCF_000026225.1:82,GCF_000005845.2_to_GCF_000026225.1,GCF_000005845.2,GCF_000026225.1,NC_000913.3,4641652,2788972,2798499,-,NC_011740.1,4588711,415820,425343,9092,9527,0.95434030,60,P,5246,4889,false,false
GCF_000005845.2_to_GCF_000026225.1:83,GCF_000005845.2_to_GCF_000026225.1,GCF_000005845.2,GCF_000026225.1,NC_000913.3,4641652,2904073,2917949,-,NC_011740.1,4588711,293679,311526,12475,17926,0.69591655,60,P,6231,4889,false,false
GCF_000005845.2_to_GCF_000026225.1:84,GCF_000005845.2_to_GCF_000026225.1,GCF_000005845.2,GCF_000026225.1,NC_000913.3,4641652,922435,933945,+,NC_011740.1,4588711,1056597,1068158,10609,11583,0.91591125,60,P,5410,5428,true,true
GCF_000005845.2_to_GCF_000026225.1:85,GCF_000005845.2_to_GCF_000026225.1,GCF_000005845.2,GCF_000026225.1,NC_000913.3,4641652,2350063,2364206,-,NC_011740.1,4588711,935032,945180,9504,14164,0.67099689,60,P,5371,2724,false,false
GCF_000005845.2_to_GCF_000026225.1:86,GCF_000005845.2_to_GCF_000026225.1,GCF_000005845.2,GCF_000026225.1,NC_000913.3,4641652,3234737,3247984,-,NC_011740.1,4588711,4483544,4496603,11843,13290,0.89112114,60,P,4468,0,true,true
GCF_000005845.2_to_GCF_000026225.1:87,GCF_000005845.2_to_GCF_000026225.1,GCF_000005845.2,GCF_000026225.1,NC_000913.3,4641652,4374647,4383412,+,NC_011740.1,4588711,4307388,4316154,8378,8776,0.95464904,60,P,4770,4016,false,false
GCF_000005845.2_to_GCF_000026225.1:88,GCF_000005845.2_to_GCF_000026225.1,GCF_000005845.2,GCF_000026225.1,NC_000913.3,4641652,1911694,1923809,-,NC_011740.1,4588711,1274538,1286632,11048,12117,0.91177684,60,P,3553,12549,true,true
GCF_000005845.2_to_GCF_000026225.1:89,GCF_000005845.2_to_GCF_000026225.1,GCF_000005845.2,GCF_000026225.1,NC_000913.3,4641652,513908,522833,+,NC_011740.1,4588711,569406,578449,8511,9044,0.94106590,60,P,3384,0,false,false
GCF_000005845.2_to_GCF_000026225.1:90,GCF_000005845.2_to_GCF_000026225.1,GCF_000005845.2,GCF_000026225.1,NC_000913.3,4641652,121910,129469,+,NC_011740.1,4588711,143819,151261,7280,7560,0.96296296,60,P,6426,5026,false,false
GCF_000005845.2_to_GCF_000026225.1:91,GCF_000005845.2_to_GCF_000026225.1,GCF_000005845.2,GCF_000026225.1,NC_000913.3,4641652,3930488,3938795,+,NC_011740.1,4588711,4151386,4159692,7948,8307,0.95678344,60,P,5164,4978,false,false
GCF_000005845.2_to_GCF_000026225.1:92,GCF_000005845.2_to_GCF_000026225.1,GCF_000005845.2,GCF_000026225.1,NC_000913.3,4641652,2866512,2877973,-,NC_011740.1,4588711,327905,339352,10453,11487,0.90998520,60,P,4405,4889,true,true
GCF_000005845.2_to_GCF_000026225.1:93,GCF_000005845.2_to_GCF_000026225.1,GCF_000005845.2,GCF_000026225.1,NC_000913.3,4641652,549686,557825,+,NC_011740.1,4588711,581865,590371,7760,8584,0.90400746,60,P,3681,0,false,false
GCF_000005845.2_to_GCF_000026225.1:94,GCF_000005845.2_to_GCF_000026225.1,GCF_000005845.2,GCF_000026225.1,NC_000913.3,4641652,1794967,1802621,-,NC_011740.1,4588711,1381419,1389073,7409,7654,0.96799059,60,P,4309,12549,false,false
GCF_000005845.2_to_GCF_000026225.1:95,GCF_000005845.2_to_GCF_000026225.1,GCF_000005845.2,GCF_000026225.1,NC_000913.3,4641652,3777250,3790299,+,NC_011740.1,4588711,3686777,3699557,11520,13055,0.88242053,60,P,3878,13173,true,true
GCF_000005845.2_to_GCF_000026225.1:96,GCF_000005845.2_to_GCF_000026225.1,GCF_000005845.2,GCF_000026225.1,NC_000913.3,4641652,4428604,4441365,+,NC_011740.1,4588711,4370465,4381988,10509,12768,0.82307331,60,P,2653,4016,false,false
GCF_000005845.2_to_GCF_000026225.1:97,GCF_000005845.2_to_GCF_000026225.1,GCF_000005845.2,GCF_000026225.1,NC_000913.3,4641652,2193065,2201583,+,NC_011740.1,4588711,2242811,2255175,8089,12370,0.65392078,60,P,5208,1368,false,false
GCF_000005845.2_to_GCF_000026225.1:98,GCF_000005845.2_to_GCF_000026225.1,GCF_000005845.2,GCF_000026225.1,NC_000913.3,4641652,3641542,3650586,+,NC_011740.1,4588711,3566930,3575977,8490,9050,0.93812155,60,P,3660,13173,false,false
GCF_000005845.2_to_GCF_000026225.1:99,GCF_000005845.2_to_GCF_000026225.1,GCF_000005845.2,GCF_000026225.1,NC_000913.3,4641652,333556,342497,+,NC_011740.1,4588711,426425,435040,8144,8941,0.91086008,60,P,4956,55,false,false
GCF_000005845.2_to_GCF_000026225.1:100,GCF_000005845.2_to_GCF_000026225.1,GCF_000005845.2,GCF_000026225.1,NC_000913.3,4641652,2591230,2600950,-,NC_011740.1,4588711,713301,723004,9002,9724,0.92575072,60,P,4825,2724,false,false
GCF_000005845.2_to_GCF_000026225.1:101,GCF_000005845.2_to_GCF_000026225.1,GCF_000005845.2,GCF_000026225.1,NC_000913.3,4641652,1517755,1525953,+,NC_011740.1,4588711,1491587,1499788,7778,8201,0.94842092,60,P,4552,0,false,false
GCF_000005845.2_to_GCF_000026225.1:102,GCF_000005845.2_to_GCF_000026225.1,GCF_000005845.2,GCF_000026225.1,NC_000913.3,4641652,609580,617980,-,NC_011740.1,4588711,2571257,2579657,7934,8400,0.94452381,60,P,3576,10848,false,false
GCF_000005845.2_to_GCF_000026225.1:103,GCF_000005845.2_to_GCF_000026225.1,GCF_000005845.2,GCF_000026225.1,NC_000913.3,4641652,2440183,2449157,-,NC_011740.1,4588711,848935,857810,8323,8979,0.92694064,60,P,3879,2724,false,false
GCF_000005845.2_to_GCF_000026225.1:104,GCF_000005845.2_to_GCF_000026225.1,GCF_000005845.2,GCF_000026225.1,NC_000913.3,4641652,1755447,1764347,-,NC_011740.1,4588711,1405170,1414055,8335,8908,0.93567580,60,P,3424,12549,false,false
GCF_000005845.2_to_GCF_000026225.1:105,GCF_000005845.2_to_GCF_000026225.1,GCF_000005845.2,GCF_000026225.1,NC_000913.3,4641652,3136683,3146363,+,NC_011740.1,4588711,2997509,3008179,8908,10742,0.82926829,60,P,3941,13173,false,false
GCF_000005845.2_to_GCF_000026225.1:106,GCF_000005845.2_to_GCF_000026225.1,GCF_000005845.2,GCF_000026225.1,NC_000913.3,4641652,4362757,4373163,+,NC_011740.1,4588711,4295680,4306076,9530,10414,0.91511427,60,P,3484,4016,true,true
GCF_000005845.2_to_GCF_000026225.1:107,GCF_000005845.2_to_GCF_000026225.1,GCF_000005845.2,GCF_000026225.1,NC_000913.3,4641652,3553064,3563518,+,NC_011740.1,4588711,3448251,3458706,9539,10462,0.91177595,60,P,3741,13173,true,true
GCF_000005845.2_to_GCF_000026225.1:108,GCF_000005845.2_to_GCF_000026225.1,GCF_000005845.2,GCF_000026225.1,NC_000913.3,4641652,501561,511271,+,NC_011740.1,4588711,529867,540974,8755,11382,0.76919698,60,P,3251,0,false,false
GCF_000005845.2_to_GCF_000026225.1:109,GCF_000005845.2_to_GCF_000026225.1,GCF_000005845.2,GCF_000026225.1,NC_000913.3,4641652,2372412,2381372,-,NC_011740.1,4588711,917870,926848,8326,8979,0.92727475,60,P,3750,2724,false,false
GCF_000005845.2_to_GCF_000026225.1:110,GCF_000005845.2_to_GCF_000026225.1,GCF_000005845.2,GCF_000026225.1,NC_000913.3,4641652,346495,354581,-,NC_011740.1,4588711,2731723,2739414,7306,8086,0.90353698,60,P,3589,10848,false,false
GCF_000005845.2_to_GCF_000026225.1:111,GCF_000005845.2_to_GCF_000026225.1,GCF_000005845.2,GCF_000026225.1,NC_000913.3,4641652,4124210,4132268,-,NC_011740.1,4588711,3927142,3935700,7491,8686,0.86242229,60,P,4038,5105,false,false
GCF_000005845.2_to_GCF_000026225.1:112,GCF_000005845.2_to_GCF_000026225.1,GCF_000005845.2,GCF_000026225.1,NC_000913.3,4641652,4053648,4060277,-,NC_011740.1,4588711,4000362,4006879,6314,6663,0.94762119,60,P,4937,5105,false,false
GCF_000005845.2_to_GCF_000026225.1:113,GCF_000005845.2_to_GCF_000026225.1,GCF_000005845.2,GCF_000026225.1,NC_000913.3,4641652,2202255,2210820,+,NC_011740.1,4588711,2255859,2265427,7968,9570,0.83260188,60,P,3539,1368,false,false
GCF_000005845.2_to_GCF_000026225.1:114,GCF_000005845.2_to_GCF_000026225.1,GCF_000005845.2,GCF_000026225.1,NC_000913.3,4641652,169339,176941,+,NC_011740.1,4588711,191169,198648,7049,7603,0.92713403,60,P,4029,5026,false,false
GCF_000005845.2_to_GCF_000026225.1:115,GCF_000005845.2_to_GCF_000026225.1,GCF_000005845.2,GCF_000026225.1,NC_000913.3,4641652,3405094,3412113,+,NC_011740.1,4588711,3321280,3328291,6689,7025,0.95217082,60,P,4345,13173,false,false
GCF_000005845.2_to_GCF_000026225.1:116,GCF_000005845.2_to_GCF_000026225.1,GCF_000005845.2,GCF_000026225.1,NC_000913.3,4641652,1256937,1266707,-,NC_011740.1,4588711,1798277,1808063,8890,9796,0.90751327,60,P,2946,12549,false,false
GCF_000005845.2_to_GCF_000026225.1:117,GCF_000005845.2_to_GCF_000026225.1,GCF_000005845.2,GCF_000026225.1,NC_000913.3,4641652,3701867,3709119,+,NC_011740.1,4588711,3617109,3624162,6697,7256,0.92296031,60,P,3455,13173,false,false
GCF_000005845.2_to_GCF_000026225.1:118,GCF_000005845.2_to_GCF_000026225.1,GCF_000005845.2,GCF_000026225.1,NC_000913.3,4641652,4419979,4426610,+,NC_011740.1,4588711,4353487,4360118,6342,6635,0.95584024,60,P,3055,4016,false,false
GCF_000005845.2_to_GCF_000026225.1:119,GCF_000005845.2_to_GCF_000026225.1,GCF_000005845.2,GCF_000026225.1,NC_000913.3,4641652,1546306,1552040,+,NC_011740.1,4588711,1524211,1529945,5584,5734,0.97384025,60,P,4517,0,false,false
GCF_000005845.2_to_GCF_000026225.1:120,GCF_000005845.2_to_GCF_000026225.1,GCF_000005845.2,GCF_000026225.1,NC_000913.3,4641652,1189650,1211617,-,NC_011740.1,4588711,1848927,1855687,6406,21967,0.29161925,60,P,2986,12549,false,false
GCF_000005845.2_to_GCF_000026225.1:121,GCF_000005845.2_to_GCF_000026225.1,GCF_000005845.2,GCF_000026225.1,NC_000913.3,4641652,4269302,4281038,+,NC_011740.1,4588711,4261050,4271049,8993,11783,0.76321820,60,P,2668,4016,false,false
GCF_000005845.2_to_GCF_000026225.1:122,GCF_000005845.2_to_GCF_000026225.1,GCF_000005845.2,GCF_000026225.1,NC_000913.3,4641652,4441547,4448271,+,NC_011740.1,4588711,4406406,4413127,6331,6724,0.94155265,60,P,2568,4016,false,false
GCF_000005845.2_to_GCF_000026225.1:123,GCF_000005845.2_to_GCF_000026225.1,GCF_000005845.2,GCF_000026225.1,NC_000913.3,4641652,4046921,4053481,-,NC_011740.1,4588711,3699602,3706132,6193,6573,0.94218774,60,P,3991,5085,false,false
GCF_000005845.2_to_GCF_000026225.1:124,GCF_000005845.2_to_GCF_000026225.1,GCF_000005845.2,GCF_000026225.1,NC_000913.3,4641652,3821309,3827287,+,NC_011740.1,4588711,4038202,4044180,5730,5978,0.95851455,60,P,3762,4978,false,false
GCF_000005845.2_to_GCF_000026225.1:125,GCF_000005845.2_to_GCF_000026225.1,GCF_000005845.2,GCF_000026225.1,NC_000913.3,4641652,954873,964117,+,NC_011740.1,4588711,1083316,1091625,7619,9253,0.82340862,60,P,3523,5428,false,false
GCF_000005845.2_to_GCF_000026225.1:126,GCF_000005845.2_to_GCF_000026225.1,GCF_000005845.2,GCF_000026225.1,NC_000913.3,4641652,4581429,4586912,-,NC_011740.1,4588711,3152720,3158079,5233,5483,0.95440452,60,P,4091,0,false,false
GCF_000005845.2_to_GCF_000026225.1:127,GCF_000005845.2_to_GCF_000026225.1,GCF_000005845.2,GCF_000026225.1,NC_000913.3,4641652,2322495,2341888,-,NC_011740.1,4588711,952868,962904,8969,19440,0.46136831,60,P,3470,2724,false,false
GCF_000005845.2_to_GCF_000026225.1:128,GCF_000005845.2_to_GCF_000026225.1,GCF_000005845.2,GCF_000026225.1,NC_000913.3,4641652,3147111,3157431,+,NC_011740.1,4588711,3008922,3019008,8976,10324,0.86943045,60,P,2889,13173,true,true
GCF_000005845.2_to_GCF_000026225.1:129,GCF_000005845.2_to_GCF_000026225.1,GCF_000005845.2,GCF_000026225.1,NC_000913.3,4641652,3172442,3181436,+,NC_011740.1,4588711,3038672,3047656,8044,8996,0.89417519,60,P,1457,13173,false,false
GCF_000005845.2_to_GCF_000026225.1:130,GCF_000005845.2_to_GCF_000026225.1,GCF_000005845.2,GCF_000026225.1,NC_000913.3,4641652,1833760,1841274,-,NC_011740.1,4588711,1346933,1353745,6284,7514,0.83630556,60,P,1911,12549,false,false
GCF_000005845.2_to_GCF_000026225.1:131,GCF_000005845.2_to_GCF_000026225.1,GCF_000005845.2,GCF_000026225.1,NC_000913.3,4641652,1031986,1037339,+,NC_011740.1,4588711,1153042,1158395,5104,5353,0.95348403,60,P,2852,5428,false,false
GCF_000005845.2_to_GCF_000026225.1:132,GCF_000005845.2_to_GCF_000026225.1,GCF_000005845.2,GCF_000026225.1,NC_000913.3,4641652,161977,167672,+,NC_011740.1,4588711,183963,189556,5292,5697,0.92890995,60,P,2376,5026,false,false
GCF_000005845.2_to_GCF_000026225.1:133,GCF_000005845.2_to_GCF_000026225.1,GCF_000005845.2,GCF_000026225.1,NC_000913.3,4641652,3625659,3630703,+,NC_011740.1,4588711,3540132,3545176,4827,5044,0.95697859,60,P,2453,13173,false,false
GCF_000005845.2_to_GCF_000026225.1:134,GCF_000005845.2_to_GCF_000026225.1,GCF_000005845.2,GCF_000026225.1,NC_000913.3,4641652,2305180,2313191,-,NC_011740.1,4588711,972088,980126,7197,8049,0.89414834,60,P,2367,2724,false,false
GCF_000005845.2_to_GCF_000026225.1:135,GCF_000005845.2_to_GCF_000026225.1,GCF_000005845.2,GCF_000026225.1,NC_000913.3,4641652,1723671,1728512,-,NC_011740.1,4588711,1433398,1438239,4632,4841,0.95682710,60,P,2115,12549,false,false
GCF_000005845.2_to_GCF_000026225.1:136,GCF_000005845.2_to_GCF_000026225.1,GCF_000005845.2,GCF_000026225.1,NC_000913.3,4641652,3831830,3836331,+,NC_011740.1,4588711,4049360,4053860,4353,4501,0.96711842,60,P,3308,4978,false,false
GCF_000005845.2_to_GCF_000026225.1:137,GCF_000005845.2_to_GCF_000026225.1,GCF_000005845.2,GCF_000026225.1,NC_000913.3,4641652,2343390,2348860,-,NC_011740.1,4588711,946075,951360,4975,5470,0.90950640,60,P,3248,2724,false,false
GCF_000005845.2_to_GCF_000026225.1:138,GCF_000005845.2_to_GCF_000026225.1,GCF_000005845.2,GCF_000026225.1,NC_000913.3,4641652,4604876,4609478,+,NC_011740.1,4588711,4507371,4512972,4430,5602,0.79078900,60,P,3079,85,false,false
GCF_000005845.2_to_GCF_000026225.1:139,GCF_000005845.2_to_GCF_000026225.1,GCF_000005845.2,GCF_000026225.1,NC_000913.3,4641652,2278142,2286330,+,NC_011740.1,4588711,2332059,2341514,7302,9472,0.77090372,60,P,2948,1368,false,false
GCF_000005845.2_to_GCF_000026225.1:140,GCF_000005845.2_to_GCF_000026225.1,GCF_000005845.2,GCF_000026225.1,NC_000913.3,4641652,3100952,3105513,+,NC_011740.1,4588711,2965493,2969923,4274,4561,0.93707520,60,P,3025,13173,false,false
GCF_000005845.2_to_GCF_000026225.1:141,GCF_000005845.2_to_GCF_000026225.1,GCF_000005845.2,GCF_000026225.1,NC_000913.3,4641652,1842347,1848114,-,NC_011740.1,4588711,1339828,1345591,5318,5769,0.92182354,60,P,1712,12549,false,false
GCF_000005845.2_to_GCF_000026225.1:142,GCF_000005845.2_to_GCF_000026225.1,GCF_000005845.2,GCF_000026225.1,NC_000913.3,4641652,481299,486224,-,NC_011740.1,4588711,2618251,2623178,4636,4927,0.94093769,60,P,2174,10848,false,false
GCF_000005845.2_to_GCF_000026225.1:143,GCF_000005845.2_to_GCF_000026225.1,GCF_000005845.2,GCF_000026225.1,NC_000913.3,4641652,3923336,3928778,+,NC_011740.1,4588711,4144234,4149676,5041,5442,0.92631386,60,P,2751,4978,false,false
GCF_000005845.2_to_GCF_000026225.1:144,GCF_000005845.2_to_GCF_000026225.1,GCF_000005845.2,GCF_000026225.1,NC_000913.3,4641652,947243,954587,+,NC_011740.1,4588711,1077156,1083031,5405,7350,0.73537415,60,P,3216,5428,false,false
GCF_000005845.2_to_GCF_000026225.1:145,GCF_000005845.2_to_GCF_000026225.1,GCF_000005845.2,GCF_000026225.1,NC_000913.3,4641652,1887436,1893707,-,NC_011740.1,4588711,1306090,1313197,5672,7120,0.79662921,60,P,1473,12549,false,false
GCF_000005845.2_to_GCF_000026225.1:146,GCF_000005845.2_to_GCF_000026225.1,GCF_000005845.2,GCF_000026225.1,NC_000913.3,4641652,935917,940713,+,NC_011740.1,4588711,1069986,1074782,4493,4796,0.93682235,60,P,2930,5428,false,false
GCF_000005845.2_to_GCF_000026225.1:147,GCF_000005845.2_to_GCF_000026225.1,GCF_000005845.2,GCF_000026225.1,NC_000913.3,4641652,1552369,1557071,+,NC_011740.1,4588711,1529918,1534936,4423,5030,0.87932406,60,P,2379,0,false,false
GCF_000005845.2_to_GCF_000026225.1:148,GCF_000005845.2_to_GCF_000026225.1,GCF_000005845.2,GCF_000026225.1,NC_000913.3,4641652,3790290,3796874,+,NC_011740.1,4588711,4006981,4012343,4942,6584,0.75060753,60,P,1616,4978,false,false
GCF_000005845.2_to_GCF_000026225.1:149,GCF_000005845.2_to_GCF_000026225.1,GCF_000005845.2,GCF_000026225.1,NC_000913.3,4641652,4587908,4591446,-,NC_011740.1,4588711,3147571,3151109,3469,3538,0.98049746,60,P,2573,0,false,false
GCF_000005845.2_to_GCF_000026225.1:150,GCF_000005845.2_to_GCF_000026225.1,GCF_000005845.2,GCF_000026225.1,NC_000913.3,4641652,4222807,4227504,+,NC_011740.1,4588711,4174525,4179222,4391,4697,0.93485203,60,P,1525,4016,false,false
GCF_000005845.2_to_GCF_000026225.1:151,GCF_000005845.2_to_GCF_000026225.1,GCF_000005845.2,GCF_000026225.1,NC_000913.3,4641652,2630385,2635415,-,NC_011740.1,4588711,679072,684838,4653,5774,0.80585383,60,P,2380,2724,false,false
GCF_000005845.2_to_GCF_000026225.1:152,GCF_000005845.2_to_GCF_000026225.1,GCF_000005845.2,GCF_000026225.1,NC_000913.3,4641652,3720377,3726623,+,NC_011740.1,4588711,3641706,3646545,4475,6248,0.71622919,60,P,2428,13173,false,false
GCF_000005845.2_to_GCF_000026225.1:153,GCF_000005845.2_to_GCF_000026225.1,GCF_000005845.2,GCF_000026225.1,NC_000913.3,4641652,2012696,2018380,+,NC_011740.1,4588711,1975166,1980850,5149,5684,0.90587614,60,P,1944,0,false,false
GCF_000005845.2_to_GCF_000026225.1:154,GCF_000005845.2_to_GCF_000026225.1,GCF_000005845.2,GCF_000026225.1,NC_000913.3,4641652,2635891,2642132,-,NC_011740.1,4588711,660662,666919,5603,6258,0.89533397,60,P,1785,2724,false,false
GCF_000005845.2_to_GCF_000026225.1:155,GCF_000005845.2_to_GCF_000026225.1,GCF_000005845.2,GCF_000026225.1,NC_000913.3,4641652,3771044,3776374,+,NC_011740.1,4588711,3674021,3679220,4769,5341,0.89290395,60,P,2254,13173,false,false
GCF_000005845.2_to_GCF_000026225.1:156,GCF_000005845.2_to_GCF_000026225.1,GCF_000005845.2,GCF_000026225.1,NC_000913.3,4641652,4480980,4484284,+,NC_011740.1,4588711,4447890,4451194,3196,3304,0.96731235,60,P,1598,4016,false,false
GCF_000005845.2_to_GCF_000026225.1:157,GCF_000005845.2_to_GCF_000026225.1,GCF_000005845.2,GCF_000026225.1,NC_000913.3,4641652,1436088,1440775,-,NC_011740.1,4588711,1666992,1671654,4288,4690,0.91428571,60,P,1468,12549,false,false
GCF_000005845.2_to_GCF_000026225.1:158,GCF_000005845.2_to_GCF_000026225.1,GCF_000005845.2,GCF_000026225.1,NC_000913.3,4641652,3522753,3530653,+,NC_011740.1,4588711,3417179,3425049,6847,7910,0.86561315,60,P,1774,13173,false,false
GCF_000005845.2_to_GCF_000026225.1:159,GCF_000005845.2_to_GCF_000026225.1,GCF_000005845.2,GCF_000026225.1,NC_000913.3,4641652,1146535,1153228,-,NC_011740.1,4588711,1885526,1892296,5906,6787,0.87019302,60,P,1443,12549,false,false
GCF_000005845.2_to_GCF_000026225.1:160,GCF_000005845.2_to_GCF_000026225.1,GCF_000005845.2,GCF_000026225.1,NC_000913.3,4641652,638151,641686,-,NC_011740.1,4588711,2547814,2551277,3300,3537,0.93299406,60,P,2357,10848,false,false
GCF_000005845.2_to_GCF_000026225.1:161,GCF_000005845.2_to_GCF_000026225.1,GCF_000005845.2,GCF_000026225.1,NC_000913.3,4641652,1131308,1139066,-,NC_011740.1,4588711,1899710,1907445,6705,7764,0.86360124,60,P,602,12549,false,false
GCF_000005845.2_to_GCF_000026225.1:162,GCF_000005845.2_to_GCF_000026225.1,GCF_000005845.2,GCF_000026225.1,NC_000913.3,4641652,3815126,3820160,+,NC_011740.1,4588711,4033101,4037052,3660,5050,0.72475248,60,P,2063,4978,false,false
GCF_000005845.2_to_GCF_000026225.1:163,GCF_000005845.2_to_GCF_000026225.1,GCF_000005845.2,GCF_000026225.1,NC_000913.3,4641652,1899308,1906298,-,NC_011740.1,4588711,1292228,1299217,6079,7001,0.86830453,60,P,766,12549,false,false
GCF_000005845.2_to_GCF_000026225.1:164,GCF_000005845.2_to_GCF_000026225.1,GCF_000005845.2,GCF_000026225.1,NC_000913.3,4641652,3079654,3082661,+,NC_011740.1,4588711,2932561,2935568,2881,3007,0.95809777,60,P,1463,13173,false,false
GCF_000005845.2_to_GCF_000026225.1:165,GCF_000005845.2_to_GCF_000026225.1,GCF_000005845.2,GCF_000026225.1,NC_000913.3,4641652,1894550,1898506,-,NC_011740.1,4588711,1300019,1303974,3637,3956,0.91936299,60,P,1100,12549,false,false
GCF_000005845.2_to_GCF_000026225.1:166,GCF_000005845.2_to_GCF_000026225.1,GCF_000005845.2,GCF_000026225.1,NC_000913.3,4641652,145959,150065,+,NC_011740.1,4588711,167610,172036,3743,4431,0.84473031,60,P,1542,5026,false,false
GCF_000005845.2_to_GCF_000026225.1:167,GCF_000005845.2_to_GCF_000026225.1,GCF_000005845.2,GCF_000026225.1,NC_000913.3,4641652,4075602,4078437,-,NC_011740.1,4588711,3991547,3994382,2725,2835,0.96119929,60,P,1728,5105,false,false
GCF_000005845.2_to_GCF_000026225.1:168,GCF_000005845.2_to_GCF_000026225.1,GCF_000005845.2,GCF_000026225.1,NC_000913.3,4641652,3394681,3404445,+,NC_011740.1,4588711,3309787,3319511,8233,9795,0.84053088,60,P,1438,13173,false,false
GCF_000005845.2_to_GCF_000026225.1:169,GCF_000005845.2_to_GCF_000026225.1,GCF_000005845.2,GCF_000026225.1,NC_000913.3,4641652,4094677,4097907,-,NC_011740.1,4588711,3960409,3963640,3017,3233,0.93318899,60,P,1585,5105,false,false
GCF_000005845.2_to_GCF_000026225.1:170,GCF_000005845.2_to_GCF_000026225.1,GCF_000005845.2,GCF_000026225.1,NC_000913.3,4641652,2857069,2860409,-,NC_011740.1,4588711,342296,345636,3120,3340,0.93413174,60,P,1110,4889,false,false
GCF_000005845.2_to_GCF_000026225.1:171,GCF_000005845.2_to_GCF_000026225.1,GCF_000005845.2,GCF_000026225.1,NC_000913.3,4641652,4484438,4488436,+,NC_011740.1,4588711,4451691,4455689,3642,3998,0.91095548,60,P,879,4016,false,false
GCF_000005845.2_to_GCF_000026225.1:172,GCF_000005845.2_to_GCF_000026225.1,GCF_000005845.2,GCF_000026225.1,NC_000913.3,4641652,4551622,4555339,-,NC_011740.1,4588711,3099571,3103324,3427,3758,0.91192123,60,P,1856,0,false,false
GCF_000005845.2_to_GCF_000026225.1:173,GCF_000005845.2_to_GCF_000026225.1,GCF_000005845.2,GCF_000026225.1,NC_000913.3,4641652,1024384,1031466,+,NC_011740.1,4588711,1144505,1151590,6027,7090,0.85007052,60,P,1708,5428,false,false
GCF_000005845.2_to_GCF_000026225.1:174,GCF_000005845.2_to_GCF_000026225.1,GCF_000005845.2,GCF_000026225.1,NC_000913.3,4641652,2407491,2416888,-,NC_011740.1,4588711,884720,894101,7936,9418,0.84264175,60,P,1147,2724,false,false
GCF_000005845.2_to_GCF_000026225.1:175,GCF_000005845.2_to_GCF_000026225.1,GCF_000005845.2,GCF_000026225.1,NC_000913.3,4641652,2684257,2687028,-,NC_011740.1,4588711,631587,634358,2640,2771,0.95272465,60,P,1783,0,false,false
GCF_000005845.2_to_GCF_000026225.1:176,GCF_000005845.2_to_GCF_000026225.1,GCF_000005845.2,GCF_000026225.1,NC_000913.3,4641652,3158943,3165992,+,NC_011740.1,4588711,3021109,3036001,6088,14912,0.40826180,60,P,971,13173,false,false
GCF_000005845.2_to_GCF_000026225.1:177,GCF_000005845.2_to_GCF_000026225.1,GCF_000005845.2,GCF_000026225.1,NC_000913.3,4641652,2918044,2920740,-,NC_011740.1,4588711,289721,292417,2556,2696,0.94807122,60,P,1392,4889,false,false
GCF_000005845.2_to_GCF_000026225.1:178,GCF_000005845.2_to_GCF_000026225.1,GCF_000005845.2,GCF_000026225.1,NC_000913.3,4641652,85613,89010,+,NC_011740.1,4588711,107589,110987,3118,3398,0.91759859,60,P,1338,5026,false,false
GCF_000005845.2_to_GCF_000026225.1:179,GCF_000005845.2_to_GCF_000026225.1,GCF_000005845.2,GCF_000026225.1,NC_000913.3,4641652,3799465,3803809,+,NC_011740.1,4588711,4014986,4019331,3870,4346,0.89047400,60,P,963,4978,false,false
GCF_000005845.2_to_GCF_000026225.1:180,GCF_000005845.2_to_GCF_000026225.1,GCF_000005845.2,GCF_000026225.1,NC_000913.3,4641652,3712820,3717207,+,NC_011740.1,4588711,3627880,3632264,3881,4388,0.88445761,60,P,1226,13173,false,false
GCF_000005845.2_to_GCF_000026225.1:181,GCF_000005845.2_to_GCF_000026225.1,GCF_000005845.2,GCF_000026225.1,NC_000913.3,4641652,1142757,1145739,-,NC_011740.1,4588711,1893083,1896066,2776,2983,0.93060677,60,P,1075,12549,false,false
GCF_000005845.2_to_GCF_000026225.1:182,GCF_000005845.2_to_GCF_000026225.1,GCF_000005845.2,GCF_000026225.1,NC_000913.3,4641652,3827459,3830485,+,NC_011740.1,4588711,4045037,4048015,2776,3034,0.91496374,60,P,1320,4978,false,false
GCF_000005845.2_to_GCF_000026225.1:183,GCF_000005845.2_to_GCF_000026225.1,GCF_000005845.2,GCF_000026225.1,NC_000913.3,4641652,2642392,2650910,-,NC_011740.1,4588711,651879,660399,7192,8527,0.84343849,60,P,1592,2724,false,false
GCF_000005845.2_to_GCF_000026225.1:184,GCF_000005845.2_to_GCF_000026225.1,GCF_000005845.2,GCF_000026225.1,NC_000913.3,4641652,1329859,1334830,-,NC_011740.1,4588711,1727713,1732684,4370,4986,0.87645407,60,P,940,12549,false,false
GCF_000005845.2_to_GCF_000026225.1:185,GCF_000005845.2_to_GCF_000026225.1,GCF_000005845.2,GCF_000026225.1,NC_000913.3,4641652,2519151,2521520,-,NC_011740.1,4588711,785709,787918,2146,2370,0.90548523,60,P,1800,2724,false,false
GCF_000005845.2_to_GCF_000026225.1:186,GCF_000005845.2_to_GCF_000026225.1,GCF_000005845.2,GCF_000026225.1,NC_000913.3,4641652,3895338,3898246,+,NC_011740.1,4588711,4115571,4118486,2684,2915,0.92075472,60,P,1059,4978,false,false
GCF_000005845.2_to_GCF_000026225.1:187,GCF_000005845.2_to_GCF_000026225.1,GCF_000005845.2,GCF_000026225.1,NC_000913.3,4641652,3674726,3678315,+,NC_011740.1,4588711,3581833,3585281,3109,3589,0.86625801,60,P,1015,13173,false,false
GCF_000005845.2_to_GCF_000026225.1:188,GCF_000005845.2_to_GCF_000026225.1,GCF_000005845.2,GCF_000026225.1,NC_000913.3,4641652,1065507,1068288,+,NC_011740.1,4588711,1192147,1194974,2572,2838,0.90627202,60,P,1036,5428,false,false
GCF_000005845.2_to_GCF_000026225.1:189,GCF_000005845.2_to_GCF_000026225.1,GCF_000005845.2,GCF_000026225.1,NC_000913.3,4641652,2165576,2169577,+,NC_011740.1,4588711,2209594,2212169,2379,4002,0.59445277,60,P,1522,1368,false,false
GCF_000005845.2_to_GCF_000026225.1:190,GCF_000005845.2_to_GCF_000026225.1,GCF_000005845.2,GCF_000026225.1,NC_000913.3,4641652,1295444,1298716,-,NC_011740.1,4588711,1760960,1764232,2887,3282,0.87964656,60,P,438,12549,false,false
GCF_000005845.2_to_GCF_000026225.1:191,GCF_000005845.2_to_GCF_000026225.1,GCF_000005845.2,GCF_000026225.1,NC_000913.3,4641652,157310,161096,+,NC_011740.1,4588711,179296,183082,3330,3789,0.87885986,60,P,1030,5026,false,false
GCF_000005845.2_to_GCF_000026225.1:192,GCF_000005845.2_to_GCF_000026225.1,GCF_000005845.2,GCF_000026225.1,NC_000913.3,4641652,2969400,2978999,+,NC_011740.1,4588711,2829542,2840966,7927,11460,0.69171030,60,P,930,0,false,false
GCF_000005845.2_to_GCF_000026225.1:193,GCF_000005845.2_to_GCF_000026225.1,GCF_000005845.2,GCF_000026225.1,NC_000913.3,4641652,4261764,4268308,+,NC_011740.1,4588711,4238273,4247324,5542,9059,0.61176730,60,P,381,4016,false,false
GCF_000005845.2_to_GCF_000026225.1:194,GCF_000005845.2_to_GCF_000026225.1,GCF_000005845.2,GCF_000026225.1,NC_000913.3,4641652,2963989,2969193,+,NC_011740.1,4588711,2824129,2829335,4424,5218,0.84783442,60,P,939,0,false,false
GCF_000005845.2_to_GCF_000026225.1:195,GCF_000005845.2_to_GCF_000026225.1,GCF_000005845.2,GCF_000026225.1,NC_000913.3,4641652,4502086,4503515,+,NC_011740.1,4588711,304983,306412,1415,1429,0.99020294,1,P,1314,1314,false,false
GCF_000005845.2_to_GCF_000026225.1:196,GCF_000005845.2_to_GCF_000026225.1,GCF_000005845.2,GCF_000026225.1,NC_000913.3,4641652,4502088,4503515,-,NC_011740.1,4588711,2628103,2629530,1413,1427,0.99018921,0,S,1314,,false,false
GCF_000005845.2_to_GCF_000026225.1:197,GCF_000005845.2_to_GCF_000026225.1,GCF_000005845.2,GCF_000026225.1,NC_000913.3,4641652,1533300,1535663,+,NC_011740.1,4588711,1507629,1509994,2154,2365,0.91078224,60,P,526,0,false,false
GCF_000005845.2_to_GCF_000026225.1:198,GCF_000005845.2_to_GCF_000026225.1,GCF_000005845.2,GCF_000026225.1,NC_000913.3,4641652,1766187,1770484,-,NC_011740.1,4588711,1399367,1403525,3602,4312,0.83534323,60,P,413,12549,false,false
GCF_000005845.2_to_GCF_000026225.1:199,GCF_000005845.2_to_GCF_000026225.1,GCF_000005845.2,GCF_000026225.1,NC_000913.3,4641652,1108281,1114248,-,NC_011740.1,4588711,1923806,1929636,4884,5972,0.81781648,60,P,298,12549,false,false
GCF_000005845.2_to_GCF_000026225.1:200,GCF_000005845.2_to_GCF_000026225.1,GCF_000005845.2,GCF_000026225.1,NC_000913.3,4641652,845734,849012,+,NC_011740.1,4588711,980275,983511,2853,3285,0.86849315,60,P,557,5428,false,false
GCF_000005845.2_to_GCF_000026225.1:201,GCF_000005845.2_to_GCF_000026225.1,GCF_000005845.2,GCF_000026225.1,NC_000913.3,4641652,2006185,2009705,-,NC_011740.1,4588711,1205004,1208523,3047,3520,0.86562500,60,P,374,62,false,false
GCF_000005845.2_to_GCF_000026225.1:202,GCF_000005845.2_to_GCF_000026225.1,GCF_000005845.2,GCF_000026225.1,NC_000913.3,4641652,1569095,1572060,-,NC_011740.1,4588711,1613654,1616648,2613,2994,0.87274549,60,P,184,12549,false,false
GCF_000005845.2_to_GCF_000026225.1:203,GCF_000005845.2_to_GCF_000026225.1,GCF_000005845.2,GCF_000026225.1,NC_000913.3,4641652,1991745,1995396,-,NC_011740.1,4588711,1219109,1222759,3151,3651,0.86305122,60,P,865,62,false,false
GCF_000005845.2_to_GCF_000026225.1:204,GCF_000005845.2_to_GCF_000026225.1,GCF_000005845.2,GCF_000026225.1,NC_000913.3,4641652,3564133,3569244,+,NC_011740.1,4588711,3469712,3474824,4317,5112,0.84448357,60,P,237,13173,false,false
GCF_000005845.2_to_GCF_000026225.1:205,GCF_000005845.2_to_GCF_000026225.1,GCF_000005845.2,GCF_000026225.1,NC_000913.3,4641652,120184,121562,+,NC_011740.1,4588711,142044,143422,1329,1378,0.96444122,60,P,890,5026,false,false
GCF_000005845.2_to_GCF_000026225.1:206,GCF_000005845.2_to_GCF_000026225.1,GCF_000005845.2,GCF_000026225.1,NC_000913.3,4641652,2953454,2958897,+,NC_011740.1,4588711,2813596,2819039,4578,5443,0.84108029,60,P,353,0,false,false
GCF_000005845.2_to_GCF_000026225.1:207,GCF_000005845.2_to_GCF_000026225.1,GCF_000005845.2,GCF_000026225.1,NC_000913.3,4641652,664936,669241,-,NC_011740.1,4588711,2532316,2536618,3669,4306,0.85206688,60,P,355,10848,false,false
GCF_000005845.2_to_GCF_000026225.1:208,GCF_000005845.2_to_GCF_000026225.1,GCF_000005845.2,GCF_000026225.1,NC_000913.3,4641652,1384593,1389033,-,NC_011740.1,4588711,1697594,1702038,3778,4453,0.84841680,60,P,428,12549,false,false
GCF_000005845.2_to_GCF_000026225.1:209,GCF_000005845.2_to_GCF_000026225.1,GCF_000005845.2,GCF_000026225.1,NC_000913.3,4641652,4495196,4496539,-,NC_011740.1,4588711,3201778,3203121,1288,1343,0.95904691,60,P,902,0,false,false
GCF_000005845.2_to_GCF_000026225.1:210,GCF_000005845.2_to_GCF_000026225.1,GCF_000005845.2,GCF_000026225.1,NC_000913.3,4641652,1715515,1718313,-,NC_011740.1,4588711,1443600,1446390,2447,2799,0.87424080,60,P,373,12549,false,false
GCF_000005845.2_to_GCF_000026225.1:211,GCF_000005845.2_to_GCF_000026225.1,GCF_000005845.2,GCF_000026225.1,NC_000913.3,4641652,1018466,1021181,+,NC_011740.1,4588711,1138592,1141302,2375,2742,0.86615609,60,P,1186,5428,false,false
GCF_000005845.2_to_GCF_000026225.1:212,GCF_000005845.2_to_GCF_000026225.1,GCF_000005845.2,GCF_000026225.1,NC_000913.3,4641652,2615810,2622844,-,NC_011740.1,4588711,692433,699274,5689,7062,0.80557916,60,P,509,2724,false,false
GCF_000005845.2_to_GCF_000026225.1:213,GCF_000005845.2_to_GCF_000026225.1,GCF_000005845.2,GCF_000026225.1,NC_000913.3,4641652,3736377,3740954,+,NC_011740.1,4588711,3651796,3656372,3878,4589,0.84506428,60,P,361,13173,false,false
GCF_000005845.2_to_GCF_000026225.1:214,GCF_000005845.2_to_GCF_000026225.1,GCF_000005845.2,GCF_000026225.1,NC_000913.3,4641652,658834,664110,-,NC_011740.1,4588711,2537447,2541501,3452,5294,0.65205893,60,P,551,10848,false,false
GCF_000005845.2_to_GCF_000026225.1:215,GCF_000005845.2_to_GCF_000026225.1,GCF_000005845.2,GCF_000026225.1,NC_000913.3,4641652,1156712,1159351,-,NC_011740.1,4588711,1879405,1882043,2311,2640,0.87537879,60,P,284,12549,false,false
GCF_000005845.2_to_GCF_000026225.1:216,GCF_000005845.2_to_GCF_000026225.1,GCF_000005845.2,GCF_000026225.1,NC_000913.3,4641652,315228,316483,+,NC_011740.1,4588711,2860481,2861736,1199,1255,0.95537849,1,P,708,708,false,false
GCF_000005845.2_to_GCF_000026225.1:217,GCF_000005845.2_to_GCF_000026225.1,GCF_000005845.2,GCF_000026225.1,NC_000913.3,4641652,3105698,3108810,+,NC_011740.1,4588711,2970134,2973247,2687,3116,0.86232349,60,P,361,13173,false,false
GCF_000005845.2_to_GCF_000026225.1:218,GCF_000005845.2_to_GCF_000026225.1,GCF_000005845.2,GCF_000026225.1,NC_000913.3,4641652,1861735,1863869,-,NC_011740.1,4588711,1332392,1334518,1883,2135,0.88196721,60,P,498,12549,false,false
GCF_000005845.2_to_GCF_000026225.1:219,GCF_000005845.2_to_GCF_000026225.1,GCF_000005845.2,GCF_000026225.1,NC_000913.3,4641652,1960034,1961776,-,NC_011740.1,4588711,1240828,1242570,1586,1742,0.91044776,60,P,318,12549,false,false
GCF_000005845.2_to_GCF_000026225.1:220,GCF_000005845.2_to_GCF_000026225.1,GCF_000005845.2,GCF_000026225.1,NC_000913.3,4641652,1301928,1308715,-,NC_011740.1,4588711,1751011,1758825,5617,7822,0.71810279,60,P,164,12549,false,false
GCF_000005845.2_to_GCF_000026225.1:221,GCF_000005845.2_to_GCF_000026225.1,GCF_000005845.2,GCF_000026225.1,NC_000913.3,4641652,1531696,1532962,+,NC_011740.1,4588711,1505542,1506808,1191,1266,0.94075829,60,P,374,0,false,false
GCF_000005845.2_to_GCF_000026225.1:222,GCF_000005845.2_to_GCF_000026225.1,GCF_000005845.2,GCF_000026225.1,NC_000913.3,4641652,7810,10580,+,NC_011740.1,4588711,7561,10327,2379,2779,0.85606333,60,P,280,5026,false,false
GCF_000005845.2_to_GCF_000026225.1:223,GCF_000005845.2_to_GCF_000026225.1,GCF_000005845.2,GCF_000026225.1,NC_000913.3,4641652,2259749,2263599,+,NC_011740.1,4588711,2312283,2316127,3238,3852,0.84060228,60,P,207,1368,false,false
GCF_000005845.2_to_GCF_000026225.1:224,GCF_000005845.2_to_GCF_000026225.1,GCF_000005845.2,GCF_000026225.1,NC_000913.3,4641652,2182882,2184737,+,NC_011740.1,4588711,2233985,2235843,1652,1858,0.88912809,60,P,857,1368,false,false
GCF_000005845.2_to_GCF_000026225.1:225,GCF_000005845.2_to_GCF_000026225.1,GCF_000005845.2,GCF_000026225.1,NC_000913.3,4641652,3517034,3519217,+,NC_011740.1,4588711,3411388,3413560,1909,2188,0.87248629,60,P,486,13173,false,false
GCF_000005845.2_to_GCF_000026225.1:226,GCF_000005845.2_to_GCF_000026225.1,GCF_000005845.2,GCF_000026225.1,NC_000913.3,4641652,2799530,2800503,-,NC_011740.1,4588711,413837,414810,939,973,0.96505653,60,P,742,4889,false,false
GCF_000005845.2_to_GCF_000026225.1:227,GCF_000005845.2_to_GCF_000026225.1,GCF_000005845.2,GCF_000026225.1,NC_000913.3,4641652,3099538,3100750,+,NC_011740.1,4588711,2964069,2965281,1126,1213,0.92827700,60,P,417,13173,false,false
GCF_000005845.2_to_GCF_000026225.1:228,GCF_000005845.2_to_GCF_000026225.1,GCF_000005845.2,GCF_000026225.1,NC_000913.3,4641652,1234887,1238649,-,NC_011740.1,4588711,1816369,1820138,3169,3788,0.83658923,60,P,149,12549,false,false
GCF_000005845.2_to_GCF_000026225.1:229,GCF_000005845.2_to_GCF_000026225.1,GCF_000005845.2,GCF_000026225.1,NC_000913.3,4641652,3385463,3392087,+,NC_011740.1,4588711,3300882,3307476,5416,6664,0.81272509,60,P,293,13173,false,false
GCF_000005845.2_to_GCF_000026225.1:230,GCF_000005845.2_to_GCF_000026225.1,GCF_000005845.2,GCF_000026225.1,NC_000913.3,4641652,1932124,1936327,-,NC_011740.1,4588711,1262151,1266342,3516,4205,0.83614744,60,P,184,12549,false,false
GCF_000005845.2_to_GCF_000026225.1:231,GCF_000005845.2_to_GCF_000026225.1,GCF_000005845.2,GCF_000026225.1,NC_000913.3,4641652,132,6501,+,NC_011740.1,4588711,0,6252,5134,6387,0.80382026,60,P,329,5026,false,false
GCF_000005845.2_to_GCF_000026225.1:232,GCF_000005845.2_to_GCF_000026225.1,GCF_000005845.2,GCF_000026225.1,NC_000913.3,4641652,3637119,3640549,+,NC_011740.1,4588711,3562772,3566010,2759,3437,0.80273494,60,P,187,13173,false,false
GCF_000005845.2_to_GCF_000026225.1:233,GCF_000005845.2_to_GCF_000026225.1,GCF_000005845.2,GCF_000026225.1,NC_000913.3,4641652,3695905,3700287,+,NC_011740.1,4588711,3606905,3611289,3636,4389,0.82843472,60,P,386,13173,false,false
GCF_000005845.2_to_GCF_000026225.1:234,GCF_000005845.2_to_GCF_000026225.1,GCF_000005845.2,GCF_000026225.1,NC_000913.3,4641652,4639588,4640687,+,NC_011740.1,4588711,4586517,4587616,1022,1099,0.92993631,60,P,565,0,false,false
GCF_000005845.2_to_GCF_000026225.1:235,GCF_000005845.2_to_GCF_000026225.1,GCF_000005845.2,GCF_000026225.1,NC_000913.3,4641652,1685122,1691248,-,NC_011740.1,4588711,1461327,1467462,4988,6164,0.80921480,60,P,154,12549,false,false
GCF_000005845.2_to_GCF_000026225.1:236,GCF_000005845.2_to_GCF_000026225.1,GCF_000005845.2,GCF_000026225.1,NC_000913.3,4641652,1674987,1677925,-,NC_011740.1,4588711,1474727,1477662,2478,2942,0.84228416,60,P,124,12549,false,false
GCF_000005845.2_to_GCF_000026225.1:237,GCF_000005845.2_to_GCF_000026225.1,GCF_000005845.2,GCF_000026225.1,NC_000913.3,4641652,2608507,2610252,-,NC_011740.1,4588711,703956,705749,1517,1793,0.84606804,60,P,65,2724,false,false
GCF_000005845.2_to_GCF_000026225.1:238,GCF_000005845.2_to_GCF_000026225.1,GCF_000005845.2,GCF_000026225.1,NC_000913.3,4641652,966521,968448,+,NC_011740.1,4588711,1094024,1095951,1658,1927,0.86040477,60,P,272,5428,false,false
GCF_000005845.2_to_GCF_000026225.1:239,GCF_000005845.2_to_GCF_000026225.1,GCF_000005845.2,GCF_000026225.1,NC_000913.3,4641652,393221,396200,-,NC_011740.1,4588711,2717124,2720121,2498,2998,0.83322215,60,P,276,10848,false,false
GCF_000005845.2_to_GCF_000026225.1:240,GCF_000005845.2_to_GCF_000026225.1,GCF_000005845.2,GCF_000026225.1,NC_000913.3,4641652,3249347,3254881,-,NC_011740.1,4588711,4477427,4482180,3904,5551,0.70329670,60,P,268,0,false,false
GCF_000005845.2_to_GCF_000026225.1:241,GCF_000005845.2_to_GCF_000026225.1,GCF_000005845.2,GCF_000026225.1,NC_000913.3,4641652,1784773,1789367,-,NC_011740.1,4588711,1394067,1398790,3792,4729,0.80186086,60,P,204,12549,false,false
GCF_000005845.2_to_GCF_000026225.1:242,GCF_000005845.2_to_GCF_000026225.1,GCF_000005845.2,GCF_000026225.1,NC_000913.3,4641652,1712730,1714737,-,NC_011740.1,4588711,1447214,1449222,1698,2013,0.84351714,60,P,109,12549,false,false
GCF_000005845.2_to_GCF_000026225.1:243,GCF_000005845.2_to_GCF_000026225.1,GCF_000005845.2,GCF_000026225.1,NC_000913.3,4641652,3270175,3273591,-,NC_011740.1,4588711,4474853,4477151,1954,3416,0.57201405,60,P,399,0,false,false
GCF_000005845.2_to_GCF_000026225.1:244,GCF_000005845.2_to_GCF_000026225.1,GCF_000005845.2,GCF_000026225.1,NC_000913.3,4641652,4417680,4419639,+,NC_011740.1,4588711,4351191,4353150,1678,1961,0.85568587,60,P,58,4016,false,false
GCF_000005845.2_to_GCF_000026225.1:245,GCF_000005845.2_to_GCF_000026225.1,GCF_000005845.2,GCF_000026225.1,NC_000913.3,4641652,3710816,3712030,+,NC_011740.1,4588711,3625878,3627092,1077,1214,0.88714992,60,P,93,13173,false,false
GCF_000005845.2_to_GCF_000026225.1:246,GCF_000005845.2_to_GCF_000026225.1,GCF_000005845.2,GCF_000026225.1,NC_000913.3,4641652,1291388,1293034,-,NC_011740.1,4588711,1767037,1768673,1426,1648,0.86529126,60,P,189,12549,false,false
GCF_000005845.2_to_GCF_000026225.1:247,GCF_000005845.2_to_GCF_000026225.1,GCF_000005845.2,GCF_000026225.1,NC_000913.3,4641652,2622988,2626593,-,NC_011740.1,4588711,688655,692260,2980,3605,0.82662968,60,P,186,2724,false,false
GCF_000005845.2_to_GCF_000026225.1:248,GCF_000005845.2_to_GCF_000026225.1,GCF_000005845.2,GCF_000026225.1,NC_000913.3,4641652,1163978,1167364,-,NC_011740.1,4588711,1873801,1877028,2688,3392,0.79245283,60,P,114,12549,false,false
GCF_000005845.2_to_GCF_000026225.1:249,GCF_000005845.2_to_GCF_000026225.1,GCF_000005845.2,GCF_000026225.1,NC_000913.3,4641652,3231565,3232866,+,NC_011740.1,4588711,3126402,3127703,1137,1301,0.87394312,60,P,542,13173,false,false
GCF_000005845.2_to_GCF_000026225.1:250,GCF_000005845.2_to_GCF_000026225.1,GCF_000005845.2,GCF_000026225.1,NC_000913.3,4641652,876708,878090,+,NC_011740.1,4588711,1008796,1010178,1200,1382,0.86830680,60,P,114,5428,false,false
GCF_000005845.2_to_GCF_000026225.1:251,GCF_000005845.2_to_GCF_000026225.1,GCF_000005845.2,GCF_000026225.1,NC_000913.3,4641652,2056822,2057612,-,NC_011740.1,4588711,1841025,1841815,725,790,0.91772152,60,P,233,0,false,false
GCF_000005845.2_to_GCF_000026225.1:252,GCF_000005845.2_to_GCF_000026225.1,GCF_000005845.2,GCF_000026225.1,NC_000913.3,4641652,113311,114578,+,NC_011740.1,4588711,135166,136433,1106,1267,0.87292818,60,P,140,5026,false,false
GCF_000005845.2_to_GCF_000026225.1:253,GCF_000005845.2_to_GCF_000026225.1,GCF_000005845.2,GCF_000026225.1,NC_000913.3,4641652,409107,410184,-,NC_011740.1,4588711,2703625,2704702,953,1077,0.88486537,60,P,73,10848,false,false
GCF_000005845.2_to_GCF_000026225.1:254,GCF_000005845.2_to_GCF_000026225.1,GCF_000005845.2,GCF_000026225.1,NC_000913.3,4641652,887975,889882,+,NC_011740.1,4588711,1020878,1022785,1619,1912,0.84675732,60,P,114,5428,false,false
GCF_000005845.2_to_GCF_000026225.1:255,GCF_000005845.2_to_GCF_000026225.1,GCF_000005845.2,GCF_000026225.1,NC_000913.3,4641652,1705451,1708528,-,NC_011740.1,4588711,1453368,1456445,2539,3077,0.82515437,60,P,109,12549,false,false
GCF_000005845.2_to_GCF_000026225.1:256,GCF_000005845.2_to_GCF_000026225.1,GCF_000005845.2,GCF_000026225.1,NC_000913.3,4641652,1978502,1979262,-,NC_011743.1,55150,7413,8173,694,760,0.91315789,60,P,274,0,false,false
GCF_000005845.2_to_GCF_000026225.1:257,GCF_000005845.2_to_GCF_000026225.1,GCF_000005845.2,GCF_000026225.1,NC_000913.3,4641652,2020182,2021499,+,NC_011740.1,4588711,1982667,1983984,1139,1317,0.86484434,60,P,72,0,false,false
GCF_000005845.2_to_GCF_000026225.1:258,GCF_000005845.2_to_GCF_000026225.1,GCF_000005845.2,GCF_000026225.1,NC_000913.3,4641652,2315671,2316823,-,NC_011740.1,4588711,968460,969612,1007,1152,0.87413194,60,P,186,2724,false,false
GCF_000005845.2_to_GCF_000026225.1:259,GCF_000005845.2_to_GCF_000026225.1,GCF_000005845.2,GCF_000026225.1,NC_000913.3,4641652,4518473,4519239,+,NC_011743.1,55150,7407,8173,698,766,0.91122715,60,P,291,0,false,false
GCF_000005845.2_to_GCF_000026225.1:260,GCF_000005845.2_to_GCF_000026225.1,GCF_000005845.2,GCF_000026225.1,NC_000913.3,4641652,279162,279922,-,NC_011743.1,55150,7413,8173,693,760,0.91184211,60,P,269,0,false,false
GCF_000005845.2_to_GCF_000026225.1:261,GCF_000005845.2_to_GCF_000026225.1,GCF_000005845.2,GCF_000026225.1,NC_000913.3,4641652,290633,291393,-,NC_011743.1,55150,7413,8173,693,760,0.91184211,60,P,269,0,false,false
GCF_000005845.2_to_GCF_000026225.1:262,GCF_000005845.2_to_GCF_000026225.1,GCF_000005845.2,GCF_000026225.1,NC_000913.3,4641652,2039606,2040997,+,NC_011740.1,4588711,3319750,3321141,1197,1391,0.86053199,60,P,124,0,false,false
GCF_000005845.2_to_GCF_000026225.1:263,GCF_000005845.2_to_GCF_000026225.1,GCF_000005845.2,GCF_000026225.1,NC_000913.3,4641652,497070,497671,+,NC_011740.1,4588711,524659,525257,563,601,0.93677205,60,P,163,0,false,false
GCF_000005845.2_to_GCF_000026225.1:264,GCF_000005845.2_to_GCF_000026225.1,GCF_000005845.2,GCF_000026225.1,NC_000913.3,4641652,3719430,3720319,+,NC_011740.1,4588711,3640360,3641251,782,894,0.87472036,60,P,380,13173,false,false
GCF_000005845.2_to_GCF_000026225.1:265,GCF_000005845.2_to_GCF_000026225.1,GCF_000005845.2,GCF_000026225.1,NC_000913.3,4641652,1127624,1129286,-,NC_011740.1,4588711,1909488,1911153,1405,1665,0.84384384,60,P,159,12549,false,false
GCF_000005845.2_to_GCF_000026225.1:266,GCF_000005845.2_to_GCF_000026225.1,GCF_000005845.2,GCF_000026225.1,NC_000913.3,4641652,1962584,1966192,-,NC_011740.1,4588711,1236996,1240604,2938,3609,0.81407592,60,P,85,12549,false,false
GCF_000005845.2_to_GCF_000026225.1:267,GCF_000005845.2_to_GCF_000026225.1,GCF_000005845.2,GCF_000026225.1,NC_000913.3,4641652,2459109,2461538,-,NC_011740.1,4588711,836505,839093,2014,2594,0.77640709,60,P,301,2724,false,false
GCF_000005845.2_to_GCF_000026225.1:268,GCF_000005845.2_to_GCF_000026225.1,GCF_000005845.2,GCF_000026225.1,NC_000913.3,4641652,4477724,4478893,+,NC_011740.1,4588711,4444769,4445939,1009,1170,0.86239316,60,P,768,4016,false,false
GCF_000005845.2_to_GCF_000026225.1:269,GCF_000005845.2_to_GCF_000026225.1,GCF_000005845.2,GCF_000026225.1,NC_000913.3,4641652,1267257,1269020,-,NC_011740.1,4588711,1796153,1797915,1459,1766,0.82616082,60,P,104,12549,false,false
GCF_000005845.2_to_GCF_000026225.1:270,GCF_000005845.2_to_GCF_000026225.1,GCF_000005845.2,GCF_000026225.1,NC_000913.3,4641652,2586756,2590898,-,NC_011740.1,4588711,723347,727450,3348,4147,0.80733060,60,P,323,2724,false,false
GCF_000005845.2_to_GCF_000026225.1:271,GCF_000005845.2_to_GCF_000026225.1,GCF_000005845.2,GCF_000026225.1,NC_000913.3,4641652,1737538,1746597,-,NC_011740.1,4588711,1416746,1424354,6200,9095,0.68169324,60,P,343,12549,false,false
GCF_000005845.2_to_GCF_000026225.1:272,GCF_000005845.2_to_GCF_000026225.1,GCF_000005845.2,GCF_000026225.1,NC_000913.3,4641652,1907171,1907689,-,NC_011740.1,4588711,1290846,1291365,486,519,0.93641618,60,P,114,12549,false,false
GCF_000005845.2_to_GCF_000026225.1:273,GCF_000005845.2_to_GCF_000026225.1,GCF_000005845.2,GCF_000026225.1,NC_000913.3,4641652,4230324,4231369,+,NC_011740.1,4588711,4188715,4189628,800,1045,0.76555024,60,P,159,4016,false,false
GCF_000005845.2_to_GCF_000026225.1:274,GCF_000005845.2_to_GCF_000026225.1,GCF_000005845.2,GCF_000026225.1,NC_000913.3,4641652,2368995,2371521,-,NC_011740.1,4588711,927742,930277,2076,2539,0.81764474,60,P,93,2724,false,false
GCF_000005845.2_to_GCF_000026225.1:275,GCF_000005845.2_to_GCF_000026225.1,GCF_000005845.2,GCF_000026225.1,NC_000913.3,4641652,2960575,2962578,+,NC_011740.1,4588711,2820718,2822721,1671,2003,0.83424863,60,P,37,0,false,false
GCF_000005845.2_to_GCF_000026225.1:276,GCF_000005845.2_to_GCF_000026225.1,GCF_000005845.2,GCF_000026225.1,NC_000913.3,4641652,2386917,2387780,-,NC_011740.1,4588711,912333,913645,758,1316,0.57598784,60,P,222,2724,false,false
GCF_000005845.2_to_GCF_000026225.1:277,GCF_000005845.2_to_GCF_000026225.1,GCF_000005845.2,GCF_000026225.1,NC_000913.3,4641652,3727770,3730788,+,NC_011740.1,4588711,3647236,3650255,2452,3025,0.81057851,60,P,75,13173,false,false
GCF_000005845.2_to_GCF_000026225.1:278,GCF_000005845.2_to_GCF_000026225.1,GCF_000005845.2,GCF_000026225.1,NC_000913.3,4641652,2098561,2099202,+,NC_011740.1,4588711,2136467,2137108,580,641,0.90483619,60,P,89,1368,false,false
GCF_000005845.2_to_GCF_000026225.1:279,GCF_000005845.2_to_GCF_000026225.1,GCF_000005845.2,GCF_000026225.1,NC_000913.3,4641652,1734367,1735934,-,NC_011740.1,4588711,1425841,1427510,1307,1671,0.78216637,60,P,70,12549,false,false
GCF_000005845.2_to_GCF_000026225.1:280,GCF_000005845.2_to_GCF_000026225.1,GCF_000005845.2,GCF_000026225.1,NC_000913.3,4641652,415052,418164,-,NC_011740.1,4588711,2697081,2700192,2557,3129,0.81719399,60,P,135,10848,false,false
GCF_000005845.2_to_GCF_000026225.1:281,GCF_000005845.2_to_GCF_000026225.1,GCF_000005845.2,GCF_000026225.1,NC_000913.3,4641652,2269720,2270622,+,NC_011740.1,4588711,2323639,2324538,784,904,0.86725664,60,P,236,1368,false,false
GCF_000005845.2_to_GCF_000026225.1:282,GCF_000005845.2_to_GCF_000026225.1,GCF_000005845.2,GCF_000026225.1,NC_000913.3,4641652,1346981,1348947,-,NC_011740.1,4588711,1713427,1715393,1633,1966,0.83062055,60,P,90,12549,false,false
GCF_000005845.2_to_GCF_000026225.1:283,GCF_000005845.2_to_GCF_000026225.1,GCF_000005845.2,GCF_000026225.1,NC_000913.3,4641652,1311012,1314252,-,NC_011740.1,4588711,1746672,1750283,2671,3620,0.73784530,60,P,269,12549,false,false
GCF_000005845.2_to_GCF_000026225.1:284,GCF_000005845.2_to_GCF_000026225.1,GCF_000005845.2,GCF_000026225.1,NC_000913.3,4641652,1103918,1105278,-,NC_011740.1,4588711,1932637,1933995,1131,1368,0.82675439,60,P,90,12549,false,false
GCF_000005845.2_to_GCF_000026225.1:285,GCF_000005845.2_to_GCF_000026225.1,GCF_000005845.2,GCF_000026225.1,NC_000913.3,4641652,1100850,1103443,-,NC_011740.1,4588711,1934462,1937054,2126,2595,0.81926782,54,P,35,12549,false,false
GCF_000005845.2_to_GCF_000026225.1:286,GCF_000005845.2_to_GCF_000026225.1,GCF_000005845.2,GCF_000026225.1,NC_000913.3,4641652,1224767,1226102,-,NC_011740.1,4588711,1828269,1829616,1121,1347,0.83221975,60,P,124,12549,false,false
GCF_000005845.2_to_GCF_000026225.1:287,GCF_000005845.2_to_GCF_000026225.1,GCF_000005845.2,GCF_000026225.1,NC_000913.3,4641652,153017,156893,+,NC_011740.1,4588711,175018,178894,3166,3884,0.81513903,60,P,126,5026,false,false
GCF_000005845.2_to_GCF_000026225.1:288,GCF_000005845.2_to_GCF_000026225.1,GCF_000005845.2,GCF_000026225.1,NC_000913.3,4641652,117833,119366,+,NC_011740.1,4588711,139696,141229,1282,1535,0.83517915,60,P,70,5026,false,false
GCF_000005845.2_to_GCF_000026225.1:289,GCF_000005845.2_to_GCF_000026225.1,GCF_000005845.2,GCF_000026225.1,NC_000913.3,4641652,1980194,1986128,-,NC_011740.1,4588711,1163709,1169658,4778,5974,0.79979913,60,P,236,0,false,false
GCF_000005845.2_to_GCF_000026225.1:290,GCF_000005845.2_to_GCF_000026225.1,GCF_000005845.2,GCF_000026225.1,NC_000913.3,4641652,1441919,1443163,-,NC_011740.1,4588711,1663273,1664518,1050,1247,0.84202085,55,P,35,12549,false,false
GCF_000005845.2_to_GCF_000026225.1:291,GCF_000005845.2_to_GCF_000026225.1,GCF_000005845.2,GCF_000026225.1,NC_000913.3,4641652,4497139,4497927,-,NC_011740.1,4588711,3200372,3201160,681,790,0.86202532,32,P,18,0,false,false
GCF_000005845.2_to_GCF_000026225.1:292,GCF_000005845.2_to_GCF_000026225.1,GCF_000005845.2,GCF_000026225.1,NC_000913.3,4641652,1062860,1063797,+,NC_011740.1,4588711,1186680,1187617,798,937,0.85165422,60,P,193,5428,false,false
GCF_000005845.2_to_GCF_000026225.1:293,GCF_000005845.2_to_GCF_000026225.1,GCF_000005845.2,GCF_000026225.1,NC_000913.3,4641652,2021970,2025311,+,NC_011740.1,4588711,1984451,1987773,2708,3358,0.80643240,60,P,228,0,false,false
GCF_000005845.2_to_GCF_000026225.1:294,GCF_000005845.2_to_GCF_000026225.1,GCF_000005845.2,GCF_000026225.1,NC_000913.3,4641652,4509020,4509797,-,NC_011740.1,4588711,2865684,2866462,670,778,0.86118252,60,P,89,0,false,false
GCF_000005845.2_to_GCF_000026225.1:295,GCF_000005845.2_to_GCF_000026225.1,GCF_000005845.2,GCF_000026225.1,NC_000913.3,4641652,2456319,2456953,-,NC_011740.1,4588711,841250,841886,554,639,0.86697966,60,P,186,2724,false,false
GCF_000005845.2_to_GCF_000026225.1:296,GCF_000005845.2_to_GCF_000026225.1,GCF_000005845.2,GCF_000026225.1,NC_000913.3,4641652,1335760,1338181,-,NC_011740.1,4588711,1724183,1726603,1972,2421,0.81453945,60,P,45,12549,false,false
GCF_000005845.2_to_GCF_000026225.1:297,GCF_000005845.2_to_GCF_000026225.1,GCF_000005845.2,GCF_000026225.1,NC_000913.3,4641652,2365936,2367984,-,NC_011740.1,4588711,931300,933348,1645,2048,0.80322266,60,P,100,2724,false,false
GCF_000005845.2_to_GCF_000026225.1:298,GCF_000005845.2_to_GCF_000026225.1,GCF_000005845.2,GCF_000026225.1,NC_000913.3,4641652,2317777,2320192,-,NC_011740.1,4588711,965207,967622,1970,2419,0.81438611,60,P,115,2724,false,false
GCF_000005845.2_to_GCF_000026225.1:299,GCF_000005845.2_to_GCF_000026225.1,GCF_000005845.2,GCF_000026225.1,NC_000913.3,4641652,1086971,1089005,-,NC_011740.1,4588711,1955109,1957143,1632,2034,0.80235988,60,P,70,12549,false,false
GCF_000005845.2_to_GCF_000026225.1:300,GCF_000005845.2_to_GCF_000026225.1,GCF_000005845.2,GCF_000026225.1,NC_000913.3,4641652,1997767,2000403,-,NC_011740.1,4588711,1214113,1216752,2159,2644,0.81656581,60,P,128,62,false,false
GCF_000005845.2_to_GCF_000026225.1:301,GCF_000005845.2_to_GCF_000026225.1,GCF_000005845.2,GCF_000026225.1,NC_000913.3,4641652,2405904,2406835,-,NC_011740.1,4588711,894764,895702,755,938,0.80490405,60,P,115,2724,false,false
GCF_000005845.2_to_GCF_000026225.1:302,GCF_000005845.2_to_GCF_000026225.1,GCF_000005845.2,GCF_000026225.1,NC_000913.3,4641652,1120446,1122696,-,NC_011740.1,4588711,1915387,1917639,1848,2259,0.81806109,60,P,184,12549,false,false
GCF_000005845.2_to_GCF_000026225.1:303,GCF_000005845.2_to_GCF_000026225.1,GCF_000005845.2,GCF_000026225.1,NC_000913.3,4641652,3216326,3219112,+,NC_011740.1,4588711,3092541,3095219,2169,2805,0.77326203,60,P,93,13173,false,false
GCF_000005845.2_to_GCF_000026225.1:304,GCF_000005845.2_to_GCF_000026225.1,GCF_000005845.2,GCF_000026225.1,NC_000913.3,4641652,3803801,3804134,+,NC_011740.1,4588711,4020389,4020722,308,333,0.92492492,60,P,124,4978,false,false
GCF_000005845.2_to_GCF_000026225.1:305,GCF_000005845.2_to_GCF_000026225.1,GCF_000005845.2,GCF_000026225.1,NC_000913.3,4641652,404722,405635,-,NC_011740.1,4588711,2707574,2708486,772,913,0.84556407,39,P,24,10848,false,false
GCF_000005845.2_to_GCF_000026225.1:306,GCF_000005845.2_to_GCF_000026225.1,GCF_000005845.2,GCF_000026225.1,NC_000913.3,4641652,1340148,1343380,-,NC_011740.1,4588711,1718967,1722193,2600,3253,0.79926222,60,P,80,12549,false,false
GCF_000005845.2_to_GCF_000026225.1:307,GCF_000005845.2_to_GCF_000026225.1,GCF_000005845.2,GCF_000026225.1,NC_000913.3,4641652,2079038,2079409,+,NC_011740.1,4588711,2077306,2077677,337,371,0.90835580,60,P,85,0,false,false
GCF_000005845.2_to_GCF_000026225.1:308,GCF_000005845.2_to_GCF_000026225.1,GCF_000005845.2,GCF_000026225.1,NC_000913.3,4641652,2001077,2001886,-,NC_011740.1,4588711,1212632,1213441,678,809,0.83807169,60,P,88,62,false,false
GCF_002900365.1_to_GCF_000005845.2:1,GCF_002900365.1_to_GCF_000005845.2,GCF_002900365.1,GCF_000005845.2,NZ_CP025979.1,4671322,3432104,3581895,+,NC_000913.3,4641652,4093122,4230225,122849,154622,0.79451178,60,P,59184,4851,false,false
GCF_002900365.1_to_GCF_000005845.2:2,GCF_002900365.1_to_GCF_000005845.2,GCF_002900365.1,GCF_000005845.2,NZ_CP025979.1,4671322,2379671,2520607,-,NC_000913.3,4641652,8,144980,127695,147319,0.86679247,60,P,47299,5761,true,true
GCF_002900365.1_to_GCF_000005845.2:3,GCF_002900365.1_to_GCF_000005845.2,GCF_002900365.1,GCF_000005845.2,NZ_CP025979.1,4671322,2794233,2954143,+,NC_000913.3,4641652,3470092,3618989,128559,168764,0.76176791,60,P,47419,4993,false,false
GCF_002900365.1_to_GCF_000005845.2:4,GCF_002900365.1_to_GCF_000005845.2,GCF_002900365.1,GCF_000005845.2,NZ_CP025979.1,4671322,3708281,3821841,-,NC_000913.3,4641652,4303060,4426610,103266,125136,0.82523015,60,P,43764,114,false,false
GCF_002900365.1_to_GCF_000005845.2:5,GCF_002900365.1_to_GCF_000005845.2,GCF_002900365.1,GCF_000005845.2,NZ_CP025979.1,4671322,4392383,4506216,-,NC_000913.3,4641652,2635887,2755956,103280,121799,0.84795442,60,P,43556,4836,false,false
GCF_002900365.1_to_GCF_000005845.2:6,GCF_002900365.1_to_GCF_000005845.2,GCF_002900365.1,GCF_000005845.2,NZ_CP025979.1,4671322,687025,816046,-,NC_000913.3,4641652,1651548,1802621,115094,152643,0.75400772,60,P,33884,3578,false,false
GCF_002900365.1_to_GCF_000005845.2:7,GCF_002900365.1_to_GCF_000005845.2,GCF_002900365.1,GCF_000005845.2,NZ_CP025979.1,4671322,138913,256024,-,NC_000913.3,4641652,2223936,2342942,102163,124321,0.82176784,60,P,34412,3578,false,false
GCF_002900365.1_to_GCF_000005845.2:8,GCF_002900365.1_to_GCF_000005845.2,GCF_002900365.1,GCF_000005845.2,NZ_CP025979.1,4671322,4916,132306,-,NC_000913.3,4641652,2349934,2467697,95826,140082,0.68407076,60,P,33089,3578,false,false
GCF_002900365.1_to_GCF_000005845.2:9,GCF_002900365.1_to_GCF_000005845.2,GCF_002900365.1,GCF_000005845.2,NZ_CP025979.1,4671322,1930595,2034328,-,NC_000913.3,4641652,430538,522836,84178,104550,0.80514586,60,P,31050,5761,false,false
GCF_002900365.1_to_GCF_000005845.2:10,GCF_002900365.1_to_GCF_000005845.2,GCF_002900365.1,GCF_000005845.2,NZ_CP025979.1,4671322,1358530,1456836,-,NC_000913.3,4641652,950339,1055148,87808,106454,0.82484453,60,P,28030,5761,false,false
GCF_002900365.1_to_GCF_000005845.2:11,GCF_002900365.1_to_GCF_000005845.2,GCF_002900365.1,GCF_000005845.2,NZ_CP025979.1,4671322,3231909,3304649,-,NC_000913.3,4641652,3876101,3959438,67813,83398,0.81312501,60,P,34744,4851,false,false
GCF_002900365.1_to_GCF_000005845.2:12,GCF_002900365.1_to_GCF_000005845.2,GCF_002900365.1,GCF_000005845.2,NZ_CP025979.1,4671322,3144812,3231771,-,NC_000913.3,4641652,3959531,4037116,70473,88145,0.79951217,60,P,26996,4851,false,false
GCF_002900365.1_to_GCF_000005845.2:13,GCF_002900365.1_to_GCF_000005845.2,GCF_002900365.1,GCF_000005845.2,NZ_CP025979.1,4671322,1469779,1577238,-,NC_000913.3,4641652,859230,947044,79017,108112,0.73088094,60,P,21458,5761,false,false
GCF_002900365.1_to_GCF_000005845.2:14,GCF_002900365.1_to_GCF_000005845.2,GCF_002900365.1,GCF_000005845.2,NZ_CP025979.1,4671322,3947739,4028861,-,NC_000913.3,4641652,3131379,3214902,64493,94523,0.68229955,60,P,24305,4836,false,false
GCF_002900365.1_to_GCF_000005845.2:15,GCF_002900365.1_to_GCF_000005845.2,GCF_002900365.1,GCF_000005845.2,NZ_CP025979.1,4671322,4507290,4581921,-,NC_000913.3,4641652,2545772,2635454,60447,98115,0.61608317,60,P,19771,4836,false,false
GCF_002900365.1_to_GCF_000005845.2:16,GCF_002900365.1_to_GCF_000005845.2,GCF_002900365.1,GCF_000005845.2,NZ_CP025979.1,4671322,2311334,2365376,-,NC_000913.3,4641652,157340,209624,48275,54283,0.88932078,60,P,21046,5761,true,true
GCF_002900365.1_to_GCF_000005845.2:17,GCF_002900365.1_to_GCF_000005845.2,GCF_002900365.1,GCF_000005845.2,NZ_CP025979.1,4671322,4113384,4171367,-,NC_000913.3,4641652,3000194,3059391,52520,59249,0.88642846,60,P,14423,4836,true,true
GCF_002900365.1_to_GCF_000005845.2:18,GCF_002900365.1_to_GCF_000005845.2,GCF_002900365.1,GCF_000005845.2,NZ_CP025979.1,4671322,4177556,4243020,-,NC_000913.3,4641652,2935598,2988150,47987,65494,0.73269307,60,P,15947,4836,false,false
GCF_002900365.1_to_GCF_000005845.2:19,GCF_002900365.1_to_GCF_000005845.2,GCF_002900365.1,GCF_000005845.2,NZ_CP025979.1,4671322,326598,365737,-,NC_000913.3,4641652,2113153,2150934,36072,39196,0.92029799,60,P,27754,3578,true,true
GCF_002900365.1_to_GCF_000005845.2:20,GCF_002900365.1_to_GCF_000005845.2,GCF_002900365.1,GCF_000005845.2,NZ_CP025979.1,4671322,4582148,4636498,-,NC_000913.3,4641652,2495050,2544625,44059,56156,0.78458224,60,P,18172,4836,false,false
GCF_002900365.1_to_GCF_000005845.2:21,GCF_002900365.1_to_GCF_000005845.2,GCF_002900365.1,GCF_000005845.2,NZ_CP025979.1,4671322,1616991,1668757,-,NC_000913.3,4641652,771254,820591,44452,52626,0.84467754,60,P,15788,5761,false,false
GCF_002900365.1_to_GCF_000005845.2:22,GCF_002900365.1_to_GCF_000005845.2,GCF_002900365.1,GCF_000005845.2,NZ_CP025979.1,4671322,1849362,1896871,-,NC_000913.3,4641652,587090,636128,42940,49243,0.87200211,60,P,11176,5761,true,true
GCF_002900365.1_to_GCF_000005845.2:23,GCF_002900365.1_to_GCF_000005845.2,GCF_002900365.1,GCF_000005845.2,NZ_CP025979.1,4671322,1765270,1803512,-,NC_000913.3,4641652,684404,729109,35194,45278,0.77728698,60,P,14864,5761,false,false
GCF_002900365.1_to_GCF_000005845.2:24,GCF_002900365.1_to_GCF_000005845.2,GCF_002900365.1,GCF_000005845.2,NZ_CP025979.1,4671322,4332469,4377839,-,NC_000913.3,4641652,2800617,2838193,34749,45529,0.76322783,60,P,14710,4836,false,false
GCF_002900365.1_to_GCF_000005845.2:25,GCF_002900365.1_to_GCF_000005845.2,GCF_002900365.1,GCF_000005845.2,NZ_CP025979.1,4671322,1225774,1266420,-,NC_000913.3,4641652,1153686,1196336,37076,42783,0.86660589,60,P,11802,5761,true,true
GCF_002900365.1_to_GCF_000005845.2:26,GCF_002900365.1_to_GCF_000005845.2,GCF_002900365.1,GCF_000005845.2,NZ_CP025979.1,4671322,2766412,2792700,+,NC_000913.3,4641652,3427176,3453454,25112,26290,0.95519209,60,P,20860,4993,true,true
GCF_002900365.1_to_GCF_000005845.2:27,GCF_002900365.1_to_GCF_000005845.2,GCF_002900365.1,GCF_000005845.2,NZ_CP025979.1,4671322,3878458,3915748,+,NC_000913.3,4641652,3239758,3281076,33917,41443,0.81840118,60,P,11895,82,false,false
GCF_002900365.1_to_GCF_000005845.2:28,GCF_002900365.1_to_GCF_000005845.2,GCF_002900365.1,GCF_000005845.2,NZ_CP025979.1,4671322,1273219,1312747,-,NC_000913.3,4641652,1113671,1153171,34513,40963,0.84254083,60,P,11723,5761,false,false
GCF_002900365.1_to_GCF_000005845.2:29,GCF_002900365.1_to_GCF_000005845.2,GCF_002900365.1,GCF_000005845.2,NZ_CP025979.1,4671322,1578758,1616456,-,NC_000913.3,4641652,821537,857684,32848,37777,0.86952378,60,P,9556,5761,true,true
GCF_002900365.1_to_GCF_000005845.2:30,GCF_002900365.1_to_GCF_000005845.2,GCF_002900365.1,GCF_000005845.2,NZ_CP025979.1,4671322,3003057,3044183,+,NC_000913.3,4641652,3672334,3709029,33153,41264,0.80343641,60,P,8964,4993,false,false
GCF_002900365.1_to_GCF_000005845.2:31,GCF_002900365.1_to_GCF_000005845.2,GCF_002900365.1,GCF_000005845.2,NZ_CP025979.1,4671322,4052765,4084178,-,NC_000913.3,4641652,3079640,3110284,28113,31615,0.88922980,60,P,10448,4836,true,true
GCF_002900365.1_to_GCF_000005845.2:32,GCF_002900365.1_to_GCF_000005845.2,GCF_002900365.1,GCF_000005845.2,NZ_CP025979.1,4671322,2654187,2684133,+,NC_000913.3,4641652,3330578,3360516,27631,29955,0.92241696,60,P,11096,4993,true,true
GCF_002900365.1_to_GCF_000005845.2:33,GCF_002900365.1_to_GCF_000005845.2,GCF_002900365.1,GCF_000005845.2,NZ_CP025979.1,4671322,2083452,2114765,-,NC_000913.3,4641652,346537,381259,27195,36587,0.74329680,60,P,9464,5761,false,false
GCF_002900365.1_to_GCF_000005845.2:34,GCF_002900365.1_to_GCF_000005845.2,GCF_002900365.1,GCF_000005845.2,NZ_CP025979.1,4671322,1899433,1930244,-,NC_000913.3,4641652,530155,557825,25554,30920,0.82645537,60,P,9606,5761,false,false
GCF_002900365.1_to_GCF_000005845.2:35,GCF_002900365.1_to_GCF_000005845.2,GCF_002900365.1,GCF_000005845.2,NZ_CP025979.1,4671322,2281342,2310607,-,NC_000913.3,4641652,211880,236838,23407,29273,0.79961056,60,P,12541,5761,false,false
GCF_002900365.1_to_GCF_000005845.2:36,GCF_002900365.1_to_GCF_000005845.2,GCF_002900365.1,GCF_000005845.2,NZ_CP025979.1,4671322,616051,650119,-,NC_000913.3,4641652,1845095,1893696,29166,50595,0.57646012,60,P,9179,3578,false,false
GCF_002900365.1_to_GCF_000005845.2:37,GCF_002900365.1_to_GCF_000005845.2,GCF_002900365.1,GCF_000005845.2,NZ_CP025979.1,4671322,1051268,1088729,-,NC_000913.3,4641652,1316464,1349206,29634,37476,0.79074608,60,P,8227,5761,false,false
GCF_002900365.1_to_GCF_000005845.2:38,GCF_002900365.1_to_GCF_000005845.2,GCF_002900365.1,GCF_000005845.2,NZ_CP025979.1,4671322,1123971,1152616,-,NC_000913.3,4641652,1256718,1286528,26260,29855,0.87958466,60,P,9776,5761,true,true
GCF_002900365.1_to_GCF_000005845.2:39,GCF_002900365.1_to_GCF_000005845.2,GCF_002900365.1,GCF_000005845.2,NZ_CP025979.1,4671322,650373,686592,-,NC_000913.3,4641652,1805337,1843716,32196,38519,0.83584724,60,P,7312,3578,false,false
GCF_002900365.1_to_GCF_000005845.2:40,GCF_002900365.1_to_GCF_000005845.2,GCF_002900365.1,GCF_000005845.2,NZ_CP025979.1,4671322,2620400,2642764,+,NC_000913.3,4641652,3297021,3319982,21021,22976,0.91491121,60,P,11577,4993,true,true
GCF_002900365.1_to_GCF_000005845.2:41,GCF_002900365.1_to_GCF_000005845.2,GCF_002900365.1,GCF_000005845.2,NZ_CP025979.1,4671322,3305287,3334378,-,NC_000913.3,4641652,3838177,3875461,26296,37330,0.70442004,60,P,7011,4851,false,false
GCF_002900365.1_to_GCF_000005845.2:42,GCF_002900365.1_to_GCF_000005845.2,GCF_002900365.1,GCF_000005845.2,NZ_CP025979.1,4671322,1315738,1346401,-,NC_000913.3,4641652,1065508,1113407,27500,48118,0.57151170,60,P,7290,5761,false,false
GCF_002900365.1_to_GCF_000005845.2:43,GCF_002900365.1_to_GCF_000005845.2,GCF_002900365.1,GCF_000005845.2,NZ_CP025979.1,4671322,952388,988678,-,NC_000913.3,4641652,1487202,1526115,31969,39086,0.81791434,60,P,5720,5761,false,false
GCF_002900365.1_to_GCF_000005845.2:44,GCF_002900365.1_to_GCF_000005845.2,GCF_002900365.1,GCF_000005845.2,NZ_CP025979.1,4671322,3391341,3422930,-,NC_000913.3,4641652,3770242,3796874,23220,32989,0.70387099,60,P,8105,4851,false,false
GCF_002900365.1_to_GCF_000005845.2:45,GCF_002900365.1_to_GCF_000005845.2,GCF_002900365.1,GCF_000005845.2,NZ_CP025979.1,4671322,3357200,3382902,-,NC_000913.3,4641652,3805244,3832159,23508,26931,0.87289740,60,P,8946,4851,true,true
GCF_002900365.1_to_GCF_000005845.2:46,GCF_002900365.1_to_GCF_000005845.2,GCF_002900365.1,GCF_000005845.2,NZ_CP025979.1,4671322,3854631,3878078,+,NC_000913.3,4641652,3214955,3239537,21666,24633,0.87955182,60,P,9175,82,true,true
GCF_002900365.1_to_GCF_000005845.2:47,GCF_002900365.1_to_GCF_000005845.2,GCF_002900365.1,GCF_000005845.2,NZ_CP025979.1,4671322,3122098,3144624,-,NC_000913.3,4641652,4037396,4060260,20872,22934,0.91008982,60,P,10815,4851,true,true
GCF_002900365.1_to_GCF_000005845.2:48,GCF_002900365.1_to_GCF_000005845.2,GCF_002900365.1,GCF_000005845.2,NZ_CP025979.1,4671322,2539316,2565007,-,NC_000913.3,4641652,4595870,4621674,23247,26040,0.89274194,60,P,9111,85,true,true
GCF_002900365.1_to_GCF_000005845.2:49,GCF_002900365.1_to_GCF_000005845.2,GCF_002900365.1,GCF_000005845.2,NZ_CP025979.1,4671322,2744627,2766224,+,NC_000913.3,4641652,3404897,3426896,20035,22026,0.90960683,60,P,9956,4993,true,true
GCF_002900365.1_to_GCF_000005845.2:50,GCF_002900365.1_to_GCF_000005845.2,GCF_002900365.1,GCF_000005845.2,NZ_CP025979.1,4671322,4250056,4273396,-,NC_000913.3,4641652,2906532,2933475,20240,28459,0.71119857,60,P,8268,4836,false,false
GCF_002900365.1_to_GCF_000005845.2:51,GCF_002900365.1_to_GCF_000005845.2,GCF_002900365.1,GCF_000005845.2,NZ_CP025979.1,4671322,4308039,4331444,-,NC_000913.3,4641652,2842556,2864935,20582,23425,0.87863394,60,P,7906,4836,true,true
GCF_002900365.1_to_GCF_000005845.2:52,GCF_002900365.1_to_GCF_000005845.2,GCF_002900365.1,GCF_000005845.2,NZ_CP025979.1,4671322,1806259,1829816,-,NC_000913.3,4641652,657168,684417,21458,27318,0.78548942,60,P,7645,5761,false,false
GCF_002900365.1_to_GCF_000005845.2:53,GCF_002900365.1_to_GCF_000005845.2,GCF_002900365.1,GCF_000005845.2,NZ_CP025979.1,4671322,2034695,2056207,-,NC_000913.3,4641652,409096,430476,19640,21589,0.90972254,60,P,7070,5761,true,false
GCF_002900365.1_to_GCF_000005845.2:54,GCF_002900365.1_to_GCF_000005845.2,GCF_002900365.1,GCF_000005845.2,NZ_CP025979.1,4671322,3644937,3670694,+,NC_000913.3,4641652,4283248,4303069,17886,26249,0.68139739,60,P,6553,4851,false,false
GCF_002900365.1_to_GCF_000005845.2:55,GCF_002900365.1_to_GCF_000005845.2,GCF_002900365.1,GCF_000005845.2,NZ_CP025979.1,4671322,586284,610140,-,NC_000913.3,4641652,1899179,1923046,21459,23903,0.89775342,60,P,6472,3578,true,true
GCF_002900365.1_to_GCF_000005845.2:56,GCF_002900365.1_to_GCF_000005845.2,GCF_002900365.1,GCF_000005845.2,NZ_CP025979.1,4671322,2722095,2743035,+,NC_000913.3,4641652,3383299,3404425,18976,21305,0.89068294,60,P,6122,4993,true,true
GCF_002900365.1_to_GCF_000005845.2:57,GCF_002900365.1_to_GCF_000005845.2,GCF_002900365.1,GCF_000005845.2,NZ_CP025979.1,4671322,2520634,2538932,-,NC_000913.3,4641652,4623101,4641633,16955,18547,0.91416402,60,P,7194,85,true,true
GCF_002900365.1_to_GCF_000005845.2:58,GCF_002900365.1_to_GCF_000005845.2,GCF_002900365.1,GCF_000005845.2,NZ_CP025979.1,4671322,3057740,3079608,+,NC_000913.3,4641652,3722323,3744134,19543,21959,0.88997677,60,P,5175,4993,true,true
GCF_002900365.1_to_GCF_000005845.2:59,GCF_002900365.1_to_GCF_000005845.2,GCF_002900365.1,GCF_000005845.2,NZ_CP025979.1,4671322,3678278,3700359,-,NC_000913.3,4641652,4427693,4448232,17423,23510,0.74108890,60,P,5722,114,false,false
GCF_002900365.1_to_GCF_000005845.2:60,GCF_002900365.1_to_GCF_000005845.2,GCF_002900365.1,GCF_000005845.2,NZ_CP025979.1,4671322,257112,282443,-,NC_000913.3,4641652,2198879,2223901,22073,25347,0.87083284,60,P,4322,3578,true,false
GCF_002900365.1_to_GCF_000005845.2:61,GCF_002900365.1_to_GCF_000005845.2,GCF_002900365.1,GCF_000005845.2,NZ_CP025979.1,4671322,426546,449879,-,NC_000913.3,4641652,2012683,2035247,19452,24089,0.80750550,60,P,4984,3578,false,false
GCF_002900365.1_to_GCF_000005845.2:62,GCF_002900365.1_to_GCF_000005845.2,GCF_002900365.1,GCF_000005845.2,NZ_CP025979.1,4671322,3599856,3616397,+,NC_000913.3,4641652,4242530,4260047,14384,18395,0.78195162,60,P,4969,4851,false,false
GCF_002900365.1_to_GCF_000005845.2:63,GCF_002900365.1_to_GCF_000005845.2,GCF_002900365.1,GCF_000005845.2,NZ_CP025979.1,4671322,1726040,1738788,-,NC_000913.3,4641652,753191,765089,11262,12796,0.88011879,60,P,6011,5761,true,true
GCF_002900365.1_to_GCF_000005845.2:64,GCF_002900365.1_to_GCF_000005845.2,GCF_002900365.1,GCF_000005845.2,NZ_CP025979.1,4671322,861399,879005,+,NC_000913.3,4641652,1533066,1552682,15788,19750,0.79939241,60,P,4148,3796,false,false
GCF_002900365.1_to_GCF_000005845.2:65,GCF_002900365.1_to_GCF_000005845.2,GCF_002900365.1,GCF_000005845.2,NZ_CP025979.1,4671322,4277373,4293458,-,NC_000913.3,4641652,2887310,2903422,14601,16123,0.90560069,60,P,4571,4836,true,false
GCF_002900365.1_to_GCF_000005845.2:66,GCF_002900365.1_to_GCF_000005845.2,GCF_002900365.1,GCF_000005845.2,NZ_CP025979.1,4671322,2597845,2613512,-,NC_000913.3,4641652,4539646,4555350,14232,15760,0.90304569,60,P,4688,85,true,false
GCF_002900365.1_to_GCF_000005845.2:67,GCF_002900365.1_to_GCF_000005845.2,GCF_002900365.1,GCF_000005845.2,NZ_CP025979.1,4671322,2571371,2583374,-,NC_000913.3,4641652,4581429,4593194,11072,12043,0.91937225,60,P,6922,85,true,true
GCF_002900365.1_to_GCF_000005845.2:68,GCF_002900365.1_to_GCF_000005845.2,GCF_002900365.1,GCF_000005845.2,NZ_CP025979.1,4671322,1090007,1107119,-,NC_000913.3,4641652,1295442,1313772,15362,18358,0.83680139,60,P,4121,5761,false,false
GCF_002900365.1_to_GCF_000005845.2:69,GCF_002900365.1_to_GCF_000005845.2,GCF_002900365.1,GCF_000005845.2,NZ_CP025979.1,4671322,482571,500390,-,NC_000913.3,4641652,1958451,1978497,15889,20064,0.79191587,60,P,3764,3578,false,false
GCF_002900365.1_to_GCF_000005845.2:70,GCF_002900365.1_to_GCF_000005845.2,GCF_002900365.1,GCF_000005845.2,NZ_CP025979.1,4671322,2961104,2975391,+,NC_000913.3,4641652,3636228,3650640,13013,14495,0.89775785,60,P,4227,4993,true,true
GCF_002900365.1_to_GCF_000005845.2:71,GCF_002900365.1_to_GCF_000005845.2,GCF_002900365.1,GCF_000005845.2,NZ_CP025979.1,4671322,2056512,2071880,-,NC_000913.3,4641652,393311,408502,13762,15379,0.89485662,60,P,3609,5761,true,true
GCF_002900365.1_to_GCF_000005845.2:72,GCF_002900365.1_to_GCF_000005845.2,GCF_002900365.1,GCF_000005845.2,NZ_CP025979.1,4671322,1025596,1041443,-,NC_000913.3,4641652,1351831,1390723,14285,38902,0.36720477,60,P,4021,5761,false,false
GCF_002900365.1_to_GCF_000005845.2:73,GCF_002900365.1_to_GCF_000005845.2,GCF_002900365.1,GCF_000005845.2,NZ_CP025979.1,4671322,3628228,3644844,+,NC_000913.3,4641652,4264312,4281629,14739,17518,0.84136317,60,P,4192,4851,false,false
GCF_002900365.1_to_GCF_000005845.2:74,GCF_002900365.1_to_GCF_000005845.2,GCF_002900365.1,GCF_000005845.2,NZ_CP025979.1,4671322,310387,326548,-,NC_000913.3,4641652,2151719,2164997,12172,16162,0.75312461,60,P,3972,3578,false,false
GCF_002900365.1_to_GCF_000005845.2:75,GCF_002900365.1_to_GCF_000005845.2,GCF_002900365.1,GCF_000005845.2,NZ_CP025979.1,4671322,4293715,4304829,-,NC_000913.3,4641652,2866512,2877627,10379,11115,0.93378318,60,P,4662,4836,true,true
GCF_002900365.1_to_GCF_000005845.2:76,GCF_002900365.1_to_GCF_000005845.2,GCF_002900365.1,GCF_000005845.2,NZ_CP025979.1,4671322,459543,473264,-,NC_000913.3,4641652,1988582,2002328,12453,13752,0.90554101,60,P,3422,3578,true,true
GCF_002900365.1_to_GCF_000005845.2:77,GCF_002900365.1_to_GCF_000005845.2,GCF_002900365.1,GCF_000005845.2,NZ_CP025979.1,4671322,1830733,1843312,-,NC_000913.3,4641652,643514,656108,11471,12596,0.91068593,60,P,3069,5761,true,true
GCF_002900365.1_to_GCF_000005845.2:78,GCF_002900365.1_to_GCF_000005845.2,GCF_002900365.1,GCF_000005845.2,NZ_CP025979.1,4671322,2691929,2703990,+,NC_000913.3,4641652,3369443,3383131,11020,13752,0.80133799,60,P,4478,4993,false,false
GCF_002900365.1_to_GCF_000005845.2:79,GCF_002900365.1_to_GCF_000005845.2,GCF_002900365.1,GCF_000005845.2,NZ_CP025979.1,4671322,4096899,4113079,-,NC_000913.3,4641652,3059748,3073892,12601,16314,0.77240407,60,P,3885,4836,false,false
GCF_002900365.1_to_GCF_000005845.2:80,GCF_002900365.1_to_GCF_000005845.2,GCF_002900365.1,GCF_000005845.2,NZ_CP025979.1,4671322,296915,309594,-,NC_000913.3,4641652,2165576,2187463,11498,21921,0.52451987,60,P,3340,3578,false,false
GCF_002900365.1_to_GCF_000005845.2:81,GCF_002900365.1_to_GCF_000005845.2,GCF_002900365.1,GCF_000005845.2,NZ_CP025979.1,4671322,1739718,1753082,-,NC_000913.3,4641652,738925,752261,11945,13371,0.89335128,60,P,2572,5761,true,true
GCF_002900365.1_to_GCF_000005845.2:82,GCF_002900365.1_to_GCF_000005845.2,GCF_002900365.1,GCF_000005845.2,NZ_CP025979.1,4671322,910056,924848,+,NC_000913.3,4641652,1607277,1622519,12505,16007,0.78122072,60,P,2090,3796,false,false
GCF_002900365.1_to_GCF_000005845.2:83,GCF_002900365.1_to_GCF_000005845.2,GCF_002900365.1,GCF_000005845.2,NZ_CP025979.1,4671322,2128173,2139123,-,NC_000913.3,4641652,332389,342518,9334,10954,0.85210882,60,P,3418,5761,true,true
GCF_002900365.1_to_GCF_000005845.2:84,GCF_002900365.1_to_GCF_000005845.2,GCF_002900365.1,GCF_000005845.2,NZ_CP025979.1,4671322,374647,383990,-,NC_000913.3,4641652,2089857,2099202,8702,9347,0.93099390,60,P,4069,3578,false,false
GCF_002900365.1_to_GCF_000005845.2:85,GCF_002900365.1_to_GCF_000005845.2,GCF_002900365.1,GCF_000005845.2,NZ_CP025979.1,4671322,4381732,4391738,-,NC_000913.3,4641652,2788855,2798593,9000,10039,0.89650364,60,P,3855,4836,true,true
GCF_002900365.1_to_GCF_000005845.2:86,GCF_002900365.1_to_GCF_000005845.2,GCF_002900365.1,GCF_000005845.2,NZ_CP025979.1,4671322,3839112,3850331,-,NC_000913.3,4641652,4449115,4459856,9755,11340,0.86022928,60,P,3731,42,true,true
GCF_002900365.1_to_GCF_000005845.2:87,GCF_002900365.1_to_GCF_000005845.2,GCF_002900365.1,GCF_000005845.2,NZ_CP025979.1,4671322,3828067,3838398,-,NC_000913.3,4641652,4459903,4470317,9437,10426,0.90514099,60,P,2903,42,true,true
GCF_002900365.1_to_GCF_000005845.2:88,GCF_002900365.1_to_GCF_000005845.2,GCF_002900365.1,GCF_000005845.2,NZ_CP025979.1,4671322,2643919,2652288,+,NC_000913.3,4641652,3322029,3330397,7783,8370,0.92986858,60,P,3649,4993,false,false
GCF_002900365.1_to_GCF_000005845.2:89,GCF_002900365.1_to_GCF_000005845.2,GCF_002900365.1,GCF_000005845.2,NZ_CP025979.1,4671322,3917751,3927182,+,NC_000913.3,4641652,3281781,3296400,8498,14806,0.57395650,60,P,3619,82,false,false
GCF_002900365.1_to_GCF_000005845.2:90,GCF_002900365.1_to_GCF_000005845.2,GCF_002900365.1,GCF_000005845.2,NZ_CP025979.1,4671322,3934055,3941544,-,NC_000913.3,4641652,4480932,4488423,7048,7494,0.94048572,60,P,3706,0,false,false
GCF_002900365.1_to_GCF_000005845.2:91,GCF_002900365.1_to_GCF_000005845.2,GCF_002900365.1,GCF_000005845.2,NZ_CP025979.1,4671322,2180993,2190266,-,NC_000913.3,4641652,253699,262906,7777,10052,0.77367688,60,P,2572,5761,false,false
GCF_002900365.1_to_GCF_000005845.2:92,GCF_002900365.1_to_GCF_000005845.2,GCF_002900365.1,GCF_000005845.2,NZ_CP025979.1,4671322,926803,936443,+,NC_000913.3,4641652,1625377,1635022,8735,9654,0.90480630,60,P,4347,3796,false,false
GCF_002900365.1_to_GCF_000005845.2:93,GCF_002900365.1_to_GCF_000005845.2,GCF_002900365.1,GCF_000005845.2,NZ_CP025979.1,4671322,3093237,3100303,-,NC_000913.3,4641652,4079290,4086839,6552,7695,0.85146199,60,P,3803,4851,false,false
GCF_002900365.1_to_GCF_000005845.2:94,GCF_002900365.1_to_GCF_000005845.2,GCF_002900365.1,GCF_000005845.2,NZ_CP025979.1,4671322,411489,421894,-,NC_000913.3,4641652,2053520,2065340,9283,11843,0.78383855,60,P,1882,3578,false,false
GCF_002900365.1_to_GCF_000005845.2:95,GCF_002900365.1_to_GCF_000005845.2,GCF_002900365.1,GCF_000005845.2,NZ_CP025979.1,4671322,3591235,3599860,+,NC_000913.3,4641652,4231882,4240738,7851,8880,0.88412162,60,P,2734,4851,false,false
GCF_002900365.1_to_GCF_000005845.2:96,GCF_002900365.1_to_GCF_000005845.2,GCF_002900365.1,GCF_000005845.2,NZ_CP025979.1,4671322,3046008,3055408,+,NC_000913.3,4641652,3710838,3720305,8478,9476,0.89468130,60,P,2346,4993,false,false
GCF_002900365.1_to_GCF_000005845.2:97,GCF_002900365.1_to_GCF_000005845.2,GCF_002900365.1,GCF_000005845.2,NZ_CP025979.1,4671322,829772,839099,-,NC_000913.3,4641652,1637610,1644677,6599,9337,0.70675806,60,P,3712,3578,false,false
GCF_002900365.1_to_GCF_000005845.2:98,GCF_002900365.1_to_GCF_000005845.2,GCF_002900365.1,GCF_000005845.2,NZ_CP025979.1,4671322,287725,295934,-,NC_000913.3,4641652,2188449,2196649,7463,8210,0.90901340,60,P,2194,3578,false,false
GCF_002900365.1_to_GCF_000005845.2:99,GCF_002900365.1_to_GCF_000005845.2,GCF_002900365.1,GCF_000005845.2,NZ_CP025979.1,4671322,1009957,1020655,-,NC_000913.3,4641652,1394903,1411941,9456,17067,0.55405168,60,P,2366,5761,false,false
GCF_002900365.1_to_GCF_000005845.2:100,GCF_002900365.1_to_GCF_000005845.2,GCF_002900365.1,GCF_000005845.2,NZ_CP025979.1,4671322,2233995,2240494,-,NC_000913.3,4641652,239443,245945,6061,6503,0.93203137,60,P,2480,5761,false,false
GCF_002900365.1_to_GCF_000005845.2:101,GCF_002900365.1_to_GCF_000005845.2,GCF_002900365.1,GCF_000005845.2,NZ_CP025979.1,4671322,997872,1007570,-,NC_000913.3,4641652,1436141,1445793,8578,9703,0.88405648,60,P,1499,5761,false,false
GCF_002900365.1_to_GCF_000005845.2:102,GCF_002900365.1_to_GCF_000005845.2,GCF_002900365.1,GCF_000005845.2,NZ_CP025979.1,4671322,2587558,2597032,-,NC_000913.3,4641652,4558291,4571915,8425,13654,0.61703530,60,P,1902,85,false,false
GCF_002900365.1_to_GCF_000005845.2:103,GCF_002900365.1_to_GCF_000005845.2,GCF_002900365.1,GCF_000005845.2,NZ_CP025979.1,4671322,384198,391164,-,NC_000913.3,4641652,2080795,2089207,6375,8421,0.75703598,60,P,2373,3578,false,false
GCF_002900365.1_to_GCF_000005845.2:104,GCF_002900365.1_to_GCF_000005845.2,GCF_002900365.1,GCF_000005845.2,NZ_CP025979.1,4671322,548965,556004,-,NC_000913.3,4641652,1944427,1951387,6343,7041,0.90086635,60,P,2410,3578,false,false
GCF_002900365.1_to_GCF_000005845.2:105,GCF_002900365.1_to_GCF_000005845.2,GCF_002900365.1,GCF_000005845.2,NZ_CP025979.1,4671322,3424522,3431564,-,NC_000913.3,4641652,3754913,3761955,6391,7044,0.90729699,60,P,1600,4851,false,false
GCF_002900365.1_to_GCF_000005845.2:106,GCF_002900365.1_to_GCF_000005845.2,GCF_002900365.1,GCF_000005845.2,NZ_CP025979.1,4671322,2954311,2959450,+,NC_000913.3,4641652,3625678,3630817,4789,5139,0.93189336,60,P,2058,4993,false,false
GCF_002900365.1_to_GCF_000005845.2:107,GCF_002900365.1_to_GCF_000005845.2,GCF_002900365.1,GCF_000005845.2,NZ_CP025979.1,4671322,1110126,1116801,-,NC_000913.3,4641652,1287536,1294215,6018,6680,0.90089820,60,P,1933,5761,false,false
GCF_002900365.1_to_GCF_000005845.2:108,GCF_002900365.1_to_GCF_000005845.2,GCF_002900365.1,GCF_000005845.2,NZ_CP025979.1,4671322,475509,482141,-,NC_000913.3,4641652,1979704,1986337,5959,6638,0.89771015,60,P,1265,3578,false,false
GCF_002900365.1_to_GCF_000005845.2:109,GCF_002900365.1_to_GCF_000005845.2,GCF_002900365.1,GCF_000005845.2,NZ_CP025979.1,4671322,3384024,3388703,-,NC_000913.3,4641652,3799462,3804138,4369,4680,0.93354701,60,P,1727,4851,false,false
GCF_002900365.1_to_GCF_000005845.2:110,GCF_002900365.1_to_GCF_000005845.2,GCF_002900365.1,GCF_000005845.2,NZ_CP025979.1,4671322,1153048,1160076,-,NC_000913.3,4641652,1245745,1252960,6211,7215,0.86084546,60,P,789,5761,false,false
GCF_002900365.1_to_GCF_000005845.2:111,GCF_002900365.1_to_GCF_000005845.2,GCF_002900365.1,GCF_000005845.2,NZ_CP025979.1,4671322,893128,900006,+,NC_000913.3,4641652,1572527,1579411,6046,6893,0.87712172,60,P,643,3796,false,false
GCF_002900365.1_to_GCF_000005845.2:112,GCF_002900365.1_to_GCF_000005845.2,GCF_002900365.1,GCF_000005845.2,NZ_CP025979.1,4671322,132502,137260,-,NC_000913.3,4641652,2344590,2349516,4352,4927,0.88329612,60,P,1235,3578,false,false
GCF_002900365.1_to_GCF_000005845.2:113,GCF_002900365.1_to_GCF_000005845.2,GCF_002900365.1,GCF_000005845.2,NZ_CP025979.1,4671322,4085426,4090604,-,NC_000913.3,4641652,3074230,3079408,4680,5178,0.90382387,60,P,1463,4836,false,false
GCF_002900365.1_to_GCF_000005845.2:114,GCF_002900365.1_to_GCF_000005845.2,GCF_002900365.1,GCF_000005845.2,NZ_CP025979.1,4671322,2074523,2079673,-,NC_000913.3,4641652,385120,390333,4663,5225,0.89244019,60,P,1421,5761,false,false
GCF_002900365.1_to_GCF_000005845.2:115,GCF_002900365.1_to_GCF_000005845.2,GCF_002900365.1,GCF_000005845.2,NZ_CP025979.1,4671322,2988616,2995021,+,NC_000913.3,4641652,3657734,3664206,5637,6504,0.86669742,60,P,970,4993,false,false
GCF_002900365.1_to_GCF_000005845.2:116,GCF_002900365.1_to_GCF_000005845.2,GCF_002900365.1,GCF_000005845.2,NZ_CP025979.1,4671322,886604,892755,+,NC_000913.3,4641652,1565924,1572152,5420,6235,0.86928629,60,P,1048,3796,false,false
GCF_002900365.1_to_GCF_000005845.2:117,GCF_002900365.1_to_GCF_000005845.2,GCF_002900365.1,GCF_000005845.2,NZ_CP025979.1,4671322,879431,883657,+,NC_000913.3,4641652,1552790,1557050,3863,4261,0.90659470,60,P,1273,3796,false,false
GCF_002900365.1_to_GCF_000005845.2:118,GCF_002900365.1_to_GCF_000005845.2,GCF_002900365.1,GCF_000005845.2,NZ_CP025979.1,4671322,452364,456767,-,NC_000913.3,4641652,2005311,2009714,3976,4403,0.90302067,60,P,878,3578,false,false
GCF_002900365.1_to_GCF_000005845.2:119,GCF_002900365.1_to_GCF_000005845.2,GCF_002900365.1,GCF_000005845.2,NZ_CP025979.1,4671322,3082017,3087232,+,NC_000913.3,4641652,3745612,3750827,4597,5217,0.88115775,60,P,725,4993,false,false
GCF_002900365.1_to_GCF_000005845.2:120,GCF_002900365.1_to_GCF_000005845.2,GCF_002900365.1,GCF_000005845.2,NZ_CP025979.1,4671322,610735,614793,-,NC_000913.3,4641652,1894527,1898584,3667,4059,0.90342449,60,P,1302,3578,false,false
GCF_002900365.1_to_GCF_000005845.2:121,GCF_002900365.1_to_GCF_000005845.2,GCF_002900365.1,GCF_000005845.2,NZ_CP025979.1,4671322,3103436,3106380,-,NC_000913.3,4641652,4075494,4078438,2766,2944,0.93953804,60,P,1370,4851,false,false
GCF_002900365.1_to_GCF_000005845.2:122,GCF_002900365.1_to_GCF_000005845.2,GCF_002900365.1,GCF_000005845.2,NZ_CP025979.1,4671322,1843623,1847812,-,NC_000913.3,4641652,637681,641869,3734,4197,0.88968311,60,P,1478,5761,false,false
GCF_002900365.1_to_GCF_000005845.2:123,GCF_002900365.1_to_GCF_000005845.2,GCF_002900365.1,GCF_000005845.2,NZ_CP025979.1,4671322,2374766,2379029,-,NC_000913.3,4641652,145632,149614,3569,4268,0.83622306,60,P,1037,5761,false,false
GCF_002900365.1_to_GCF_000005845.2:124,GCF_002900365.1_to_GCF_000005845.2,GCF_002900365.1,GCF_000005845.2,NZ_CP025979.1,4671322,3350640,3355873,-,NC_000913.3,4641652,3833792,3836318,2389,5233,0.45652589,60,P,1317,4851,false,false
GCF_002900365.1_to_GCF_000005845.2:125,GCF_002900365.1_to_GCF_000005845.2,GCF_002900365.1,GCF_000005845.2,NZ_CP025979.1,4671322,2144013,2147070,-,NC_000913.3,4641652,321409,324457,2787,3057,0.91167812,60,P,753,5761,false,false
GCF_002900365.1_to_GCF_000005845.2:126,GCF_002900365.1_to_GCF_000005845.2,GCF_002900365.1,GCF_000005845.2,NZ_CP025979.1,4671322,1202942,1206213,-,NC_000913.3,4641652,1224275,1229051,2965,4779,0.62042268,60,P,945,5761,false,false
GCF_002900365.1_to_GCF_000005845.2:127,GCF_002900365.1_to_GCF_000005845.2,GCF_002900365.1,GCF_000005845.2,NZ_CP025979.1,4671322,2149100,2152243,-,NC_000913.3,4641652,317925,321068,2830,3143,0.90041362,60,P,632,5761,false,false
GCF_002900365.1_to_GCF_000005845.2:128,GCF_002900365.1_to_GCF_000005845.2,GCF_002900365.1,GCF_000005845.2,NZ_CP025979.1,4671322,818230,819858,-,NC_000913.3,4641652,1649217,1650844,1616,1628,0.99262899,60,P,2001,3578,false,false
GCF_002900365.1_to_GCF_000005845.2:129,GCF_002900365.1_to_GCF_000005845.2,GCF_002900365.1,GCF_000005845.2,NZ_CP025979.1,4671322,3825455,3827500,-,NC_000913.3,4641652,4470523,4472568,1942,2045,0.94963325,60,P,1826,42,false,false
GCF_002900365.1_to_GCF_000005845.2:130,GCF_002900365.1_to_GCF_000005845.2,GCF_002900365.1,GCF_000005845.2,NZ_CP025979.1,4671322,2231501,2233738,-,NC_000913.3,4641652,246793,249873,2091,3080,0.67889610,60,P,981,5761,false,false
GCF_002900365.1_to_GCF_000005845.2:131,GCF_002900365.1_to_GCF_000005845.2,GCF_002900365.1,GCF_000005845.2,NZ_CP025979.1,4671322,1350945,1356507,-,NC_000913.3,4641652,1058221,1063797,4748,5580,0.85089606,60,P,803,5761,false,false
GCF_002900365.1_to_GCF_000005845.2:132,GCF_002900365.1_to_GCF_000005845.2,GCF_002900365.1,GCF_000005845.2,NZ_CP025979.1,4671322,944645,946072,-,NC_000913.3,4641652,4502088,4503515,1415,1427,0.99159075,60,P,1328,0,false,false
GCF_002900365.1_to_GCF_000005845.2:133,GCF_002900365.1_to_GCF_000005845.2,GCF_002900365.1,GCF_000005845.2,NZ_CP025979.1,4671322,3672018,3673447,-,NC_000913.3,4641652,4502086,4503515,1414,1429,0.98950315,60,P,1288,0,false,false
GCF_002900365.1_to_GCF_000005845.2:134,GCF_002900365.1_to_GCF_000005845.2,GCF_002900365.1,GCF_000005845.2,NZ_CP025979.1,4671322,3946253,3947681,+,NC_000913.3,4641652,4502087,4503515,1413,1428,0.98949580,60,P,1315,0,false,false
GCF_002900365.1_to_GCF_000005845.2:135,GCF_002900365.1_to_GCF_000005845.2,GCF_002900365.1,GCF_000005845.2,NZ_CP025979.1,4671322,3942529,3943957,-,NC_000913.3,4641652,4502087,4503515,1412,1428,0.98879552,60,P,1303,0,false,false
GCF_002900365.1_to_GCF_000005845.2:136,GCF_002900365.1_to_GCF_000005845.2,GCF_002900365.1,GCF_000005845.2,NZ_CP025979.1,4671322,3853196,3854623,-,NC_000913.3,4641652,4502088,4503515,1411,1427,0.98878767,60,P,1303,0,false,false
GCF_002900365.1_to_GCF_000005845.2:137,GCF_002900365.1_to_GCF_000005845.2,GCF_002900365.1,GCF_000005845.2,NZ_CP025979.1,4671322,2998768,3002803,+,NC_000913.3,4641652,3669484,3672079,2349,4035,0.58215613,60,P,1110,4993,false,false
GCF_002900365.1_to_GCF_000005845.2:138,GCF_002900365.1_to_GCF_000005845.2,GCF_002900365.1,GCF_000005845.2,NZ_CP025979.1,4671322,940085,941474,+,NC_000913.3,4641652,4502087,4503476,1372,1389,0.98776098,60,P,1249,0,false,false
GCF_002900365.1_to_GCF_000005845.2:139,GCF_002900365.1_to_GCF_000005845.2,GCF_002900365.1,GCF_000005845.2,NZ_CP025979.1,4671322,3932619,3934047,+,NC_000913.3,4641652,4502086,4503515,1403,1429,0.98180546,60,P,1224,0,false,false
GCF_002900365.1_to_GCF_000005845.2:140,GCF_002900365.1_to_GCF_000005845.2,GCF_002900365.1,GCF_000005845.2,NZ_CP025979.1,4671322,3676822,3678250,+,NC_000913.3,4641652,4502087,4503515,1400,1428,0.98039216,60,P,1212,0,false,false
GCF_002900365.1_to_GCF_000005845.2:141,GCF_002900365.1_to_GCF_000005845.2,GCF_002900365.1,GCF_000005845.2,NZ_CP025979.1,4671322,3616561,3620877,+,NC_000913.3,4641652,4261764,4264216,2227,4317,0.51586750,60,P,520,4851,false,false
GCF_002900365.1_to_GCF_000005845.2:142,GCF_002900365.1_to_GCF_000005845.2,GCF_002900365.1,GCF_000005845.2,NZ_CP025979.1,4671322,820553,821818,-,NC_000913.3,4641652,1647356,1648621,1232,1265,0.97391304,60,P,1019,3578,false,false
GCF_002900365.1_to_GCF_000005845.2:143,GCF_002900365.1_to_GCF_000005845.2,GCF_002900365.1,GCF_000005845.2,NZ_CP025979.1,4671322,391377,392968,-,NC_000913.3,4641652,2078999,2080593,1485,1594,0.93161857,60,P,632,3578,false,false
GCF_002900365.1_to_GCF_000005845.2:144,GCF_002900365.1_to_GCF_000005845.2,GCF_002900365.1,GCF_000005845.2,NZ_CP025979.1,4671322,2986122,2988421,+,NC_000913.3,4641652,3655256,3657554,2040,2300,0.88695652,60,P,555,4993,false,false
GCF_002900365.1_to_GCF_000005845.2:145,GCF_002900365.1_to_GCF_000005845.2,GCF_002900365.1,GCF_000005845.2,NZ_CP025979.1,4671322,1756288,1757569,-,NC_000913.3,4641652,736681,737962,1222,1282,0.95319813,60,P,853,5761,false,false
GCF_002900365.1_to_GCF_000005845.2:146,GCF_002900365.1_to_GCF_000005845.2,GCF_002900365.1,GCF_000005845.2,NZ_CP025979.1,4671322,2080235,2083458,-,NC_000913.3,4641652,382589,384565,1765,3226,0.54711717,60,P,369,5761,false,false
GCF_002900365.1_to_GCF_000005845.2:147,GCF_002900365.1_to_GCF_000005845.2,GCF_002900365.1,GCF_000005845.2,NZ_CP025979.1,4671322,900475,903191,+,NC_000913.3,4641652,1579891,1582606,2350,2716,0.86524300,60,P,174,3796,false,false
GCF_002900365.1_to_GCF_000005845.2:148,GCF_002900365.1_to_GCF_000005845.2,GCF_002900365.1,GCF_000005845.2,NZ_CP025979.1,4671322,3087339,3088540,-,NC_000913.3,4641652,4086868,4088068,1122,1201,0.93422148,60,P,557,0,false,false
GCF_002900365.1_to_GCF_000005845.2:149,GCF_002900365.1_to_GCF_000005845.2,GCF_002900365.1,GCF_000005845.2,NZ_CP025979.1,4671322,473766,475140,-,NC_000913.3,4641652,1986719,1988089,1241,1377,0.90123457,60,P,290,3578,false,false
GCF_002900365.1_to_GCF_000005845.2:150,GCF_002900365.1_to_GCF_000005845.2,GCF_002900365.1,GCF_000005845.2,NZ_CP025979.1,4671322,3930304,3931965,+,NC_000913.3,4641652,4488425,4490096,1464,1671,0.87612208,60,P,266,0,false,false
GCF_002900365.1_to_GCF_000005845.2:151,GCF_002900365.1_to_GCF_000005845.2,GCF_002900365.1,GCF_000005845.2,NZ_CP025979.1,4671322,825016,825635,-,NC_000913.3,4641652,1644669,1645288,612,619,0.98869144,60,P,751,3578,false,false
GCF_002900365.1_to_GCF_000005845.2:152,GCF_002900365.1_to_GCF_000005845.2,GCF_002900365.1,GCF_000005845.2,NZ_CP025979.1,4671322,2584496,2585319,-,NC_000913.3,4641652,4579502,4580325,766,823,0.93074119,60,P,249,85,false,false
GCF_002900365.1_to_GCF_000005845.2:153,GCF_002900365.1_to_GCF_000005845.2,GCF_002900365.1,GCF_000005845.2,NZ_CP025979.1,4671322,907968,908986,+,NC_000913.3,4641652,1590749,1591695,860,1022,0.84148728,60,P,232,3796,false,false
GCF_002900365.1_to_GCF_000005845.2:154,GCF_002900365.1_to_GCF_000005845.2,GCF_002900365.1,GCF_000005845.2,NZ_CP025979.1,4671322,936674,937258,+,NC_000913.3,4641652,1635256,1635840,571,584,0.97773973,60,P,444,3796,false,false
GCF_002900365.1_to_GCF_000005845.2:155,GCF_002900365.1_to_GCF_000005845.2,GCF_002900365.1,GCF_000005845.2,NZ_CP025979.1,4671322,3588950,3589799,+,NC_000913.3,4641652,4230343,4231192,780,849,0.91872792,60,P,330,4851,false,false
GCF_002900365.1_to_GCF_000005845.2:156,GCF_002900365.1_to_GCF_000005845.2,GCF_002900365.1,GCF_000005845.2,NZ_CP025979.1,4671322,943858,944280,-,NC_000913.3,4641652,737028,737450,407,422,0.96445498,60,P,249,0,false,false
GCF_002900365.1_to_GCF_000005845.2:157,GCF_002900365.1_to_GCF_000005845.2,GCF_002900365.1,GCF_000005845.2,NZ_CP025979.1,4671322,4652572,4653033,+,NC_000913.3,4641652,577652,578113,436,461,0.94577007,60,P,254,0,false,false
GCF_002900365.1_to_GCF_000005845.2:158,GCF_002900365.1_to_GCF_000005845.2,GCF_002900365.1,GCF_000005845.2,NZ_CP025979.1,4671322,4171602,4172552,-,NC_000913.3,4641652,2998983,2999933,824,950,0.86736842,60,P,226,4836,false,false
GCF_002900365.1_to_GCF_000005845.2:159,GCF_002900365.1_to_GCF_000005845.2,GCF_002900365.1,GCF_000005845.2,NZ_CP025979.1,4671322,1166885,1167401,-,NC_000913.3,4641652,1244457,1245055,482,598,0.80602007,60,P,256,5761,false,false
GCF_002900365.1_to_GCF_000005845.2:160,GCF_002900365.1_to_GCF_000005845.2,GCF_002900365.1,GCF_000005845.2,NZ_CP025979.1,4671322,2617072,2617397,+,NC_000913.3,4641652,4507127,4507452,321,325,0.98769231,60,P,280,113,false,false
GCF_002900365.1_to_GCF_000005845.2:161,GCF_002900365.1_to_GCF_000005845.2,GCF_002900365.1,GCF_000005845.2,NZ_CP025979.1,4671322,4636511,4636851,-,NC_000913.3,4641652,2476259,2476599,332,340,0.97647059,60,P,271,0,false,false
GCF_002900365.1_to_GCF_000005845.2:162,GCF_002900365.1_to_GCF_000005845.2,GCF_002900365.1,GCF_000005845.2,NZ_CP025979.1,4671322,458365,458918,-,NC_000913.3,4641652,2003139,2003692,488,554,0.88086643,60,P,112,3578,false,false
GCF_002900365.1_to_GCF_000005845.2:163,GCF_002900365.1_to_GCF_000005845.2,GCF_002900365.1,GCF_000005845.2,NZ_CP025979.1,4671322,3944415,3944880,-,NC_000913.3,4641652,4479021,4479486,416,465,0.89462366,60,P,106,0,false,false
GCF_002900365.1_to_GCF_000005845.2:164,GCF_002900365.1_to_GCF_000005845.2,GCF_002900365.1,GCF_000005845.2,NZ_CP025979.1,4671322,3932055,3932618,+,NC_000913.3,4641652,4495947,4496510,493,563,0.87566607,60,P,187,0,false,false
GCF_002900365.1_to_GCF_000005845.2:165,GCF_002900365.1_to_GCF_000005845.2,GCF_002900365.1,GCF_000005845.2,NZ_CP025979.1,4671322,2995613,2996715,+,NC_000913.3,4641652,3664798,3665900,928,1104,0.84057971,60,P,148,4993,false,false
GCF_002900365.1_to_GCF_000005845.2:166,GCF_002900365.1_to_GCF_000005845.2,GCF_002900365.1,GCF_000005845.2,NZ_CP025981.1,76160,25632,27058,+,NC_000913.3,4641652,4502089,4503515,1410,1426,0.98877980,60,P,1303,0,false,false
GCF_002900365.1_to_GCF_000005845.2:167,GCF_002900365.1_to_GCF_000005845.2,GCF_002900365.1,GCF_000005845.2,NZ_CP025981.1,76160,43151,44578,+,NC_000913.3,4641652,4502088,4503515,1410,1427,0.98808690,60,P,1299,0,false,false
GCF_002900365.1_to_GCF_000005845.2:168,GCF_002900365.1_to_GCF_000005845.2,GCF_002900365.1,GCF_000005845.2,NZ_CP025981.1,76160,5378,6174,+,NC_000913.3,4641652,4509006,4509797,752,797,0.94353827,60,P,415,87,false,false
GCF_002900365.1_to_GCF_000005845.2:169,GCF_002900365.1_to_GCF_000005845.2,GCF_002900365.1,GCF_000005845.2,NZ_CP025981.1,76160,4925,5253,+,NC_000913.3,4641652,4507124,4507452,316,328,0.96341463,60,P,206,132,false,false
GCF_002900365.1_to_GCF_000005845.2:170,GCF_002900365.1_to_GCF_000005845.2,GCF_002900365.1,GCF_000005845.2,NZ_CP025981.1,76160,40443,40878,-,NC_000913.3,4641652,529683,530119,391,436,0.89678899,60,P,137,0,false,false
GCF_002900365.1_to_GCF_000005845.2:171,GCF_002900365.1_to_GCF_000005845.2,GCF_002900365.1,GCF_000005845.2,NZ_CP025981.1,76160,33717,34046,+,NC_000913.3,4641652,2171100,2171430,305,330,0.92424242,1,P,84,84,false,false
GCF_002900365.1_to_GCF_000005845.2:172,GCF_002900365.1_to_GCF_000005845.2,GCF_002900365.1,GCF_000005845.2,NZ_CP025980.1,148809,47875,54645,+,NC_000913.3,4641652,3112090,3118869,5924,6782,0.87348865,60,P,1714,0,false,false
GCF_002900365.1_to_GCF_000005845.2:173,GCF_002900365.1_to_GCF_000005845.2,GCF_002900365.1,GCF_000005845.2,NZ_CP025980.1,148809,130516,131943,-,NC_000913.3,4641652,4502088,4503515,1410,1427,0.98808690,60,P,1299,0,false,false
GCF_002900365.1_to_GCF_000005845.2:174,GCF_002900365.1_to_GCF_000005845.2,GCF_002900365.1,GCF_000005845.2,NZ_CP025980.1,148809,38373,39870,+,NC_000913.3,4641652,3110590,3112087,1274,1497,0.85103540,60,P,144,0,false,false
GCF_000005845.2_to_GCF_002900365.1:1,GCF_000005845.2_to_GCF_002900365.1,GCF_000005845.2,GCF_002900365.1,NC_000913.3,4641652,4093122,4230225,+,NZ_CP025979.1,4671322,3432104,3581895,122849,154620,0.79452205,60,P,59210,4993,false,false
GCF_000005845.2_to_GCF_002900365.1:2,GCF_000005845.2_to_GCF_002900365.1,GCF_000005845.2,GCF_002900365.1,NC_000913.3,4641652,3470092,3618989,+,NZ_CP025979.1,4671322,2794233,2954143,128559,168764,0.76176791,60,P,47417,4850,false,false
GCF_000005845.2_to_GCF_002900365.1:3,GCF_000005845.2_to_GCF_002900365.1,GCF_000005845.2,GCF_002900365.1,NC_000913.3,4641652,11960,129342,-,NZ_CP025979.1,4671322,2396113,2509278,103504,118473,0.87365054,60,P,38779,4701,true,true
GCF_000005845.2_to_GCF_002900365.1:4,GCF_000005845.2_to_GCF_002900365.1,GCF_000005845.2,GCF_002900365.1,NC_000913.3,4641652,4303060,4426610,-,NZ_CP025979.1,4671322,3708281,3821841,103265,125135,0.82522875,60,P,43766,96,false,false
GCF_000005845.2_to_GCF_002900365.1:5,GCF_000005845.2_to_GCF_002900365.1,GCF_000005845.2,GCF_002900365.1,NC_000913.3,4641652,2635887,2755956,-,NZ_CP025979.1,4671322,4392383,4506216,103277,121800,0.84792282,60,P,43562,4721,false,false
GCF_000005845.2_to_GCF_002900365.1:6,GCF_000005845.2_to_GCF_002900365.1,GCF_000005845.2,GCF_002900365.1,NC_000913.3,4641652,409096,522836,-,NZ_CP025979.1,4671322,1930595,2056207,103854,126508,0.82092832,60,P,37589,4701,false,false
GCF_000005845.2_to_GCF_002900365.1:7,GCF_000005845.2_to_GCF_002900365.1,GCF_000005845.2,GCF_002900365.1,NC_000913.3,4641652,2495050,2635454,-,NZ_CP025979.1,4671322,4507290,4636498,104658,155420,0.67338824,60,P,37936,4721,false,false
GCF_000005845.2_to_GCF_002900365.1:8,GCF_000005845.2_to_GCF_002900365.1,GCF_000005845.2,GCF_002900365.1,NC_000913.3,4641652,1651548,1802621,-,NZ_CP025979.1,4671322,687025,816046,115094,152643,0.75400772,60,P,33783,5761,false,false
GCF_000005845.2_to_GCF_002900365.1:9,GCF_000005845.2_to_GCF_002900365.1,GCF_000005845.2,GCF_002900365.1,NC_000913.3,4641652,2227346,2342942,-,NZ_CP025979.1,4671322,138913,253540,99925,120906,0.82646850,60,P,33901,5761,false,false
GCF_000005845.2_to_GCF_002900365.1:10,GCF_000005845.2_to_GCF_002900365.1,GCF_000005845.2,GCF_002900365.1,NC_000913.3,4641652,2349934,2467697,-,NZ_CP025979.1,4671322,4916,132306,95824,140084,0.68404671,60,P,32982,5761,false,false
GCF_000005845.2_to_GCF_002900365.1:11,GCF_000005845.2_to_GCF_002900365.1,GCF_000005845.2,GCF_002900365.1,NC_000913.3,4641652,950339,1055148,-,NZ_CP025979.1,4671322,1358530,1456836,87808,106455,0.82483679,60,P,27635,4701,false,false
GCF_000005845.2_to_GCF_002900365.1:12,GCF_000005845.2_to_GCF_002900365.1,GCF_000005845.2,GCF_002900365.1,NC_000913.3,4641652,3876101,3959829,-,NZ_CP025979.1,4671322,3231473,3304649,68146,83846,0.81275195,60,P,34886,4855,false,false
GCF_000005845.2_to_GCF_002900365.1:13,GCF_000005845.2_to_GCF_002900365.1,GCF_000005845.2,GCF_002900365.1,NC_000913.3,4641652,3960674,4037116,-,NZ_CP025979.1,4671322,3144812,3231405,70148,86995,0.80634519,60,P,26922,4855,false,false
GCF_000005845.2_to_GCF_002900365.1:14,GCF_000005845.2_to_GCF_002900365.1,GCF_000005845.2,GCF_002900365.1,NC_000913.3,4641652,859230,947044,-,NZ_CP025979.1,4671322,1469779,1577238,79013,108109,0.73086422,60,P,21155,4701,false,false
GCF_000005845.2_to_GCF_002900365.1:15,GCF_000005845.2_to_GCF_002900365.1,GCF_000005845.2,GCF_002900365.1,NC_000913.3,4641652,157505,209624,-,NZ_CP025979.1,4671322,2311334,2365211,48128,54118,0.88931594,60,P,20714,4701,true,true
GCF_000005845.2_to_GCF_002900365.1:16,GCF_000005845.2_to_GCF_002900365.1,GCF_000005845.2,GCF_002900365.1,NC_000913.3,4641652,657168,715346,-,NZ_CP025979.1,4671322,1773348,1829816,49131,61579,0.79785316,60,P,19677,4701,false,false
GCF_000005845.2_to_GCF_002900365.1:17,GCF_000005845.2_to_GCF_002900365.1,GCF_000005845.2,GCF_002900365.1,NC_000913.3,4641652,3000194,3059391,-,NZ_CP025979.1,4671322,4113384,4171367,52520,59249,0.88642846,60,P,14417,4721,true,true
GCF_000005845.2_to_GCF_002900365.1:18,GCF_000005845.2_to_GCF_002900365.1,GCF_000005845.2,GCF_002900365.1,NC_000913.3,4641652,2113137,2153403,-,NZ_CP025979.1,4671322,324864,365753,37730,41681,0.90520861,60,P,28198,5761,true,true
GCF_000005845.2_to_GCF_002900365.1:19,GCF_000005845.2_to_GCF_002900365.1,GCF_000005845.2,GCF_002900365.1,NC_000913.3,4641652,2935598,2988150,-,NZ_CP025979.1,4671322,4177556,4243020,47987,65494,0.73269307,60,P,15941,4721,false,false
GCF_000005845.2_to_GCF_002900365.1:20,GCF_000005845.2_to_GCF_002900365.1,GCF_000005845.2,GCF_002900365.1,NC_000913.3,4641652,771422,820591,-,NZ_CP025979.1,4671322,1616991,1668586,44320,52454,0.84493080,60,P,15453,4701,false,false
GCF_000005845.2_to_GCF_002900365.1:21,GCF_000005845.2_to_GCF_002900365.1,GCF_000005845.2,GCF_002900365.1,NC_000913.3,4641652,587090,636128,-,NZ_CP025979.1,4671322,1849362,1896871,42940,49243,0.87200211,60,P,11019,4701,true,true
GCF_000005845.2_to_GCF_002900365.1:22,GCF_000005845.2_to_GCF_002900365.1,GCF_000005845.2,GCF_002900365.1,NC_000913.3,4641652,2799005,2838248,-,NZ_CP025979.1,4671322,4332414,4381320,36250,49067,0.73878574,60,P,14727,4721,false,false
GCF_000005845.2_to_GCF_002900365.1:23,GCF_000005845.2_to_GCF_002900365.1,GCF_000005845.2,GCF_002900365.1,NC_000913.3,4641652,3131477,3173446,-,NZ_CP025979.1,4671322,3988991,4028763,36487,42046,0.86778766,60,P,12706,4721,true,false
GCF_000005845.2_to_GCF_002900365.1:24,GCF_000005845.2_to_GCF_002900365.1,GCF_000005845.2,GCF_002900365.1,NC_000913.3,4641652,1153686,1196452,-,NZ_CP025979.1,4671322,1225658,1266420,37169,42899,0.86643045,60,P,11663,4701,true,true
GCF_000005845.2_to_GCF_002900365.1:25,GCF_000005845.2_to_GCF_002900365.1,GCF_000005845.2,GCF_002900365.1,NC_000913.3,4641652,3427176,3453454,+,NZ_CP025979.1,4671322,2766412,2792700,25112,26290,0.95519209,60,P,20859,4850,true,true
GCF_000005845.2_to_GCF_002900365.1:26,GCF_000005845.2_to_GCF_002900365.1,GCF_000005845.2,GCF_002900365.1,NC_000913.3,4641652,3239758,3281076,+,NZ_CP025979.1,4671322,3878458,3915748,33917,41443,0.81840118,60,P,11898,54,false,false
GCF_000005845.2_to_GCF_002900365.1:27,GCF_000005845.2_to_GCF_002900365.1,GCF_000005845.2,GCF_002900365.1,NC_000913.3,4641652,821537,857684,-,NZ_CP025979.1,4671322,1578758,1616456,32848,37777,0.86952378,60,P,9422,4701,true,true
GCF_000005845.2_to_GCF_002900365.1:28,GCF_000005845.2_to_GCF_002900365.1,GCF_000005845.2,GCF_002900365.1,NC_000913.3,4641652,1115343,1153171,-,NZ_CP025979.1,4671322,1273219,1311788,33673,39290,0.85703741,60,P,11404,4701,true,false
GCF_000005845.2_to_GCF_002900365.1:29,GCF_000005845.2_to_GCF_002900365.1,GCF_000005845.2,GCF_002900365.1,NC_000913.3,4641652,3672334,3709029,+,NZ_CP025979.1,4671322,3003057,3044183,33153,41264,0.80343641,60,P,8971,4850,false,false
GCF_000005845.2_to_GCF_002900365.1:30,GCF_000005845.2_to_GCF_002900365.1,GCF_000005845.2,GCF_002900365.1,NC_000913.3,4641652,3079640,3110430,-,NZ_CP025979.1,4671322,4052619,4084178,28256,31761,0.88964453,60,P,10617,4721,true,true
GCF_000005845.2_to_GCF_002900365.1:31,GCF_000005845.2_to_GCF_002900365.1,GCF_000005845.2,GCF_002900365.1,NC_000913.3,4641652,346537,384334,-,NZ_CP025979.1,4671322,2081713,2114765,28759,39662,0.72510211,60,P,9751,4701,false,false
GCF_000005845.2_to_GCF_002900365.1:32,GCF_000005845.2_to_GCF_002900365.1,GCF_000005845.2,GCF_002900365.1,NC_000913.3,4641652,3330578,3360516,+,NZ_CP025979.1,4671322,2654187,2684133,27631,29955,0.92241696,60,P,11096,4850,true,true
GCF_000005845.2_to_GCF_002900365.1:33,GCF_000005845.2_to_GCF_002900365.1,GCF_000005845.2,GCF_002900365.1,NC_000913.3,4641652,3173507,3214902,-,NZ_CP025979.1,4671322,3947739,3981685,27878,45073,0.61850775,60,P,11431,4721,false,false
GCF_000005845.2_to_GCF_002900365.1:34,GCF_000005845.2_to_GCF_002900365.1,GCF_000005845.2,GCF_002900365.1,NC_000913.3,4641652,211880,237014,-,NZ_CP025979.1,4671322,2281166,2310607,23578,29449,0.80063839,60,P,12581,4701,false,false
GCF_000005845.2_to_GCF_002900365.1:35,GCF_000005845.2_to_GCF_002900365.1,GCF_000005845.2,GCF_002900365.1,NC_000913.3,4641652,530155,557825,-,NZ_CP025979.1,4671322,1899433,1930244,25554,30920,0.82645537,60,P,9506,4701,false,false
GCF_000005845.2_to_GCF_002900365.1:36,GCF_000005845.2_to_GCF_002900365.1,GCF_000005845.2,GCF_002900365.1,NC_000913.3,4641652,1316464,1349206,-,NZ_CP025979.1,4671322,1051268,1088729,29634,37476,0.79074608,60,P,8112,4701,false,false
GCF_000005845.2_to_GCF_002900365.1:37,GCF_000005845.2_to_GCF_002900365.1,GCF_000005845.2,GCF_002900365.1,NC_000913.3,4641652,1256718,1286528,-,NZ_CP025979.1,4671322,1123971,1152616,26254,29856,0.87935423,60,P,9639,4701,true,true
GCF_000005845.2_to_GCF_002900365.1:38,GCF_000005845.2_to_GCF_002900365.1,GCF_000005845.2,GCF_002900365.1,NC_000913.3,4641652,1805164,1843716,-,NZ_CP025979.1,4671322,650373,686775,32341,38704,0.83559839,60,P,7290,5761,false,false
GCF_000005845.2_to_GCF_002900365.1:39,GCF_000005845.2_to_GCF_002900365.1,GCF_000005845.2,GCF_002900365.1,NC_000913.3,4641652,3297021,3319982,+,NZ_CP025979.1,4671322,2620400,2642764,21021,22976,0.91491121,60,P,11577,4850,true,true
GCF_000005845.2_to_GCF_002900365.1:40,GCF_000005845.2_to_GCF_002900365.1,GCF_000005845.2,GCF_002900365.1,NC_000913.3,4641652,1065508,1113552,-,NZ_CP025979.1,4671322,1315628,1346401,27599,48265,0.57182223,60,P,7341,4701,false,false
GCF_000005845.2_to_GCF_002900365.1:41,GCF_000005845.2_to_GCF_002900365.1,GCF_000005845.2,GCF_002900365.1,NC_000913.3,4641652,1487164,1526115,-,NZ_CP025979.1,4671322,952388,988716,32006,39124,0.81806564,60,P,5611,4701,false,false
GCF_000005845.2_to_GCF_002900365.1:42,GCF_000005845.2_to_GCF_002900365.1,GCF_000005845.2,GCF_002900365.1,NC_000913.3,4641652,3838335,3875461,-,NZ_CP025979.1,4671322,3305287,3334221,26146,37174,0.70334104,60,P,7025,4855,false,false
GCF_000005845.2_to_GCF_002900365.1:43,GCF_000005845.2_to_GCF_002900365.1,GCF_000005845.2,GCF_002900365.1,NC_000913.3,4641652,3770242,3796874,-,NZ_CP025979.1,4671322,3391341,3422930,23220,32988,0.70389232,60,P,8112,4855,false,false
GCF_000005845.2_to_GCF_002900365.1:44,GCF_000005845.2_to_GCF_002900365.1,GCF_000005845.2,GCF_002900365.1,NC_000913.3,4641652,3805244,3832159,-,NZ_CP025979.1,4671322,3357200,3382902,23508,26931,0.87289740,60,P,8954,4855,true,true
GCF_000005845.2_to_GCF_002900365.1:45,GCF_000005845.2_to_GCF_002900365.1,GCF_000005845.2,GCF_002900365.1,NC_000913.3,4641652,3214955,3239537,+,NZ_CP025979.1,4671322,3854631,3878078,21666,24636,0.87944472,60,P,9186,54,true,true
GCF_000005845.2_to_GCF_002900365.1:46,GCF_000005845.2_to_GCF_002900365.1,GCF_000005845.2,GCF_002900365.1,NC_000913.3,4641652,4037396,4060265,-,NZ_CP025979.1,4671322,3122093,3144624,20877,22939,0.91010942,60,P,10966,4855,true,true
GCF_000005845.2_to_GCF_002900365.1:47,GCF_000005845.2_to_GCF_002900365.1,GCF_000005845.2,GCF_002900365.1,NC_000913.3,4641652,4595870,4621674,-,NZ_CP025979.1,4671322,2539316,2565007,23247,26039,0.89277622,60,P,9109,85,true,true
GCF_000005845.2_to_GCF_002900365.1:48,GCF_000005845.2_to_GCF_002900365.1,GCF_000005845.2,GCF_002900365.1,NC_000913.3,4641652,3404897,3426896,+,NZ_CP025979.1,4671322,2744627,2766224,20035,22026,0.90960683,60,P,9956,4850,true,true
GCF_000005845.2_to_GCF_002900365.1:49,GCF_000005845.2_to_GCF_002900365.1,GCF_000005845.2,GCF_002900365.1,NC_000913.3,4641652,2906607,2933475,-,NZ_CP025979.1,4671322,4250056,4271884,20171,26951,0.74843234,60,P,8068,4721,false,false
GCF_000005845.2_to_GCF_002900365.1:50,GCF_000005845.2_to_GCF_002900365.1,GCF_000005845.2,GCF_002900365.1,NC_000913.3,4641652,1861700,1893696,-,NZ_CP025979.1,4671322,616051,640575,22313,32025,0.69673692,60,P,7528,5761,false,false
GCF_000005845.2_to_GCF_002900365.1:51,GCF_000005845.2_to_GCF_002900365.1,GCF_000005845.2,GCF_002900365.1,NC_000913.3,4641652,2842556,2864935,-,NZ_CP025979.1,4671322,4308039,4331444,20577,23425,0.87842049,60,P,7887,4721,true,true
GCF_000005845.2_to_GCF_002900365.1:52,GCF_000005845.2_to_GCF_002900365.1,GCF_000005845.2,GCF_002900365.1,NC_000913.3,4641652,4539646,4571915,-,NZ_CP025979.1,4671322,2587558,2613512,23284,32360,0.71953028,60,P,6838,85,false,false
GCF_000005845.2_to_GCF_002900365.1:53,GCF_000005845.2_to_GCF_002900365.1,GCF_000005845.2,GCF_002900365.1,NC_000913.3,4641652,4283248,4303069,+,NZ_CP025979.1,4671322,3644937,3670694,17886,26249,0.68139739,60,P,6554,4993,false,false
GCF_000005845.2_to_GCF_002900365.1:54,GCF_000005845.2_to_GCF_002900365.1,GCF_000005845.2,GCF_002900365.1,NC_000913.3,4641652,1899179,1923117,-,NZ_CP025979.1,4671322,586199,610140,21521,23988,0.89715691,60,P,6549,5761,true,true
GCF_000005845.2_to_GCF_002900365.1:55,GCF_000005845.2_to_GCF_002900365.1,GCF_000005845.2,GCF_002900365.1,NC_000913.3,4641652,3383299,3404425,+,NZ_CP025979.1,4671322,2722095,2743035,18976,21305,0.89068294,60,P,6121,4850,true,true
GCF_000005845.2_to_GCF_002900365.1:56,GCF_000005845.2_to_GCF_002900365.1,GCF_000005845.2,GCF_002900365.1,NC_000913.3,4641652,4623101,4641633,-,NZ_CP025979.1,4671322,2520634,2538932,16955,18547,0.91416402,60,P,7200,85,true,true
GCF_000005845.2_to_GCF_002900365.1:57,GCF_000005845.2_to_GCF_002900365.1,GCF_000005845.2,GCF_002900365.1,NC_000913.3,4641652,2198879,2226360,-,NZ_CP025979.1,4671322,253603,282443,24293,28860,0.84175329,60,P,4910,5761,false,false
GCF_000005845.2_to_GCF_002900365.1:58,GCF_000005845.2_to_GCF_002900365.1,GCF_000005845.2,GCF_002900365.1,NC_000913.3,4641652,3722323,3744134,+,NZ_CP025979.1,4671322,3057740,3079608,19543,21959,0.88997677,60,P,5175,4850,true,true
GCF_000005845.2_to_GCF_002900365.1:59,GCF_000005845.2_to_GCF_002900365.1,GCF_000005845.2,GCF_002900365.1,NC_000913.3,4641652,4427693,4448232,-,NZ_CP025979.1,4671322,3678278,3700359,17423,23510,0.74108890,60,P,5722,96,false,false
GCF_000005845.2_to_GCF_002900365.1:60,GCF_000005845.2_to_GCF_002900365.1,GCF_000005845.2,GCF_002900365.1,NC_000913.3,4641652,2013145,2035247,-,NZ_CP025979.1,4671322,426546,447979,19033,22189,0.85776736,60,P,4880,5761,true,false
GCF_000005845.2_to_GCF_002900365.1:61,GCF_000005845.2_to_GCF_002900365.1,GCF_000005845.2,GCF_002900365.1,NC_000913.3,4641652,129781,144980,-,NZ_CP025979.1,4671322,2379671,2395599,13903,16090,0.86407707,60,P,5296,4701,true,true
GCF_000005845.2_to_GCF_002900365.1:62,GCF_000005845.2_to_GCF_002900365.1,GCF_000005845.2,GCF_002900365.1,NC_000913.3,4641652,4242530,4260047,+,NZ_CP025979.1,4671322,3599856,3616397,14384,18395,0.78195162,60,P,4970,4993,false,false
GCF_000005845.2_to_GCF_002900365.1:63,GCF_000005845.2_to_GCF_002900365.1,GCF_000005845.2,GCF_002900365.1,NC_000913.3,4641652,753191,765118,-,NZ_CP025979.1,4671322,1726011,1738788,11291,12822,0.88059585,60,P,6045,4701,true,true
GCF_000005845.2_to_GCF_002900365.1:64,GCF_000005845.2_to_GCF_002900365.1,GCF_000005845.2,GCF_002900365.1,NC_000913.3,4641652,1533066,1552682,+,NZ_CP025979.1,4671322,861399,879005,15788,19750,0.79939241,60,P,4153,556,false,false
GCF_000005845.2_to_GCF_002900365.1:65,GCF_000005845.2_to_GCF_002900365.1,GCF_000005845.2,GCF_002900365.1,NC_000913.3,4641652,2887310,2904956,-,NZ_CP025979.1,4671322,4276930,4293458,14971,17660,0.84773499,60,P,4592,4721,false,false
GCF_000005845.2_to_GCF_002900365.1:66,GCF_000005845.2_to_GCF_002900365.1,GCF_000005845.2,GCF_002900365.1,NC_000913.3,4641652,1351831,1394838,-,NZ_CP025979.1,4671322,1023927,1041443,15775,43017,0.36671548,60,P,3825,4701,false,false
GCF_000005845.2_to_GCF_002900365.1:67,GCF_000005845.2_to_GCF_002900365.1,GCF_000005845.2,GCF_002900365.1,NC_000913.3,4641652,4581429,4593194,-,NZ_CP025979.1,4671322,2571371,2583374,11072,12043,0.91937225,60,P,6921,85,true,true
GCF_000005845.2_to_GCF_002900365.1:68,GCF_000005845.2_to_GCF_002900365.1,GCF_000005845.2,GCF_002900365.1,NC_000913.3,4641652,1295442,1314419,-,NZ_CP025979.1,4671322,1089200,1107119,15900,19170,0.82942097,60,P,4126,4701,false,false
GCF_000005845.2_to_GCF_002900365.1:69,GCF_000005845.2_to_GCF_002900365.1,GCF_000005845.2,GCF_002900365.1,NC_000913.3,4641652,1958419,1978497,-,NZ_CP025979.1,4671322,482571,500422,15918,20096,0.79209793,60,P,3745,5761,false,false
GCF_000005845.2_to_GCF_002900365.1:70,GCF_000005845.2_to_GCF_002900365.1,GCF_000005845.2,GCF_002900365.1,NC_000913.3,4641652,3636228,3650640,+,NZ_CP025979.1,4671322,2961104,2975391,13013,14495,0.89775785,60,P,4226,4850,true,true
GCF_000005845.2_to_GCF_002900365.1:71,GCF_000005845.2_to_GCF_002900365.1,GCF_000005845.2,GCF_002900365.1,NC_000913.3,4641652,393221,408502,-,NZ_CP025979.1,4671322,2056512,2071988,13831,15490,0.89289864,60,P,3559,4701,true,true
GCF_000005845.2_to_GCF_002900365.1:72,GCF_000005845.2_to_GCF_002900365.1,GCF_000005845.2,GCF_002900365.1,NC_000913.3,4641652,4264312,4281629,+,NZ_CP025979.1,4671322,3628228,3644844,14739,17519,0.84131514,60,P,4193,4993,false,false
GCF_000005845.2_to_GCF_002900365.1:73,GCF_000005845.2_to_GCF_002900365.1,GCF_000005845.2,GCF_002900365.1,NC_000913.3,4641652,2866512,2877627,-,NZ_CP025979.1,4671322,4293715,4304829,10379,11115,0.93378318,60,P,4660,4721,true,true
GCF_000005845.2_to_GCF_002900365.1:74,GCF_000005845.2_to_GCF_002900365.1,GCF_000005845.2,GCF_002900365.1,NC_000913.3,4641652,1405815,1445896,-,NZ_CP025979.1,4671322,997769,1016058,15060,41398,0.36378569,60,P,2998,4701,false,false
GCF_000005845.2_to_GCF_002900365.1:75,GCF_000005845.2_to_GCF_002900365.1,GCF_000005845.2,GCF_002900365.1,NC_000913.3,4641652,1988582,2002328,-,NZ_CP025979.1,4671322,459543,473264,12453,13752,0.90554101,60,P,3412,5761,true,true
GCF_000005845.2_to_GCF_002900365.1:76,GCF_000005845.2_to_GCF_002900365.1,GCF_000005845.2,GCF_002900365.1,NC_000913.3,4641652,643514,656108,-,NZ_CP025979.1,4671322,1830733,1843312,11471,12596,0.91068593,60,P,3026,4701,true,true
GCF_000005845.2_to_GCF_002900365.1:77,GCF_000005845.2_to_GCF_002900365.1,GCF_000005845.2,GCF_002900365.1,NC_000913.3,4641652,3369443,3383131,+,NZ_CP025979.1,4671322,2691929,2703990,11020,13752,0.80133799,60,P,4478,4850,false,false
GCF_000005845.2_to_GCF_002900365.1:78,GCF_000005845.2_to_GCF_002900365.1,GCF_000005845.2,GCF_002900365.1,NC_000913.3,4641652,3059748,3073892,-,NZ_CP025979.1,4671322,4096899,4113079,12601,16314,0.77240407,60,P,3891,4721,false,false
GCF_000005845.2_to_GCF_002900365.1:79,GCF_000005845.2_to_GCF_002900365.1,GCF_000005845.2,GCF_002900365.1,NC_000913.3,4641652,2165152,2187463,-,NZ_CP025979.1,4671322,296915,310215,11863,22547,0.52614539,60,P,3263,5761,false,false
GCF_000005845.2_to_GCF_002900365.1:80,GCF_000005845.2_to_GCF_002900365.1,GCF_000005845.2,GCF_002900365.1,NC_000913.3,4641652,738925,752315,-,NZ_CP025979.1,4671322,1739664,1753082,11985,13426,0.89267094,60,P,2550,4701,true,true
GCF_000005845.2_to_GCF_002900365.1:81,GCF_000005845.2_to_GCF_002900365.1,GCF_000005845.2,GCF_002900365.1,NC_000913.3,4641652,1607277,1622519,+,NZ_CP025979.1,4671322,910056,924848,12505,16007,0.78122072,60,P,2089,556,false,false
GCF_000005845.2_to_GCF_002900365.1:82,GCF_000005845.2_to_GCF_002900365.1,GCF_000005845.2,GCF_002900365.1,NC_000913.3,4641652,332389,342518,-,NZ_CP025979.1,4671322,2128173,2139123,9336,10954,0.85229140,60,P,3489,4701,true,true
GCF_000005845.2_to_GCF_002900365.1:83,GCF_000005845.2_to_GCF_002900365.1,GCF_000005845.2,GCF_002900365.1,NC_000913.3,4641652,2153765,2164997,-,NZ_CP025979.1,4671322,310387,321620,10217,11234,0.90947125,60,P,2603,5761,true,false
GCF_000005845.2_to_GCF_002900365.1:84,GCF_000005845.2_to_GCF_002900365.1,GCF_000005845.2,GCF_002900365.1,NC_000913.3,4641652,2089857,2099202,-,NZ_CP025979.1,4671322,374647,383990,8702,9347,0.93099390,60,P,4057,5761,false,false
GCF_000005845.2_to_GCF_002900365.1:85,GCF_000005845.2_to_GCF_002900365.1,GCF_000005845.2,GCF_002900365.1,NC_000913.3,4641652,2788855,2798593,-,NZ_CP025979.1,4671322,4381732,4391738,9000,10040,0.89641434,60,P,3853,4721,true,true
GCF_000005845.2_to_GCF_002900365.1:86,GCF_000005845.2_to_GCF_002900365.1,GCF_000005845.2,GCF_002900365.1,NC_000913.3,4641652,4449115,4459856,-,NZ_CP025979.1,4671322,3839112,3850331,9755,11340,0.86022928,60,P,3737,46,true,true
GCF_000005845.2_to_GCF_002900365.1:87,GCF_000005845.2_to_GCF_002900365.1,GCF_000005845.2,GCF_002900365.1,NC_000913.3,4641652,4459903,4470317,-,NZ_CP025979.1,4671322,3828067,3838398,9437,10425,0.90522782,60,P,2901,46,true,true
GCF_000005845.2_to_GCF_002900365.1:88,GCF_000005845.2_to_GCF_002900365.1,GCF_000005845.2,GCF_002900365.1,NC_000913.3,4641652,239418,250061,-,NZ_CP025979.1,4671322,2231313,2240519,8514,10675,0.79756440,60,P,3376,4701,false,false
GCF_000005845.2_to_GCF_002900365.1:89,GCF_000005845.2_to_GCF_002900365.1,GCF_000005845.2,GCF_002900365.1,NC_000913.3,4641652,3322029,3330397,+,NZ_CP025979.1,4671322,2643919,2652288,7783,8370,0.92986858,60,P,3649,4850,false,false
GCF_000005845.2_to_GCF_002900365.1:90,GCF_000005845.2_to_GCF_002900365.1,GCF_000005845.2,GCF_002900365.1,NC_000913.3,4641652,721165,729345,-,NZ_CP025979.1,4671322,1765032,1773214,7623,8182,0.93167930,60,P,2690,4701,false,false
GCF_000005845.2_to_GCF_002900365.1:91,GCF_000005845.2_to_GCF_002900365.1,GCF_000005845.2,GCF_002900365.1,NC_000913.3,4641652,8,10746,-,NZ_CP025979.1,4671322,2509692,2520607,9678,10930,0.88545288,60,P,2557,4701,true,true
GCF_000005845.2_to_GCF_002900365.1:92,GCF_000005845.2_to_GCF_002900365.1,GCF_000005845.2,GCF_002900365.1,NC_000913.3,4641652,3281781,3296400,+,NZ_CP025979.1,4671322,3917751,3927182,8498,14806,0.57395650,60,P,3619,54,false,false
GCF_000005845.2_to_GCF_002900365.1:93,GCF_000005845.2_to_GCF_002900365.1,GCF_000005845.2,GCF_002900365.1,NC_000913.3,4641652,4480932,4488423,-,NZ_CP025979.1,4671322,3934055,3941544,7048,7494,0.94048572,60,P,3716,0,false,false
GCF_000005845.2_to_GCF_002900365.1:94,GCF_000005845.2_to_GCF_002900365.1,GCF_000005845.2,GCF_002900365.1,NC_000913.3,4641652,1637610,1645288,-,NZ_CP025979.1,4671322,825016,839099,7203,14093,0.51110480,60,P,5466,5761,false,false
GCF_000005845.2_to_GCF_002900365.1:95,GCF_000005845.2_to_GCF_002900365.1,GCF_000005845.2,GCF_002900365.1,NC_000913.3,4641652,1625377,1635022,+,NZ_CP025979.1,4671322,926803,936443,8735,9654,0.90480630,60,P,4346,556,false,false
GCF_000005845.2_to_GCF_002900365.1:96,GCF_000005845.2_to_GCF_002900365.1,GCF_000005845.2,GCF_002900365.1,NC_000913.3,4641652,4080235,4086839,-,NZ_CP025979.1,4671322,3093237,3099960,6269,6723,0.93247062,60,P,3777,4855,false,false
GCF_000005845.2_to_GCF_002900365.1:97,GCF_000005845.2_to_GCF_002900365.1,GCF_000005845.2,GCF_002900365.1,NC_000913.3,4641652,2053520,2065503,-,NZ_CP025979.1,4671322,411326,421894,9425,12006,0.78502415,60,P,2425,5761,false,false
GCF_000005845.2_to_GCF_002900365.1:98,GCF_000005845.2_to_GCF_002900365.1,GCF_000005845.2,GCF_002900365.1,NC_000913.3,4641652,4231882,4240738,+,NZ_CP025979.1,4671322,3591235,3599860,7851,8880,0.88412162,60,P,2742,4993,false,false
GCF_000005845.2_to_GCF_002900365.1:99,GCF_000005845.2_to_GCF_002900365.1,GCF_000005845.2,GCF_002900365.1,NC_000913.3,4641652,3710838,3720305,+,NZ_CP025979.1,4671322,3046008,3055408,8478,9476,0.89468130,60,P,2346,4850,false,false
GCF_000005845.2_to_GCF_002900365.1:100,GCF_000005845.2_to_GCF_002900365.1,GCF_000005845.2,GCF_002900365.1,NC_000913.3,4641652,2188449,2196649,-,NZ_CP025979.1,4671322,287725,295934,7463,8210,0.90901340,60,P,2188,5761,false,false
GCF_000005845.2_to_GCF_002900365.1:101,GCF_000005845.2_to_GCF_002900365.1,GCF_000005845.2,GCF_002900365.1,NC_000913.3,4641652,2080795,2089207,-,NZ_CP025979.1,4671322,384198,391164,6375,8421,0.75703598,60,P,2366,5761,false,false
GCF_000005845.2_to_GCF_002900365.1:102,GCF_000005845.2_to_GCF_002900365.1,GCF_000005845.2,GCF_002900365.1,NC_000913.3,4641652,1944543,1951490,-,NZ_CP025979.1,4671322,548862,555888,6331,7028,0.90082527,60,P,2329,5761,false,false
GCF_000005845.2_to_GCF_002900365.1:103,GCF_000005845.2_to_GCF_002900365.1,GCF_000005845.2,GCF_002900365.1,NC_000913.3,4641652,3754913,3761955,-,NZ_CP025979.1,4671322,3424522,3431564,6391,7044,0.90729699,60,P,1602,4855,false,false
GCF_000005845.2_to_GCF_002900365.1:104,GCF_000005845.2_to_GCF_002900365.1,GCF_000005845.2,GCF_002900365.1,NC_000913.3,4641652,1845095,1851877,-,NZ_CP025979.1,4671322,642545,650119,6155,7576,0.81243400,60,P,1580,5761,false,false
GCF_000005845.2_to_GCF_002900365.1:105,GCF_000005845.2_to_GCF_002900365.1,GCF_000005845.2,GCF_002900365.1,NC_000913.3,4641652,3625678,3630817,+,NZ_CP025979.1,4671322,2954311,2959450,4789,5139,0.93189336,60,P,2058,4850,false,false
GCF_000005845.2_to_GCF_002900365.1:106,GCF_000005845.2_to_GCF_002900365.1,GCF_000005845.2,GCF_002900365.1,NC_000913.3,4641652,1287536,1294215,-,NZ_CP025979.1,4671322,1110126,1116801,6018,6680,0.90089820,60,P,1905,4701,false,false
GCF_000005845.2_to_GCF_002900365.1:107,GCF_000005845.2_to_GCF_002900365.1,GCF_000005845.2,GCF_002900365.1,NC_000913.3,4641652,1979704,1986337,-,NZ_CP025979.1,4671322,475509,482141,5959,6638,0.89771015,60,P,1261,5761,false,false
GCF_000005845.2_to_GCF_002900365.1:108,GCF_000005845.2_to_GCF_002900365.1,GCF_000005845.2,GCF_002900365.1,NC_000913.3,4641652,3799462,3804138,-,NZ_CP025979.1,4671322,3384024,3388703,4369,4680,0.93354701,60,P,1728,4855,false,false
GCF_000005845.2_to_GCF_002900365.1:109,GCF_000005845.2_to_GCF_002900365.1,GCF_000005845.2,GCF_002900365.1,NC_000913.3,4641652,1245798,1252960,-,NZ_CP025979.1,4671322,1153048,1160023,6160,7162,0.86009495,60,P,757,4701,false,false
GCF_000005845.2_to_GCF_002900365.1:110,GCF_000005845.2_to_GCF_002900365.1,GCF_000005845.2,GCF_002900365.1,NC_000913.3,4641652,1572527,1579411,+,NZ_CP025979.1,4671322,893128,900006,6046,6893,0.87712172,60,P,643,556,false,false
GCF_000005845.2_to_GCF_002900365.1:111,GCF_000005845.2_to_GCF_002900365.1,GCF_000005845.2,GCF_002900365.1,NC_000913.3,4641652,2344590,2349516,-,NZ_CP025979.1,4671322,132502,137260,4352,4927,0.88329612,60,P,1231,5761,false,false
GCF_000005845.2_to_GCF_002900365.1:112,GCF_000005845.2_to_GCF_002900365.1,GCF_000005845.2,GCF_002900365.1,NC_000913.3,4641652,3074230,3079408,-,NZ_CP025979.1,4671322,4085426,4090604,4680,5178,0.90382387,60,P,1463,4721,false,false
GCF_000005845.2_to_GCF_002900365.1:113,GCF_000005845.2_to_GCF_002900365.1,GCF_000005845.2,GCF_002900365.1,NC_000913.3,4641652,385120,390333,-,NZ_CP025979.1,4671322,2074523,2079673,4663,5225,0.89244019,60,P,1401,4701,false,false
GCF_000005845.2_to_GCF_002900365.1:114,GCF_000005845.2_to_GCF_002900365.1,GCF_000005845.2,GCF_002900365.1,NC_000913.3,4641652,258675,262956,-,NZ_CP025979.1,4671322,2180943,2185225,3947,4282,0.92176553,60,P,1177,4701,false,false
GCF_000005845.2_to_GCF_002900365.1:115,GCF_000005845.2_to_GCF_002900365.1,GCF_000005845.2,GCF_002900365.1,NC_000913.3,4641652,3657734,3664206,+,NZ_CP025979.1,4671322,2988616,2995021,5637,6504,0.86669742,60,P,970,4850,false,false
GCF_000005845.2_to_GCF_002900365.1:116,GCF_000005845.2_to_GCF_002900365.1,GCF_000005845.2,GCF_002900365.1,NC_000913.3,4641652,1565924,1572152,+,NZ_CP025979.1,4671322,886604,892755,5420,6235,0.86928629,60,P,1048,556,false,false
GCF_000005845.2_to_GCF_002900365.1:117,GCF_000005845.2_to_GCF_002900365.1,GCF_000005845.2,GCF_002900365.1,NC_000913.3,4641652,254257,257907,-,NZ_CP025979.1,4671322,2185217,2188868,3391,3651,0.92878663,60,P,1198,4701,false,false
GCF_000005845.2_to_GCF_002900365.1:118,GCF_000005845.2_to_GCF_002900365.1,GCF_000005845.2,GCF_002900365.1,NC_000913.3,4641652,1552790,1557050,+,NZ_CP025979.1,4671322,879431,883657,3863,4261,0.90659470,60,P,1273,556,false,false
GCF_000005845.2_to_GCF_002900365.1:119,GCF_000005845.2_to_GCF_002900365.1,GCF_000005845.2,GCF_002900365.1,NC_000913.3,4641652,1482540,1486964,-,NZ_CP025979.1,4671322,991617,996041,3996,4424,0.90325497,60,P,813,4701,false,false
GCF_000005845.2_to_GCF_002900365.1:120,GCF_000005845.2_to_GCF_002900365.1,GCF_000005845.2,GCF_002900365.1,NC_000913.3,4641652,2005311,2009714,-,NZ_CP025979.1,4671322,452364,456767,3976,4403,0.90302067,60,P,875,5761,false,false
GCF_000005845.2_to_GCF_002900365.1:121,GCF_000005845.2_to_GCF_002900365.1,GCF_000005845.2,GCF_002900365.1,NC_000913.3,4641652,3745612,3750827,+,NZ_CP025979.1,4671322,3082017,3087232,4597,5217,0.88115775,60,P,725,4850,false,false
GCF_000005845.2_to_GCF_002900365.1:122,GCF_000005845.2_to_GCF_002900365.1,GCF_000005845.2,GCF_002900365.1,NC_000913.3,4641652,1893993,1898584,-,NZ_CP025979.1,4671322,610735,615755,4110,5022,0.81839904,60,P,1298,5761,false,false
GCF_000005845.2_to_GCF_002900365.1:123,GCF_000005845.2_to_GCF_002900365.1,GCF_000005845.2,GCF_002900365.1,NC_000913.3,4641652,1218233,1229176,-,NZ_CP025979.1,4671322,1202817,1208658,5080,11004,0.46165031,60,P,981,4701,false,false
GCF_000005845.2_to_GCF_002900365.1:124,GCF_000005845.2_to_GCF_002900365.1,GCF_000005845.2,GCF_002900365.1,NC_000913.3,4641652,637681,641869,-,NZ_CP025979.1,4671322,1843623,1847812,3734,4197,0.88968311,60,P,1457,4701,false,false
GCF_000005845.2_to_GCF_002900365.1:125,GCF_000005845.2_to_GCF_002900365.1,GCF_000005845.2,GCF_002900365.1,NC_000913.3,4641652,4075635,4078438,-,NZ_CP025979.1,4671322,3103436,3106239,2629,2803,0.93792365,60,P,1229,4855,false,false
GCF_000005845.2_to_GCF_002900365.1:126,GCF_000005845.2_to_GCF_002900365.1,GCF_000005845.2,GCF_002900365.1,NC_000913.3,4641652,145632,149614,-,NZ_CP025979.1,4671322,2374766,2379029,3569,4268,0.83622306,60,P,1058,4701,false,false
GCF_000005845.2_to_GCF_002900365.1:127,GCF_000005845.2_to_GCF_002900365.1,GCF_000005845.2,GCF_002900365.1,NC_000913.3,4641652,321409,324457,-,NZ_CP025979.1,4671322,2144013,2147070,2787,3057,0.91167812,60,P,743,4701,false,false
GCF_000005845.2_to_GCF_002900365.1:128,GCF_000005845.2_to_GCF_002900365.1,GCF_000005845.2,GCF_002900365.1,NC_000913.3,4641652,1951489,1954413,-,NZ_CP025979.1,4671322,500661,503585,2681,2924,0.91689466,60,P,771,5761,false,false
GCF_000005845.2_to_GCF_002900365.1:129,GCF_000005845.2_to_GCF_002900365.1,GCF_000005845.2,GCF_002900365.1,NC_000913.3,4641652,3833792,3835949,-,NZ_CP025979.1,4671322,3353716,3355873,2057,2157,0.95363931,60,P,1110,4855,false,false
GCF_000005845.2_to_GCF_002900365.1:130,GCF_000005845.2_to_GCF_002900365.1,GCF_000005845.2,GCF_002900365.1,NC_000913.3,4641652,1397285,1400330,-,NZ_CP025979.1,4671322,1016416,1019471,2768,3057,0.90546287,60,P,904,4701,false,false
GCF_000005845.2_to_GCF_002900365.1:131,GCF_000005845.2_to_GCF_002900365.1,GCF_000005845.2,GCF_002900365.1,NC_000913.3,4641652,317926,321068,-,NZ_CP025979.1,4671322,2149100,2152242,2829,3142,0.90038192,60,P,553,4701,false,false
GCF_000005845.2_to_GCF_002900365.1:132,GCF_000005845.2_to_GCF_002900365.1,GCF_000005845.2,GCF_002900365.1,NC_000913.3,4641652,1649217,1650844,-,NZ_CP025979.1,4671322,818230,819858,1616,1628,0.99262899,60,P,1995,5761,false,false
GCF_000005845.2_to_GCF_002900365.1:133,GCF_000005845.2_to_GCF_002900365.1,GCF_000005845.2,GCF_002900365.1,NC_000913.3,4641652,4470523,4472568,-,NZ_CP025979.1,4671322,3825455,3827500,1942,2045,0.94963325,60,P,1824,46,false,false
GCF_000005845.2_to_GCF_002900365.1:134,GCF_000005845.2_to_GCF_002900365.1,GCF_000005845.2,GCF_002900365.1,NC_000913.3,4641652,1058221,1063797,-,NZ_CP025979.1,4671322,1350945,1356507,4748,5580,0.85089606,60,P,799,4701,false,false
GCF_000005845.2_to_GCF_002900365.1:135,GCF_000005845.2_to_GCF_002900365.1,GCF_000005845.2,GCF_002900365.1,NC_000913.3,4641652,4502088,4503515,-,NZ_CP025979.1,4671322,1195457,1196884,1415,1427,0.99159075,0,P,1337,1328,false,false
GCF_000005845.2_to_GCF_002900365.1:136,GCF_000005845.2_to_GCF_002900365.1,GCF_000005845.2,GCF_002900365.1,NC_000913.3,4641652,4502088,4503515,-,NZ_CP025979.1,4671322,944645,946072,1415,1427,0.99159075,0,S,1328,,false,false
GCF_000005845.2_to_GCF_002900365.1:137,GCF_000005845.2_to_GCF_002900365.1,GCF_000005845.2,GCF_002900365.1,NC_000913.3,4641652,4502087,4503515,+,NZ_CP025979.1,4671322,447994,449422,1415,1428,0.99089636,0,S,1321,,false,false
GCF_000005845.2_to_GCF_002900365.1:138,GCF_000005845.2_to_GCF_002900365.1,GCF_000005845.2,GCF_002900365.1,NC_000913.3,4641652,4502089,4503515,+,NZ_CP025979.1,4671322,826000,827426,1412,1426,0.99018233,0,S,1322,,false,false
GCF_000005845.2_to_GCF_002900365.1:139,GCF_000005845.2_to_GCF_002900365.1,GCF_000005845.2,GCF_002900365.1,NC_000913.3,4641652,4502087,4503515,+,NZ_CP025979.1,4671322,3946253,3947681,1413,1428,0.98949580,0,S,1315,,false,false
GCF_000005845.2_to_GCF_002900365.1:140,GCF_000005845.2_to_GCF_002900365.1,GCF_000005845.2,GCF_002900365.1,NC_000913.3,4641652,4502089,4503515,+,NZ_CP025979.1,4671322,568143,569569,1411,1426,0.98948107,0,S,1317,,false,false
GCF_000005845.2_to_GCF_002900365.1:141,GCF_000005845.2_to_GCF_002900365.1,GCF_000005845.2,GCF_002900365.1,NC_000913.3,4641652,3669484,3672079,+,NZ_CP025979.1,4671322,2998768,3002803,2349,4035,0.58215613,60,P,1110,4850,false,false
GCF_000005845.2_to_GCF_002900365.1:142,GCF_000005845.2_to_GCF_002900365.1,GCF_000005845.2,GCF_002900365.1,NC_000913.3,4641652,250265,253684,-,NZ_CP025979.1,4671322,2191308,2193939,2344,3466,0.67628390,60,P,771,4701,false,false
GCF_000005845.2_to_GCF_002900365.1:143,GCF_000005845.2_to_GCF_002900365.1,GCF_000005845.2,GCF_002900365.1,NC_000913.3,4641652,4261764,4264216,+,NZ_CP025979.1,4671322,3616561,3620877,2227,4317,0.51586750,60,P,520,4993,false,false
GCF_000005845.2_to_GCF_002900365.1:144,GCF_000005845.2_to_GCF_002900365.1,GCF_000005845.2,GCF_002900365.1,NC_000913.3,4641652,2099851,2101285,-,NZ_CP025979.1,4671322,372564,373998,1375,1434,0.95885635,60,P,838,5761,false,false
GCF_000005845.2_to_GCF_002900365.1:145,GCF_000005845.2_to_GCF_002900365.1,GCF_000005845.2,GCF_002900365.1,NC_000913.3,4641652,3655256,3657554,+,NZ_CP025979.1,4671322,2986122,2988421,2040,2300,0.88695652,60,P,555,4850,false,false
GCF_000005845.2_to_GCF_002900365.1:146,GCF_000005845.2_to_GCF_002900365.1,GCF_000005845.2,GCF_002900365.1,NC_000913.3,4641652,1531696,1532963,-,NZ_CP025979.1,4671322,1756278,1757544,1210,1267,0.95501184,60,P,773,212,false,false
GCF_000005845.2_to_GCF_002900365.1:147,GCF_000005845.2_to_GCF_002900365.1,GCF_000005845.2,GCF_002900365.1,NC_000913.3,4641652,736681,737962,-,NZ_CP025979.1,4671322,1756288,1757569,1222,1282,0.95319813,60,P,665,4701,false,false
GCF_000005845.2_to_GCF_002900365.1:148,GCF_000005845.2_to_GCF_002900365.1,GCF_000005845.2,GCF_002900365.1,NC_000913.3,4641652,1349523,1351162,-,NZ_CP025979.1,4671322,1049301,1050939,1489,1639,0.90848078,60,P,483,4701,false,false
GCF_000005845.2_to_GCF_002900365.1:149,GCF_000005845.2_to_GCF_002900365.1,GCF_000005845.2,GCF_002900365.1,NC_000913.3,4641652,1579891,1582606,+,NZ_CP025979.1,4671322,900475,903191,2350,2716,0.86524300,60,P,174,556,false,false
GCF_000005845.2_to_GCF_002900365.1:150,GCF_000005845.2_to_GCF_002900365.1,GCF_000005845.2,GCF_002900365.1,NC_000913.3,4641652,4086868,4088068,-,NZ_CP025979.1,4671322,3087339,3088540,1122,1201,0.93422148,60,P,576,0,false,false
GCF_000005845.2_to_GCF_002900365.1:151,GCF_000005845.2_to_GCF_002900365.1,GCF_000005845.2,GCF_002900365.1,NC_000913.3,4641652,1986719,1988089,-,NZ_CP025979.1,4671322,473766,475140,1241,1377,0.90123457,60,P,289,5761,false,false
GCF_000005845.2_to_GCF_002900365.1:152,GCF_000005845.2_to_GCF_002900365.1,GCF_000005845.2,GCF_002900365.1,NC_000913.3,4641652,4488425,4490096,+,NZ_CP025979.1,4671322,211386,213047,1464,1671,0.87612208,1,P,266,266,false,false
GCF_000005845.2_to_GCF_002900365.1:153,GCF_000005845.2_to_GCF_002900365.1,GCF_000005845.2,GCF_002900365.1,NC_000913.3,4641652,4509006,4509797,+,NZ_CP025981.1,76160,5378,6174,752,797,0.94353827,60,P,415,0,false,false
GCF_000005845.2_to_GCF_002900365.1:154,GCF_000005845.2_to_GCF_002900365.1,GCF_000005845.2,GCF_002900365.1,NC_000913.3,4641652,1590749,1591695,+,NZ_CP025979.1,4671322,907968,908986,860,1022,0.84148728,60,P,231,556,false,false
GCF_000005845.2_to_GCF_002900365.1:155,GCF_000005845.2_to_GCF_002900365.1,GCF_000005845.2,GCF_002900365.1,NC_000913.3,4641652,1635256,1635840,+,NZ_CP025979.1,4671322,936674,937258,571,584,0.97773973,60,P,444,556,false,false
GCF_000005845.2_to_GCF_002900365.1:156,GCF_000005845.2_to_GCF_002900365.1,GCF_000005845.2,GCF_002900365.1,NC_000913.3,4641652,4230343,4231192,+,NZ_CP025979.1,4671322,3588950,3589799,780,849,0.91872792,60,P,330,4993,false,false
GCF_000005845.2_to_GCF_002900365.1:157,GCF_000005845.2_to_GCF_002900365.1,GCF_000005845.2,GCF_002900365.1,NC_000913.3,4641652,2035759,2036686,-,NZ_CP025979.1,4671322,424732,425659,826,927,0.89104639,60,P,82,5761,false,false
GCF_000005845.2_to_GCF_002900365.1:158,GCF_000005845.2_to_GCF_002900365.1,GCF_000005845.2,GCF_002900365.1,NC_000913.3,4641652,302902,303621,-,NZ_CP025979.1,4671322,2179466,2180187,651,721,0.90291262,60,P,84,4701,false,false
GCF_000005845.2_to_GCF_002900365.1:159,GCF_000005845.2_to_GCF_002900365.1,GCF_000005845.2,GCF_002900365.1,NC_000913.3,4641652,2904864,2905509,-,NZ_CP025979.1,4671322,4276265,4276910,584,645,0.90542636,60,P,158,4721,false,false
GCF_000005845.2_to_GCF_002900365.1:160,GCF_000005845.2_to_GCF_002900365.1,GCF_000005845.2,GCF_002900365.1,NC_000913.3,4641652,4507127,4507452,+,NZ_CP025979.1,4671322,2617072,2617397,321,325,0.98769231,59,P,280,206,false,false
GCF_000005845.2_to_GCF_002900365.1:161,GCF_000005845.2_to_GCF_002900365.1,GCF_000005845.2,GCF_002900365.1,NC_000913.3,4641652,2476259,2476599,-,NZ_CP025979.1,4671322,4636511,4636851,332,340,0.97647059,60,P,252,0,false,false
GCF_000005845.2_to_GCF_002900365.1:162,GCF_000005845.2_to_GCF_002900365.1,GCF_000005845.2,GCF_002900365.1,NC_000913.3,4641652,2012683,2013137,-,NZ_CP025979.1,4671322,449425,449879,411,454,0.90528634,60,P,89,5761,false,false
GCF_000005845.2_to_GCF_002900365.1:163,GCF_000005845.2_to_GCF_002900365.1,GCF_000005845.2,GCF_002900365.1,NC_000913.3,4641652,2003139,2003692,-,NZ_CP025979.1,4671322,458365,458918,488,554,0.88086643,60,P,111,5761,false,false
GCF_000005845.2_to_GCF_002900365.1:164,GCF_000005845.2_to_GCF_002900365.1,GCF_000005845.2,GCF_002900365.1,NC_000913.3,4641652,4479021,4479486,-,NZ_CP025979.1,4671322,3944415,3944880,416,465,0.89462366,60,P,87,0,false,false
GCF_000005845.2_to_GCF_002900365.1:165,GCF_000005845.2_to_GCF_002900365.1,GCF_000005845.2,GCF_002900365.1,NC_000913.3,4641652,4495947,4496510,+,NZ_CP025979.1,4671322,3932055,3932618,493,563,0.87566607,1,P,187,187,false,false
GCF_000005845.2_to_GCF_002900365.1:166,GCF_000005845.2_to_GCF_002900365.1,GCF_000005845.2,GCF_002900365.1,NC_000913.3,4641652,3664798,3665900,+,NZ_CP025979.1,4671322,2995613,2996715,928,1104,0.84057971,60,P,148,4850,false,false
