baseline_accession,baseline_gene_id,baseline_gene_name,alternative_accession,alternative_gene_id,alternative_gene_name,comparison_status,baseline_variant_count,alternative_variant_count,exact_shared_variant_count,target_only_variant_count,accepted_match_count,rejected_match_count,target_reference_match_count,callable_no_candidate_count,target_not_callable_count,unresolved_projection_count,burden_explanation
GCF_000005845.2,b0001,thrL,GCF_003697165.2,EAS44_RS20635,thrL,comparable,0,0,0,0,0,0,0,0,0,0,same_exact_variants
GCF_000005845.2,b0002,thrA,GCF_003697165.2,EAS44_RS20630,thrA,comparable,38,59,21,38,21,0,17,0,0,0,partially_shared_variants
GCF_000005845.2,b0003,thrB,GCF_003697165.2,EAS44_RS20625,thrB,comparable,14,13,6,7,6,0,8,0,0,0,partially_shared_variants
GCF_000005845.2,b0004,thrC,GCF_003697165.2,EAS44_RS20620,thrC,comparable,12,20,4,16,4,0,8,0,0,0,partially_shared_variants
GCF_000005845.2,b0006,yaaA,GCF_003697165.2,EAS44_RS20610,yaaA,comparable,6,15,1,14,1,0,5,0,0,0,partially_shared_variants
GCF_000005845.2,b0007,yaaJ,GCF_003697165.2,EAS44_RS20605,yaaJ,comparable,25,22,4,18,4,0,21,0,0,0,partially_shared_variants
GCF_000005845.2,b0008,talB,GCF_003697165.2,EAS44_RS20600,tal,comparable,4,11,4,7,4,0,0,0,0,0,partially_shared_variants
GCF_000005845.2,b0009,mog,GCF_003697165.2,EAS44_RS20595,mog,comparable,7,11,7,4,7,0,0,0,0,0,partially_shared_variants
GCF_000005845.2,b0010,satP,GCF_003697165.2,EAS44_RS20590,satP,comparable,6,12,3,9,3,0,3,0,0,0,partially_shared_variants
GCF_000005845.2,b0011,yaaW,GCF_003697165.2,EAS44_RS20585,msyB,comparable,16,14,7,7,7,0,9,0,0,0,partially_shared_variants
GCF_000005845.2,b0013,yaaI,GCF_003697165.2,EAS44_RS20580,yaaI,comparable,4,15,2,13,2,0,2,0,0,0,partially_shared_variants
GCF_000005845.2,b0014,dnaK,GCF_003697165.2,EAS44_RS20575,dnaK,comparable,14,15,5,10,5,0,9,0,0,0,partially_shared_variants
GCF_000005845.2,b0015,dnaJ,GCF_003697165.2,EAS44_RS20570,dnaJ,comparable,13,21,6,15,6,0,7,0,0,0,partially_shared_variants
GCF_000005845.2,b0019,nhaA,GCF_003697165.2,EAS44_RS20545,nhaA,comparable,12,58,4,54,4,1,7,0,0,0,partially_shared_variants
GCF_000005845.2,b0023,rpsT,GCF_003697165.2,EAS44_RS20535,rpsT,comparable,0,1,0,1,0,0,0,0,0,0,different_variants_in_same_gene
GCF_000005845.2,b0024,yaaY,GCF_003697165.2,EAS44_RS20530,yaaY,comparable,0,3,0,3,0,0,0,0,0,0,different_variants_in_same_gene
GCF_000005845.2,b0025,ribF,GCF_003697165.2,EAS44_RS20525,ribF,comparable,9,22,3,19,3,0,6,0,0,0,partially_shared_variants
GCF_000005845.2,b0026,ileS,GCF_003697165.2,EAS44_RS20520,ileS,comparable,37,87,14,73,14,1,22,0,0,0,partially_shared_variants
GCF_000005845.2,b0027,lspA,GCF_003697165.2,EAS44_RS20515,lspA,comparable,3,5,1,4,1,0,2,0,0,0,partially_shared_variants
GCF_000005845.2,b0028,fkpB,GCF_003697165.2,EAS44_RS20510,fkpB,comparable,0,5,0,5,0,0,0,0,0,0,different_variants_in_same_gene
GCF_000005845.2,b0029,ispH,GCF_003697165.2,EAS44_RS20505,ispH,comparable,11,36,6,30,6,0,5,0,0,0,partially_shared_variants
GCF_000005845.2,b0031,dapB,GCF_003697165.2,EAS44_RS20490,dapB,comparable,18,19,4,15,4,0,14,0,0,0,partially_shared_variants
GCF_000005845.2,b0032,carA,GCF_003697165.2,EAS44_RS20480,carA,comparable,18,33,9,24,9,0,9,0,0,0,partially_shared_variants
GCF_000005845.2,b0033,carB,GCF_003697165.2,EAS44_RS20475,carB,comparable,60,122,32,90,32,0,28,0,0,0,partially_shared_variants
GCF_000005845.2,b0034,caiF,GCF_003697165.2,EAS44_RS20450,caiF,comparable,2,9,1,8,1,0,1,0,0,0,partially_shared_variants
GCF_000005845.2,b0035,caiE,GCF_003697165.2,EAS44_RS20445,caiE,comparable,10,17,6,11,6,0,4,0,0,0,partially_shared_variants
GCF_000005845.2,b0036,caiD,GCF_003697165.2,EAS44_RS20440,caiD,comparable,11,14,6,8,6,0,5,0,0,0,partially_shared_variants
GCF_000005845.2,b0037,caiC,GCF_003697165.2,EAS44_RS20435,caiC,comparable,30,41,11,30,11,0,19,0,0,0,partially_shared_variants
GCF_000005845.2,b0038,caiB,GCF_003697165.2,EAS44_RS20430,caiB,comparable,8,30,4,26,4,0,4,0,0,0,partially_shared_variants
GCF_000005845.2,b0039,caiA,GCF_003697165.2,EAS44_RS20425,caiA,comparable,5,22,1,21,1,0,4,0,0,0,partially_shared_variants
GCF_000005845.2,b0040,caiT,GCF_003697165.2,EAS44_RS20420,caiT,comparable,12,18,6,12,6,0,6,0,0,0,partially_shared_variants
GCF_000005845.2,b0041,fixA,GCF_003697165.2,EAS44_RS20415,fixA,comparable,6,14,3,11,3,0,3,0,0,0,partially_shared_variants
GCF_000005845.2,b0042,fixB,GCF_003697165.2,EAS44_RS20410,fixB,comparable,1,21,0,21,0,0,1,0,0,0,reference_allele_difference
GCF_000005845.2,b0045,yaaU,GCF_003697165.2,EAS44_RS20395,yaaU,comparable,15,26,5,21,5,0,10,0,0,0,partially_shared_variants
GCF_000005845.2,b0046,kefF,GCF_003697165.2,EAS44_RS20390,kefF,comparable,1,15,0,15,0,0,1,0,0,0,reference_allele_difference
GCF_000005845.2,b0047,kefC,GCF_003697165.2,EAS44_RS20385,kefC,comparable,1,61,0,61,0,0,1,0,0,0,reference_allele_difference
GCF_000005845.2,b0048,folA,GCF_003697165.2,EAS44_RS20380,folA,comparable,0,11,0,11,0,0,0,0,0,0,different_variants_in_same_gene
GCF_000005845.2,b0049,apaH,GCF_003697165.2,EAS44_RS20365,apaH,comparable,10,20,5,15,5,0,5,0,0,0,partially_shared_variants
GCF_000005845.2,b0050,apaG,GCF_003697165.2,EAS44_RS20360,apaG,comparable,1,1,1,0,1,0,0,0,0,0,same_exact_variants
GCF_000005845.2,b0051,rsmA,GCF_003697165.2,EAS44_RS20355,rsmA,comparable,7,13,4,9,4,0,3,0,0,0,partially_shared_variants
GCF_000005845.2,b0053,surA,GCF_003697165.2,EAS44_RS20345,surA,comparable,3,12,2,10,2,0,1,0,0,0,partially_shared_variants
GCF_000005845.2,b0054,lptD,GCF_003697165.2,EAS44_RS20340,lptD,comparable,2,56,2,54,2,0,0,0,0,0,partially_shared_variants
GCF_000005845.2,b0055,djlA,GCF_003697165.2,EAS44_RS20335,djlA,comparable,1,18,1,17,1,0,0,0,0,0,partially_shared_variants
GCF_000005845.2,b0058,rluA,GCF_003697165.2,EAS44_RS20330,rluA,comparable,1,15,0,15,0,0,1,0,0,0,reference_allele_difference
GCF_000005845.2,b0059,rapA,GCF_003697165.2,EAS44_RS20325,rapA,comparable,1,46,1,45,1,0,0,0,0,0,partially_shared_variants
GCF_000005845.2,b0060,polB,GCF_003697165.2,EAS44_RS20320,polB,comparable,33,94,14,80,14,0,19,0,0,0,partially_shared_variants
GCF_000005845.2,b0061,araD,GCF_003697165.2,EAS44_RS20315,araD,comparable,17,24,10,14,10,0,7,0,0,0,partially_shared_variants
GCF_000005845.2,b0062,araA,GCF_003697165.2,EAS44_RS20310,araA,comparable,21,56,9,47,9,0,12,0,0,0,partially_shared_variants
GCF_000005845.2,b0063,araB,GCF_003697165.2,EAS44_RS20305,araB,comparable,22,34,7,27,7,0,15,0,0,0,partially_shared_variants
GCF_000005845.2,b0064,araC,GCF_003697165.2,EAS44_RS20300,araC,comparable,9,22,5,17,5,1,2,0,0,1,unresolved_liftover
GCF_000005845.2,b0065,yabI,GCF_003697165.2,EAS44_RS20285,yabI,comparable,29,37,21,16,21,0,8,0,0,0,partially_shared_variants
GCF_000005845.2,b0066,thiQ,GCF_003697165.2,EAS44_RS20280,thiQ,comparable,26,41,11,30,11,0,15,0,0,0,partially_shared_variants
GCF_000005845.2,b0067,thiP,GCF_003697165.2,EAS44_RS20275,thiP,comparable,42,63,24,39,24,0,18,0,0,0,partially_shared_variants
GCF_000005845.2,b0068,thiB,GCF_003697165.2,EAS44_RS20270,thiB,comparable,0,51,0,51,0,0,0,0,0,0,different_variants_in_same_gene
GCF_000005845.2,b0069,sgrR,GCF_003697165.2,EAS44_RS20265,sgrR,comparable,41,37,13,24,13,0,28,0,0,0,partially_shared_variants
GCF_000005845.2,b0071,leuD,GCF_003697165.2,EAS44_RS20255,leuD,comparable,1,15,0,15,0,0,1,0,0,0,reference_allele_difference
GCF_000005845.2,b0072,leuC,GCF_003697165.2,EAS44_RS20250,leuC,comparable,1,51,1,50,1,0,0,0,0,0,partially_shared_variants
GCF_000005845.2,b0073,leuB,GCF_003697165.2,EAS44_RS20245,leuB,comparable,0,43,0,43,0,0,0,0,0,0,different_variants_in_same_gene
GCF_000005845.2,b0074,leuA,GCF_003697165.2,EAS44_RS20240,leuA,comparable,13,43,4,39,4,0,9,0,0,0,partially_shared_variants
GCF_000005845.2,b0075,leuL,GCF_003697165.2,EAS44_RS20235,leuL,comparable,0,1,0,1,0,0,0,0,0,0,different_variants_in_same_gene
GCF_000005845.2,b0076,leuO,GCF_003697165.2,EAS44_RS20230,leuO,comparable,1,18,0,18,0,0,1,0,0,0,reference_allele_difference
GCF_000005845.2,b0077,ilvI,GCF_003697165.2,EAS44_RS20225,ilvI,comparable,5,59,2,57,2,0,3,0,0,0,partially_shared_variants
GCF_000005845.2,b0078,ilvH,GCF_003697165.2,EAS44_RS20220,ilvN,comparable,1,8,1,7,1,0,0,0,0,0,partially_shared_variants
GCF_000005845.2,b0080,cra,GCF_003697165.2,EAS44_RS20210,cra,comparable,0,17,0,17,0,0,0,0,0,0,different_variants_in_same_gene
GCF_000005845.2,b0081,mraZ,GCF_003697165.2,EAS44_RS20205,mraZ,comparable,2,1,1,0,1,0,1,0,0,0,partially_shared_variants
GCF_000005845.2,b0082,rsmH,GCF_003697165.2,EAS44_RS20200,rsmH,comparable,2,10,0,10,0,0,2,0,0,0,reference_allele_difference
GCF_000005845.2,b0083,ftsL,GCF_003697165.2,EAS44_RS20195,ftsL,comparable,0,5,0,5,0,0,0,0,0,0,different_variants_in_same_gene
GCF_000005845.2,b0084,ftsI,GCF_003697165.2,EAS44_RS20190,ftsI,comparable,11,22,4,18,4,0,7,0,0,0,partially_shared_variants
GCF_000005845.2,b0085,murE,GCF_003697165.2,EAS44_RS20185,murE,comparable,15,39,8,31,8,0,7,0,0,0,partially_shared_variants
GCF_000005845.2,b0086,murF,GCF_003697165.2,EAS44_RS20180,murF,comparable,1,41,0,41,0,0,1,0,0,0,reference_allele_difference
GCF_000005845.2,b0087,mraY,GCF_003697165.2,EAS44_RS20175,mraY,comparable,0,30,0,30,0,0,0,0,0,0,different_variants_in_same_gene
GCF_000005845.2,b0088,murD,GCF_003697165.2,EAS44_RS20170,murD,comparable,0,25,0,25,0,0,0,0,0,0,different_variants_in_same_gene
GCF_000005845.2,b0089,ftsW,GCF_003697165.2,EAS44_RS20165,ftsW,comparable,0,18,0,18,0,0,0,0,0,0,different_variants_in_same_gene
GCF_000005845.2,b0090,murG,GCF_003697165.2,EAS44_RS20160,murG,comparable,0,17,0,17,0,0,0,0,0,0,different_variants_in_same_gene
GCF_000005845.2,b0091,murC,GCF_003697165.2,EAS44_RS20155,murC,comparable,20,23,9,14,9,0,11,0,0,0,partially_shared_variants
GCF_000005845.2,b0092,ddlB,GCF_003697165.2,EAS44_RS20150,ddlB,comparable,10,13,4,9,4,0,6,0,0,0,partially_shared_variants
GCF_000005845.2,b0093,ftsQ,GCF_003697165.2,EAS44_RS20145,ftsQ,comparable,6,5,2,3,2,0,4,0,0,0,partially_shared_variants
GCF_000005845.2,b0094,ftsA,GCF_003697165.2,EAS44_RS20140,ftsA,comparable,3,20,3,17,3,0,0,0,0,0,partially_shared_variants
GCF_000005845.2,b0095,ftsZ,GCF_003697165.2,EAS44_RS20135,ftsZ,comparable,0,13,0,13,0,0,0,0,0,0,different_variants_in_same_gene
GCF_000005845.2,b0096,lpxC,GCF_003697165.2,EAS44_RS20130,lpxC,comparable,0,9,0,9,0,0,0,0,0,0,different_variants_in_same_gene
GCF_000005845.2,b0097,secM,GCF_003697165.2,EAS44_RS20125,secM,comparable,0,11,0,11,0,0,0,0,0,0,different_variants_in_same_gene
GCF_000005845.2,b0098,secA,GCF_003697165.2,EAS44_RS20120,secA,comparable,0,48,0,48,0,0,0,0,0,0,different_variants_in_same_gene
GCF_000005845.2,b0099,mutT,GCF_003697165.2,EAS44_RS20115,mutT,comparable,0,12,0,12,0,0,0,0,0,0,different_variants_in_same_gene
GCF_000005845.2,b0101,yacG,GCF_003697165.2,EAS44_RS20110,yacG,comparable,0,1,0,1,0,0,0,0,0,0,different_variants_in_same_gene
GCF_000005845.2,b0102,zapD,GCF_003697165.2,EAS44_RS20105,zapD,comparable,0,9,0,9,0,0,0,0,0,0,different_variants_in_same_gene
GCF_000005845.2,b0103,coaE,GCF_003697165.2,EAS44_RS20100,coaE,comparable,1,5,0,5,0,0,1,0,0,0,reference_allele_difference
GCF_000005845.2,b0104,guaC,GCF_003697165.2,EAS44_RS20095,guaC,comparable,1,19,1,18,1,0,0,0,0,0,partially_shared_variants
GCF_000005845.2,b0106,hofC,GCF_003697165.2,EAS44_RS20090,hofC,comparable,1,45,1,44,1,0,0,0,0,0,partially_shared_variants
GCF_000005845.2,b0107,hofB,GCF_003697165.2,EAS44_RS20085,gspE,comparable,0,36,0,36,0,0,0,0,0,0,different_variants_in_same_gene
GCF_000005845.2,b0108,ppdD,GCF_003697165.2,EAS44_RS20080,ppdD,comparable,0,4,0,4,0,0,0,0,0,0,different_variants_in_same_gene
GCF_000005845.2,b0109,nadC,GCF_003697165.2,EAS44_RS20075,nadC,comparable,0,16,0,16,0,0,0,0,0,0,different_variants_in_same_gene
GCF_000005845.2,b0110,ampD,GCF_003697165.2,EAS44_RS20070,ampD,comparable,0,12,0,12,0,0,0,0,0,0,different_variants_in_same_gene
GCF_000005845.2,b0111,ampE,GCF_003697165.2,EAS44_RS20065,ampE,comparable,1,12,1,11,1,0,0,0,0,0,partially_shared_variants
GCF_000005845.2,b0112,aroP,GCF_003697165.2,EAS44_RS20060,aroP,comparable,0,44,0,44,0,0,0,0,0,0,different_variants_in_same_gene
GCF_000005845.2,b0113,pdhR,GCF_003697165.2,EAS44_RS20025,pdhR,comparable,0,4,0,4,0,0,0,0,0,0,different_variants_in_same_gene
GCF_000005845.2,b0114,aceE,GCF_003697165.2,EAS44_RS20020,aceE,comparable,0,35,0,35,0,0,0,0,0,0,different_variants_in_same_gene
GCF_000005845.2,b0115,aceF,GCF_003697165.2,EAS44_RS20015,aceF,comparable,0,34,0,34,0,0,0,0,0,0,different_variants_in_same_gene
GCF_000005845.2,b0116,lpd,GCF_003697165.2,EAS44_RS20010,lpdA,comparable,0,21,0,21,0,0,0,0,0,0,different_variants_in_same_gene
GCF_000005845.2,b0118,acnB,GCF_003697165.2,EAS44_RS20000,acnB,comparable,0,80,0,80,0,0,0,0,0,0,different_variants_in_same_gene
GCF_000005845.2,b0119,yacL,GCF_003697165.2,EAS44_RS19995,yacL,comparable,0,14,0,14,0,0,0,0,0,0,different_variants_in_same_gene
GCF_000005845.2,b0120,speD,GCF_003697165.2,EAS44_RS19990,speD,comparable,0,17,0,17,0,0,0,0,0,0,different_variants_in_same_gene
GCF_000005845.2,b0121,speE,GCF_003697165.2,EAS44_RS19985,speE,comparable,0,23,0,23,0,0,0,0,0,0,different_variants_in_same_gene
GCF_000005845.2,b0122,yacC,GCF_003697165.2,EAS44_RS19980,yacC,comparable,0,7,0,7,0,0,0,0,0,0,different_variants_in_same_gene
GCF_000005845.2,b0123,cueO,GCF_003697165.2,EAS44_RS19975,cueO,comparable,0,49,0,49,0,0,0,0,0,0,different_variants_in_same_gene
GCF_000005845.2,b0124,gcd,GCF_003697165.2,EAS44_RS19970,gcd,comparable,0,86,0,86,0,0,0,0,0,0,different_variants_in_same_gene
GCF_000005845.2,b0125,hpt,GCF_003697165.2,EAS44_RS19965,hpt,comparable,0,2,0,2,0,0,0,0,0,0,different_variants_in_same_gene
GCF_000005845.2,b0126,can,GCF_003697165.2,EAS44_RS19960,can,comparable,0,11,0,11,0,0,0,0,0,0,different_variants_in_same_gene
GCF_000005845.2,b0127,yadG,GCF_003697165.2,EAS44_RS19955,yadG,comparable,0,17,0,17,0,0,0,0,0,0,different_variants_in_same_gene
GCF_000005845.2,b0128,yadH,GCF_003697165.2,EAS44_RS19950,yadH,comparable,0,19,0,19,0,0,0,0,0,0,different_variants_in_same_gene
GCF_000005845.2,b0129,yadI,GCF_003697165.2,EAS44_RS19945,yadI,comparable,0,9,0,9,0,0,0,0,0,0,different_variants_in_same_gene
GCF_000005845.2,b0130,yadE,GCF_003697165.2,EAS44_RS19940,yadE,comparable,0,47,0,47,0,0,0,0,0,0,different_variants_in_same_gene
GCF_000005845.2,b0131,panD,GCF_003697165.2,EAS44_RS19935,panD,comparable,0,5,0,5,0,0,0,0,0,0,different_variants_in_same_gene
GCF_000005845.2,b0132,rpnC,GCF_003697165.2,EAS44_RS19930,rpnC,comparable,0,36,0,36,0,0,0,0,0,0,different_variants_in_same_gene
GCF_000005845.2,b0133,panC,GCF_003697165.2,EAS44_RS19925,panC,comparable,0,47,0,47,0,0,0,0,0,0,different_variants_in_same_gene
GCF_000005845.2,b0143,pcnB,GCF_003697165.2,EAS44_RS19875,pcnB,comparable,0,35,0,35,0,0,0,0,0,0,different_variants_in_same_gene
GCF_000005845.2,b0144,gluQ,GCF_003697165.2,EAS44_RS19870,gluQRS,comparable,0,46,0,46,0,0,0,0,0,0,different_variants_in_same_gene
GCF_000005845.2,b0145,dksA,GCF_003697165.2,EAS44_RS19865,dksA,comparable,0,0,0,0,0,0,0,0,0,0,same_exact_variants
GCF_000005845.2,b0146,sfsA,GCF_003697165.2,EAS44_RS19860,sfsA,comparable,0,8,0,8,0,0,0,0,0,0,different_variants_in_same_gene
GCF_000005845.2,b0147,thpR,GCF_003697165.2,EAS44_RS19855,thpR,comparable,0,7,0,7,0,0,0,0,0,0,different_variants_in_same_gene
GCF_000005845.2,b0148,hrpB,GCF_003697165.2,EAS44_RS19850,hrpB,comparable,0,98,0,98,0,0,0,0,0,0,different_variants_in_same_gene
GCF_000005845.2,b0149,mrcB,GCF_003697165.2,EAS44_RS19845,mrcB,comparable,0,93,0,93,0,0,0,0,0,0,different_variants_in_same_gene
GCF_000005845.2,b0150,fhuA,GCF_003697165.2,EAS44_RS19840,fhuA,comparable,8,54,3,51,3,0,5,0,0,0,partially_shared_variants
GCF_000005845.2,b0151,fhuC,GCF_003697165.2,EAS44_RS19835,fhuC,comparable,0,22,0,22,0,0,0,0,0,0,different_variants_in_same_gene
GCF_000005845.2,b0152,fhuD,GCF_003697165.2,EAS44_RS19830,fhuD,comparable,0,31,0,31,0,0,0,0,0,0,different_variants_in_same_gene
GCF_000005845.2,b0153,fhuB,GCF_003697165.2,EAS44_RS19825,fhuB,comparable,0,78,0,78,0,0,0,0,0,0,different_variants_in_same_gene
GCF_000005845.2,b0154,hemL,GCF_003697165.2,EAS44_RS19820,hemL,comparable,0,30,0,30,0,0,0,0,0,0,different_variants_in_same_gene
GCF_000005845.2,b4765,yadX,GCF_003697165.2,EAS44_RS25415,yadX,comparable,0,0,0,0,0,0,0,0,0,0,same_exact_variants
GCF_000005845.2,b0155,clcA,GCF_003697165.2,EAS44_RS19815,clcA,comparable,0,30,0,30,0,0,0,0,0,0,different_variants_in_same_gene
GCF_000005845.2,b4728,yadW,GCF_003697165.2,EAS44_RS19810,yadW,comparable,0,0,0,0,0,0,0,0,0,0,same_exact_variants
GCF_000005845.2,b0156,erpA,GCF_003697165.2,EAS44_RS19805,erpA,comparable,0,2,0,2,0,0,0,0,0,0,different_variants_in_same_gene
GCF_000005845.2,b0157,yadS,GCF_003697165.2,EAS44_RS19800,yadS,comparable,2,7,1,6,1,0,1,0,0,0,partially_shared_variants
GCF_000005845.2,b0158,btuF,GCF_003697165.2,EAS44_RS19795,btuF,comparable,5,5,2,3,2,0,3,0,0,0,partially_shared_variants
GCF_000005845.2,b0159,mtn,GCF_003697165.2,EAS44_RS19790,mtnN,comparable,4,6,1,5,1,0,3,0,0,0,partially_shared_variants
GCF_000005845.2,b0160,dgt,GCF_003697165.2,EAS44_RS19785,dgt,comparable,9,33,7,26,7,0,2,0,0,0,partially_shared_variants
GCF_000005845.2,b0161,degP,GCF_003697165.2,EAS44_RS19780,degP,comparable,9,47,7,40,7,0,2,0,0,0,partially_shared_variants
GCF_000005845.2,b0162,cdaR,GCF_003697165.2,EAS44_RS19775,cdaR,comparable,5,20,4,16,4,0,1,0,0,0,partially_shared_variants
GCF_000005845.2,b0163,yaeH,GCF_003697165.2,EAS44_RS19770,yaeH,comparable,0,5,0,5,0,0,0,0,0,0,different_variants_in_same_gene
GCF_000005845.2,b0166,dapD,GCF_003697165.2,EAS44_RS19765,dapD,comparable,26,39,21,18,21,0,5,0,0,0,partially_shared_variants
GCF_000005845.2,b0167,glnD,GCF_003697165.2,EAS44_RS19760,glnD,comparable,30,77,25,52,25,0,5,0,0,0,partially_shared_variants
GCF_000005845.2,b0168,map,GCF_003697165.2,EAS44_RS19755,map,comparable,0,8,0,8,0,0,0,0,0,0,different_variants_in_same_gene
GCF_000005845.2,b0169,rpsB,GCF_003697165.2,EAS44_RS19750,rpsB,comparable,0,2,0,2,0,0,0,0,0,0,different_variants_in_same_gene
GCF_000005845.2,b0170,tsf,GCF_003697165.2,EAS44_RS19745,tsf,comparable,2,3,1,2,1,0,1,0,0,0,partially_shared_variants
GCF_000005845.2,b0171,pyrH,GCF_003697165.2,EAS44_RS19740,pyrH,comparable,0,4,0,4,0,0,0,0,0,0,different_variants_in_same_gene
GCF_000005845.2,b0172,frr,GCF_003697165.2,EAS44_RS19735,frr,comparable,0,3,0,3,0,0,0,0,0,0,different_variants_in_same_gene
GCF_000005845.2,b0173,dxr,GCF_003697165.2,EAS44_RS19730,ispC,comparable,0,7,0,7,0,0,0,0,0,0,different_variants_in_same_gene
GCF_000005845.2,b0174,ispU,GCF_003697165.2,EAS44_RS19725,ispU,comparable,1,2,0,2,0,0,1,0,0,0,reference_allele_difference
GCF_000005845.2,b0175,cdsA,GCF_003697165.2,EAS44_RS19720,cdsA,comparable,0,12,0,12,0,0,0,0,0,0,different_variants_in_same_gene
GCF_000005845.2,b0176,rseP,GCF_003697165.2,EAS44_RS19715,rseP,comparable,5,12,5,7,5,0,0,0,0,0,partially_shared_variants
GCF_000005845.2,b0177,bamA,GCF_003697165.2,EAS44_RS19710,bamA,comparable,3,34,2,32,2,0,1,0,0,0,partially_shared_variants
GCF_000005845.2,b0178,skp,GCF_003697165.2,EAS44_RS19705,skp,comparable,0,3,0,3,0,0,0,0,0,0,different_variants_in_same_gene
GCF_000005845.2,b0179,lpxD,GCF_003697165.2,EAS44_RS19700,lpxD,comparable,1,15,1,14,1,0,0,0,0,0,partially_shared_variants
GCF_000005845.2,b0180,fabZ,GCF_003697165.2,EAS44_RS19695,fabZ,comparable,0,1,0,1,0,0,0,0,0,0,different_variants_in_same_gene
GCF_000005845.2,b0181,lpxA,GCF_003697165.2,EAS44_RS19690,lpxA,comparable,0,7,0,7,0,0,0,0,0,0,different_variants_in_same_gene
GCF_000005845.2,b0182,lpxB,GCF_003697165.2,EAS44_RS19685,lpxB,comparable,1,33,1,32,1,0,0,0,0,0,partially_shared_variants
GCF_000005845.2,b0183,rnhB,GCF_003697165.2,EAS44_RS19680,rnhB,comparable,17,24,14,10,14,0,3,0,0,0,partially_shared_variants
GCF_000005845.2,b0184,dnaE,GCF_003697165.2,EAS44_RS19675,dnaE,comparable,46,68,15,53,15,0,31,0,0,0,partially_shared_variants
GCF_000005845.2,b0185,accA,GCF_003697165.2,EAS44_RS19670,accA,comparable,18,28,14,14,14,0,4,0,0,0,partially_shared_variants
GCF_000005845.2,b0187,yaeR,GCF_003697165.2,EAS44_RS19660,yaeR,comparable,7,7,2,5,2,0,5,0,0,0,partially_shared_variants
GCF_000005845.2,b0188,tilS,GCF_003697165.2,EAS44_RS19655,tilS,comparable,50,73,23,50,23,0,27,0,0,0,partially_shared_variants
GCF_000005845.2,b0189,rof,GCF_003697165.2,EAS44_RS19650,rof,comparable,6,9,2,7,2,0,4,0,0,0,partially_shared_variants
GCF_000005845.2,b4406,yaeP,GCF_003697165.2,EAS44_RS19645,yaeP,comparable,0,1,0,1,0,0,0,0,0,0,different_variants_in_same_gene
GCF_000005845.2,b0190,yaeQ,GCF_003697165.2,EAS44_RS19640,yaeQ,comparable,3,21,3,18,3,0,0,0,0,0,partially_shared_variants
GCF_000005845.2,b0191,arfB,GCF_003697165.2,EAS44_RS19635,arfB,comparable,9,16,4,12,4,0,5,0,0,0,partially_shared_variants
GCF_000005845.2,b0192,nlpE,GCF_003697165.2,EAS44_RS19630,nlpE,comparable,15,29,11,18,11,0,4,0,0,0,partially_shared_variants
GCF_000005845.2,b0193,yaeF,GCF_003697165.2,EAS44_RS19625,yaeF,comparable,17,32,6,26,6,0,11,0,0,0,partially_shared_variants
GCF_000005845.2,b0194,proS,GCF_003697165.2,EAS44_RS19620,proS,comparable,20,53,13,40,13,0,7,0,0,0,partially_shared_variants
GCF_000005845.2,b0195,trmO,GCF_003697165.2,EAS44_RS19615,tsaA,comparable,14,12,3,9,3,0,11,0,0,0,partially_shared_variants
GCF_000005845.2,b0196,rcsF,GCF_003697165.2,EAS44_RS19610,rcsF,comparable,4,5,2,3,2,0,2,0,0,0,partially_shared_variants
GCF_000005845.2,b0198,metI,GCF_003697165.2,EAS44_RS19600,metI,comparable,11,15,7,8,7,0,4,0,0,0,partially_shared_variants
GCF_000005845.2,b0199,metN,GCF_003697165.2,EAS44_RS19595,metN,comparable,13,12,8,4,8,0,5,0,0,0,partially_shared_variants
GCF_000005845.2,b0200,gmhB,GCF_003697165.2,EAS44_RS19590,gmhB,comparable,5,9,2,7,2,0,3,0,0,0,partially_shared_variants
GCF_000005845.2,b0207,dkgB,GCF_003697165.2,EAS44_RS19555,dkgB,comparable,11,23,7,16,7,0,4,0,0,0,partially_shared_variants
GCF_000005845.2,b0208,yafC,GCF_003697165.2,EAS44_RS19550,yafC,comparable,3,14,2,12,2,0,1,0,0,0,partially_shared_variants
GCF_000005845.2,b0209,yafD,GCF_003697165.2,EAS44_RS19545,yafD,comparable,1,8,1,7,1,0,0,0,0,0,partially_shared_variants
GCF_000005845.2,b0211,mltD,GCF_003697165.2,EAS44_RS19535,mltD,comparable,9,18,5,13,5,0,4,0,0,0,partially_shared_variants
GCF_000005845.2,b0212,gloB,GCF_003697165.2,EAS44_RS19530,gloB,comparable,2,15,2,13,2,0,0,0,0,0,partially_shared_variants
GCF_000005845.2,b0213,yafS,GCF_003697165.2,EAS44_RS19525,yafS,comparable,13,19,9,10,9,0,4,0,0,0,partially_shared_variants
GCF_000005845.2,b0214,rnhA,GCF_003697165.2,EAS44_RS19520,rnhA,comparable,7,12,5,7,5,0,2,0,0,0,partially_shared_variants
GCF_000005845.2,b0215,dnaQ,GCF_003697165.2,EAS44_RS19515,dnaQ,comparable,12,11,5,6,5,0,7,0,0,0,partially_shared_variants
GCF_000005845.2,b0219,yafV,GCF_003697165.2,EAS44_RS19380,yafV,comparable,1,11,0,11,0,0,0,0,0,1,unresolved_liftover
GCF_000005845.2,b0220,ivy,GCF_003697165.2,EAS44_RS19375,ivy,comparable,0,9,0,9,0,0,0,0,0,0,different_variants_in_same_gene
GCF_000005845.2,b0221,fadE,GCF_003697165.2,EAS44_RS19370,fadE,comparable,9,71,0,71,0,0,0,0,0,9,unresolved_liftover
GCF_000005845.2,b0222,gmhA,GCF_003697165.2,EAS44_RS19365,lpcA,comparable,1,14,0,14,0,0,0,0,0,1,unresolved_liftover
GCF_000005845.2,b0223,yafJ,GCF_003697165.2,EAS44_RS19360,yafJ,comparable,13,15,0,15,0,0,0,0,0,13,unresolved_liftover
GCF_000005845.2,b0224,dpaA,GCF_003697165.2,EAS44_RS19355,dpaA,comparable,13,11,0,11,0,0,0,0,0,13,unresolved_liftover
GCF_000005845.2,b0227,yafL,GCF_003697165.2,EAS44_RS19350,yafL,comparable,40,32,0,32,0,0,0,0,0,40,unresolved_liftover
GCF_000005845.2,b0231,dinB,GCF_003697165.2,EAS44_RS19330,dinB,comparable,26,50,0,50,0,0,0,0,0,26,unresolved_liftover
GCF_000005845.2,b0232,yafN,GCF_003697165.2,EAS44_RS19325,yafN,comparable,3,8,0,8,0,0,0,0,0,3,unresolved_liftover
GCF_000005845.2,b0234,yafP,GCF_003697165.2,EAS44_RS19315,yafP,comparable,16,23,0,23,0,0,0,0,0,16,unresolved_liftover
GCF_000005845.2,b0237,pepD,GCF_003697165.2,EAS44_RS19300,pepD,comparable,28,49,0,49,0,0,0,0,0,28,unresolved_liftover
GCF_000005845.2,b0238,gpt,GCF_003697165.2,EAS44_RS19295,gpt,comparable,1,6,0,6,0,0,0,0,0,1,unresolved_liftover
GCF_000005845.2,b0239,frsA,GCF_003697165.2,EAS44_RS19290,frsA,comparable,16,26,0,26,0,0,0,0,0,16,unresolved_liftover
GCF_000005845.2,b0241,phoE,GCF_003697165.2,EAS44_RS19280,phoE,comparable,12,22,0,22,0,0,0,0,0,12,unresolved_liftover
GCF_000005845.2,b0242,proB,GCF_003697165.2,EAS44_RS19275,proB,comparable,4,27,0,27,0,0,0,0,0,4,unresolved_liftover
GCF_000005845.2,b0243,proA,GCF_003697165.2,EAS44_RS19270,proA,comparable,16,52,0,52,0,0,0,0,0,16,unresolved_liftover
GCF_000005845.2,b0287,yagU,GCF_003697165.2,EAS44_RS19230,yagU,comparable,9,36,0,36,0,0,0,0,0,9,unresolved_liftover
GCF_000005845.2,b0288,ykgJ,GCF_003697165.2,EAS44_RS19220,ykgJ,comparable,1,11,0,11,0,0,0,0,0,1,unresolved_liftover
GCF_000005845.2,b0289,ecpE,GCF_003697165.2,EAS44_RS19215,ecpE,comparable,7,21,0,21,0,0,0,0,0,7,unresolved_liftover
GCF_000005845.2,b0290,ecpD,GCF_003697165.2,EAS44_RS19210,ecpD,comparable,12,24,0,24,0,0,0,0,0,12,unresolved_liftover
GCF_000005845.2,b0291,ecpC,GCF_003697165.2,EAS44_RS19205,ecpC,comparable,32,59,0,59,0,0,0,0,0,32,unresolved_liftover
GCF_000005845.2,b0292,ecpB,GCF_003697165.2,EAS44_RS19200,ecpB,comparable,10,8,0,8,0,0,0,0,0,10,unresolved_liftover
GCF_000005845.2,b0293,ecpA,GCF_003697165.2,EAS44_RS19195,ecpA,comparable,1,13,0,13,0,0,0,0,0,1,unresolved_liftover
GCF_000005845.2,b0294,matA,GCF_003697165.2,EAS44_RS19190,ecpR,comparable,0,16,0,16,0,0,0,0,0,0,different_variants_in_same_gene
GCF_000005845.2,b4506,ykgO,GCF_003697165.2,EAS44_RS19175,ykgO,comparable,0,2,0,2,0,0,0,0,0,0,different_variants_in_same_gene
GCF_000005845.2,b0296,ykgM,GCF_003697165.2,EAS44_RS19170,ykgM,comparable,0,7,0,7,0,0,0,0,0,0,different_variants_in_same_gene
GCF_000005845.2,b4671,ykgR,GCF_003697165.2,EAS44_RS19165,ykgR,comparable,0,1,0,1,0,0,0,0,0,0,different_variants_in_same_gene
GCF_000005845.2,b0301,rclC,GCF_003697165.2,EAS44_RS19110,rclC,comparable,1,9,0,9,0,0,0,0,0,1,unresolved_liftover
GCF_000005845.2,b0303,rclB,GCF_003697165.2,EAS44_RS19105,rclB,comparable,3,7,0,7,0,0,0,0,0,3,unresolved_liftover
GCF_000005845.2,b0304,rclA,GCF_003697165.2,EAS44_RS19100,rclA,comparable,1,26,0,26,0,0,0,0,0,1,unresolved_liftover
GCF_000005845.2,b0305,rclR,GCF_003697165.2,EAS44_RS19095,rclR,comparable,0,18,0,18,0,0,0,0,0,0,different_variants_in_same_gene
GCF_000005845.2,b0306,ykgE,GCF_003697165.2,EAS44_RS19090,ykgE,comparable,0,10,0,10,0,0,0,0,0,0,different_variants_in_same_gene
GCF_000005845.2,b0307,ykgF,GCF_003697165.2,EAS44_RS19085,ykgF,comparable,0,20,0,20,0,0,0,0,0,0,different_variants_in_same_gene
GCF_000005845.2,b0308,ykgG,GCF_003697165.2,EAS44_RS19080,ykgG,comparable,0,31,0,31,0,0,0,0,0,0,different_variants_in_same_gene
GCF_000005845.2,b0311,betA,GCF_003697165.2,EAS44_RS19040,betA,comparable,14,61,0,61,0,0,0,0,0,14,unresolved_liftover
GCF_000005845.2,b0312,betB,GCF_003697165.2,EAS44_RS19035,betB,comparable,19,41,0,41,0,0,0,0,0,19,unresolved_liftover
GCF_000005845.2,b0313,betI,GCF_003697165.2,EAS44_RS19030,betI,comparable,18,13,0,13,0,0,0,0,0,18,unresolved_liftover
GCF_000005845.2,b0314,betT,GCF_003697165.2,EAS44_RS19025,betT,comparable,19,44,0,44,0,0,0,0,0,19,unresolved_liftover
GCF_000005845.2,b0316,yahB,GCF_003697165.2,EAS44_RS19015,yahB,comparable,3,37,0,37,0,0,0,0,0,3,unresolved_liftover
GCF_000005845.2,b0317,yahC,GCF_003697165.2,EAS44_RS19010,yahC,comparable,5,18,0,18,0,0,0,0,0,5,unresolved_liftover
GCF_000005845.2,b0318,yahD,GCF_003697165.2,EAS44_RS19005,yahD,comparable,0,18,0,18,0,0,0,0,0,0,different_variants_in_same_gene
GCF_000005845.2,b0319,yahE,GCF_003697165.2,EAS44_RS19000,yahE,comparable,22,33,0,33,0,0,0,0,0,22,unresolved_liftover
GCF_000005845.2,b0320,yahF,GCF_003697165.2,EAS44_RS18995,fdrA,comparable,47,60,0,60,0,0,0,0,0,47,unresolved_liftover
GCF_000005845.2,b0321,yahG,GCF_003697165.2,EAS44_RS18990,yahG,comparable,17,63,0,63,0,0,0,0,0,17,unresolved_liftover
GCF_000005845.2,b0323,yahI,GCF_003697165.2,EAS44_RS18985,yahI,comparable,2,45,0,45,0,0,0,0,0,2,unresolved_liftover
GCF_000005845.2,b0324,yahJ,GCF_003697165.2,EAS44_RS18980,yahJ,comparable,6,63,0,63,0,0,0,0,0,6,unresolved_liftover
GCF_000005845.2,b0328,yahN,GCF_003697165.2,EAS44_RS18940,yahN,comparable,3,10,0,10,0,0,0,0,0,3,unresolved_liftover
GCF_000005845.2,b0329,yahO,GCF_003697165.2,EAS44_RS18935,yahO,comparable,4,10,0,10,0,0,0,0,0,4,unresolved_liftover
GCF_000005845.2,b0330,prpR,GCF_003697165.2,EAS44_RS18930,prpR,comparable,46,43,0,43,0,0,0,0,0,46,unresolved_liftover
GCF_000005845.2,b0331,prpB,GCF_003697165.2,EAS44_RS18925,prpB,comparable,0,29,0,29,0,0,0,0,0,0,different_variants_in_same_gene
GCF_000005845.2,b0333,prpC,GCF_003697165.2,EAS44_RS18920,prpC,comparable,18,41,0,41,0,0,0,0,0,18,unresolved_liftover
GCF_000005845.2,b0334,prpD,GCF_003697165.2,EAS44_RS18915,prpD,comparable,3,38,0,38,0,0,0,0,0,3,unresolved_liftover
GCF_000005845.2,b0335,prpE,GCF_003697165.2,EAS44_RS18910,prpE,comparable,13,60,0,60,0,0,0,0,0,13,unresolved_liftover
GCF_000005845.2,b0336,codB,GCF_003697165.2,EAS44_RS18905,codB,comparable,0,28,0,28,0,0,0,0,0,0,different_variants_in_same_gene
GCF_000005845.2,b0337,codA,GCF_003697165.2,EAS44_RS18900,codA,comparable,0,36,0,36,0,0,0,0,0,0,different_variants_in_same_gene
GCF_000005845.2,b0343,lacY,GCF_003697165.2,EAS44_RS18890,lacY,comparable,3,15,0,15,0,0,0,0,0,3,unresolved_liftover
GCF_000005845.2,b0345,lacI,GCF_003697165.2,EAS44_RS18880,lacI,comparable,0,15,0,15,0,0,0,0,0,0,different_variants_in_same_gene
GCF_000005845.2,b0354,yaiL,GCF_003697165.2,EAS44_RS18870,yaiL,comparable,0,9,0,9,0,0,0,0,0,0,different_variants_in_same_gene
GCF_000005845.2,b0355,frmB,GCF_003697165.2,EAS44_RS18865,fghA,comparable,4,11,0,11,0,0,0,0,0,4,unresolved_liftover
GCF_000005845.2,b0356,frmA,GCF_003697165.2,EAS44_RS18860,frmA,comparable,19,25,0,25,0,0,0,0,0,19,unresolved_liftover
GCF_000005845.2,b0358,yaiO,GCF_003697165.2,EAS44_RS18850,yaiO,comparable,4,16,0,16,0,0,0,0,0,4,unresolved_liftover
GCF_000005845.2,b0365,tauA,GCF_003697165.2,EAS44_RS18830,tauA,comparable,16,34,0,34,0,0,0,0,0,16,unresolved_liftover
GCF_000005845.2,b0366,tauB,GCF_003697165.2,EAS44_RS18825,tauB,comparable,20,38,0,38,0,0,0,0,0,20,unresolved_liftover
GCF_000005845.2,b0367,tauC,GCF_003697165.2,EAS44_RS18820,tauC,comparable,41,15,0,15,0,0,0,0,0,41,unresolved_liftover
GCF_000005845.2,b0368,tauD,GCF_003697165.2,EAS44_RS18815,tauD,comparable,22,40,0,40,0,0,0,0,0,22,unresolved_liftover
GCF_000005845.2,b0369,hemB,GCF_003697165.2,EAS44_RS18810,hemB,comparable,18,16,0,16,0,0,0,0,0,18,unresolved_liftover
GCF_000005845.2,b0375,iprA,GCF_003697165.2,EAS44_RS18800,iprA,comparable,1,18,1,17,1,0,0,0,0,0,partially_shared_variants
GCF_000005845.2,b0376,ampH,GCF_003697165.2,EAS44_RS18795,ampH,comparable,9,32,6,26,6,0,3,0,0,0,partially_shared_variants
GCF_000005845.2,b0377,sbmA,GCF_003697165.2,EAS44_RS18790,sbmA,comparable,10,24,7,17,7,0,3,0,0,0,partially_shared_variants
GCF_000005845.2,b0378,yaiW,GCF_003697165.2,EAS44_RS18785,yaiW,comparable,12,17,6,11,6,0,6,0,0,0,partially_shared_variants
GCF_000005845.2,b0379,yaiY,GCF_003697165.2,EAS44_RS18780,yaiY,comparable,1,6,1,5,1,0,0,0,0,0,partially_shared_variants
GCF_000005845.2,b0380,yaiZ,GCF_003697165.2,EAS44_RS18775,yaiZ,comparable,0,0,0,0,0,0,0,0,0,0,same_exact_variants
GCF_000005845.2,b0381,ddlA,GCF_003697165.2,EAS44_RS18770,ddlA,comparable,13,20,4,16,4,0,9,0,0,0,partially_shared_variants
GCF_000005845.2,b0382,iraP,GCF_003697165.2,EAS44_RS18765,iraP,comparable,0,3,0,3,0,0,0,0,0,0,different_variants_in_same_gene
GCF_000005845.2,b0383,phoA,GCF_003697165.2,EAS44_RS18760,phoA,comparable,36,41,23,18,23,0,13,0,0,0,partially_shared_variants
GCF_000005845.2,b0384,psiF,GCF_003697165.2,EAS44_RS18755,psiF,comparable,7,8,4,4,4,0,3,0,0,0,partially_shared_variants
GCF_000005845.2,b0385,dgcC,GCF_003697165.2,EAS44_RS18750,adrA,comparable,9,18,1,17,1,0,8,0,0,0,partially_shared_variants
GCF_000005845.2,b0386,proC,GCF_003697165.2,EAS44_RS18745,proC,comparable,4,16,3,13,3,0,1,0,0,0,partially_shared_variants
GCF_000005845.2,b0387,yaiI,GCF_003697165.2,EAS44_RS18740,yaiI,comparable,0,7,0,7,0,0,0,0,0,0,different_variants_in_same_gene
GCF_000005845.2,b0388,aroL,GCF_003697165.2,EAS44_RS18735,aroL,comparable,1,6,1,5,1,0,0,0,0,0,partially_shared_variants
GCF_000005845.2,b0389,yaiA,GCF_003697165.2,EAS44_RS18730,yaiA,comparable,1,2,1,1,1,0,0,0,0,0,partially_shared_variants
GCF_000005845.2,b0390,aroM,GCF_003697165.2,EAS44_RS18725,aroM,comparable,5,27,3,24,3,0,2,0,0,0,partially_shared_variants
GCF_000005845.2,b0391,ppnP,GCF_003697165.2,EAS44_RS18720,ppnP,comparable,0,5,0,5,0,0,0,0,0,0,different_variants_in_same_gene
GCF_000005845.2,b4732,ykiD,GCF_003697165.2,EAS44_RS18710,EAS44_RS18710,comparable,0,3,0,3,0,0,0,0,0,0,different_variants_in_same_gene
GCF_000005845.2,b0393,rdgC,GCF_003697165.2,EAS44_RS18705,rdgC,comparable,0,14,0,14,0,0,0,0,0,0,different_variants_in_same_gene
GCF_000005845.2,b0394,mak,GCF_003697165.2,EAS44_RS18700,mak,comparable,0,26,0,26,0,0,0,0,0,0,different_variants_in_same_gene
GCF_000005845.2,b0396,araJ,GCF_003697165.2,EAS44_RS18695,araJ,comparable,1,35,1,34,1,0,0,0,0,0,partially_shared_variants
GCF_000005845.2,b0397,sbcC,GCF_003697165.2,EAS44_RS18690,sbcC,comparable,11,102,4,98,4,0,7,0,0,0,partially_shared_variants
GCF_000005845.2,b0398,sbcD,GCF_003697165.2,EAS44_RS18685,sbcD,comparable,13,33,8,25,8,0,5,0,0,0,partially_shared_variants
GCF_000005845.2,b0399,phoB,GCF_003697165.2,EAS44_RS18680,phoB,comparable,5,16,2,14,2,0,3,0,0,0,partially_shared_variants
GCF_000005845.2,b0400,phoR,GCF_003697165.2,EAS44_RS18675,phoR,comparable,14,24,9,15,9,0,5,0,0,0,partially_shared_variants
GCF_000005845.2,b0401,brnQ,GCF_003697165.2,EAS44_RS18670,brnQ,comparable,3,26,2,24,2,0,1,0,0,0,partially_shared_variants
GCF_000005845.2,b0402,proY,GCF_003697165.2,EAS44_RS18665,proY,comparable,3,21,2,19,2,0,1,0,0,0,partially_shared_variants
GCF_000005845.2,b0403,malZ,GCF_003697165.2,EAS44_RS18660,malZ,comparable,10,60,7,53,7,0,3,0,0,0,partially_shared_variants
GCF_000005845.2,b0404,acpH,GCF_003697165.2,EAS44_RS18655,acpH,comparable,0,32,0,32,0,0,0,0,0,0,different_variants_in_same_gene
GCF_000005845.2,b0405,queA,GCF_003697165.2,EAS44_RS18650,queA,comparable,0,28,0,28,0,0,0,0,0,0,different_variants_in_same_gene
GCF_000005845.2,b0406,tgt,GCF_003697165.2,EAS44_RS18645,tgt,comparable,1,17,0,17,0,0,1,0,0,0,reference_allele_difference
GCF_000005845.2,b0407,yajC,GCF_003697165.2,EAS44_RS18640,yajC,comparable,0,6,0,6,0,0,0,0,0,0,different_variants_in_same_gene
GCF_000005845.2,b0408,secD,GCF_003697165.2,EAS44_RS18635,secD,comparable,0,29,0,29,0,0,0,0,0,0,different_variants_in_same_gene
GCF_000005845.2,b0409,secF,GCF_003697165.2,EAS44_RS18630,secF,comparable,0,9,0,9,0,0,0,0,0,0,different_variants_in_same_gene
GCF_000005845.2,b0410,yajD,GCF_003697165.2,EAS44_RS18625,yajD,comparable,0,8,0,8,0,0,0,0,0,0,different_variants_in_same_gene
GCF_000005845.2,b0412,yajI,GCF_003697165.2,EAS44_RS18615,yajI,comparable,7,18,3,15,3,0,4,0,0,0,partially_shared_variants
GCF_000005845.2,b0413,nrdR,GCF_003697165.2,EAS44_RS18610,nrdR,comparable,0,2,0,2,0,0,0,0,0,0,different_variants_in_same_gene
GCF_000005845.2,b0414,ribD,GCF_003697165.2,EAS44_RS18605,ribD,comparable,4,46,3,43,3,0,1,0,0,0,partially_shared_variants
GCF_000005845.2,b0415,ribE,GCF_003697165.2,EAS44_RS18600,ribE,comparable,0,3,0,3,0,0,0,0,0,0,different_variants_in_same_gene
GCF_000005845.2,b0416,nusB,GCF_003697165.2,EAS44_RS18595,nusB,comparable,0,6,0,6,0,0,0,0,0,0,different_variants_in_same_gene
GCF_000005845.2,b0417,thiL,GCF_003697165.2,EAS44_RS18590,thiL,comparable,7,10,3,7,3,0,4,0,0,0,partially_shared_variants
GCF_000005845.2,b0418,pgpA,GCF_003697165.2,EAS44_RS18585,pgpA,comparable,14,24,10,14,10,0,4,0,0,0,partially_shared_variants
GCF_000005845.2,b0419,yajO,GCF_003697165.2,EAS44_RS18580,yajO,comparable,35,40,15,25,15,0,20,0,0,0,partially_shared_variants
GCF_000005845.2,b0420,dxs,GCF_003697165.2,EAS44_RS18575,dxs,comparable,29,54,16,38,16,0,13,0,0,0,partially_shared_variants
GCF_000005845.2,b0421,ispA,GCF_003697165.2,EAS44_RS18570,ispA,comparable,15,14,6,8,6,0,9,0,0,0,partially_shared_variants
GCF_000005845.2,b0422,xseB,GCF_003697165.2,EAS44_RS18565,xseB,comparable,0,1,0,1,0,0,0,0,0,0,different_variants_in_same_gene
GCF_000005845.2,b0423,thiI,GCF_003697165.2,EAS44_RS18560,thiI,comparable,27,45,22,23,22,0,5,0,0,0,partially_shared_variants
GCF_000005845.2,b0424,yajL,GCF_003697165.2,EAS44_RS18555,yajL,comparable,16,17,9,8,9,0,7,0,0,0,partially_shared_variants
GCF_000005845.2,b0425,panE,GCF_003697165.2,EAS44_RS18550,panE,comparable,19,23,12,11,12,0,7,0,0,0,partially_shared_variants
GCF_000005845.2,b0426,yajQ,GCF_003697165.2,EAS44_RS18545,yajQ,comparable,10,13,6,7,6,0,4,0,0,0,partially_shared_variants
GCF_000005845.2,b0427,yajR,GCF_003697165.2,EAS44_RS18540,yajR,comparable,25,36,13,23,13,0,12,0,0,0,partially_shared_variants
GCF_000005845.2,b0428,cyoE,GCF_003697165.2,EAS44_RS18535,cyoE,comparable,9,26,6,20,6,0,3,0,0,0,partially_shared_variants
GCF_000005845.2,b0429,cyoD,GCF_003697165.2,EAS44_RS18530,cyoD,comparable,1,16,0,16,0,0,1,0,0,0,reference_allele_difference
GCF_000005845.2,b0430,cyoC,GCF_003697165.2,EAS44_RS18525,cyoC,comparable,5,9,4,5,4,0,1,0,0,0,partially_shared_variants
GCF_000005845.2,b0431,cyoB,GCF_003697165.2,EAS44_RS18520,cyoB,comparable,13,23,10,13,10,0,3,0,0,0,partially_shared_variants
GCF_000005845.2,b0432,cyoA,GCF_003697165.2,EAS44_RS18515,cyoA,comparable,11,10,6,4,6,0,5,0,0,0,partially_shared_variants
GCF_000005845.2,b0433,ampG,GCF_003697165.2,EAS44_RS18510,ampG,comparable,24,35,12,23,12,0,12,0,0,0,partially_shared_variants
GCF_000005845.2,b0434,yajG,GCF_003697165.2,EAS44_RS18505,yajG,comparable,1,5,1,4,1,0,0,0,0,0,partially_shared_variants
GCF_000005845.2,b0435,bolA,GCF_003697165.2,EAS44_RS18500,bolA,comparable,0,0,0,0,0,0,0,0,0,0,same_exact_variants
GCF_000005845.2,b0436,tig,GCF_003697165.2,EAS44_RS18495,tig,comparable,0,15,0,15,0,0,0,0,0,0,different_variants_in_same_gene
GCF_000005845.2,b0437,clpP,GCF_003697165.2,EAS44_RS18490,clpP,comparable,1,11,1,10,1,0,0,0,0,0,partially_shared_variants
GCF_000005845.2,b0438,clpX,GCF_003697165.2,EAS44_RS18485,clpX,comparable,0,27,0,27,0,0,0,0,0,0,different_variants_in_same_gene
GCF_000005845.2,b0439,lon,GCF_003697165.2,EAS44_RS18480,lon,comparable,4,28,2,26,2,0,2,0,0,0,partially_shared_variants
GCF_000005845.2,b0440,hupB,GCF_003697165.2,EAS44_RS18475,hupB,comparable,0,0,0,0,0,0,0,0,0,0,same_exact_variants
GCF_000005845.2,b0441,ppiD,GCF_003697165.2,EAS44_RS18470,ppiD,comparable,4,21,3,18,3,0,1,0,0,0,partially_shared_variants
GCF_000005845.2,b0442,ybaV,GCF_003697165.2,EAS44_RS18465,ybaV,comparable,9,6,5,1,5,0,4,0,0,0,partially_shared_variants
GCF_000005845.2,b0443,fadM,GCF_003697165.2,EAS44_RS18460,fadM,comparable,1,9,0,9,0,0,1,0,0,0,reference_allele_difference
GCF_000005845.2,b0444,queC,GCF_003697165.2,EAS44_RS18455,queC,comparable,14,15,7,8,7,0,7,0,0,0,partially_shared_variants
GCF_000005845.2,b0445,ybaE,GCF_003697165.2,EAS44_RS18450,ybaE,comparable,25,35,10,25,10,0,15,0,0,0,partially_shared_variants
GCF_000005845.2,b0446,cof,GCF_003697165.2,EAS44_RS18445,cof,comparable,5,7,2,5,2,0,3,0,0,0,partially_shared_variants
GCF_000005845.2,b0447,decR,GCF_003697165.2,EAS44_RS18440,decR,comparable,2,7,0,7,0,0,2,0,0,0,reference_allele_difference
GCF_000005845.2,b0448,mdlA,GCF_003697165.2,EAS44_RS18435,mdlA,comparable,33,65,19,46,19,0,14,0,0,0,partially_shared_variants
GCF_000005845.2,b0449,mdlB,GCF_003697165.2,EAS44_RS18430,mdlB,comparable,19,50,12,38,12,0,7,0,0,0,partially_shared_variants
GCF_000005845.2,b0450,glnK,GCF_003697165.2,EAS44_RS18425,glnK,comparable,0,4,0,4,0,0,0,0,0,0,different_variants_in_same_gene
GCF_000005845.2,b0451,amtB,GCF_003697165.2,EAS44_RS18420,amtB,comparable,26,45,18,27,18,0,8,0,0,0,partially_shared_variants
GCF_000005845.2,b0452,tesB,GCF_003697165.2,EAS44_RS18415,tesB,comparable,8,18,6,12,6,0,2,0,0,0,partially_shared_variants
GCF_000005845.2,b0453,ybaY,GCF_003697165.2,EAS44_RS18410,ybaY,comparable,10,13,5,8,5,0,5,0,0,0,partially_shared_variants
GCF_000005845.2,b0454,ybaZ,GCF_003697165.2,EAS44_RS18405,EAS44_RS18405,comparable,0,12,0,12,0,0,0,0,0,0,different_variants_in_same_gene
GCF_000005845.2,b0456,ybaA,GCF_003697165.2,EAS44_RS18395,ybaA,comparable,0,9,0,9,0,0,0,0,0,0,different_variants_in_same_gene
GCF_000005845.2,b0457,pdeB,GCF_003697165.2,EAS44_RS18390,pdeB,comparable,14,20,6,14,6,0,8,0,0,0,partially_shared_variants
GCF_000005845.2,b0458,ylaC,GCF_003697165.2,EAS44_RS18385,ylaC,comparable,0,5,0,5,0,0,0,0,0,0,different_variants_in_same_gene
GCF_000005845.2,b0459,maa,GCF_003697165.2,EAS44_RS18380,maa,comparable,0,14,0,14,0,0,0,0,0,0,different_variants_in_same_gene
GCF_000005845.2,b0460,hha,GCF_003697165.2,EAS44_RS18375,hha,comparable,0,1,0,1,0,0,0,0,0,0,different_variants_in_same_gene
GCF_000005845.2,b0461,tomB,GCF_003697165.2,EAS44_RS18370,tomB,comparable,0,1,0,1,0,0,0,0,0,0,different_variants_in_same_gene
GCF_000005845.2,b0462,acrB,GCF_003697165.2,EAS44_RS18365,acrB,comparable,0,70,0,70,0,0,0,0,0,0,different_variants_in_same_gene
GCF_000005845.2,b0463,acrA,GCF_003697165.2,EAS44_RS18360,acrA,comparable,0,10,0,10,0,0,0,0,0,0,different_variants_in_same_gene
GCF_000005845.2,b0465,mscK,GCF_003697165.2,EAS44_RS18350,mscK,comparable,2,116,2,114,2,0,0,0,0,0,partially_shared_variants
GCF_000005845.2,b0466,ybaM,GCF_003697165.2,EAS44_RS18345,rsmS,comparable,0,8,0,8,0,0,0,0,0,0,different_variants_in_same_gene
GCF_000005845.2,b0467,priC,GCF_003697165.2,EAS44_RS18340,priC,comparable,0,31,0,31,0,0,0,0,0,0,different_variants_in_same_gene
GCF_000005845.2,b0468,ybaN,GCF_003697165.2,EAS44_RS18335,ybaN,comparable,0,10,0,10,0,0,0,0,0,0,different_variants_in_same_gene
GCF_000005845.2,b0469,apt,GCF_003697165.2,EAS44_RS18330,apt,comparable,0,5,0,5,0,0,0,0,0,0,different_variants_in_same_gene
GCF_000005845.2,b0470,dnaX,GCF_003697165.2,EAS44_RS18325,dnaX,comparable,0,33,0,33,0,0,0,0,0,0,different_variants_in_same_gene
GCF_000005845.2,b0471,ybaB,GCF_003697165.2,EAS44_RS18320,ybaB,comparable,0,1,0,1,0,0,0,0,0,0,different_variants_in_same_gene
GCF_000005845.2,b0472,recR,GCF_003697165.2,EAS44_RS18315,recR,comparable,5,9,1,8,1,0,4,0,0,0,partially_shared_variants
GCF_000005845.2,b0473,htpG,GCF_003697165.2,EAS44_RS18310,htpG,comparable,6,25,4,21,4,0,2,0,0,0,partially_shared_variants
GCF_000005845.2,b0474,adk,GCF_003697165.2,EAS44_RS18305,adk,comparable,10,12,3,9,3,0,7,0,0,0,partially_shared_variants
GCF_000005845.2,b0475,hemH,GCF_003697165.2,EAS44_RS18300,hemH,comparable,12,22,5,17,5,0,7,0,0,0,partially_shared_variants
GCF_000005845.2,b0477,gsk,GCF_003697165.2,EAS44_RS18290,gsk,comparable,18,18,10,8,10,0,8,0,0,0,partially_shared_variants
GCF_000005845.2,b0478,ybaL,GCF_003697165.2,EAS44_RS18285,ybaL,comparable,0,46,0,46,0,0,0,0,0,0,different_variants_in_same_gene
GCF_000005845.2,b0479,fsr,GCF_003697165.2,EAS44_RS18280,fsr,comparable,2,29,2,27,2,0,0,0,0,0,partially_shared_variants
GCF_000005845.2,b0480,ushA,GCF_003697165.2,EAS44_RS18275,ushA,comparable,0,37,0,37,0,0,0,0,0,0,different_variants_in_same_gene
GCF_000005845.2,b0481,ybaK,GCF_003697165.2,EAS44_RS18260,ybaK,comparable,0,5,0,5,0,0,0,0,0,0,different_variants_in_same_gene
GCF_000005845.2,b0482,ybaP,GCF_003697165.2,EAS44_RS18255,ybaP,comparable,0,17,0,17,0,0,0,0,0,0,different_variants_in_same_gene
GCF_000005845.2,b0483,ybaQ,GCF_003697165.2,EAS44_RS18245,ybaQ,comparable,0,4,0,4,0,0,0,0,0,0,different_variants_in_same_gene
GCF_000005845.2,b0484,copA,GCF_003697165.2,EAS44_RS18240,copA,comparable,0,85,0,85,0,0,0,0,0,0,different_variants_in_same_gene
GCF_000005845.2,b0485,glsA,GCF_003697165.2,EAS44_RS18235,glsA,comparable,0,23,0,23,0,0,0,0,0,0,different_variants_in_same_gene
GCF_000005845.2,b0486,ybaT,GCF_003697165.2,EAS44_RS18230,ybaT,comparable,17,25,0,25,0,0,0,0,0,17,unresolved_liftover
GCF_000005845.2,b0487,cueR,GCF_003697165.2,EAS44_RS18225,cueR,comparable,1,18,0,18,0,0,0,0,0,1,unresolved_liftover
GCF_000005845.2,b0488,ybbJ,GCF_003697165.2,EAS44_RS18200,ybbJ,comparable,3,13,0,13,0,0,0,0,0,3,unresolved_liftover
GCF_000005845.2,b0489,qmcA,GCF_003697165.2,EAS44_RS18195,qmcA,comparable,12,33,0,33,0,0,0,0,0,12,unresolved_liftover
GCF_000005845.2,b0490,fetA,GCF_003697165.2,EAS44_RS18190,fetA,comparable,10,11,0,11,0,0,0,0,0,10,unresolved_liftover
GCF_000005845.2,b0491,fetB,GCF_003697165.2,EAS44_RS18185,fetB,comparable,1,13,0,13,0,0,0,0,0,1,unresolved_liftover
GCF_000005845.2,b0492,cnoX,GCF_003697165.2,EAS44_RS18180,cnoX,comparable,5,16,0,16,0,0,0,0,0,5,unresolved_liftover
GCF_000005845.2,b0493,ybbO,GCF_003697165.2,EAS44_RS18175,ybbO,comparable,9,16,0,16,0,0,0,0,0,9,unresolved_liftover
GCF_000005845.2,b0494,tesA,GCF_003697165.2,EAS44_RS18170,tesA,comparable,0,8,0,8,0,0,0,0,0,0,different_variants_in_same_gene
GCF_000005845.2,b0495,ybbA,GCF_003697165.2,EAS44_RS18165,ybbA,comparable,0,17,0,17,0,0,0,0,0,0,different_variants_in_same_gene
GCF_000005845.2,b0496,ybbP,GCF_003697165.2,EAS44_RS18160,ybbP,comparable,7,103,0,103,0,0,0,0,0,7,unresolved_liftover
GCF_000005845.2,b0503,selU,GCF_003697165.2,EAS44_RS18155,mnmH,comparable,0,42,0,42,0,0,0,0,0,0,different_variants_in_same_gene
GCF_000005845.2,b0504,allS,GCF_003697165.2,EAS44_RS18150,allS,comparable,0,25,0,25,0,0,0,0,0,0,different_variants_in_same_gene
GCF_000005845.2,b0505,allA,GCF_003697165.2,EAS44_RS18145,allA,comparable,1,9,0,9,0,0,0,0,0,1,unresolved_liftover
GCF_000005845.2,b0506,allR,GCF_003697165.2,EAS44_RS18140,allR,comparable,0,17,0,17,0,0,0,0,0,0,different_variants_in_same_gene
GCF_000005845.2,b0507,gcl,GCF_003697165.2,EAS44_RS18135,gcl,comparable,1,65,0,65,0,0,0,0,0,1,unresolved_liftover
GCF_000005845.2,b0508,hyi,GCF_003697165.2,EAS44_RS18130,hyi,comparable,0,26,0,26,0,0,0,0,0,0,different_variants_in_same_gene
GCF_000005845.2,b0511,allW,GCF_003697165.2,EAS44_RS18120,allW,comparable,0,49,0,49,0,0,0,0,0,0,different_variants_in_same_gene
GCF_000005845.2,b0512,allB,GCF_003697165.2,EAS44_RS18115,allB,comparable,8,44,0,44,0,0,0,0,0,8,unresolved_liftover
GCF_000005845.2,b0513,ybbY,GCF_003697165.2,EAS44_RS18110,ybbY,comparable,20,32,0,32,0,0,0,0,0,20,unresolved_liftover
GCF_000005845.2,b0515,allE,GCF_003697165.2,EAS44_RS18100,allE,comparable,14,23,0,23,0,0,0,0,0,14,unresolved_liftover
GCF_000005845.2,b0516,allC,GCF_003697165.2,EAS44_RS18095,allC,comparable,12,29,0,29,0,0,0,0,0,12,unresolved_liftover
GCF_000005845.2,b0518,fdrA,GCF_003697165.2,EAS44_RS18085,fdrA,comparable,42,52,0,52,0,0,0,0,0,42,unresolved_liftover
GCF_000005845.2,b4572,ylbE,GCF_003697165.2,EAS44_RS18080,ylbE,comparable,13,30,0,30,0,0,0,0,0,13,unresolved_liftover
GCF_000005845.2,b0520,ylbF,GCF_003697165.2,EAS44_RS18075,ylbF,comparable,16,23,0,23,0,0,0,0,0,16,unresolved_liftover
GCF_000005845.2,b0522,purK,GCF_003697165.2,EAS44_RS18065,purK,comparable,27,45,0,45,0,0,0,0,0,27,unresolved_liftover
GCF_000005845.2,b0523,purE,GCF_003697165.2,EAS44_RS18060,purE,comparable,5,8,0,8,0,0,0,0,0,5,unresolved_liftover
GCF_000005845.2,b0524,lpxH,GCF_003697165.2,EAS44_RS18050,lpxH,comparable,16,23,0,23,0,0,0,0,0,16,unresolved_liftover
GCF_000005845.2,b0525,ppiB,GCF_003697165.2,EAS44_RS18045,ppiB,comparable,0,9,0,9,0,0,0,0,0,0,different_variants_in_same_gene
GCF_000005845.2,b0526,cysS,GCF_003697165.2,EAS44_RS18040,cysS,comparable,10,46,0,46,0,0,0,0,0,10,unresolved_liftover
GCF_000005845.2,b0527,ybcI,GCF_003697165.2,EAS44_RS18035,ybcI,comparable,12,9,0,9,0,0,0,0,0,12,unresolved_liftover
GCF_000005845.2,b0528,ybcJ,GCF_003697165.2,EAS44_RS18030,ybcJ,comparable,0,3,0,3,0,0,0,0,0,0,different_variants_in_same_gene
GCF_000005845.2,b0529,folD,GCF_003697165.2,EAS44_RS18025,folD,comparable,0,19,0,19,0,0,0,0,0,0,different_variants_in_same_gene
GCF_000005845.2,b0545,ybcL,GCF_003697165.2,EAS44_RS11060,ybcL,comparable,0,29,0,29,0,0,0,0,0,0,different_variants_in_same_gene
GCF_000005845.2,b4509,ylcG,GCF_003697165.2,EAS44_RS15105,ylcG,comparable,5,7,0,7,0,0,0,0,0,5,unresolved_liftover
GCF_000005845.2,b0551,quuD,GCF_003697165.2,EAS44_RS15100,quuD,comparable,3,13,0,13,0,0,0,0,0,3,unresolved_liftover
GCF_000005845.2,b0555,rrrD,GCF_003697165.2,EAS44_RS15085,rrrD,comparable,20,5,0,5,0,0,0,0,0,20,unresolved_liftover
GCF_000005845.2,b0570,cusS,GCF_003697165.2,EAS44_RS17975,cusS,comparable,27,50,17,33,17,0,10,0,0,0,partially_shared_variants
GCF_000005845.2,b0571,cusR,GCF_003697165.2,EAS44_RS17970,cusR,comparable,22,23,13,10,13,0,9,0,0,0,partially_shared_variants
GCF_000005845.2,b0572,cusC,GCF_003697165.2,EAS44_RS17965,cusC,comparable,33,43,14,29,14,0,19,0,0,0,partially_shared_variants
GCF_000005845.2,b0573,cusF,GCF_003697165.2,EAS44_RS17960,cusF,comparable,4,9,3,6,3,0,1,0,0,0,partially_shared_variants
GCF_000005845.2,b0574,cusB,GCF_003697165.2,EAS44_RS17955,cusB,comparable,0,34,0,34,0,0,0,0,0,0,different_variants_in_same_gene
GCF_000005845.2,b0575,cusA,GCF_003697165.2,EAS44_RS17950,cusA,comparable,1,85,1,84,1,0,0,0,0,0,partially_shared_variants
GCF_000005845.2,b0576,pheP,GCF_003697165.2,EAS44_RS17945,pheP,comparable,7,29,2,27,2,0,5,0,0,0,partially_shared_variants
GCF_000005845.2,b0577,ybdG,GCF_003697165.2,EAS44_RS17940,ybdG,comparable,6,26,4,22,4,0,2,0,0,0,partially_shared_variants
GCF_000005845.2,b0578,nfsB,GCF_003697165.2,EAS44_RS17935,nfsB,comparable,12,17,9,8,9,0,3,0,0,0,partially_shared_variants
GCF_000005845.2,b0579,ybdF,GCF_003697165.2,EAS44_RS17930,ybdF,comparable,2,12,0,12,0,0,2,0,0,0,reference_allele_difference
GCF_000005845.2,b0580,ybdJ,GCF_003697165.2,EAS44_RS17925,ybdJ,comparable,5,7,3,4,3,0,2,0,0,0,partially_shared_variants
GCF_000005845.2,b0581,ybdK,GCF_003697165.2,EAS44_RS17920,ybdK,comparable,15,38,6,32,6,0,9,0,0,0,partially_shared_variants
GCF_000005845.2,b4415,hokE,GCF_003697165.2,EAS44_RS17910,hokE,comparable,0,1,0,1,0,0,0,0,0,0,different_variants_in_same_gene
GCF_000005845.2,b0583,entD,GCF_003697165.2,EAS44_RS17905,entD,comparable,0,42,0,42,0,0,0,0,0,0,different_variants_in_same_gene
GCF_000005845.2,b4511,ybdZ,GCF_003697165.2,EAS44_RS17890,ybdZ,comparable,0,6,0,6,0,0,0,0,0,0,different_variants_in_same_gene
GCF_000005845.2,b0586,entF,GCF_003697165.2,EAS44_RS17885,entF,comparable,31,145,11,134,11,2,18,0,0,0,partially_shared_variants
GCF_000005845.2,b0587,fepE,GCF_003697165.2,EAS44_RS17880,wzz(fepE),comparable,15,42,8,34,8,0,7,0,0,0,partially_shared_variants
GCF_000005845.2,b0588,fepC,GCF_003697165.2,EAS44_RS17875,fepC,comparable,21,29,13,16,13,0,8,0,0,0,partially_shared_variants
GCF_000005845.2,b0589,fepG,GCF_003697165.2,EAS44_RS17870,fepG,comparable,22,40,8,32,8,1,13,0,0,0,partially_shared_variants
GCF_000005845.2,b0590,fepD,GCF_003697165.2,EAS44_RS17865,fepD,comparable,27,44,12,32,12,0,15,0,0,0,partially_shared_variants
GCF_000005845.2,b0591,entS,GCF_003697165.2,EAS44_RS17860,entS,comparable,34,45,14,31,14,0,20,0,0,0,partially_shared_variants
GCF_000005845.2,b0592,fepB,GCF_003697165.2,EAS44_RS17855,fepB,comparable,25,31,15,16,15,0,10,0,0,0,partially_shared_variants
GCF_000005845.2,b0593,entC,GCF_003697165.2,EAS44_RS17850,entC,comparable,26,32,16,16,16,0,10,0,0,0,partially_shared_variants
GCF_000005845.2,b0594,entE,GCF_003697165.2,EAS44_RS17845,entE,comparable,30,62,12,50,12,0,18,0,0,0,partially_shared_variants
GCF_000005845.2,b0595,entB,GCF_003697165.2,EAS44_RS17840,entB,comparable,15,14,6,8,6,0,9,0,0,0,partially_shared_variants
GCF_000005845.2,b0596,entA,GCF_003697165.2,EAS44_RS17835,entA,comparable,12,29,4,25,4,0,8,0,0,0,partially_shared_variants
GCF_000005845.2,b0597,entH,GCF_003697165.2,EAS44_RS17830,entH,comparable,19,19,9,10,9,0,10,0,0,0,partially_shared_variants
GCF_000005845.2,b0598,cstA,GCF_003697165.2,EAS44_RS17825,cstA,comparable,47,76,27,49,27,1,19,0,0,0,partially_shared_variants
GCF_000005845.2,b4512,ybdD,GCF_003697165.2,EAS44_RS17820,ybdD,comparable,1,3,1,2,1,0,0,0,0,0,partially_shared_variants
GCF_000005845.2,b0599,hcxA,GCF_003697165.2,EAS44_RS17815,hcxA,comparable,36,47,20,27,20,0,16,0,0,0,partially_shared_variants
GCF_000005845.2,b0600,ybdL,GCF_003697165.2,EAS44_RS17810,ybdL,comparable,33,52,16,36,16,0,17,0,0,0,partially_shared_variants
GCF_000005845.2,b0601,ybdM,GCF_003697165.2,EAS44_RS17805,ybdM,comparable,23,30,18,12,18,0,5,0,0,0,partially_shared_variants
GCF_000005845.2,b0604,dsbG,GCF_003697165.2,EAS44_RS17790,dsbG,comparable,5,18,0,18,0,0,0,0,0,5,unresolved_liftover
GCF_000005845.2,b0605,ahpC,GCF_003697165.2,EAS44_RS17785,ahpC,comparable,0,2,0,2,0,0,0,0,0,0,different_variants_in_same_gene
GCF_000005845.2,b0606,ahpF,GCF_003697165.2,EAS44_RS17780,ahpF,comparable,3,30,0,30,0,0,0,0,0,3,unresolved_liftover
GCF_000005845.2,b0607,uspG,GCF_003697165.2,EAS44_RS17775,uspG,comparable,1,20,0,20,0,0,0,0,0,1,unresolved_liftover
GCF_000005845.2,b0610,rnk,GCF_003697165.2,EAS44_RS17770,rnk,comparable,0,1,0,1,0,0,0,0,0,0,different_variants_in_same_gene
GCF_000005845.2,b0611,rna,GCF_003697165.2,EAS44_RS17765,rna,comparable,0,18,0,18,0,0,0,0,0,0,different_variants_in_same_gene
GCF_000005845.2,b0613,citG,GCF_003697165.2,EAS44_RS17755,citG,comparable,7,32,0,32,0,0,0,0,0,7,unresolved_liftover
GCF_000005845.2,b0614,citX,GCF_003697165.2,EAS44_RS17750,citX,comparable,1,10,0,10,0,0,0,0,0,1,unresolved_liftover
GCF_000005845.2,b0615,citF,GCF_003697165.2,EAS44_RS17745,citF,comparable,5,35,0,35,0,0,0,0,0,5,unresolved_liftover
GCF_000005845.2,b0616,citE,GCF_003697165.2,EAS44_RS17740,citE,comparable,6,12,0,12,0,0,0,0,0,6,unresolved_liftover
GCF_000005845.2,b0617,citD,GCF_003697165.2,EAS44_RS17735,citD,comparable,0,1,0,1,0,0,0,0,0,0,different_variants_in_same_gene
GCF_000005845.2,b0618,citC,GCF_003697165.2,EAS44_RS17730,citC,comparable,8,5,0,5,0,0,0,0,0,8,unresolved_liftover
GCF_000005845.2,b0619,dpiB,GCF_003697165.2,EAS44_RS17725,dpiB,comparable,12,50,0,50,0,0,0,0,0,12,unresolved_liftover
GCF_000005845.2,b0620,dpiA,GCF_003697165.2,EAS44_RS17720,dpiA,comparable,9,8,0,8,0,0,0,0,0,9,unresolved_liftover
GCF_000005845.2,b0621,dcuC,GCF_003697165.2,EAS44_RS17715,dcuC,comparable,13,26,0,26,0,0,0,0,0,13,unresolved_liftover
GCF_000005845.2,b0622,pagP,GCF_003697165.2,EAS44_RS17710,pagP,comparable,0,19,0,19,0,0,0,0,0,0,different_variants_in_same_gene
GCF_000005845.2,b0623,cspE,GCF_003697165.2,EAS44_RS17705,cspE,comparable,0,0,0,0,0,0,0,0,0,0,same_exact_variants
GCF_000005845.2,b0627,tatE,GCF_003697165.2,EAS44_RS17690,tatE,comparable,1,1,0,1,0,0,0,0,0,1,unresolved_liftover
GCF_000005845.2,b0628,lipA,GCF_003697165.2,EAS44_RS17685,lipA,comparable,11,16,0,16,0,0,0,0,0,11,unresolved_liftover
GCF_000005845.2,b0630,lipB,GCF_003697165.2,EAS44_RS17680,lipB,comparable,3,5,0,5,0,0,0,0,0,3,unresolved_liftover
GCF_000005845.2,b0631,ybeD,GCF_003697165.2,EAS44_RS17675,ybeD,comparable,0,0,0,0,0,0,0,0,0,0,same_exact_variants
GCF_000005845.2,b0632,dacA,GCF_003697165.2,EAS44_RS17670,dacA,comparable,15,13,0,13,0,0,0,0,0,15,unresolved_liftover
GCF_000005845.2,b0633,rlpA,GCF_003697165.2,EAS44_RS17665,rlpA,comparable,19,19,0,19,0,0,0,0,0,19,unresolved_liftover
GCF_000005845.2,b0634,mrdB,GCF_003697165.2,EAS44_RS17660,mrdB,comparable,4,21,0,21,0,0,0,0,0,4,unresolved_liftover
GCF_000005845.2,b0635,mrdA,GCF_003697165.2,EAS44_RS17655,mrdA,comparable,13,21,0,21,0,0,0,0,0,13,unresolved_liftover
GCF_000005845.2,b0636,rlmH,GCF_003697165.2,EAS44_RS17650,rlmH,comparable,0,3,0,3,0,0,0,0,0,0,different_variants_in_same_gene
GCF_000005845.2,b0637,rsfS,GCF_003697165.2,EAS44_RS17645,rsfS,comparable,0,2,0,2,0,0,0,0,0,0,different_variants_in_same_gene
GCF_000005845.2,b0638,cobC,GCF_003697165.2,EAS44_RS17640,cobC,comparable,22,13,0,13,0,0,0,0,0,22,unresolved_liftover
GCF_000005845.2,b0639,nadD,GCF_003697165.2,EAS44_RS17635,nadD,comparable,3,12,0,12,0,0,0,0,0,3,unresolved_liftover
GCF_000005845.2,b0640,holA,GCF_003697165.2,EAS44_RS17630,holA,comparable,10,23,0,23,0,0,0,0,0,10,unresolved_liftover
GCF_000005845.2,b0641,lptE,GCF_003697165.2,EAS44_RS17625,lptE,comparable,3,4,0,4,0,0,0,0,0,3,unresolved_liftover
GCF_000005845.2,b0642,leuS,GCF_003697165.2,EAS44_RS17620,leuS,comparable,13,43,0,43,0,0,0,0,0,13,unresolved_liftover
GCF_000005845.2,b0643,ybeL,GCF_003697165.2,EAS44_RS17615,ybeL,comparable,4,5,0,5,0,0,0,0,0,4,unresolved_liftover
GCF_000005845.2,b0651,rihA,GCF_003697165.2,EAS44_RS17610,rihA,comparable,8,24,0,24,0,0,0,0,0,8,unresolved_liftover
GCF_000005845.2,b0652,gltL,GCF_003697165.2,EAS44_RS17605,gltL,comparable,0,13,0,13,0,0,0,0,0,0,different_variants_in_same_gene
GCF_000005845.2,b0653,gltK,GCF_003697165.2,EAS44_RS17600,gltK,comparable,10,9,0,9,0,0,0,0,0,10,unresolved_liftover
GCF_000005845.2,b0654,gltJ,GCF_003697165.2,EAS44_RS17595,gltJ,comparable,11,11,0,11,0,0,0,0,0,11,unresolved_liftover
GCF_000005845.2,b0655,gltI,GCF_003697165.2,EAS44_RS17590,gltI,comparable,15,26,0,26,0,0,0,0,0,15,unresolved_liftover
GCF_000005845.2,b0657,lnt,GCF_003697165.2,EAS44_RS17580,lnt,comparable,25,30,0,30,0,0,0,0,0,25,unresolved_liftover
GCF_000005845.2,b0658,ybeX,GCF_003697165.2,EAS44_RS17575,corC,comparable,5,8,0,8,0,0,0,0,0,5,unresolved_liftover
GCF_000005845.2,b0659,ybeY,GCF_003697165.2,EAS44_RS17570,ybeY,comparable,3,5,0,5,0,0,0,0,0,3,unresolved_liftover
GCF_000005845.2,b0660,ybeZ,GCF_003697165.2,EAS44_RS17565,ybeZ,comparable,13,21,0,21,0,0,0,0,0,13,unresolved_liftover
GCF_000005845.2,b0661,miaB,GCF_003697165.2,EAS44_RS17560,miaB,comparable,15,39,0,39,0,0,0,0,0,15,unresolved_liftover
GCF_000005845.2,b0662,ubiF,GCF_003697165.2,EAS44_RS17555,ubiF,comparable,1,43,0,43,0,0,0,0,0,1,unresolved_liftover
GCF_000005845.2,b0674,asnB,GCF_003697165.2,EAS44_RS17520,asnB,comparable,42,49,0,49,0,0,0,0,0,42,unresolved_liftover
GCF_000005845.2,b0675,umpH,GCF_003697165.2,EAS44_RS17515,nagD,comparable,15,26,0,26,0,0,0,0,0,15,unresolved_liftover
GCF_000005845.2,b0676,nagC,GCF_003697165.2,EAS44_RS17510,nagC,comparable,20,33,0,33,0,0,0,0,0,20,unresolved_liftover
GCF_000005845.2,b0677,nagA,GCF_003697165.2,EAS44_RS17505,nagA,comparable,14,21,0,21,0,0,0,0,0,14,unresolved_liftover
GCF_000005845.2,b0678,nagB,GCF_003697165.2,EAS44_RS17500,nagB,comparable,11,11,0,11,0,0,0,0,0,11,unresolved_liftover
GCF_000005845.2,b0679,nagE,GCF_003697165.2,EAS44_RS17495,nagE,comparable,41,45,0,45,0,0,0,0,0,41,unresolved_liftover
GCF_000005845.2,b0680,glnS,GCF_003697165.2,EAS44_RS17445,glnS,comparable,0,38,0,38,0,0,0,0,0,0,different_variants_in_same_gene
GCF_000005845.2,b0681,chiP,GCF_003697165.2,EAS44_RS17440,chiP,comparable,22,34,0,34,0,0,0,0,0,22,unresolved_liftover
GCF_000005845.2,b0682,chiQ,GCF_003697165.2,EAS44_RS17435,chiQ,comparable,8,12,0,12,0,0,0,0,0,8,unresolved_liftover
GCF_000005845.2,b0683,fur,GCF_003697165.2,EAS44_RS17430,fur,comparable,2,5,0,5,0,0,0,0,0,2,unresolved_liftover
GCF_000005845.2,b4637,uof,GCF_003697165.2,EAS44_RS17425,uof,comparable,0,0,0,0,0,0,0,0,0,0,same_exact_variants
GCF_000005845.2,b0684,fldA,GCF_003697165.2,EAS44_RS17420,fldA,comparable,1,18,0,18,0,0,0,0,0,1,unresolved_liftover
GCF_000005845.2,b0685,ybfE,GCF_003697165.2,EAS44_RS17415,ybfE,comparable,2,2,0,2,0,0,0,0,0,2,unresolved_liftover
GCF_000005845.2,b0687,seqA,GCF_003697165.2,EAS44_RS17405,seqA,comparable,2,5,0,5,0,0,0,0,0,2,unresolved_liftover
GCF_000005845.2,b0688,pgm,GCF_003697165.2,EAS44_RS17400,pgm,comparable,23,50,0,50,0,0,0,0,0,23,unresolved_liftover
GCF_000005845.2,b0692,potE,GCF_003697165.2,EAS44_RS17395,potE,comparable,2,35,0,35,0,0,0,0,0,2,unresolved_liftover
GCF_000005845.2,b0694,kdpE,GCF_003697165.2,EAS44_RS17375,kdpE,comparable,1,19,0,19,0,0,0,0,0,1,unresolved_liftover
GCF_000005845.2,b0695,kdpD,GCF_003697165.2,EAS44_RS17370,kdpD,comparable,49,89,0,89,0,0,0,0,0,49,unresolved_liftover
GCF_000005845.2,b0696,kdpC,GCF_003697165.2,EAS44_RS17365,kdpC,comparable,13,24,0,24,0,0,0,0,0,13,unresolved_liftover
GCF_000005845.2,b0697,kdpB,GCF_003697165.2,EAS44_RS17360,kdpB,comparable,31,65,0,65,0,0,0,0,0,31,unresolved_liftover
GCF_000005845.2,b0698,kdpA,GCF_003697165.2,EAS44_RS17355,kdpA,comparable,1,71,0,71,0,0,0,0,0,1,unresolved_liftover
GCF_000005845.2,b4513,kdpF,GCF_003697165.2,EAS44_RS17350,kdpF,comparable,0,1,0,1,0,0,0,0,0,0,different_variants_in_same_gene
GCF_000005845.2,b0699,ybfA,GCF_003697165.2,EAS44_RS17345,ybfA,comparable,0,3,0,3,0,0,0,0,0,0,different_variants_in_same_gene
GCF_000005845.2,b0708,phr,GCF_003697165.2,EAS44_RS17335,phrB,comparable,42,82,0,82,0,0,0,0,0,42,unresolved_liftover
GCF_000005845.2,b0709,dtpD,GCF_003697165.2,EAS44_RS17330,dtpD,comparable,4,58,0,58,0,0,0,0,0,4,unresolved_liftover
GCF_000005845.2,b0710,ybgI,GCF_003697165.2,EAS44_RS17325,ybgI,comparable,3,10,0,10,0,0,0,0,0,3,unresolved_liftover
GCF_000005845.2,b0711,pxpB,GCF_003697165.2,EAS44_RS17320,pxpB,comparable,0,16,0,16,0,0,0,0,0,0,different_variants_in_same_gene
GCF_000005845.2,b0712,pxpC,GCF_003697165.2,EAS44_RS17315,pxpC,comparable,2,25,0,25,0,0,0,0,0,2,unresolved_liftover
GCF_000005845.2,b0713,pxpA,GCF_003697165.2,EAS44_RS17310,pxpA,comparable,14,33,0,33,0,0,0,0,0,14,unresolved_liftover
GCF_000005845.2,b0714,nei,GCF_003697165.2,EAS44_RS17305,nei,comparable,12,28,0,28,0,0,0,0,0,12,unresolved_liftover
GCF_000005845.2,b0715,abrB,GCF_003697165.2,EAS44_RS17300,abrB,comparable,25,40,0,40,0,0,0,0,0,25,unresolved_liftover
GCF_000005845.2,b0720,gltA,GCF_003697165.2,EAS44_RS17290,gltA,comparable,13,22,0,22,0,0,0,0,0,13,unresolved_liftover
GCF_000005845.2,b4735,ybgU,GCF_003697165.2,EAS44_RS17285,EAS44_RS17285,comparable,0,0,0,0,0,0,0,0,0,0,same_exact_variants
GCF_000005845.2,b0721,sdhC,GCF_003697165.2,EAS44_RS17280,sdhC,comparable,0,3,0,3,0,0,0,0,0,0,different_variants_in_same_gene
GCF_000005845.2,b0722,sdhD,GCF_003697165.2,EAS44_RS17275,sdhD,comparable,0,2,0,2,0,0,0,0,0,0,different_variants_in_same_gene
GCF_000005845.2,b0723,sdhA,GCF_003697165.2,EAS44_RS17270,sdhA,comparable,34,62,0,62,0,0,0,0,0,34,unresolved_liftover
GCF_000005845.2,b0724,sdhB,GCF_003697165.2,EAS44_RS17265,sdhB,comparable,8,6,0,6,0,0,0,0,0,8,unresolved_liftover
GCF_000005845.2,b0727,sucB,GCF_003697165.2,EAS44_RS17255,odhB,comparable,4,28,0,28,0,0,0,0,0,4,unresolved_liftover
GCF_000005845.2,b0728,sucC,GCF_003697165.2,EAS44_RS17250,sucC,comparable,0,16,0,16,0,0,0,0,0,0,different_variants_in_same_gene
GCF_000005845.2,b0729,sucD,GCF_003697165.2,EAS44_RS17245,sucD,comparable,15,27,0,27,0,0,0,0,0,15,unresolved_liftover
GCF_000005845.2,b0733,cydA,GCF_003697165.2,EAS44_RS17230,cydA,comparable,0,24,0,24,0,0,0,0,0,0,different_variants_in_same_gene
GCF_000005845.2,b0734,cydB,GCF_003697165.2,EAS44_RS17225,cydB,comparable,1,15,1,14,1,0,0,0,0,0,partially_shared_variants
GCF_000005845.2,b4515,cydX,GCF_003697165.2,EAS44_RS17220,cydX,comparable,0,1,0,1,0,0,0,0,0,0,different_variants_in_same_gene
GCF_000005845.2,b0735,ybgE,GCF_003697165.2,EAS44_RS17215,ybgE,comparable,0,9,0,9,0,0,0,0,0,0,different_variants_in_same_gene
GCF_000005845.2,b0736,ybgC,GCF_003697165.2,EAS44_RS17210,ybgC,comparable,0,3,0,3,0,0,0,0,0,0,different_variants_in_same_gene
GCF_000005845.2,b0737,tolQ,GCF_003697165.2,EAS44_RS17205,tolQ,comparable,0,17,0,17,0,0,0,0,0,0,different_variants_in_same_gene
GCF_000005845.2,b0738,tolR,GCF_003697165.2,EAS44_RS17200,tolR,comparable,2,3,2,1,2,0,0,0,0,0,partially_shared_variants
GCF_000005845.2,b0739,tolA,GCF_003697165.2,EAS44_RS17195,tolA,comparable,0,17,0,17,0,0,0,0,0,0,different_variants_in_same_gene
GCF_000005845.2,b0740,tolB,GCF_003697165.2,EAS44_RS17190,tolB,comparable,0,14,0,14,0,0,0,0,0,0,different_variants_in_same_gene
GCF_000005845.2,b0741,pal,GCF_003697165.2,EAS44_RS17185,pal,comparable,0,8,0,8,0,0,0,0,0,0,different_variants_in_same_gene
GCF_000005845.2,b0742,cpoB,GCF_003697165.2,EAS44_RS17180,cpoB,comparable,4,8,3,5,3,0,1,0,0,0,partially_shared_variants
GCF_000005845.2,b0750,nadA,GCF_003697165.2,EAS44_RS17140,nadA,comparable,0,25,0,25,0,0,0,0,0,0,different_variants_in_same_gene
GCF_000005845.2,b0751,pnuC,GCF_003697165.2,EAS44_RS17135,pnuC,comparable,5,7,1,6,1,0,4,0,0,0,partially_shared_variants
GCF_000005845.2,b0752,zitB,GCF_003697165.2,EAS44_RS17130,zitB,comparable,2,28,1,27,1,0,1,0,0,0,partially_shared_variants
GCF_000005845.2,b0753,ybgS,GCF_003697165.2,EAS44_RS17125,ybgS,comparable,0,11,0,11,0,0,0,0,0,0,different_variants_in_same_gene
GCF_000005845.2,b0754,aroG,GCF_003697165.2,EAS44_RS17120,aroG,comparable,0,25,0,25,0,0,0,0,0,0,different_variants_in_same_gene
GCF_000005845.2,b0755,gpmA,GCF_003697165.2,EAS44_RS17115,gpmA,comparable,1,17,1,16,1,0,0,0,0,0,partially_shared_variants
GCF_000005845.2,b0772,ybhC,GCF_003697165.2,EAS44_RS17030,ybhC,comparable,1,32,1,31,1,0,0,0,0,0,partially_shared_variants
GCF_000005845.2,b0773,ybhB,GCF_003697165.2,EAS44_RS17025,ybhB,comparable,0,12,0,12,0,0,0,0,0,0,different_variants_in_same_gene
GCF_000005845.2,b0774,bioA,GCF_003697165.2,EAS44_RS17020,bioA,comparable,13,38,4,34,4,0,9,0,0,0,partially_shared_variants
GCF_000005845.2,b0775,bioB,GCF_003697165.2,EAS44_RS17015,bioB,comparable,7,34,1,33,1,0,6,0,0,0,partially_shared_variants
GCF_000005845.2,b0776,bioF,GCF_003697165.2,EAS44_RS17010,bioF,comparable,23,49,11,38,11,0,12,0,0,0,partially_shared_variants
GCF_000005845.2,b0777,bioC,GCF_003697165.2,EAS44_RS17005,bioC,comparable,0,22,0,22,0,0,0,0,0,0,different_variants_in_same_gene
GCF_000005845.2,b0778,bioD,GCF_003697165.2,EAS44_RS17000,bioD,comparable,2,31,0,31,0,0,2,0,0,0,reference_allele_difference
GCF_000005845.2,b0779,uvrB,GCF_003697165.2,EAS44_RS16995,uvrB,comparable,0,57,0,57,0,0,0,0,0,0,different_variants_in_same_gene
GCF_000005845.2,b0780,ybhK,GCF_003697165.2,EAS44_RS16990,yvcK,comparable,1,37,1,36,1,0,0,0,0,0,partially_shared_variants
GCF_000005845.2,b0781,moaA,GCF_003697165.2,EAS44_RS16985,moaA,comparable,24,28,11,17,11,0,13,0,0,0,partially_shared_variants
GCF_000005845.2,b0782,moaB,GCF_003697165.2,EAS44_RS16980,moaB,comparable,8,8,4,4,4,0,4,0,0,0,partially_shared_variants
GCF_000005845.2,b0783,moaC,GCF_003697165.2,EAS44_RS16975,moaC,comparable,3,6,1,5,1,0,2,0,0,0,partially_shared_variants
GCF_000005845.2,b0784,moaD,GCF_003697165.2,EAS44_RS16970,moaD,comparable,6,3,0,3,0,0,6,0,0,0,reference_allele_difference
GCF_000005845.2,b0785,moaE,GCF_003697165.2,EAS44_RS16965,moaE,comparable,12,18,7,11,7,0,5,0,0,0,partially_shared_variants
GCF_000005845.2,b0786,ybhL,GCF_003697165.2,EAS44_RS16960,ybhL,comparable,7,11,2,9,2,0,5,0,0,0,partially_shared_variants
GCF_000005845.2,b0787,ybhM,GCF_003697165.2,EAS44_RS16955,ybhM,comparable,16,40,7,33,7,1,8,0,0,0,partially_shared_variants
GCF_000005845.2,b0788,ybhN,GCF_003697165.2,EAS44_RS16950,ybhN,comparable,20,32,10,22,10,0,10,0,0,0,partially_shared_variants
GCF_000005845.2,b0789,clsB,GCF_003697165.2,EAS44_RS16945,clsB,comparable,22,38,13,25,13,0,9,0,0,0,partially_shared_variants
GCF_000005845.2,b0790,ybhP,GCF_003697165.2,EAS44_RS16940,ybhP,comparable,11,14,5,9,5,0,6,0,0,0,partially_shared_variants
GCF_000005845.2,b0791,ybhQ,GCF_003697165.2,EAS44_RS16935,ybhQ,comparable,0,8,0,8,0,0,0,0,0,0,different_variants_in_same_gene
GCF_000005845.2,b0792,ybhR,GCF_003697165.2,EAS44_RS16930,ybhR,comparable,16,23,7,16,7,0,9,0,0,0,partially_shared_variants
GCF_000005845.2,b0793,ybhS,GCF_003697165.2,EAS44_RS16925,ybhS,comparable,8,29,4,25,4,0,4,0,0,0,partially_shared_variants
GCF_000005845.2,b0794,ybhF,GCF_003697165.2,EAS44_RS16920,ybhF,comparable,25,66,15,51,15,0,10,0,0,0,partially_shared_variants
GCF_000005845.2,b0795,ybhG,GCF_003697165.2,EAS44_RS16915,hlyD,comparable,1,36,0,36,0,0,1,0,0,0,reference_allele_difference
GCF_000005845.2,b0796,cecR,GCF_003697165.2,EAS44_RS16910,cecR,comparable,0,23,0,23,0,0,0,0,0,0,different_variants_in_same_gene
GCF_000005845.2,b0797,rhlE,GCF_003697165.2,EAS44_RS16905,rhlE,comparable,0,50,0,50,0,0,0,0,0,0,different_variants_in_same_gene
GCF_000005845.2,b0799,dinG,GCF_003697165.2,EAS44_RS16895,dinG,comparable,0,54,0,54,0,0,0,0,0,0,different_variants_in_same_gene
GCF_000005845.2,b0800,ybiB,GCF_003697165.2,EAS44_RS16890,ybiB,comparable,0,14,0,14,0,0,0,0,0,0,different_variants_in_same_gene
GCF_000005845.2,b0801,hcxB,GCF_003697165.2,EAS44_RS16885,hcxB,comparable,0,25,0,25,0,0,0,0,0,0,different_variants_in_same_gene
GCF_000005845.2,b4769,ybiE,GCF_003697165.2,EAS44_RS25405,ybiE,comparable,0,1,0,1,0,0,0,0,0,0,different_variants_in_same_gene
GCF_000005845.2,b0802,ybiJ,GCF_003697165.2,EAS44_RS16880,ybiJ,comparable,0,2,0,2,0,0,0,0,0,0,different_variants_in_same_gene
GCF_000005845.2,b0804,ybiX,GCF_003697165.2,EAS44_RS16870,ybiX,comparable,1,19,1,18,1,0,0,0,0,0,partially_shared_variants
GCF_000005845.2,b0805,fiu,GCF_003697165.2,EAS44_RS16865,fiu,comparable,22,69,12,57,12,0,10,0,0,0,partially_shared_variants
GCF_000005845.2,b0806,mcbA,GCF_003697165.2,EAS44_RS16860,mcbA,comparable,0,3,0,3,0,0,0,0,0,0,different_variants_in_same_gene
GCF_000005845.2,b0807,rlmF,GCF_003697165.2,EAS44_RS16855,rlmF,comparable,1,22,1,21,1,0,0,0,0,0,partially_shared_variants
GCF_000005845.2,b0808,ybiO,GCF_003697165.2,EAS44_RS16850,ybiO,comparable,0,58,0,58,0,0,0,0,0,0,different_variants_in_same_gene
GCF_000005845.2,b0809,glnQ,GCF_003697165.2,EAS44_RS16845,glnQ,comparable,1,12,0,12,0,0,1,0,0,0,reference_allele_difference
GCF_000005845.2,b0810,glnP,GCF_003697165.2,EAS44_RS16840,glnP,comparable,0,13,0,13,0,0,0,0,0,0,different_variants_in_same_gene
GCF_000005845.2,b0811,glnH,GCF_003697165.2,EAS44_RS16835,glnH,comparable,0,7,0,7,0,0,0,0,0,0,different_variants_in_same_gene
GCF_000005845.2,b0812,dps,GCF_003697165.2,EAS44_RS16830,dps,comparable,0,5,0,5,0,0,0,0,0,0,different_variants_in_same_gene
GCF_000005845.2,b0813,rhtA,GCF_003697165.2,EAS44_RS16825,rhtA,comparable,0,16,0,16,0,0,0,0,0,0,different_variants_in_same_gene
GCF_000005845.2,b4736,yliM,GCF_003697165.2,EAS44_RS16820,EAS44_RS16820,comparable,0,2,0,2,0,0,0,0,0,0,different_variants_in_same_gene
GCF_000005845.2,b0814,ompX,GCF_003697165.2,EAS44_RS16815,ompX,comparable,0,1,0,1,0,0,0,0,0,0,different_variants_in_same_gene
GCF_000005845.2,b0815,opgE,GCF_003697165.2,EAS44_RS16810,opgE,comparable,0,24,0,24,0,0,0,0,0,0,different_variants_in_same_gene
GCF_000005845.2,b4705,mntS,GCF_003697165.2,EAS44_RS16805,mntS,comparable,0,1,0,1,0,0,0,0,0,0,different_variants_in_same_gene
GCF_000005845.2,b0817,mntR,GCF_003697165.2,EAS44_RS16800,mntR,comparable,0,7,0,7,0,0,0,0,0,0,different_variants_in_same_gene
GCF_000005845.2,b0818,ybiR,GCF_003697165.2,EAS44_RS16795,ybiR,comparable,0,48,0,48,0,0,0,0,0,0,different_variants_in_same_gene
GCF_000005845.2,b0819,ldtB,GCF_003697165.2,EAS44_RS16790,ldtB,comparable,1,16,1,15,1,0,0,0,0,0,partially_shared_variants
GCF_000005845.2,b0820,ybiT,GCF_003697165.2,EAS44_RS16785,ybiT,comparable,15,26,7,19,7,0,8,0,0,0,partially_shared_variants
GCF_000005845.2,b0822,ybiV,GCF_003697165.2,EAS44_RS16780,ybiV,comparable,0,9,0,9,0,0,0,0,0,0,different_variants_in_same_gene
GCF_000005845.2,b0823,ybiW,GCF_003697165.2,EAS44_RS16775,ybiW,comparable,29,102,12,90,12,0,17,0,0,0,partially_shared_variants
GCF_000005845.2,b0825,fsaA,GCF_003697165.2,EAS44_RS16765,fsa,comparable,11,33,11,22,11,0,0,0,0,0,partially_shared_variants
GCF_000005845.2,b0826,moeB,GCF_003697165.2,EAS44_RS16760,moeB,comparable,31,37,10,27,10,3,18,0,0,0,partially_shared_variants
GCF_000005845.2,b0827,moeA,GCF_003697165.2,EAS44_RS16755,moeA,comparable,35,47,21,26,21,4,10,0,0,0,partially_shared_variants
GCF_000005845.2,b0828,iaaA,GCF_003697165.2,EAS44_RS16750,iaaA,comparable,2,16,1,15,1,0,1,0,0,0,partially_shared_variants
GCF_000005845.2,b0829,gsiA,GCF_003697165.2,EAS44_RS16745,gsiA,comparable,0,41,0,41,0,0,0,0,0,0,different_variants_in_same_gene
GCF_000005845.2,b0830,gsiB,GCF_003697165.2,EAS44_RS16740,gsiB,comparable,0,26,0,26,0,0,0,0,0,0,different_variants_in_same_gene
GCF_000005845.2,b0831,gsiC,GCF_003697165.2,EAS44_RS16735,gsiC,comparable,0,10,0,10,0,0,0,0,0,0,different_variants_in_same_gene
GCF_000005845.2,b0832,gsiD,GCF_003697165.2,EAS44_RS16730,gsiD,comparable,0,12,0,12,0,0,0,0,0,0,different_variants_in_same_gene
GCF_000005845.2,b0833,pdeI,GCF_003697165.2,EAS44_RS16725,pdeI,comparable,15,66,9,57,9,0,6,0,0,0,partially_shared_variants
GCF_000005845.2,b0834,dgcI,GCF_003697165.2,EAS44_RS16720,dgcI,comparable,0,41,0,41,0,0,0,0,0,0,different_variants_in_same_gene
GCF_000005845.2,b0835,rimO,GCF_003697165.2,EAS44_RS16715,rimO,comparable,4,19,2,17,2,0,2,0,0,0,partially_shared_variants
GCF_000005845.2,b0836,bssR,GCF_003697165.2,EAS44_RS16710,bssR,comparable,0,1,0,1,0,0,0,0,0,0,different_variants_in_same_gene
GCF_000005845.2,b0837,yliI,GCF_003697165.2,EAS44_RS16705,yliI,comparable,8,25,7,18,7,0,1,0,0,0,partially_shared_variants
GCF_000005845.2,b0838,gstB,GCF_003697165.2,EAS44_RS16700,gstB,comparable,3,3,1,2,1,0,2,0,0,0,partially_shared_variants
GCF_000005845.2,b0839,dacC,GCF_003697165.2,EAS44_RS16695,dacC,comparable,9,14,6,8,6,0,3,0,0,0,partially_shared_variants
GCF_000005845.2,b0840,deoR,GCF_003697165.2,EAS44_RS16690,deoR,comparable,0,9,0,9,0,0,0,0,0,0,different_variants_in_same_gene
GCF_000005845.2,b0841,ybjG,GCF_003697165.2,EAS44_RS16685,ybjG,comparable,0,8,0,8,0,0,0,0,0,0,different_variants_in_same_gene
GCF_000005845.2,b0842,mdfA,GCF_003697165.2,EAS44_RS16680,mdfA,comparable,0,25,0,25,0,0,0,0,0,0,different_variants_in_same_gene
GCF_000005845.2,b0843,ybjH,GCF_003697165.2,EAS44_RS16675,ybjH,comparable,0,0,0,0,0,0,0,0,0,0,same_exact_variants
GCF_000005845.2,b0844,ybjI,GCF_003697165.2,EAS44_RS16670,ybjI,comparable,0,26,0,26,0,0,0,0,0,0,different_variants_in_same_gene
GCF_000005845.2,b0845,ybjJ,GCF_003697165.2,EAS44_RS16665,ybjJ,comparable,0,23,0,23,0,0,0,0,0,0,different_variants_in_same_gene
GCF_000005845.2,b0846,rcdA,GCF_003697165.2,EAS44_RS16660,rcdA,comparable,0,11,0,11,0,0,0,0,0,0,different_variants_in_same_gene
GCF_000005845.2,b0847,ybjL,GCF_003697165.2,EAS44_RS16655,ybjL,comparable,0,25,0,25,0,0,0,0,0,0,different_variants_in_same_gene
GCF_000005845.2,b0848,ybjM,GCF_003697165.2,EAS44_RS16650,ybjM,comparable,0,9,0,9,0,0,0,0,0,0,different_variants_in_same_gene
GCF_000005845.2,b0849,grxA,GCF_003697165.2,EAS44_RS16645,grxA,comparable,0,4,0,4,0,0,0,0,0,0,different_variants_in_same_gene
GCF_000005845.2,b0850,ybjC,GCF_003697165.2,EAS44_RS16640,ybjC,comparable,0,5,0,5,0,0,0,0,0,0,different_variants_in_same_gene
GCF_000005845.2,b0851,nfsA,GCF_003697165.2,EAS44_RS16635,nfsA,comparable,0,6,0,6,0,0,0,0,0,0,different_variants_in_same_gene
GCF_000005845.2,b0852,rimK,GCF_003697165.2,EAS44_RS16630,rimK,comparable,0,7,0,7,0,0,0,0,0,0,different_variants_in_same_gene
GCF_000005845.2,b0853,ybjN,GCF_003697165.2,EAS44_RS16625,ybjN,comparable,0,5,0,5,0,0,0,0,0,0,different_variants_in_same_gene
GCF_000005845.2,b0854,potF,GCF_003697165.2,EAS44_RS16620,potF,comparable,23,39,7,32,7,0,16,0,0,0,partially_shared_variants
GCF_000005845.2,b0855,potG,GCF_003697165.2,EAS44_RS16615,potG,comparable,28,32,12,20,12,0,16,0,0,0,partially_shared_variants
GCF_000005845.2,b0856,potH,GCF_003697165.2,EAS44_RS16610,potH,comparable,15,31,3,28,3,0,12,0,0,0,partially_shared_variants
GCF_000005845.2,b0857,potI,GCF_003697165.2,EAS44_RS16605,potI,comparable,32,31,17,14,17,0,15,0,0,0,partially_shared_variants
GCF_000005845.2,b0858,ybjO,GCF_003697165.2,EAS44_RS16600,ybjO,comparable,5,9,4,5,4,0,1,0,0,0,partially_shared_variants
GCF_000005845.2,b0859,rlmC,GCF_003697165.2,EAS44_RS16595,rlmC,comparable,40,42,24,18,24,0,16,0,0,0,partially_shared_variants
GCF_000005845.2,b0860,artJ,GCF_003697165.2,EAS44_RS16590,artJ,comparable,21,16,6,10,6,0,15,0,0,0,partially_shared_variants
GCF_000005845.2,b0861,artM,GCF_003697165.2,EAS44_RS16585,artM,comparable,0,23,0,23,0,0,0,0,0,0,different_variants_in_same_gene
GCF_000005845.2,b0862,artQ,GCF_003697165.2,EAS44_RS16580,artQ,comparable,0,19,0,19,0,0,0,0,0,0,different_variants_in_same_gene
GCF_000005845.2,b0863,artI,GCF_003697165.2,EAS44_RS16575,artI,comparable,0,27,0,27,0,0,0,0,0,0,different_variants_in_same_gene
GCF_000005845.2,b0864,artP,GCF_003697165.2,EAS44_RS16570,artP,comparable,0,5,0,5,0,0,0,0,0,0,different_variants_in_same_gene
GCF_000005845.2,b0866,ybjQ,GCF_003697165.2,EAS44_RS16560,ybjQ,comparable,0,13,0,13,0,0,0,0,0,0,different_variants_in_same_gene
GCF_000005845.2,b0867,amiD,GCF_003697165.2,EAS44_RS16555,amiD,comparable,6,26,5,21,5,0,1,0,0,0,partially_shared_variants
GCF_000005845.2,b0868,ybjS,GCF_003697165.2,EAS44_RS16550,ybjS,comparable,0,11,0,11,0,0,0,0,0,0,different_variants_in_same_gene
GCF_000005845.2,b0869,ybjT,GCF_003697165.2,EAS44_RS16545,ybjT,comparable,14,61,5,56,5,0,9,0,0,0,partially_shared_variants
GCF_000005845.2,b0870,ltaE,GCF_003697165.2,EAS44_RS16540,ltaE,comparable,25,30,13,17,13,0,12,0,0,0,partially_shared_variants
GCF_000005845.2,b0871,poxB,GCF_003697165.2,EAS44_RS16535,poxB,comparable,9,78,7,71,7,0,2,0,0,0,partially_shared_variants
GCF_000005845.2,b0872,hcr,GCF_003697165.2,EAS44_RS16530,hcr,comparable,3,25,2,23,2,0,1,0,0,0,partially_shared_variants
GCF_000005845.2,b0873,hcp,GCF_003697165.2,EAS44_RS16525,hcp,comparable,7,48,4,44,4,0,3,0,0,0,partially_shared_variants
GCF_000005845.2,b0874,lysO,GCF_003697165.2,EAS44_RS16520,lysO,comparable,1,25,0,25,0,0,1,0,0,0,reference_allele_difference
GCF_000005845.2,b0875,aqpZ,GCF_003697165.2,EAS44_RS16510,aqpZ,comparable,2,18,1,17,1,0,1,0,0,0,partially_shared_variants
GCF_000005845.2,b0876,ybjD,GCF_003697165.2,EAS44_RS16505,ybjD,comparable,1,35,0,35,0,0,1,0,0,0,reference_allele_difference
GCF_000005845.2,b0877,ybjX,GCF_003697165.2,EAS44_RS16500,ybjX,comparable,2,18,0,18,0,0,2,0,0,0,reference_allele_difference
GCF_000005845.2,b0880,cspD,GCF_003697165.2,EAS44_RS16485,cspD,comparable,0,0,0,0,0,0,0,0,0,0,same_exact_variants
GCF_000005845.2,b4770,yljB,GCF_003697165.2,EAS44_RS25400,yljB,comparable,0,1,0,1,0,0,0,0,0,0,different_variants_in_same_gene
GCF_000005845.2,b0881,clpS,GCF_003697165.2,EAS44_RS16480,clpS,comparable,0,2,0,2,0,0,0,0,0,0,different_variants_in_same_gene
GCF_000005845.2,b0882,clpA,GCF_003697165.2,EAS44_RS16475,clpA,comparable,26,36,12,24,12,0,14,0,0,0,partially_shared_variants
GCF_000005845.2,b0884,infA,GCF_003697165.2,EAS44_RS16430,infA,comparable,0,0,0,0,0,0,0,0,0,0,same_exact_variants
GCF_000005845.2,b0885,aat,GCF_003697165.2,EAS44_RS16425,aat,comparable,4,16,2,14,2,0,2,0,0,0,partially_shared_variants
GCF_000005845.2,b0886,cydC,GCF_003697165.2,EAS44_RS16420,cydC,comparable,14,33,2,31,2,0,12,0,0,0,partially_shared_variants
GCF_000005845.2,b0887,cydD,GCF_003697165.2,EAS44_RS16415,cydD,comparable,17,36,7,29,7,0,10,0,0,0,partially_shared_variants
GCF_000005845.2,b0888,trxB,GCF_003697165.2,EAS44_RS16410,trxB,comparable,0,25,0,25,0,0,0,0,0,0,different_variants_in_same_gene
GCF_000005845.2,b0889,lrp,GCF_003697165.2,EAS44_RS16405,lrp,comparable,0,5,0,5,0,0,0,0,0,0,different_variants_in_same_gene
GCF_000005845.2,b0890,ftsK,GCF_003697165.2,EAS44_RS16400,ftsK,comparable,21,95,15,80,15,0,6,0,0,0,partially_shared_variants
GCF_000005845.2,b0891,lolA,GCF_003697165.2,EAS44_RS16395,lolA,comparable,0,7,0,7,0,0,0,0,0,0,different_variants_in_same_gene
GCF_000005845.2,b0892,rarA,GCF_003697165.2,EAS44_RS16390,rarA,comparable,0,21,0,21,0,0,0,0,0,0,different_variants_in_same_gene
GCF_000005845.2,b0893,serS,GCF_003697165.2,EAS44_RS16385,serS,comparable,0,23,0,23,0,0,0,0,0,0,different_variants_in_same_gene
GCF_000005845.2,b0897,ycaC,GCF_003697165.2,EAS44_RS16365,ycaC,comparable,0,4,0,4,0,0,0,0,0,0,different_variants_in_same_gene
GCF_000005845.2,b0898,ycaD,GCF_003697165.2,EAS44_RS16360,ycaD,comparable,0,34,0,34,0,0,0,0,0,0,different_variants_in_same_gene
GCF_000005845.2,b0902,pflA,GCF_003697165.2,EAS44_RS16355,pflA,comparable,1,10,0,10,0,0,1,0,0,0,reference_allele_difference
GCF_000005845.2,b0904,focA,GCF_003697165.2,EAS44_RS16345,focA,comparable,1,15,1,14,1,0,0,0,0,0,partially_shared_variants
GCF_000005845.2,b0905,ycaO,GCF_003697165.2,EAS44_RS16340,ycaO,comparable,0,62,0,62,0,0,0,0,0,0,different_variants_in_same_gene
GCF_000005845.2,b0906,ycaP,GCF_003697165.2,EAS44_RS16335,ycaP,comparable,0,21,0,21,0,0,0,0,0,0,different_variants_in_same_gene
GCF_000005845.2,b0907,serC,GCF_003697165.2,EAS44_RS16330,serC,comparable,9,61,3,58,3,0,6,0,0,0,partially_shared_variants
GCF_000005845.2,b0908,aroA,GCF_003697165.2,EAS44_RS16325,aroA,comparable,8,36,5,31,5,0,3,0,0,0,partially_shared_variants
GCF_000005845.2,b0909,ycaL,GCF_003697165.2,EAS44_RS16320,ycaL,comparable,1,19,0,19,0,0,1,0,0,0,reference_allele_difference
GCF_000005845.2,b0910,cmk,GCF_003697165.2,EAS44_RS16315,cmk,comparable,0,11,0,11,0,0,0,0,0,0,different_variants_in_same_gene
GCF_000005845.2,b0911,rpsA,GCF_003697165.2,EAS44_RS16310,rpsA,comparable,2,1,0,1,0,0,2,0,0,0,reference_allele_difference
GCF_000005845.2,b0912,ihfB,GCF_003697165.2,EAS44_RS16305,ihfB,comparable,0,1,0,1,0,0,0,0,0,0,different_variants_in_same_gene
GCF_000005845.2,b0913,ycaI,GCF_003697165.2,EAS44_RS16300,ycaI,comparable,1,91,1,90,1,0,0,0,0,0,partially_shared_variants
GCF_000005845.2,b0914,msbA,GCF_003697165.2,EAS44_RS16295,msbA,comparable,0,34,0,34,0,0,0,0,0,0,different_variants_in_same_gene
GCF_000005845.2,b0915,lpxK,GCF_003697165.2,EAS44_RS16290,lpxK,comparable,0,21,0,21,0,0,0,0,0,0,different_variants_in_same_gene
GCF_000005845.2,b0916,ycaQ,GCF_003697165.2,EAS44_RS16285,ycaQ,comparable,0,31,0,31,0,0,0,0,0,0,different_variants_in_same_gene
GCF_000005845.2,b0917,ycaR,GCF_003697165.2,EAS44_RS16280,ycaR,comparable,0,2,0,2,0,0,0,0,0,0,different_variants_in_same_gene
GCF_000005845.2,b0918,kdsB,GCF_003697165.2,EAS44_RS16275,kdsB,comparable,0,24,0,24,0,0,0,0,0,0,different_variants_in_same_gene
GCF_000005845.2,b0919,ycbJ,GCF_003697165.2,EAS44_RS16270,ycbJ,comparable,0,13,0,13,0,0,0,0,0,0,different_variants_in_same_gene
GCF_000005845.2,b0920,elyC,GCF_003697165.2,EAS44_RS16265,elyC,comparable,0,14,0,14,0,0,0,0,0,0,different_variants_in_same_gene
GCF_000005845.2,b0921,cmoM,GCF_003697165.2,EAS44_RS16260,cmoM,comparable,3,5,1,4,1,0,2,0,0,0,partially_shared_variants
GCF_000005845.2,b0922,mukF,GCF_003697165.2,EAS44_RS16255,mukF,comparable,0,24,0,24,0,0,0,0,0,0,different_variants_in_same_gene
GCF_000005845.2,b0923,mukE,GCF_003697165.2,EAS44_RS16250,mukE,comparable,5,16,3,13,3,0,2,0,0,0,partially_shared_variants
GCF_000005845.2,b0924,mukB,GCF_003697165.2,EAS44_RS16245,mukB,comparable,16,101,5,96,5,0,11,0,0,0,partially_shared_variants
GCF_000005845.2,b0925,ldtD,GCF_003697165.2,EAS44_RS16240,ldtD,comparable,2,33,0,33,0,0,2,0,0,0,reference_allele_difference
GCF_000005845.2,b0926,mepK,GCF_003697165.2,EAS44_RS16235,mepK,comparable,1,5,0,5,0,0,1,0,0,0,reference_allele_difference
GCF_000005845.2,b0927,gloC,GCF_003697165.2,EAS44_RS16230,gloC,comparable,0,8,0,8,0,0,0,0,0,0,different_variants_in_same_gene
GCF_000005845.2,b0928,aspC,GCF_003697165.2,EAS44_RS16225,aspC,comparable,0,18,0,18,0,0,0,0,0,0,different_variants_in_same_gene
GCF_000005845.2,b0929,ompF,GCF_003697165.2,EAS44_RS16220,ompF,comparable,9,19,6,13,6,0,3,0,0,0,partially_shared_variants
GCF_000005845.2,b0930,asnS,GCF_003697165.2,EAS44_RS16215,asnS,comparable,2,17,1,16,1,0,1,0,0,0,partially_shared_variants
GCF_000005845.2,b0931,pncB,GCF_003697165.2,EAS44_RS16210,pncB,comparable,5,18,4,14,4,0,1,0,0,0,partially_shared_variants
GCF_000005845.2,b0932,pepN,GCF_003697165.2,EAS44_RS16205,pepN,comparable,11,93,6,87,6,0,5,0,0,0,partially_shared_variants
GCF_000005845.2,b0933,ssuB,GCF_003697165.2,EAS44_RS16200,ssuB,comparable,0,40,0,40,0,0,0,0,0,0,different_variants_in_same_gene
GCF_000005845.2,b0934,ssuC,GCF_003697165.2,EAS44_RS16195,ssuC,comparable,0,30,0,30,0,0,0,0,0,0,different_variants_in_same_gene
GCF_000005845.2,b0935,ssuD,GCF_003697165.2,EAS44_RS16190,ssuD,comparable,0,52,0,52,0,0,0,0,0,0,different_variants_in_same_gene
GCF_000005845.2,b0936,ssuA,GCF_003697165.2,EAS44_RS16185,ssuA,comparable,5,53,4,49,4,0,1,0,0,0,partially_shared_variants
GCF_000005845.2,b0937,ssuE,GCF_003697165.2,EAS44_RS16180,ssuE,comparable,9,25,7,18,7,0,2,0,0,0,partially_shared_variants
GCF_000005845.2,b0945,pyrD,GCF_003697165.2,EAS44_RS16170,pyrD,comparable,0,20,0,20,0,0,0,0,0,0,different_variants_in_same_gene
GCF_000005845.2,b0946,zapC,GCF_003697165.2,EAS44_RS16165,zapC,comparable,0,17,0,17,0,0,0,0,0,0,different_variants_in_same_gene
GCF_000005845.2,b0947,ycbX,GCF_003697165.2,EAS44_RS16160,ycbX,comparable,0,34,0,34,0,0,0,0,0,0,different_variants_in_same_gene
GCF_000005845.2,b0948,rlmL,GCF_003697165.2,EAS44_RS16155,rlmKL,comparable,1,52,1,51,1,0,0,0,0,0,partially_shared_variants
GCF_000005845.2,b0949,uup,GCF_003697165.2,EAS44_RS16150,uup,comparable,0,53,0,53,0,0,0,0,0,0,different_variants_in_same_gene
GCF_000005845.2,b0950,pqiA,GCF_003697165.2,EAS44_RS16145,pqiA,comparable,1,9,1,8,1,0,0,0,0,0,partially_shared_variants
GCF_000005845.2,b0951,pqiB,GCF_003697165.2,EAS44_RS16140,pqiB,comparable,1,23,0,23,0,0,1,0,0,0,reference_allele_difference
GCF_000005845.2,b0952,pqiC,GCF_003697165.2,EAS44_RS16135,pqiC,comparable,1,12,1,11,1,0,0,0,0,0,partially_shared_variants
GCF_000005845.2,b0953,rmf,GCF_003697165.2,EAS44_RS16130,rmf,comparable,1,1,1,0,1,0,0,0,0,0,same_exact_variants
GCF_000005845.2,b0954,fabA,GCF_003697165.2,EAS44_RS16125,fabA,comparable,0,17,0,17,0,0,0,0,0,0,different_variants_in_same_gene
GCF_000005845.2,b0955,ycbZ,GCF_003697165.2,EAS44_RS16120,ycbZ,comparable,3,21,1,20,1,0,2,0,0,0,partially_shared_variants
GCF_000005845.2,b0956,matP,GCF_003697165.2,EAS44_RS16115,matP,comparable,0,11,0,11,0,0,0,0,0,0,different_variants_in_same_gene
GCF_000005845.2,b0957,ompA,GCF_003697165.2,EAS44_RS16110,ompA,comparable,1,19,0,19,0,0,1,0,0,0,reference_allele_difference
GCF_000005845.2,b0958,sulA,GCF_003697165.2,EAS44_RS16105,sulA,comparable,0,8,0,8,0,0,0,0,0,0,different_variants_in_same_gene
GCF_000005845.2,b0959,sxy,GCF_003697165.2,EAS44_RS16100,sxy,comparable,0,6,0,6,0,0,0,0,0,0,different_variants_in_same_gene
GCF_000005845.2,b0960,yccS,GCF_003697165.2,EAS44_RS16095,yccS,comparable,0,35,0,35,0,0,0,0,0,0,different_variants_in_same_gene
GCF_000005845.2,b0961,yccF,GCF_003697165.2,EAS44_RS16090,yccF,comparable,0,9,0,9,0,0,0,0,0,0,different_variants_in_same_gene
GCF_000005845.2,b0962,helD,GCF_003697165.2,EAS44_RS16085,helD,comparable,0,37,0,37,0,0,0,0,0,0,different_variants_in_same_gene
GCF_000005845.2,b0963,mgsA,GCF_003697165.2,EAS44_RS16080,mgsA,comparable,0,7,0,7,0,0,0,0,0,0,different_variants_in_same_gene
GCF_000005845.2,b0964,csgI,GCF_003697165.2,EAS44_RS16075,csgI,comparable,0,12,0,12,0,0,0,0,0,0,different_variants_in_same_gene
GCF_000005845.2,b0965,yccU,GCF_003697165.2,EAS44_RS16070,yccU,comparable,2,13,1,12,1,0,1,0,0,0,partially_shared_variants
GCF_000005845.2,b0966,hspQ,GCF_003697165.2,EAS44_RS16065,hspQ,comparable,0,2,0,2,0,0,0,0,0,0,different_variants_in_same_gene
GCF_000005845.2,b0967,rlmI,GCF_003697165.2,EAS44_RS16060,rlmI,comparable,0,24,0,24,0,0,0,0,0,0,different_variants_in_same_gene
GCF_000005845.2,b0968,yccX,GCF_003697165.2,EAS44_RS16055,yccX,comparable,0,16,0,16,0,0,0,0,0,0,different_variants_in_same_gene
GCF_000005845.2,b0969,tusE,GCF_003697165.2,EAS44_RS16050,tusE,comparable,2,11,2,9,2,0,0,0,0,0,partially_shared_variants
GCF_000005845.2,b0970,yccA,GCF_003697165.2,EAS44_RS16045,yccA,comparable,1,16,1,15,1,0,0,0,0,0,partially_shared_variants
GCF_000005845.2,b0972,hyaA,GCF_003697165.2,EAS44_RS16035,hyaA,comparable,0,30,0,30,0,0,0,0,0,0,different_variants_in_same_gene
GCF_000005845.2,b0973,hyaB,GCF_003697165.2,EAS44_RS16030,hyaB,comparable,0,42,0,42,0,0,0,0,0,0,different_variants_in_same_gene
GCF_000005845.2,b0974,hyaC,GCF_003697165.2,EAS44_RS16025,hyaC,comparable,0,19,0,19,0,0,0,0,0,0,different_variants_in_same_gene
GCF_000005845.2,b0975,hyaD,GCF_003697165.2,EAS44_RS16020,hyaD,comparable,0,24,0,24,0,0,0,0,0,0,different_variants_in_same_gene
GCF_000005845.2,b0976,hyaE,GCF_003697165.2,EAS44_RS16015,hyaE,comparable,0,15,0,15,0,0,0,0,0,0,different_variants_in_same_gene
GCF_000005845.2,b0977,hyaF,GCF_003697165.2,EAS44_RS16010,hyaF,comparable,0,23,0,23,0,0,0,0,0,0,different_variants_in_same_gene
GCF_000005845.2,b0978,appC,GCF_003697165.2,EAS44_RS16005,appC,comparable,1,23,0,23,0,0,1,0,0,0,reference_allele_difference
GCF_000005845.2,b0979,appB,GCF_003697165.2,EAS44_RS16000,appB,comparable,0,28,0,28,0,0,0,0,0,0,different_variants_in_same_gene
GCF_000005845.2,b4592,appX,GCF_003697165.2,EAS44_RS15995,cbdX,comparable,0,0,0,0,0,0,0,0,0,0,same_exact_variants
GCF_000005845.2,b0980,appA,GCF_003697165.2,EAS44_RS15990,appA,comparable,5,35,3,32,3,0,2,0,0,0,partially_shared_variants
GCF_000005845.2,b0981,etk,GCF_003697165.2,EAS44_RS10220,wzc,comparable,11,48,0,48,0,0,0,0,0,11,unresolved_liftover
GCF_000005845.2,b0989,cspH,GCF_003697165.2,EAS44_RS15985,cspH,comparable,0,3,0,3,0,0,0,0,0,0,different_variants_in_same_gene
GCF_000005845.2,b0990,cspG,GCF_003697165.2,EAS44_RS15980,cspG,comparable,1,1,0,1,0,0,1,0,0,0,reference_allele_difference
GCF_000005845.2,b4723,ymcF,GCF_003697165.2,EAS44_RS15975,ymcF,comparable,2,8,2,6,2,0,0,0,0,0,partially_shared_variants
GCF_000005845.2,b0991,ymcE,GCF_003697165.2,EAS44_RS15970,ymcE,comparable,0,1,0,1,0,0,0,0,0,0,different_variants_in_same_gene
GCF_000005845.2,b0992,yccM,GCF_003697165.2,EAS44_RS15960,yccM,comparable,4,29,3,26,3,0,1,0,0,0,partially_shared_variants
GCF_000005845.2,b0994,torT,GCF_003697165.2,EAS44_RS15950,torT,comparable,3,30,2,28,2,0,1,0,0,0,partially_shared_variants
GCF_000005845.2,b0995,torR,GCF_003697165.2,EAS44_RS15945,torR,comparable,1,21,0,21,0,0,1,0,0,0,reference_allele_difference
GCF_000005845.2,b0996,torC,GCF_003697165.2,EAS44_RS15940,torC,comparable,1,27,1,26,1,0,0,0,0,0,partially_shared_variants
GCF_000005845.2,b0997,torA,GCF_003697165.2,EAS44_RS15935,torA,comparable,2,65,2,63,2,0,0,0,0,0,partially_shared_variants
GCF_000005845.2,b0998,torD,GCF_003697165.2,EAS44_RS15930,torD,comparable,5,23,3,20,3,0,2,0,0,0,partially_shared_variants
GCF_000005845.2,b0999,cbpM,GCF_003697165.2,EAS44_RS15925,cbpM,comparable,0,4,0,4,0,0,0,0,0,0,different_variants_in_same_gene
GCF_000005845.2,b1000,cbpA,GCF_003697165.2,EAS44_RS15920,cbpA,comparable,0,11,0,11,0,0,0,0,0,0,different_variants_in_same_gene
GCF_000005845.2,b1002,agp,GCF_003697165.2,EAS44_RS15915,agp,comparable,19,51,8,43,8,0,11,0,0,0,partially_shared_variants
GCF_000005845.2,b1003,yccJ,GCF_003697165.2,EAS44_RS15910,yccJ,comparable,4,3,3,0,3,0,1,0,0,0,partially_shared_variants
GCF_000005845.2,b1007,rutF,GCF_003697165.2,EAS44_RS15890,rutF,comparable,9,7,1,6,1,0,8,0,0,0,partially_shared_variants
GCF_000005845.2,b1008,rutE,GCF_003697165.2,EAS44_RS15885,rutE,comparable,18,13,7,6,7,0,11,0,0,0,partially_shared_variants
GCF_000005845.2,b1009,rutD,GCF_003697165.2,EAS44_RS15880,rutD,comparable,1,18,1,17,1,0,0,0,0,0,partially_shared_variants
GCF_000005845.2,b1010,rutC,GCF_003697165.2,EAS44_RS15875,rutC,comparable,0,10,0,10,0,0,0,0,0,0,different_variants_in_same_gene
GCF_000005845.2,b1011,rutB,GCF_003697165.2,EAS44_RS15870,rutB,comparable,11,20,6,14,6,0,5,0,0,0,partially_shared_variants
GCF_000005845.2,b1012,rutA,GCF_003697165.2,EAS44_RS15865,rutA,comparable,19,31,12,19,14,0,5,0,0,0,partially_shared_variants
GCF_000005845.2,b1013,rutR,GCF_003697165.2,EAS44_RS15860,rutR,comparable,2,17,1,16,1,0,1,0,0,0,partially_shared_variants
GCF_000005845.2,b1014,putA,GCF_003697165.2,EAS44_RS15855,putA,comparable,75,116,40,76,40,0,35,0,0,0,partially_shared_variants
GCF_000005845.2,b1015,putP,GCF_003697165.2,EAS44_RS15845,putP,comparable,38,47,20,27,20,0,18,0,0,0,partially_shared_variants
GCF_000005845.2,b1018,efeO,GCF_003697165.2,EAS44_RS15835,efeO,comparable,0,32,0,32,0,0,0,0,0,0,different_variants_in_same_gene
GCF_000005845.2,b1019,efeB,GCF_003697165.2,EAS44_RS15830,efeB,comparable,1,52,1,51,1,0,0,0,0,0,partially_shared_variants
GCF_000005845.2,b1020,phoH,GCF_003697165.2,EAS44_RS15825,phoH,comparable,0,9,0,9,0,0,0,0,0,0,different_variants_in_same_gene
GCF_000005845.2,b1021,pgaD,GCF_003697165.2,EAS44_RS15820,pgaD,comparable,0,9,0,9,0,0,0,0,0,0,different_variants_in_same_gene
GCF_000005845.2,b1023,pgaB,GCF_003697165.2,EAS44_RS15810,pgaB,comparable,0,22,0,22,0,0,0,0,0,0,different_variants_in_same_gene
GCF_000005845.2,b1024,pgaA,GCF_003697165.2,EAS44_RS15805,pgaA,comparable,0,47,0,47,0,0,0,0,0,0,different_variants_in_same_gene
GCF_000005845.2,b1025,dgcT,GCF_003697165.2,EAS44_RS15800,dgcT,comparable,1,31,0,31,0,0,1,0,0,0,reference_allele_difference
GCF_000005845.2,b1033,ghrA,GCF_003697165.2,EAS44_RS15790,ghrA,comparable,2,17,2,15,2,0,0,0,0,0,partially_shared_variants
GCF_000005845.2,b1034,ycdX,GCF_003697165.2,EAS44_RS15785,ycdX,comparable,7,21,4,17,4,0,3,0,0,0,partially_shared_variants
GCF_000005845.2,b1035,ycdY,GCF_003697165.2,EAS44_RS15780,ycdY,comparable,14,10,6,4,6,0,8,0,0,0,partially_shared_variants
GCF_000005845.2,b1036,ycdZ,GCF_003697165.2,EAS44_RS15775,ycdZ,comparable,0,10,0,10,0,0,0,0,0,0,different_variants_in_same_gene
GCF_000005845.2,b1037,csgG,GCF_003697165.2,EAS44_RS15770,csgG,comparable,0,16,0,16,0,0,0,0,0,0,different_variants_in_same_gene
GCF_000005845.2,b1038,csgF,GCF_003697165.2,EAS44_RS15765,csgF,comparable,0,6,0,6,0,0,0,0,0,0,different_variants_in_same_gene
GCF_000005845.2,b1039,csgE,GCF_003697165.2,EAS44_RS15760,csgE,comparable,0,5,0,5,0,0,0,0,0,0,different_variants_in_same_gene
GCF_000005845.2,b1040,csgD,GCF_003697165.2,EAS44_RS15755,csgD,comparable,2,4,1,3,1,0,1,0,0,0,partially_shared_variants
GCF_000005845.2,b1041,csgB,GCF_003697165.2,EAS44_RS15750,csgB,comparable,0,2,0,2,0,0,0,0,0,0,different_variants_in_same_gene
GCF_000005845.2,b1043,csgC,GCF_003697165.2,EAS44_RS15740,csgC,comparable,2,6,1,5,1,0,1,0,0,0,partially_shared_variants
GCF_000005845.2,b1044,ymdA,GCF_003697165.2,EAS44_RS15735,ymdA,comparable,1,15,1,14,1,0,0,0,0,0,partially_shared_variants
GCF_000005845.2,b1045,ymdB,GCF_003697165.2,EAS44_RS15730,ymdB,comparable,1,7,1,6,1,0,0,0,0,0,partially_shared_variants
GCF_000005845.2,b1046,clsC,GCF_003697165.2,EAS44_RS15725,clsC,comparable,0,31,0,31,0,0,0,0,0,0,different_variants_in_same_gene
GCF_000005845.2,b1047,opgC,GCF_003697165.2,EAS44_RS15720,mdoC,comparable,0,27,0,27,0,0,0,0,0,0,different_variants_in_same_gene
GCF_000005845.2,b1048,opgG,GCF_003697165.2,EAS44_RS15715,mdoG,comparable,1,24,1,23,1,0,0,0,0,0,partially_shared_variants
GCF_000005845.2,b1049,opgH,GCF_003697165.2,EAS44_RS15710,mdoH,comparable,0,40,0,40,0,0,0,0,0,0,different_variants_in_same_gene
GCF_000005845.2,b1050,yceK,GCF_003697165.2,EAS44_RS15705,yceK,comparable,0,9,0,9,0,0,0,0,0,0,different_variants_in_same_gene
GCF_000005845.2,b1051,msyB,GCF_003697165.2,EAS44_RS15700,msyB,comparable,0,11,0,11,0,0,0,0,0,0,different_variants_in_same_gene
GCF_000005845.2,b1053,mdtG,GCF_003697165.2,EAS44_RS15695,mdtG,comparable,0,19,0,19,0,0,0,0,0,0,different_variants_in_same_gene
GCF_000005845.2,b1054,lpxL,GCF_003697165.2,EAS44_RS15690,lpxL,comparable,0,6,0,6,0,0,0,0,0,0,different_variants_in_same_gene
GCF_000005845.2,b1055,trhO,GCF_003697165.2,EAS44_RS15685,trhO,comparable,1,24,1,23,1,0,0,0,0,0,partially_shared_variants
GCF_000005845.2,b1056,yceI,GCF_003697165.2,EAS44_RS15680,yceI,comparable,0,20,0,20,0,0,0,0,0,0,different_variants_in_same_gene
GCF_000005845.2,b1057,yceJ,GCF_003697165.2,EAS44_RS15675,yceJ,comparable,0,14,0,14,0,0,0,0,0,0,different_variants_in_same_gene
GCF_000005845.2,b1058,yceO,GCF_003697165.2,EAS44_RS15670,EAS44_RS15670,comparable,0,1,0,1,0,0,0,0,0,0,different_variants_in_same_gene
GCF_000005845.2,b1059,solA,GCF_003697165.2,EAS44_RS15665,solA,comparable,1,20,1,19,1,0,0,0,0,0,partially_shared_variants
GCF_000005845.2,b1060,bssS,GCF_003697165.2,EAS44_RS15660,bssS,comparable,1,1,1,0,1,0,0,0,0,0,same_exact_variants
GCF_000005845.2,b1061,dinI,GCF_003697165.2,EAS44_RS15655,dinI,comparable,2,2,1,1,1,0,1,0,0,0,partially_shared_variants
GCF_000005845.2,b1062,pyrC,GCF_003697165.2,EAS44_RS15650,pyrC,comparable,16,22,6,16,6,0,10,0,0,0,partially_shared_variants
GCF_000005845.2,b1063,yceB,GCF_003697165.2,EAS44_RS15645,yceB,comparable,4,7,3,4,3,0,1,0,0,0,partially_shared_variants
GCF_000005845.2,b1064,grxB,GCF_003697165.2,EAS44_RS15640,grxB,comparable,5,6,3,3,3,0,2,0,0,0,partially_shared_variants
GCF_000005845.2,b1065,mdtH,GCF_003697165.2,EAS44_RS15635,mdtH,comparable,25,24,14,10,14,0,11,0,0,0,partially_shared_variants
GCF_000005845.2,b1066,rimJ,GCF_003697165.2,EAS44_RS15630,rimJ,comparable,0,5,0,5,0,0,0,0,0,0,different_variants_in_same_gene
GCF_000005845.2,b1067,yceH,GCF_003697165.2,EAS44_RS15625,yceH,comparable,0,18,0,18,0,0,0,0,0,0,different_variants_in_same_gene
GCF_000005845.2,b1068,yceM,GCF_003697165.2,EAS44_RS15620,yceM,comparable,0,19,0,19,0,0,0,0,0,0,different_variants_in_same_gene
GCF_000005845.2,b1069,murJ,GCF_003697165.2,EAS44_RS15615,murJ,comparable,2,16,2,14,2,0,0,0,0,0,partially_shared_variants
GCF_000005845.2,b1070,flgN,GCF_003697165.2,EAS44_RS15610,flgN,comparable,0,7,0,7,0,0,0,0,0,0,different_variants_in_same_gene
GCF_000005845.2,b1071,flgM,GCF_003697165.2,EAS44_RS15605,flgM,comparable,0,7,0,7,0,0,0,0,0,0,different_variants_in_same_gene
GCF_000005845.2,b1072,flgA,GCF_003697165.2,EAS44_RS15600,flgA,comparable,0,17,0,17,0,0,0,0,0,0,different_variants_in_same_gene
GCF_000005845.2,b1073,flgB,GCF_003697165.2,EAS44_RS15595,flgB,comparable,3,9,3,6,3,0,0,0,0,0,partially_shared_variants
GCF_000005845.2,b1074,flgC,GCF_003697165.2,EAS44_RS15590,flgC,comparable,5,7,2,5,2,0,3,0,0,0,partially_shared_variants
GCF_000005845.2,b1075,flgD,GCF_003697165.2,EAS44_RS25215,flgD,comparable,2,17,1,16,1,0,1,0,0,0,partially_shared_variants
GCF_000005845.2,b1076,flgE,GCF_003697165.2,EAS44_RS25210,flgE,comparable,6,23,3,20,3,0,3,0,0,0,partially_shared_variants
GCF_000005845.2,b1077,flgF,GCF_003697165.2,EAS44_RS15575,flgF,comparable,0,32,0,32,0,0,0,0,0,0,different_variants_in_same_gene
GCF_000005845.2,b1078,flgG,GCF_003697165.2,EAS44_RS15570,flgG,comparable,0,15,0,15,0,0,0,0,0,0,different_variants_in_same_gene
GCF_000005845.2,b1079,flgH,GCF_003697165.2,EAS44_RS15565,flgH,comparable,3,12,3,9,3,0,0,0,0,0,partially_shared_variants
GCF_000005845.2,b1080,flgI,GCF_003697165.2,EAS44_RS15560,flgI,comparable,0,23,0,23,0,0,0,0,0,0,different_variants_in_same_gene
GCF_000005845.2,b1081,flgJ,GCF_003697165.2,EAS44_RS15555,flgJ,comparable,0,27,0,27,0,0,0,0,0,0,different_variants_in_same_gene
GCF_000005845.2,b1082,flgK,GCF_003697165.2,EAS44_RS15550,flgK,comparable,3,26,1,25,1,0,2,0,0,0,partially_shared_variants
GCF_000005845.2,b1083,flgL,GCF_003697165.2,EAS44_RS15545,flgL,comparable,23,26,8,18,8,0,15,0,0,0,partially_shared_variants
GCF_000005845.2,b1084,rne,GCF_003697165.2,EAS44_RS15540,rne,comparable,30,66,15,51,15,0,15,0,0,0,partially_shared_variants
GCF_000005845.2,b1086,rluC,GCF_003697165.2,EAS44_RS15530,rluC,comparable,0,11,0,11,0,0,0,0,0,0,different_variants_in_same_gene
GCF_000005845.2,b1087,yceF,GCF_003697165.2,EAS44_RS15525,yceF,comparable,0,4,0,4,0,0,0,0,0,0,different_variants_in_same_gene
GCF_000005845.2,b1088,yceD,GCF_003697165.2,EAS44_RS15520,yceD,comparable,0,1,0,1,0,0,0,0,0,0,different_variants_in_same_gene
GCF_000005845.2,b1089,rpmF,GCF_003697165.2,EAS44_RS15515,rpmF,comparable,0,0,0,0,0,0,0,0,0,0,same_exact_variants
GCF_000005845.2,b1091,fabH,GCF_003697165.2,EAS44_RS15505,fabH,comparable,12,12,4,8,4,0,8,0,0,0,partially_shared_variants
GCF_000005845.2,b1092,fabD,GCF_003697165.2,EAS44_RS15500,fabD,comparable,5,8,2,6,2,0,3,0,0,0,partially_shared_variants
GCF_000005845.2,b1093,fabG,GCF_003697165.2,EAS44_RS15495,fabG,comparable,3,3,3,0,3,0,0,0,0,0,same_exact_variants
GCF_000005845.2,b1094,acpP,GCF_003697165.2,EAS44_RS15490,acpP,comparable,0,0,0,0,0,0,0,0,0,0,same_exact_variants
GCF_000005845.2,b1095,fabF,GCF_003697165.2,EAS44_RS15485,fabF,comparable,8,7,6,1,6,0,2,0,0,0,partially_shared_variants
GCF_000005845.2,b1096,pabC,GCF_003697165.2,EAS44_RS15480,pabC,comparable,11,8,5,3,5,0,6,0,0,0,partially_shared_variants
GCF_000005845.2,b1097,mltG,GCF_003697165.2,EAS44_RS15475,yceG,comparable,18,13,10,3,10,0,8,0,0,0,partially_shared_variants
GCF_000005845.2,b1098,tmk,GCF_003697165.2,EAS44_RS15470,tmk,comparable,5,16,3,13,3,0,2,0,0,0,partially_shared_variants
GCF_000005845.2,b1099,holB,GCF_003697165.2,EAS44_RS15465,holB,comparable,13,18,6,12,6,0,7,0,0,0,partially_shared_variants
GCF_000005845.2,b1100,ycfH,GCF_003697165.2,EAS44_RS15460,ycfH,comparable,6,10,4,6,4,0,2,0,0,0,partially_shared_variants
GCF_000005845.2,b1102,fhuE,GCF_003697165.2,EAS44_RS15450,fhuE,comparable,8,32,5,27,5,0,3,0,0,0,partially_shared_variants
GCF_000005845.2,b1103,hinT,GCF_003697165.2,EAS44_RS15445,hinT,comparable,3,3,1,2,1,0,2,0,0,0,partially_shared_variants
GCF_000005845.2,b1104,ycfL,GCF_003697165.2,EAS44_RS15440,ycfL,comparable,3,6,1,5,1,0,2,0,0,0,partially_shared_variants
GCF_000005845.2,b1105,lpoB,GCF_003697165.2,EAS44_RS15435,lpoB,comparable,5,12,2,10,2,0,3,0,0,0,partially_shared_variants
GCF_000005845.2,b1106,thiK,GCF_003697165.2,EAS44_RS15430,thiK,comparable,5,13,4,9,4,0,1,0,0,0,partially_shared_variants
GCF_000005845.2,b1107,nagZ,GCF_003697165.2,EAS44_RS15425,nagZ,comparable,5,32,3,29,3,0,2,0,0,0,partially_shared_variants
GCF_000005845.2,b1108,ycfP,GCF_003697165.2,EAS44_RS15420,ycfP,comparable,5,23,3,20,3,0,2,0,0,0,partially_shared_variants
GCF_000005845.2,b1109,ndh,GCF_003697165.2,EAS44_RS15415,ndh,comparable,10,34,6,28,6,0,4,0,0,0,partially_shared_variants
GCF_000005845.2,b1110,ycfJ,GCF_003697165.2,EAS44_RS15410,ycfJ,comparable,4,11,3,8,3,0,1,0,0,0,partially_shared_variants
GCF_000005845.2,b1111,comR,GCF_003697165.2,EAS44_RS15405,comR,comparable,2,17,1,16,1,0,1,0,0,0,partially_shared_variants
GCF_000005845.2,b1112,bhsA,GCF_003697165.2,EAS44_RS15400,bhsA,comparable,1,5,1,4,1,0,0,0,0,0,partially_shared_variants
GCF_000005845.2,b1113,ldtC,GCF_003697165.2,EAS44_RS15395,ldtC,comparable,7,21,3,18,3,0,4,0,0,0,partially_shared_variants
GCF_000005845.2,b1114,mfd,GCF_003697165.2,EAS44_RS15390,mfd,comparable,48,108,28,80,28,0,20,0,0,0,partially_shared_variants
GCF_000005845.2,b1115,ycfT,GCF_003697165.2,EAS44_RS15385,ycfT,comparable,13,37,7,30,7,0,6,0,0,0,partially_shared_variants
GCF_000005845.2,b1116,lolC,GCF_003697165.2,EAS44_RS15380,lolC,comparable,19,24,7,17,7,0,12,0,0,0,partially_shared_variants
GCF_000005845.2,b1117,lolD,GCF_003697165.2,EAS44_RS15375,lolD,comparable,25,23,10,13,10,0,15,0,0,0,partially_shared_variants
GCF_000005845.2,b1118,lolE,GCF_003697165.2,EAS44_RS15370,lolE,comparable,29,40,14,26,14,0,15,0,0,0,partially_shared_variants
GCF_000005845.2,b1119,nagK,GCF_003697165.2,EAS44_RS15365,nagK,comparable,3,18,1,17,1,0,2,0,0,0,partially_shared_variants
GCF_000005845.2,b1120,cobB,GCF_003697165.2,EAS44_RS15360,cobB,comparable,1,24,1,23,1,0,0,0,0,0,partially_shared_variants
GCF_000005845.2,b1122,ymfA,GCF_003697165.2,EAS44_RS15350,ymfA,comparable,1,16,1,15,1,0,0,0,0,0,partially_shared_variants
GCF_000005845.2,b1123,potD,GCF_003697165.2,EAS44_RS15345,potD,comparable,15,28,6,22,6,0,9,0,0,0,partially_shared_variants
GCF_000005845.2,b1124,potC,GCF_003697165.2,EAS44_RS15340,potC,comparable,5,13,4,9,4,0,1,0,0,0,partially_shared_variants
GCF_000005845.2,b1125,potB,GCF_003697165.2,EAS44_RS15335,potB,comparable,14,16,5,11,5,0,9,0,0,0,partially_shared_variants
GCF_000005845.2,b1126,potA,GCF_003697165.2,EAS44_RS15330,potA,comparable,17,28,16,12,16,0,1,0,0,0,partially_shared_variants
GCF_000005845.2,b1127,pepT,GCF_003697165.2,EAS44_RS15325,pepT,comparable,14,17,9,8,9,0,5,0,0,0,partially_shared_variants
GCF_000005845.2,b1128,roxA,GCF_003697165.2,EAS44_RS15320,roxA,comparable,27,21,9,12,9,0,18,0,0,0,partially_shared_variants
GCF_000005845.2,b1129,phoQ,GCF_003697165.2,EAS44_RS15315,phoQ,comparable,10,31,7,24,7,0,3,0,0,0,partially_shared_variants
GCF_000005845.2,b1130,phoP,GCF_003697165.2,EAS44_RS15310,phoP,comparable,6,15,1,14,1,0,5,0,0,0,partially_shared_variants
GCF_000005845.2,b1131,purB,GCF_003697165.2,EAS44_RS15305,purB,comparable,25,30,15,15,15,0,10,0,0,0,partially_shared_variants
GCF_000005845.2,b1132,hflD,GCF_003697165.2,EAS44_RS15300,hflD,comparable,5,14,2,12,2,0,3,0,0,0,partially_shared_variants
GCF_000005845.2,b1133,mnmA,GCF_003697165.2,EAS44_RS15295,mnmA,comparable,1,34,1,33,1,0,0,0,0,0,partially_shared_variants
GCF_000005845.2,b1134,nudJ,GCF_003697165.2,EAS44_RS15290,nudJ,comparable,11,14,9,5,9,0,2,0,0,0,partially_shared_variants
GCF_000005845.2,b1135,rluE,GCF_003697165.2,EAS44_RS15285,rluE,comparable,15,20,10,10,10,0,5,0,0,0,partially_shared_variants
GCF_000005845.2,b1136,icd,GCF_003697165.2,EAS44_RS15280,icd,comparable,11,24,4,20,4,0,4,0,0,3,unresolved_liftover
GCF_000005845.2,b1161,ycgX,GCF_003697165.2,EAS44_RS14900,ycgX,comparable,3,5,2,3,2,0,1,0,0,0,partially_shared_variants
GCF_000005845.2,b1162,bluR,GCF_003697165.2,EAS44_RS14895,bluR,comparable,8,18,6,12,6,0,2,0,0,0,partially_shared_variants
GCF_000005845.2,b1163,bluF,GCF_003697165.2,EAS44_RS14890,bluF,comparable,10,45,6,39,6,0,4,0,0,0,partially_shared_variants
GCF_000005845.2,b1164,ycgZ,GCF_003697165.2,EAS44_RS14885,ycgZ,comparable,0,7,0,7,0,0,0,0,0,0,different_variants_in_same_gene
GCF_000005845.2,b1165,ymgA,GCF_003697165.2,EAS44_RS14880,ymgA,comparable,0,9,0,9,0,0,0,0,0,0,different_variants_in_same_gene
GCF_000005845.2,b1166,ariR,GCF_003697165.2,EAS44_RS14875,ariR,comparable,1,9,0,9,0,0,1,0,0,0,reference_allele_difference
GCF_000005845.2,b1167,ymgC,GCF_003697165.2,EAS44_RS14870,ymgC,comparable,0,8,0,8,0,0,0,0,0,0,different_variants_in_same_gene
GCF_000005845.2,b4520,ymgF,GCF_003697165.2,EAS44_RS14860,ymgF,comparable,0,7,0,7,0,0,0,0,0,0,different_variants_in_same_gene
GCF_000005845.2,b1171,ymgD,GCF_003697165.2,EAS44_RS14850,ymgD,comparable,1,5,1,4,1,0,0,0,0,0,partially_shared_variants
GCF_000005845.2,b1172,ymgG,GCF_003697165.2,EAS44_RS14845,ymgG,comparable,0,1,0,1,0,0,0,0,0,0,different_variants_in_same_gene
GCF_000005845.2,b4593,ymgI,GCF_003697165.2,EAS44_RS14840,EAS44_RS14840,comparable,0,5,0,5,0,0,0,0,0,0,different_variants_in_same_gene
GCF_000005845.2,b1174,minE,GCF_003697165.2,EAS44_RS14820,minE,comparable,0,2,0,2,0,0,0,0,0,0,different_variants_in_same_gene
GCF_000005845.2,b1175,minD,GCF_003697165.2,EAS44_RS14815,minD,comparable,0,7,0,7,0,0,0,0,0,0,different_variants_in_same_gene
GCF_000005845.2,b1176,minC,GCF_003697165.2,EAS44_RS14810,minC,comparable,0,8,0,8,0,0,0,0,0,0,different_variants_in_same_gene
GCF_000005845.2,b1177,ycgJ,GCF_003697165.2,EAS44_RS14805,ycgJ,comparable,7,1,1,0,1,0,6,0,0,0,partially_shared_variants
GCF_000005845.2,b1178,pliG,GCF_003697165.2,EAS44_RS14800,pliG,comparable,5,7,2,5,2,0,3,0,0,0,partially_shared_variants
GCF_000005845.2,b1179,ycgL,GCF_003697165.2,EAS44_RS14795,EAS44_RS14795,comparable,3,5,3,2,3,0,0,0,0,0,partially_shared_variants
GCF_000005845.2,b1180,ycgM,GCF_003697165.2,EAS44_RS14790,ycgM,comparable,4,8,1,7,1,0,3,0,0,0,partially_shared_variants
GCF_000005845.2,b1181,ycgN,GCF_003697165.2,EAS44_RS14785,ycgN,comparable,3,5,3,2,3,0,0,0,0,0,partially_shared_variants
GCF_000005845.2,b1183,umuD,GCF_003697165.2,EAS44_RS14775,umuD,comparable,2,6,0,6,0,0,2,0,0,0,reference_allele_difference
GCF_000005845.2,b1184,umuC,GCF_003697165.2,EAS44_RS14770,umuC,comparable,6,22,4,18,4,0,2,0,0,0,partially_shared_variants
GCF_000005845.2,b1185,dsbB,GCF_003697165.2,EAS44_RS14765,dsbB,comparable,0,8,0,8,0,0,0,0,0,0,different_variants_in_same_gene
GCF_000005845.2,b1186,nhaB,GCF_003697165.2,EAS44_RS14760,nhaB,comparable,0,43,0,43,0,0,0,0,0,0,different_variants_in_same_gene
GCF_000005845.2,b1187,fadR,GCF_003697165.2,EAS44_RS14755,fadR,comparable,0,18,0,18,0,0,0,0,0,0,different_variants_in_same_gene
GCF_000005845.2,b1188,ycgB,GCF_003697165.2,EAS44_RS14750,ycgB,comparable,14,20,11,9,11,0,3,0,0,0,partially_shared_variants
GCF_000005845.2,b1189,dadA,GCF_003697165.2,EAS44_RS14745,dadA,comparable,0,26,0,26,0,0,0,0,0,0,different_variants_in_same_gene
GCF_000005845.2,b1190,dadX,GCF_003697165.2,EAS44_RS14740,dadX,comparable,2,17,2,15,2,0,0,0,0,0,partially_shared_variants
GCF_000005845.2,b1191,cvrA,GCF_003697165.2,EAS44_RS14735,cvrA,comparable,2,60,1,59,1,0,1,0,0,0,partially_shared_variants
GCF_000005845.2,b1192,ldcA,GCF_003697165.2,EAS44_RS14730,ldcA,comparable,1,20,1,19,1,0,0,0,0,0,partially_shared_variants
GCF_000005845.2,b1193,emtA,GCF_003697165.2,EAS44_RS14725,emtA,comparable,0,8,0,8,0,0,0,0,0,0,different_variants_in_same_gene
GCF_000005845.2,b1194,ycgR,GCF_003697165.2,EAS44_RS14720,ycgR,comparable,0,18,0,18,0,0,0,0,0,0,different_variants_in_same_gene
GCF_000005845.2,b1195,ymgE,GCF_003697165.2,EAS44_RS14715,ymgE,comparable,1,10,0,10,0,0,1,0,0,0,reference_allele_difference
GCF_000005845.2,b1197,treA,GCF_003697165.2,EAS44_RS14675,treA,comparable,0,28,0,28,0,0,0,0,0,0,different_variants_in_same_gene
GCF_000005845.2,b1198,dhaM,GCF_003697165.2,EAS44_RS14670,dhaM,comparable,0,26,0,26,0,0,0,0,0,0,different_variants_in_same_gene
GCF_000005845.2,b1199,dhaL,GCF_003697165.2,EAS44_RS14665,dhaL,comparable,0,17,0,17,0,0,0,0,0,0,different_variants_in_same_gene
GCF_000005845.2,b1200,dhaK,GCF_003697165.2,EAS44_RS14660,dhaK,comparable,0,21,0,21,0,0,0,0,0,0,different_variants_in_same_gene
GCF_000005845.2,b1201,dhaR,GCF_003697165.2,EAS44_RS14655,dhaR,comparable,1,35,0,35,0,0,0,0,0,1,unresolved_liftover
GCF_000005845.2,b1203,ychF,GCF_003697165.2,EAS44_RS14645,ychF,comparable,1,24,1,23,1,0,0,0,0,0,partially_shared_variants
GCF_000005845.2,b1204,pth,GCF_003697165.2,EAS44_RS14640,pth,comparable,0,7,0,7,0,0,0,0,0,0,different_variants_in_same_gene
GCF_000005845.2,b1205,ychH,GCF_003697165.2,EAS44_RS14635,ychH,comparable,1,3,1,2,1,0,0,0,0,0,partially_shared_variants
GCF_000005845.2,b1206,dauA,GCF_003697165.2,EAS44_RS14630,dauA,comparable,13,26,7,19,7,0,6,0,0,0,partially_shared_variants
GCF_000005845.2,b1207,prs,GCF_003697165.2,EAS44_RS14625,prs,comparable,1,2,0,2,0,0,1,0,0,0,reference_allele_difference
GCF_000005845.2,b1208,ispE,GCF_003697165.2,EAS44_RS14620,ispE,comparable,13,18,6,12,6,0,7,0,0,0,partially_shared_variants
GCF_000005845.2,b1209,lolB,GCF_003697165.2,EAS44_RS14615,lolB,comparable,9,22,7,15,7,0,2,0,0,0,partially_shared_variants
GCF_000005845.2,b1211,prfA,GCF_003697165.2,EAS44_RS14605,prfA,comparable,10,19,5,14,5,0,5,0,0,0,partially_shared_variants
GCF_000005845.2,b1212,prmC,GCF_003697165.2,EAS44_RS14600,prmC,comparable,12,20,9,11,9,0,3,0,0,0,partially_shared_variants
GCF_000005845.2,b1213,ychQ,GCF_003697165.2,EAS44_RS14595,sirB2,comparable,3,9,2,7,2,0,1,0,0,0,partially_shared_variants
GCF_000005845.2,b1214,ychA,GCF_003697165.2,EAS44_RS14590,sirB1,comparable,3,12,1,11,1,0,2,0,0,0,partially_shared_variants
GCF_000005845.2,b1215,kdsA,GCF_003697165.2,EAS44_RS14585,kdsA,comparable,5,16,3,13,3,0,2,0,0,0,partially_shared_variants
GCF_000005845.2,b1216,chaA,GCF_003697165.2,EAS44_RS14575,chaA,comparable,10,14,6,8,6,0,4,0,0,0,partially_shared_variants
GCF_000005845.2,b1217,chaB,GCF_003697165.2,EAS44_RS14570,chaB,comparable,2,5,2,3,2,0,0,0,0,0,partially_shared_variants
GCF_000005845.2,b1218,chaC,GCF_003697165.2,EAS44_RS14565,chaC,comparable,12,10,5,5,5,0,7,0,0,0,partially_shared_variants
GCF_000005845.2,b1219,ychN,GCF_003697165.2,EAS44_RS14560,ychN,comparable,2,6,2,4,2,0,0,0,0,0,partially_shared_variants
GCF_000005845.2,b1220,ychO,GCF_003697165.2,EAS44_RS14555,ychO,comparable,21,23,9,14,9,0,12,0,0,0,partially_shared_variants
GCF_000005845.2,b1221,narL,GCF_003697165.2,EAS44_RS14550,narL,comparable,0,10,0,10,0,0,0,0,0,0,different_variants_in_same_gene
GCF_000005845.2,b1222,narX,GCF_003697165.2,EAS44_RS14545,narX,comparable,17,23,7,16,7,0,10,0,0,0,partially_shared_variants
GCF_000005845.2,b1226,narJ,GCF_003697165.2,EAS44_RS14525,narJ,comparable,17,19,12,7,12,0,5,0,0,0,partially_shared_variants
GCF_000005845.2,b1227,narI,GCF_003697165.2,EAS44_RS14520,narI,comparable,9,15,1,14,1,1,7,0,0,0,partially_shared_variants
GCF_000005845.2,b1232,purU,GCF_003697165.2,EAS44_RS14495,purU,comparable,3,12,0,12,0,0,0,0,0,3,unresolved_liftover
GCF_000005845.2,b1234,rssA,GCF_003697165.2,EAS44_RS14485,rssA,comparable,0,16,0,16,0,0,0,0,0,0,different_variants_in_same_gene
GCF_000005845.2,b1235,rssB,GCF_003697165.2,EAS44_RS14480,rssB,comparable,2,16,0,16,0,0,0,0,0,2,unresolved_liftover
GCF_000005845.2,b1236,galU,GCF_003697165.2,EAS44_RS14475,galU,comparable,12,11,0,11,0,0,0,0,0,12,unresolved_liftover
GCF_000005845.2,b1237,hns,GCF_003697165.2,EAS44_RS14470,hns,comparable,1,1,0,1,0,0,0,0,0,1,unresolved_liftover
GCF_000005845.2,b1238,tdk,GCF_003697165.2,EAS44_RS14465,tdk,comparable,3,6,0,6,0,0,0,0,0,3,unresolved_liftover
GCF_000005845.2,b1241,adhE,GCF_003697165.2,EAS44_RS14455,adhE,comparable,3,36,0,36,0,0,0,0,0,3,unresolved_liftover
GCF_000005845.2,b1242,ychE,GCF_003697165.2,EAS44_RS14450,ychE,comparable,5,8,0,8,0,0,0,0,0,5,unresolved_liftover
GCF_000005845.2,b1243,oppA,GCF_003697165.2,EAS44_RS14445,oppA,comparable,5,22,0,22,0,0,0,0,0,5,unresolved_liftover
GCF_000005845.2,b1244,oppB,GCF_003697165.2,EAS44_RS14440,oppB,comparable,0,31,0,31,0,0,0,0,0,0,different_variants_in_same_gene
GCF_000005845.2,b1245,oppC,GCF_003697165.2,EAS44_RS14435,oppC,comparable,0,15,0,15,0,0,0,0,0,0,different_variants_in_same_gene
GCF_000005845.2,b1246,oppD,GCF_003697165.2,EAS44_RS14430,oppD,comparable,12,25,0,25,0,0,0,0,0,12,unresolved_liftover
GCF_000005845.2,b1247,oppF,GCF_003697165.2,EAS44_RS14425,oppF,comparable,9,25,0,25,0,0,0,0,0,9,unresolved_liftover
GCF_000005845.2,b1248,yciU,GCF_003697165.2,EAS44_RS14420,yciU,comparable,2,2,0,2,0,0,0,0,0,2,unresolved_liftover
GCF_000005845.2,b1249,clsA,GCF_003697165.2,EAS44_RS14415,cls,comparable,13,19,0,19,0,0,0,0,0,13,unresolved_liftover
GCF_000005845.2,b4595,yciY,GCF_003697165.2,EAS44_RS14410,yciY,comparable,0,1,0,1,0,0,0,0,0,0,different_variants_in_same_gene
GCF_000005845.2,b1251,yciI,GCF_003697165.2,EAS44_RS14400,yciI,comparable,0,4,0,4,0,0,0,0,0,0,different_variants_in_same_gene
GCF_000005845.2,b1253,yciA,GCF_003697165.2,EAS44_RS14390,yciA,comparable,2,10,0,10,0,0,0,0,0,2,unresolved_liftover
GCF_000005845.2,b1254,yciB,GCF_003697165.2,EAS44_RS14385,yciB,comparable,2,9,0,9,0,0,0,0,0,2,unresolved_liftover
GCF_000005845.2,b1255,yciC,GCF_003697165.2,EAS44_RS14380,yciC,comparable,9,13,0,13,0,0,0,0,0,9,unresolved_liftover
GCF_000005845.2,b1257,yciE,GCF_003697165.2,EAS44_RS14045,yciE,comparable,0,16,0,16,0,0,0,0,0,0,different_variants_in_same_gene
GCF_000005845.2,b1258,yciF,GCF_003697165.2,EAS44_RS14040,yciF,comparable,0,11,0,11,0,0,0,0,0,0,different_variants_in_same_gene
GCF_000005845.2,b1260,trpA,GCF_003697165.2,EAS44_RS14030,trpA,comparable,0,37,0,37,0,0,0,0,0,0,different_variants_in_same_gene
GCF_000005845.2,b1261,trpB,GCF_003697165.2,EAS44_RS14025,trpB,comparable,1,51,0,51,0,0,0,0,0,1,unresolved_liftover
GCF_000005845.2,b1262,trpC,GCF_003697165.2,EAS44_RS14020,trpCF,comparable,10,58,0,58,0,0,0,0,0,10,unresolved_liftover
GCF_000005845.2,b1263,trpD,GCF_003697165.2,EAS44_RS14015,trpD,comparable,20,48,0,48,0,0,0,0,0,20,unresolved_liftover
GCF_000005845.2,b1264,trpE,GCF_003697165.2,EAS44_RS14010,trpE,comparable,2,63,0,63,0,0,0,0,0,2,unresolved_liftover
GCF_000005845.2,b1265,trpL,GCF_003697165.2,EAS44_RS14005,trpL,comparable,0,0,0,0,0,0,0,0,0,0,same_exact_variants
GCF_000005845.2,b1266,rnm,GCF_003697165.2,EAS44_RS14000,rnm,comparable,11,14,0,14,0,0,0,0,0,11,unresolved_liftover
GCF_000005845.2,b1267,yciO,GCF_003697165.2,EAS44_RS13995,yciO,comparable,13,14,0,14,0,0,0,0,0,13,unresolved_liftover
GCF_000005845.2,b1268,yciQ,GCF_003697165.2,EAS44_RS13990,yciQ,comparable,19,85,0,85,0,0,0,0,0,19,unresolved_liftover
GCF_000005845.2,b1269,rluB,GCF_003697165.2,EAS44_RS13985,rluB,comparable,14,17,0,17,0,0,0,0,0,14,unresolved_liftover
GCF_000005845.2,b1270,btuR,GCF_003697165.2,EAS44_RS13980,cobO,comparable,0,13,0,13,0,0,0,0,0,0,different_variants_in_same_gene
GCF_000005845.2,b1271,yciK,GCF_003697165.2,EAS44_RS13975,yciK,comparable,0,14,0,14,0,0,0,0,0,0,different_variants_in_same_gene
GCF_000005845.2,b1272,sohB,GCF_003697165.2,EAS44_RS13970,sohB,comparable,0,23,0,23,0,0,0,0,0,0,different_variants_in_same_gene
GCF_000005845.2,b1273,yciN,GCF_003697165.2,EAS44_RS13965,yciN,comparable,0,4,0,4,0,0,0,0,0,0,different_variants_in_same_gene
GCF_000005845.2,b1274,topA,GCF_003697165.2,EAS44_RS13960,topA,comparable,2,40,0,40,0,0,0,0,0,2,unresolved_liftover
GCF_000005845.2,b1275,cysB,GCF_003697165.2,EAS44_RS13955,cysB,comparable,0,23,0,23,0,0,0,0,0,0,different_variants_in_same_gene
GCF_000005845.2,b4522,ymiA,GCF_003697165.2,EAS44_RS13950,ymiA,comparable,0,3,0,3,0,0,0,0,0,0,different_variants_in_same_gene
GCF_000005845.2,b4523,yciX,GCF_003697165.2,EAS44_RS13945,yciX,comparable,0,5,0,5,0,0,0,0,0,0,different_variants_in_same_gene
GCF_000005845.2,b4741,ymiC,GCF_003697165.2,EAS44_RS13940,ymiC,comparable,0,2,0,2,0,0,0,0,0,0,different_variants_in_same_gene
GCF_000005845.2,b1276,acnA,GCF_003697165.2,EAS44_RS13935,acnA,comparable,5,65,0,65,0,0,0,0,0,5,unresolved_liftover
GCF_000005845.2,b1277,ribA,GCF_003697165.2,EAS44_RS13930,ribA,comparable,0,4,0,4,0,0,0,0,0,0,different_variants_in_same_gene
GCF_000005845.2,b1278,pgpB,GCF_003697165.2,EAS44_RS13925,pgpB,comparable,0,14,0,14,0,0,0,0,0,0,different_variants_in_same_gene
GCF_000005845.2,b1279,lapA,GCF_003697165.2,EAS44_RS13920,lapA,comparable,0,3,0,3,0,0,0,0,0,0,different_variants_in_same_gene
GCF_000005845.2,b1280,lapB,GCF_003697165.2,EAS44_RS13915,lapB,comparable,2,28,0,28,0,0,0,0,0,2,unresolved_liftover
GCF_000005845.2,b1281,pyrF,GCF_003697165.2,EAS44_RS13910,pyrF,comparable,3,12,0,12,0,0,0,0,0,3,unresolved_liftover
GCF_000005845.2,b1282,yciH,GCF_003697165.2,EAS44_RS13905,yciH,comparable,0,7,0,7,0,0,0,0,0,0,different_variants_in_same_gene
GCF_000005845.2,b1283,osmB,GCF_003697165.2,EAS44_RS13900,osmB,comparable,1,4,0,4,0,0,0,0,0,1,unresolved_liftover
GCF_000005845.2,b1284,yciT,GCF_003697165.2,EAS44_RS13895,yciT,comparable,1,17,0,17,0,0,0,0,0,1,unresolved_liftover
GCF_000005845.2,b4596,yciZ,GCF_003697165.2,EAS44_RS13890,yciZ,comparable,0,1,0,1,0,0,0,0,0,0,different_variants_in_same_gene
GCF_000005845.2,b4772,ymiD,GCF_003697165.2,EAS44_RS25390,ymiD,comparable,0,4,0,4,0,0,0,0,0,0,different_variants_in_same_gene
GCF_000005845.2,b1285,pdeR,GCF_003697165.2,EAS44_RS13885,pdeR,comparable,22,50,0,50,0,0,0,0,0,22,unresolved_liftover
GCF_000005845.2,b1286,rnb,GCF_003697165.2,EAS44_RS13875,rnb,comparable,18,29,0,29,0,0,0,0,0,18,unresolved_liftover
GCF_000005845.2,b1287,yciW,GCF_003697165.2,EAS44_RS13870,yciW,comparable,35,40,0,40,0,0,0,0,0,35,unresolved_liftover
GCF_000005845.2,b1288,fabI,GCF_003697165.2,EAS44_RS13865,fabI,comparable,3,6,0,6,0,0,0,0,0,3,unresolved_liftover
GCF_000005845.2,b1290,sapF,GCF_003697165.2,EAS44_RS13835,sapF,comparable,4,11,0,11,0,0,0,0,0,4,unresolved_liftover
GCF_000005845.2,b1291,sapD,GCF_003697165.2,EAS44_RS13830,sapD,comparable,2,16,0,16,0,0,0,0,0,2,unresolved_liftover
GCF_000005845.2,b1292,sapC,GCF_003697165.2,EAS44_RS13825,sapC,comparable,0,22,0,22,0,0,0,0,0,0,different_variants_in_same_gene
GCF_000005845.2,b1293,sapB,GCF_003697165.2,EAS44_RS13820,sapB,comparable,0,16,0,16,0,0,0,0,0,0,different_variants_in_same_gene
GCF_000005845.2,b1294,sapA,GCF_003697165.2,EAS44_RS13815,sapA,comparable,5,54,0,54,0,0,0,0,0,5,unresolved_liftover
GCF_000005845.2,b1295,ymjA,GCF_003697165.2,EAS44_RS13810,ymjA,comparable,2,3,0,3,0,0,0,0,0,2,unresolved_liftover
GCF_000005845.2,b1303,pspF,GCF_003697165.2,EAS44_RS13800,pspF,comparable,1,36,0,36,0,0,0,0,0,1,unresolved_liftover
GCF_000005845.2,b1304,pspA,GCF_003697165.2,EAS44_RS13795,pspA,comparable,0,24,0,24,0,0,0,0,0,0,different_variants_in_same_gene
GCF_000005845.2,b1305,pspB,GCF_003697165.2,EAS44_RS13790,pspB,comparable,0,1,0,1,0,0,0,0,0,0,different_variants_in_same_gene
GCF_000005845.2,b1306,pspC,GCF_003697165.2,EAS44_RS13785,pspC,comparable,1,8,0,8,0,0,0,0,0,1,unresolved_liftover
GCF_000005845.2,b1307,pspD,GCF_003697165.2,EAS44_RS13780,pspD,comparable,0,5,0,5,0,0,0,0,0,0,different_variants_in_same_gene
GCF_000005845.2,b1308,pspE,GCF_003697165.2,EAS44_RS13775,pspE,comparable,0,5,0,5,0,0,0,0,0,0,different_variants_in_same_gene
GCF_000005845.2,b1310,ycjN,GCF_003697165.2,EAS44_RS13765,ycjN,comparable,1,60,0,60,0,0,0,0,0,1,unresolved_liftover
GCF_000005845.2,b1311,ycjO,GCF_003697165.2,EAS44_RS13760,ycjO,comparable,1,27,0,27,0,0,0,0,0,1,unresolved_liftover
GCF_000005845.2,b1312,ycjP,GCF_003697165.2,EAS44_RS13755,ycjP,comparable,0,32,0,32,0,0,0,0,0,0,different_variants_in_same_gene
GCF_000005845.2,b1314,ycjR,GCF_003697165.2,EAS44_RS13745,ycjR,comparable,0,32,0,32,0,0,0,0,0,0,different_variants_in_same_gene
GCF_000005845.2,b1316,ycjT,GCF_003697165.2,EAS44_RS13735,ycjT,comparable,31,94,0,94,0,0,0,0,0,31,unresolved_liftover
GCF_000005845.2,b1319,ompG,GCF_003697165.2,EAS44_RS13720,ompG,comparable,0,29,0,29,0,0,0,0,0,0,different_variants_in_same_gene
GCF_000005845.2,b1321,ycjX,GCF_003697165.2,EAS44_RS13710,ycjX,comparable,1,58,0,58,0,0,0,0,0,1,unresolved_liftover
GCF_000005845.2,b1322,ycjF,GCF_003697165.2,EAS44_RS13705,ycjF,comparable,2,42,0,42,0,0,0,0,0,2,unresolved_liftover
GCF_000005845.2,b1323,tyrR,GCF_003697165.2,EAS44_RS13700,tyrR,comparable,1,28,0,28,0,0,0,0,0,1,unresolved_liftover
GCF_000005845.2,b1324,tpx,GCF_003697165.2,EAS44_RS13695,tpx,comparable,2,3,0,3,0,0,0,0,0,2,unresolved_liftover
GCF_000005845.2,b1325,ycjG,GCF_003697165.2,EAS44_RS13690,ycjG,comparable,0,23,0,23,0,0,0,0,0,0,different_variants_in_same_gene
GCF_000005845.2,b1326,mpaA,GCF_003697165.2,EAS44_RS13685,mpaA,comparable,0,19,0,19,0,0,0,0,0,0,different_variants_in_same_gene
GCF_000005845.2,b1329,mppA,GCF_003697165.2,EAS44_RS13660,mppA,comparable,0,31,0,31,0,0,0,0,0,0,different_variants_in_same_gene
GCF_000005845.2,b1330,ynaI,GCF_003697165.2,EAS44_RS13655,ynaI,comparable,0,19,0,19,0,0,0,0,0,0,different_variants_in_same_gene
GCF_000005845.2,b1332,ynaJ,GCF_003697165.2,EAS44_RS13650,ynaJ,comparable,1,1,0,1,0,0,0,0,0,1,unresolved_liftover
GCF_000005845.2,b1333,uspE,GCF_003697165.2,EAS44_RS13645,uspE,comparable,5,9,0,9,0,0,0,0,0,5,unresolved_liftover
GCF_000005845.2,b1334,fnr,GCF_003697165.2,EAS44_RS13640,fnr,comparable,7,14,0,14,0,0,0,0,0,7,unresolved_liftover
GCF_000005845.2,b1335,ogt,GCF_003697165.2,EAS44_RS13635,ogt,comparable,8,9,0,9,0,0,0,0,0,8,unresolved_liftover
GCF_000005845.2,b1340,smrA,GCF_003697165.2,EAS44_RS13610,smrA,comparable,0,10,0,10,0,0,0,0,0,0,different_variants_in_same_gene
GCF_000005845.2,b1341,dgcM,GCF_003697165.2,EAS44_RS13605,dgcM,comparable,1,27,0,27,0,0,0,0,0,1,unresolved_liftover
GCF_000005845.2,b4773,ynaN,GCF_003697165.2,EAS44_RS25385,ydaN,comparable,0,0,0,0,0,0,0,0,0,0,same_exact_variants
GCF_000005845.2,b1342,zntB,GCF_003697165.2,EAS44_RS13600,zntB,comparable,0,17,0,17,0,0,0,0,0,0,different_variants_in_same_gene
GCF_000005845.2,b4743,ynaL,GCF_003697165.2,EAS44_RS25130,ynaL,comparable,0,2,0,2,0,0,0,0,0,0,different_variants_in_same_gene
GCF_000005845.2,b1343,dbpA,GCF_003697165.2,EAS44_RS13590,dbpA,comparable,1,29,0,29,0,0,0,0,0,1,unresolved_liftover
GCF_000005845.2,b1344,ttcA,GCF_003697165.2,EAS44_RS13585,ttcA,comparable,1,18,0,18,0,0,0,0,0,1,unresolved_liftover
GCF_000005845.2,b1376,uspF,GCF_003697165.2,EAS44_RS13560,uspF,comparable,0,3,0,3,0,0,0,0,0,0,different_variants_in_same_gene
GCF_000005845.2,b1377,ompN,GCF_003697165.2,EAS44_RS13555,ompN,comparable,1,17,0,17,0,0,0,0,0,1,unresolved_liftover
GCF_000005845.2,b1378,ydbK,GCF_003697165.2,EAS44_RS13550,nifJ,comparable,25,100,0,100,0,0,0,0,0,25,unresolved_liftover
GCF_000005845.2,b4529,ydbJ,GCF_003697165.2,EAS44_RS13545,ydbJ,comparable,2,2,0,2,0,0,0,0,0,2,unresolved_liftover
GCF_000005845.2,b1379,hslJ,GCF_003697165.2,EAS44_RS13540,hslJ,comparable,1,6,0,6,0,0,0,0,0,1,unresolved_liftover
GCF_000005845.2,b1380,ldhA,GCF_003697165.2,EAS44_RS13535,ldhA,comparable,4,5,0,5,0,0,0,0,0,4,unresolved_liftover
GCF_000005845.2,b1382,ynbE,GCF_003697165.2,EAS44_RS13525,ynbE,comparable,0,3,0,3,0,0,0,0,0,0,different_variants_in_same_gene
GCF_000005845.2,b1383,ydbL,GCF_003697165.2,EAS44_RS13520,ydbL,comparable,8,23,0,23,0,0,0,0,0,8,unresolved_liftover
GCF_000005845.2,b1408,ynbA,GCF_003697165.2,EAS44_RS13500,ynbA,comparable,9,25,0,25,0,0,0,0,0,9,unresolved_liftover
GCF_000005845.2,b1409,ynbB,GCF_003697165.2,EAS44_RS13495,ynbB,comparable,2,38,0,38,0,0,0,0,0,2,unresolved_liftover
GCF_000005845.2,b1410,ynbC,GCF_003697165.2,EAS44_RS13490,ynbC,comparable,1,65,0,65,0,0,0,0,0,1,unresolved_liftover
GCF_000005845.2,b1411,ynbD,GCF_003697165.2,EAS44_RS13485,ynbD,comparable,16,42,0,42,0,0,0,0,0,16,unresolved_liftover
GCF_000005845.2,b1412,azoR,GCF_003697165.2,EAS44_RS13480,azoR,comparable,12,23,0,23,0,0,0,0,0,12,unresolved_liftover
GCF_000005845.2,b1413,hrpA,GCF_003697165.2,EAS44_RS13475,hrpA,comparable,79,157,0,157,0,0,0,0,0,79,unresolved_liftover
GCF_000005845.2,b1414,ydcF,GCF_003697165.2,EAS44_RS13470,ydcF,comparable,10,22,0,22,0,0,0,0,0,10,unresolved_liftover
GCF_000005845.2,b1415,aldA,GCF_003697165.2,EAS44_RS13465,aldA,comparable,10,26,0,26,0,0,0,0,0,10,unresolved_liftover
GCF_000005845.2,b1418,cybB,GCF_003697165.2,EAS44_RS13455,cybB,comparable,0,10,0,10,0,0,0,0,0,0,different_variants_in_same_gene
GCF_000005845.2,b1419,ydcA,GCF_003697165.2,EAS44_RS13450,EAS44_RS13450,comparable,0,3,0,3,0,0,0,0,0,0,different_variants_in_same_gene
GCF_000005845.2,b1422,ydcI,GCF_003697165.2,EAS44_RS13435,ydcI,comparable,0,10,0,10,0,0,0,0,0,0,different_variants_in_same_gene
GCF_000005845.2,b1423,ydcJ,GCF_003697165.2,EAS44_RS13430,ydcJ,comparable,0,28,0,28,0,0,0,0,0,0,different_variants_in_same_gene
GCF_000005845.2,b1424,opgD,GCF_003697165.2,EAS44_RS13425,opgD,comparable,0,29,0,29,0,0,0,0,0,0,different_variants_in_same_gene
GCF_000005845.2,b1426,ydcH,GCF_003697165.2,EAS44_RS13420,ydcH,comparable,0,1,0,1,0,0,0,0,0,0,different_variants_in_same_gene
GCF_000005845.2,b1427,rimL,GCF_003697165.2,EAS44_RS13415,rimL,comparable,0,10,0,10,0,0,0,0,0,0,different_variants_in_same_gene
GCF_000005845.2,b1428,ydcK,GCF_003697165.2,EAS44_RS13410,ydcK,comparable,9,23,0,23,0,0,0,0,0,9,unresolved_liftover
GCF_000005845.2,b1429,tehA,GCF_003697165.2,EAS44_RS13405,tehA,comparable,3,12,0,12,0,0,0,0,0,3,unresolved_liftover
GCF_000005845.2,b1430,tehB,GCF_003697165.2,EAS44_RS13400,tehB,comparable,13,13,0,13,0,0,0,0,0,13,unresolved_liftover
GCF_000005845.2,b1431,ydcL,GCF_003697165.2,EAS44_RS13395,ydcL,comparable,1,8,0,8,0,0,0,0,0,1,unresolved_liftover
GCF_000005845.2,b1433,ydcO,GCF_003697165.2,EAS44_RS13390,ydcO,comparable,0,27,0,27,0,0,0,0,0,0,different_variants_in_same_gene
GCF_000005845.2,b1434,sutR,GCF_003697165.2,EAS44_RS13385,sutR,comparable,0,15,0,15,0,0,0,0,0,0,different_variants_in_same_gene
GCF_000005845.2,b1435,rlhA,GCF_003697165.2,EAS44_RS13380,rlhA,comparable,3,35,0,35,0,0,0,0,0,3,unresolved_liftover
GCF_000005845.2,b1436,yncJ,GCF_003697165.2,EAS44_RS13375,yncJ,comparable,2,5,0,5,0,0,0,0,0,2,unresolved_liftover
GCF_000005845.2,b1439,ydcR,GCF_003697165.2,EAS44_RS13365,ydcR,comparable,2,45,0,45,0,0,0,0,0,2,unresolved_liftover
GCF_000005845.2,b1440,ydcS,GCF_003697165.2,EAS44_RS13360,ydcS,comparable,1,35,0,35,0,0,0,0,0,1,unresolved_liftover
GCF_000005845.2,b1441,ydcT,GCF_003697165.2,EAS44_RS13355,ydcT,comparable,1,46,0,46,0,0,0,0,0,1,unresolved_liftover
GCF_000005845.2,b1442,ydcU,GCF_003697165.2,EAS44_RS13350,ydcU,comparable,2,30,0,30,0,0,0,0,0,2,unresolved_liftover
GCF_000005845.2,b1443,ydcV,GCF_003697165.2,EAS44_RS13345,ydcV,comparable,0,18,0,18,0,0,0,0,0,0,different_variants_in_same_gene
GCF_000005845.2,b1444,patD,GCF_003697165.2,EAS44_RS13340,patD,comparable,1,36,0,36,0,0,0,0,0,1,unresolved_liftover
GCF_000005845.2,b4598,yncL,GCF_003697165.2,EAS44_RS13335,yncL,comparable,1,0,0,0,0,0,0,0,0,1,unresolved_liftover
GCF_000005845.2,b1446,ydcY,GCF_003697165.2,EAS44_RS13325,ydcY,comparable,0,8,0,8,0,0,0,0,0,0,different_variants_in_same_gene
GCF_000005845.2,b1447,ydcZ,GCF_003697165.2,EAS44_RS13320,ydcZ,comparable,1,15,0,15,0,0,0,0,0,1,unresolved_liftover
GCF_000005845.2,b1448,mnaT,GCF_003697165.2,EAS44_RS13315,mnaT,comparable,20,16,0,16,0,0,0,0,0,20,unresolved_liftover
GCF_000005845.2,b1451,pqqU,GCF_003697165.2,EAS44_RS13300,pqqU,comparable,20,81,0,81,0,0,0,0,0,20,unresolved_liftover
GCF_000005845.2,b1452,yncE,GCF_003697165.2,EAS44_RS13295,yncE,comparable,7,18,0,18,0,0,0,0,0,7,unresolved_liftover
GCF_000005845.2,b1453,ansP,GCF_003697165.2,EAS44_RS13290,ansP,comparable,12,37,0,37,0,0,0,0,0,12,unresolved_liftover
GCF_000005845.2,b1462,yddH,GCF_003697165.2,EAS44_RS13250,yddH,comparable,24,26,0,26,0,0,0,0,0,24,unresolved_liftover
GCF_000005845.2,b1463,nhoA,GCF_003697165.2,EAS44_RS13245,nhoA,comparable,3,31,0,31,0,0,0,0,0,3,unresolved_liftover
GCF_000005845.2,b1466,narW,GCF_003697165.2,EAS44_RS13230,narW,comparable,1,42,0,42,0,0,0,0,0,1,unresolved_liftover
GCF_000005845.2,b1467,narY,GCF_003697165.2,EAS44_RS13225,narH,comparable,36,68,0,68,0,0,0,0,0,36,unresolved_liftover
GCF_000005845.2,b1473,yddG,GCF_003697165.2,EAS44_RS13210,yddG,comparable,20,19,0,19,0,0,0,0,0,20,unresolved_liftover
GCF_000005845.2,b1474,fdnG,GCF_003697165.2,EAS44_RS13205,fdnG,comparable,39,60,0,60,0,0,0,0,0,39,unresolved_liftover
GCF_000005845.2,b1475,fdnH,GCF_003697165.2,EAS44_RS13200,fdnH,comparable,1,10,0,10,0,0,0,0,0,1,unresolved_liftover
GCF_000005845.2,b1476,fdnI,GCF_003697165.2,EAS44_RS13195,fdnI,comparable,1,17,0,17,0,0,0,0,0,1,unresolved_liftover
GCF_000005845.2,b1477,yddM,GCF_003697165.2,EAS44_RS13190,yddM,comparable,0,9,0,9,0,0,0,0,0,0,different_variants_in_same_gene
GCF_000005845.2,b1478,adhP,GCF_003697165.2,EAS44_RS13180,adhP,comparable,0,39,0,39,0,0,0,0,0,0,different_variants_in_same_gene
GCF_000005845.2,b1479,maeA,GCF_003697165.2,EAS44_RS13175,maeA,comparable,3,50,0,50,0,0,0,0,0,3,unresolved_liftover
GCF_000005845.2,b1480,sra,GCF_003697165.2,EAS44_RS13170,sra,comparable,0,3,0,3,0,0,0,0,0,0,different_variants_in_same_gene
GCF_000005845.2,b1481,bdm,GCF_003697165.2,EAS44_RS13165,bdm,comparable,1,3,0,3,0,0,0,0,0,1,unresolved_liftover
GCF_000005845.2,b1482,osmC,GCF_003697165.2,EAS44_RS13160,osmC,comparable,0,10,0,10,0,0,0,0,0,0,different_variants_in_same_gene
GCF_000005845.2,b1489,dosP,GCF_003697165.2,EAS44_RS13155,dosP,comparable,17,58,0,58,0,0,0,0,0,17,unresolved_liftover
GCF_000005845.2,b1491,digH,GCF_003697165.2,EAS44_RS13145,digH,comparable,18,32,0,32,0,0,0,0,0,18,unresolved_liftover
GCF_000005845.2,b1492,gadC,GCF_003697165.2,EAS44_RS13140,gadC,comparable,2,23,0,23,0,0,0,0,0,2,unresolved_liftover
GCF_000005845.2,b1494,pqqL,GCF_003697165.2,EAS44_RS13125,pqqL,comparable,11,55,0,55,0,0,0,0,0,11,unresolved_liftover
GCF_000005845.2,b1495,yddB,GCF_003697165.2,EAS44_RS13120,yddB,comparable,4,51,0,51,0,0,0,0,0,4,unresolved_liftover
GCF_000005845.2,b1496,yddA,GCF_003697165.2,EAS44_RS13115,yddA,comparable,13,35,0,35,0,0,0,0,0,13,unresolved_liftover
GCF_000005845.2,b4747,yneP,GCF_003697165.2,EAS44_RS13110,EAS44_RS13110,comparable,0,5,0,5,0,0,0,0,0,0,different_variants_in_same_gene
GCF_000005845.2,b1497,ydeM,GCF_003697165.2,EAS44_RS13105,ydeM,comparable,4,17,0,17,0,0,0,0,0,4,unresolved_liftover
GCF_000005845.2,b1498,ydeN,GCF_003697165.2,EAS44_RS13100,ydeN,comparable,13,37,0,37,0,0,0,0,0,13,unresolved_liftover
GCF_000005845.2,b1499,ydeO,GCF_003697165.2,EAS44_RS13095,ydeO,comparable,7,15,0,15,0,0,0,0,0,7,unresolved_liftover
GCF_000005845.2,b1500,safA,GCF_003697165.2,EAS44_RS13090,safA,comparable,0,7,0,7,0,0,0,0,0,0,different_variants_in_same_gene
GCF_000005845.2,b1501,ydeP,GCF_003697165.2,EAS44_RS13085,ydeP,comparable,1,50,0,50,0,0,0,0,0,1,unresolved_liftover
GCF_000005845.2,b1502,ydeQ,GCF_003697165.2,EAS44_RS13080,ydeQ,comparable,1,30,0,30,0,0,0,0,0,1,unresolved_liftover
GCF_000005845.2,b1507,hipA,GCF_003697165.2,EAS44_RS13030,hipA,comparable,0,48,0,48,0,0,0,0,0,0,different_variants_in_same_gene
GCF_000005845.2,b1508,hipB,GCF_003697165.2,EAS44_RS13025,hipB,comparable,0,13,0,13,0,0,0,0,0,0,different_variants_in_same_gene
GCF_000005845.2,b1519,tam,GCF_003697165.2,EAS44_RS13020,tam,comparable,2,38,0,38,0,0,0,0,0,2,unresolved_liftover
GCF_000005845.2,b1520,yneE,GCF_003697165.2,EAS44_RS13015,yneE,comparable,11,19,0,19,0,0,0,0,0,11,unresolved_liftover
GCF_000005845.2,b1521,uxaB,GCF_003697165.2,EAS44_RS13010,uxaB,comparable,2,37,0,37,0,0,0,0,0,2,unresolved_liftover
GCF_000005845.2,b1522,dgcF,GCF_003697165.2,EAS44_RS13005,EAS44_RS13005,comparable,1,28,0,28,0,0,0,0,0,1,unresolved_liftover
GCF_000005845.2,b1524,glsB,GCF_003697165.2,EAS44_RS12995,glsB,comparable,2,19,0,19,0,0,0,0,0,2,unresolved_liftover
GCF_000005845.2,b1525,sad,GCF_003697165.2,EAS44_RS12990,sad,comparable,0,28,0,28,0,0,0,0,0,0,different_variants_in_same_gene
GCF_000005845.2,b1526,ptrR,GCF_003697165.2,EAS44_RS12985,ptrR,comparable,0,26,0,26,0,0,0,0,0,0,different_variants_in_same_gene
GCF_000005845.2,b1528,ydeA,GCF_003697165.2,EAS44_RS12975,ydeA,comparable,0,36,0,36,0,0,0,0,0,0,different_variants_in_same_gene
GCF_000005845.2,b1529,marC,GCF_003697165.2,EAS44_RS12970,marC,comparable,0,15,0,15,0,0,0,0,0,0,different_variants_in_same_gene
GCF_000005845.2,b1530,marR,GCF_003697165.2,EAS44_RS12965,marR,comparable,4,8,0,8,0,0,0,0,0,4,unresolved_liftover
GCF_000005845.2,b1532,marB,GCF_003697165.2,EAS44_RS12955,marB,comparable,0,8,0,8,0,0,0,0,0,0,different_variants_in_same_gene
GCF_000005845.2,b1533,eamA,GCF_003697165.2,EAS44_RS12920,eamA,comparable,9,27,0,27,0,0,0,0,0,9,unresolved_liftover
GCF_000005845.2,b1534,ydeE,GCF_003697165.2,EAS44_RS12915,ydeE,comparable,17,28,0,28,0,0,0,0,0,17,unresolved_liftover
GCF_000005845.2,b4599,mgtS,GCF_003697165.2,EAS44_RS12910,mgtS,comparable,0,1,0,1,0,0,0,0,0,0,different_variants_in_same_gene
GCF_000005845.2,b4775,mgtT,GCF_003697165.2,EAS44_RS25375,mgtT,comparable,0,0,0,0,0,0,0,0,0,0,same_exact_variants
GCF_000005845.2,b1535,dgcZ,GCF_003697165.2,EAS44_RS12905,dgcZ,comparable,11,28,0,28,0,0,0,0,0,11,unresolved_liftover
GCF_000005845.2,b1538,dcp,GCF_003697165.2,EAS44_RS12895,dcp,comparable,5,62,0,62,0,0,0,0,0,5,unresolved_liftover
GCF_000005845.2,b1539,ydfG,GCF_003697165.2,EAS44_RS12890,ydfG,comparable,3,4,0,4,0,0,0,0,0,3,unresolved_liftover
GCF_000005845.2,b1540,rspR,GCF_003697165.2,EAS44_RS12885,rspR,comparable,7,6,0,6,0,0,0,0,0,7,unresolved_liftover
GCF_000005845.2,b1541,ydfZ,GCF_003697165.2,EAS44_RS12880,ydfZ,comparable,0,0,0,0,0,0,0,0,0,0,same_exact_variants
GCF_000005845.2,b1542,ydfI,GCF_003697165.2,EAS44_RS12875,ydfI,comparable,31,51,0,51,0,0,0,0,0,31,unresolved_liftover
GCF_000005845.2,b1575,dicB,GCF_003697165.2,EAS44_RS14345,dicB,comparable,2,12,0,12,0,0,0,0,0,2,unresolved_liftover
GCF_000005845.2,b1576,ydfD,GCF_003697165.2,EAS44_RS14350,ydfD,comparable,2,6,0,6,0,0,0,0,0,2,unresolved_liftover
GCF_000005845.2,b1580,rspB,GCF_003697165.2,EAS44_RS12860,rspB,comparable,3,26,0,26,0,0,0,0,0,3,unresolved_liftover
GCF_000005845.2,b1581,rspA,GCF_003697165.2,EAS44_RS12855,rspA,comparable,2,11,0,11,0,0,0,0,0,2,unresolved_liftover
GCF_000005845.2,b1582,ynfA,GCF_003697165.2,EAS44_RS12850,ynfA,comparable,1,9,0,9,0,0,0,0,0,1,unresolved_liftover
GCF_000005845.2,b1583,ynfB,GCF_003697165.2,EAS44_RS12845,ynfB,comparable,0,6,0,6,0,0,0,0,0,0,different_variants_in_same_gene
GCF_000005845.2,b1584,speG,GCF_003697165.2,EAS44_RS12840,speG,comparable,0,4,0,4,0,0,0,0,0,0,different_variants_in_same_gene
GCF_000005845.2,b1585,ynfC,GCF_003697165.2,EAS44_RS12835,ynfC,comparable,0,21,0,21,0,0,0,0,0,0,different_variants_in_same_gene
GCF_000005845.2,b1586,ynfD,GCF_003697165.2,EAS44_RS12830,ynfD,comparable,0,7,0,7,0,0,0,0,0,0,different_variants_in_same_gene
GCF_000005845.2,b1591,dmsD,GCF_003697165.2,EAS44_RS12805,dmsD,comparable,0,9,0,9,0,0,0,0,0,0,different_variants_in_same_gene
GCF_000005845.2,b1592,clcB,GCF_003697165.2,EAS44_RS12800,clcB,comparable,2,33,0,33,0,0,0,0,0,2,unresolved_liftover
GCF_000005845.2,b1593,bidA,GCF_003697165.2,EAS44_RS12795,bioD,comparable,0,6,0,6,0,0,0,0,0,0,different_variants_in_same_gene
GCF_000005845.2,b1594,mlc,GCF_003697165.2,EAS44_RS12790,mlc,comparable,0,21,0,21,0,0,0,0,0,0,different_variants_in_same_gene
GCF_000005845.2,b1595,ynfL,GCF_003697165.2,EAS44_RS12785,ynfL,comparable,1,20,0,20,0,0,0,0,0,1,unresolved_liftover
GCF_000005845.2,b1596,ynfM,GCF_003697165.2,EAS44_RS12780,ynfM,comparable,3,24,0,24,0,0,0,0,0,3,unresolved_liftover
GCF_000005845.2,b1597,asr,GCF_003697165.2,EAS44_RS12775,asr,comparable,6,7,0,7,0,0,0,0,0,6,unresolved_liftover
GCF_000005845.2,b4601,ydgU,GCF_003697165.2,EAS44_RS12770,EAS44_RS12770,comparable,2,0,0,0,0,0,0,0,0,2,unresolved_liftover
GCF_000005845.2,b1598,ydgD,GCF_003697165.2,EAS44_RS12765,ydgD,comparable,4,16,0,16,0,0,0,0,0,4,unresolved_liftover
GCF_000005845.2,b1600,mdtJ,GCF_003697165.2,EAS44_RS12755,mdtJ,comparable,2,4,0,4,0,0,0,0,0,2,unresolved_liftover
GCF_000005845.2,b1601,tqsA,GCF_003697165.2,EAS44_RS12745,tqsA,comparable,10,16,0,16,0,0,0,0,0,10,unresolved_liftover
GCF_000005845.2,b1602,pntB,GCF_003697165.2,EAS44_RS12740,pntB,comparable,0,16,0,16,0,0,0,0,0,0,different_variants_in_same_gene
GCF_000005845.2,b1603,pntA,GCF_003697165.2,EAS44_RS12735,pntA,comparable,1,23,0,23,0,0,0,0,0,1,unresolved_liftover
GCF_000005845.2,b1604,ydgH,GCF_003697165.2,EAS44_RS12730,ydgH,comparable,1,3,0,3,0,0,0,0,0,1,unresolved_liftover
GCF_000005845.2,b1606,folM,GCF_003697165.2,EAS44_RS12720,folM,comparable,0,14,0,14,0,0,0,0,0,0,different_variants_in_same_gene
GCF_000005845.2,b1607,ydgC,GCF_003697165.2,EAS44_RS12715,ydgC,comparable,0,7,0,7,0,0,0,0,0,0,different_variants_in_same_gene
GCF_000005845.2,b1608,rstA,GCF_003697165.2,EAS44_RS12710,rstA,comparable,2,14,0,14,0,0,0,0,0,2,unresolved_liftover
GCF_000005845.2,b1609,rstB,GCF_003697165.2,EAS44_RS12705,rstB,comparable,13,29,0,29,0,0,0,0,0,13,unresolved_liftover
GCF_000005845.2,b1610,tus,GCF_003697165.2,EAS44_RS12700,tus,comparable,18,19,0,19,0,0,0,0,0,18,unresolved_liftover
GCF_000005845.2,b1611,fumC,GCF_003697165.2,EAS44_RS12695,fumC,comparable,3,36,0,36,0,0,0,0,0,3,unresolved_liftover
GCF_000005845.2,b1612,fumA,GCF_003697165.2,EAS44_RS12690,fumB,comparable,1,28,0,28,0,0,0,0,0,1,unresolved_liftover
GCF_000005845.2,b1613,manA,GCF_003697165.2,EAS44_RS12685,manA,comparable,2,46,0,46,0,0,0,0,0,2,unresolved_liftover
GCF_000005845.2,b1614,ydgA,GCF_003697165.2,EAS44_RS12680,ydgA,comparable,1,37,0,37,0,0,0,0,0,1,unresolved_liftover
GCF_000005845.2,b1615,uidC,GCF_003697165.2,EAS44_RS12675,uidC,comparable,6,22,0,22,0,0,0,0,0,6,unresolved_liftover
GCF_000005845.2,b1617,uidA,GCF_003697165.2,EAS44_RS12665,uidA,comparable,16,34,0,34,0,0,0,0,0,16,unresolved_liftover
GCF_000005845.2,b1618,uidR,GCF_003697165.2,EAS44_RS12660,uidR,comparable,0,8,0,8,0,0,0,0,0,0,different_variants_in_same_gene
GCF_000005845.2,b1619,hdhA,GCF_003697165.2,EAS44_RS12655,hdhA,comparable,1,30,0,30,0,0,0,0,0,1,unresolved_liftover
GCF_000005845.2,b1620,malI,GCF_003697165.2,EAS44_RS12650,malI,comparable,12,23,0,23,0,0,0,0,0,12,unresolved_liftover
GCF_000005845.2,b1621,malX,GCF_003697165.2,EAS44_RS12645,malX,comparable,32,36,0,36,0,0,0,0,0,32,unresolved_liftover
GCF_000005845.2,b1622,malY,GCF_003697165.2,EAS44_RS12640,malY,comparable,25,21,0,21,0,0,0,0,0,25,unresolved_liftover
GCF_000005845.2,b1623,add,GCF_003697165.2,EAS44_RS12635,add,comparable,0,13,0,13,0,0,0,0,0,0,different_variants_in_same_gene
GCF_000005845.2,b1624,ydgJ,GCF_003697165.2,EAS44_RS12630,ydgJ,comparable,1,29,0,29,0,0,0,0,0,1,unresolved_liftover
GCF_000005845.2,b4409,blr,GCF_003697165.2,EAS44_RS12625,blr,comparable,0,3,0,3,0,0,0,0,0,0,different_variants_in_same_gene
GCF_000005845.2,b1625,cnu,GCF_003697165.2,EAS44_RS12620,ydgT,comparable,0,2,0,2,0,0,0,0,0,0,different_variants_in_same_gene
GCF_000005845.2,b1626,ydgK,GCF_003697165.2,EAS44_RS12615,ydgK,comparable,1,3,0,3,0,0,0,0,0,1,unresolved_liftover
GCF_000005845.2,b1627,rsxA,GCF_003697165.2,EAS44_RS12610,rsxA,comparable,0,11,0,11,0,0,0,0,0,0,different_variants_in_same_gene
GCF_000005845.2,b1628,rsxB,GCF_003697165.2,EAS44_RS12605,rsxB,comparable,0,5,0,5,0,0,0,0,0,0,different_variants_in_same_gene
GCF_000005845.2,b1630,rsxD,GCF_003697165.2,EAS44_RS12595,rsxD,comparable,10,22,0,22,0,0,0,0,0,10,unresolved_liftover
GCF_000005845.2,b1631,rsxG,GCF_003697165.2,EAS44_RS12590,rsxG,comparable,6,11,0,11,0,0,0,0,0,6,unresolved_liftover
GCF_000005845.2,b1632,rsxE,GCF_003697165.2,EAS44_RS12585,rsxE,comparable,7,13,0,13,0,0,0,0,0,7,unresolved_liftover
GCF_000005845.2,b1633,nth,GCF_003697165.2,EAS44_RS12580,nth,comparable,1,12,0,12,0,0,0,0,0,1,unresolved_liftover
GCF_000005845.2,b1634,dtpA,GCF_003697165.2,EAS44_RS12575,dtpA,comparable,0,18,0,18,0,0,0,0,0,0,different_variants_in_same_gene
GCF_000005845.2,b1635,gstA,GCF_003697165.2,EAS44_RS12570,gstA,comparable,0,12,0,12,0,0,0,0,0,0,different_variants_in_same_gene
GCF_000005845.2,b1636,pdxY,GCF_003697165.2,EAS44_RS12565,pdxY,comparable,0,16,0,16,0,0,0,0,0,0,different_variants_in_same_gene
GCF_000005845.2,b1637,tyrS,GCF_003697165.2,EAS44_RS12560,tyrS,comparable,1,21,0,21,0,0,0,0,0,1,unresolved_liftover
GCF_000005845.2,b1638,pdxH,GCF_003697165.2,EAS44_RS12555,pdxH,comparable,0,8,0,8,0,0,0,0,0,0,different_variants_in_same_gene
GCF_000005845.2,b1639,mliC,GCF_003697165.2,EAS44_RS12550,mliC,comparable,1,23,0,23,0,0,0,0,0,1,unresolved_liftover
GCF_000005845.2,b1640,anmK,GCF_003697165.2,EAS44_RS12545,anmK,comparable,1,21,0,21,0,0,0,0,0,1,unresolved_liftover
GCF_000005845.2,b1641,slyB,GCF_003697165.2,EAS44_RS12540,slyB,comparable,0,17,0,17,0,0,0,0,0,0,different_variants_in_same_gene
GCF_000005845.2,b1642,slyA,GCF_003697165.2,EAS44_RS12535,slyA,comparable,0,6,0,6,0,0,0,0,0,0,different_variants_in_same_gene
GCF_000005845.2,b1643,ydhI,GCF_003697165.2,EAS44_RS12530,ydhI,comparable,1,4,0,4,0,0,0,0,0,1,unresolved_liftover
GCF_000005845.2,b1644,ydhJ,GCF_003697165.2,EAS44_RS12525,ydhJ,comparable,13,16,0,16,0,0,0,0,0,13,unresolved_liftover
GCF_000005845.2,b1645,ydhK,GCF_003697165.2,EAS44_RS12520,ydhK,comparable,9,37,0,37,0,0,0,0,0,9,unresolved_liftover
GCF_000005845.2,b1646,sodC,GCF_003697165.2,EAS44_RS12515,sodC,comparable,0,11,0,11,0,0,0,0,0,0,different_variants_in_same_gene
GCF_000005845.2,b1647,ydhF,GCF_003697165.2,EAS44_RS12510,ydhF,comparable,0,23,0,23,0,0,0,0,0,0,different_variants_in_same_gene
GCF_000005845.2,b1648,ydhL,GCF_003697165.2,EAS44_RS12505,ydhL,comparable,0,11,0,11,0,0,0,0,0,0,different_variants_in_same_gene
GCF_000005845.2,b1649,nemR,GCF_003697165.2,EAS44_RS12500,nemR,comparable,0,7,0,7,0,0,0,0,0,0,different_variants_in_same_gene
GCF_000005845.2,b1650,nemA,GCF_003697165.2,EAS44_RS12495,nemA,comparable,2,33,0,33,0,0,0,0,0,2,unresolved_liftover
GCF_000005845.2,b1651,gloA,GCF_003697165.2,EAS44_RS12490,gloA,comparable,0,7,0,7,0,0,0,0,0,0,different_variants_in_same_gene
GCF_000005845.2,b1652,rnt,GCF_003697165.2,EAS44_RS12485,rnt,comparable,1,8,0,8,0,0,0,0,0,1,unresolved_liftover
GCF_000005845.2,b1654,grxD,GCF_003697165.2,EAS44_RS12470,grxD,comparable,0,4,0,4,0,0,0,0,0,0,different_variants_in_same_gene
GCF_000005845.2,b1655,mepH,GCF_003697165.2,EAS44_RS12465,mepH,comparable,0,15,0,15,0,0,0,0,0,0,different_variants_in_same_gene
GCF_000005845.2,b1656,sodB,GCF_003697165.2,EAS44_RS12460,sodB,comparable,0,5,0,5,0,0,0,0,0,0,different_variants_in_same_gene
GCF_000005845.2,b1657,ydhP,GCF_003697165.2,EAS44_RS12455,ydhP,comparable,6,28,0,28,0,0,0,0,0,6,unresolved_liftover
GCF_000005845.2,b4602,cydH,GCF_003697165.2,EAS44_RS12450,cydH,comparable,0,1,0,1,0,0,0,0,0,0,different_variants_in_same_gene
GCF_000005845.2,b1658,purR,GCF_003697165.2,EAS44_RS12445,purR,comparable,11,19,0,19,0,0,0,0,0,11,unresolved_liftover
GCF_000005845.2,b1659,punR,GCF_003697165.2,EAS44_RS12440,punR,comparable,4,23,0,23,0,0,0,0,0,4,unresolved_liftover
GCF_000005845.2,b1660,punC,GCF_003697165.2,EAS44_RS12435,punC,comparable,16,25,0,25,0,0,0,0,0,16,unresolved_liftover
GCF_000005845.2,b1661,cfa,GCF_003697165.2,EAS44_RS12430,cfa,comparable,5,11,0,11,0,0,0,0,0,5,unresolved_liftover
GCF_000005845.2,b1662,ribC,GCF_003697165.2,EAS44_RS12425,ribE,comparable,4,9,0,9,0,0,0,0,0,4,unresolved_liftover
GCF_000005845.2,b1663,mdtK,GCF_003697165.2,EAS44_RS12420,mdtK,comparable,13,21,0,21,0,0,0,0,0,13,unresolved_liftover
GCF_000005845.2,b1664,ydhQ,GCF_003697165.2,EAS44_RS12415,ydhQ,comparable,23,34,0,34,0,0,0,0,0,23,unresolved_liftover
GCF_000005845.2,b1667,ydhR,GCF_003697165.2,EAS44_RS12400,ydhR,comparable,7,11,0,11,0,0,0,0,0,7,unresolved_liftover
GCF_000005845.2,b1668,ydhS,GCF_003697165.2,EAS44_RS12395,ydhS,comparable,0,38,0,38,0,0,0,0,0,0,different_variants_in_same_gene
GCF_000005845.2,b1669,ydhT,GCF_003697165.2,EAS44_RS12390,ydhT,comparable,0,15,0,15,0,0,0,0,0,0,different_variants_in_same_gene
GCF_000005845.2,b1670,ydhU,GCF_003697165.2,EAS44_RS12385,phsC,comparable,0,17,0,17,0,0,0,0,0,0,different_variants_in_same_gene
GCF_000005845.2,b1671,ydhX,GCF_003697165.2,EAS44_RS12380,ydhX,comparable,0,9,0,9,0,0,0,0,0,0,different_variants_in_same_gene
GCF_000005845.2,b1672,ydhW,GCF_003697165.2,EAS44_RS12375,ydhW,comparable,0,10,0,10,0,0,0,0,0,0,different_variants_in_same_gene
GCF_000005845.2,b1673,ydhV,GCF_003697165.2,EAS44_RS12370,ydhV,comparable,0,45,0,45,0,0,0,0,0,0,different_variants_in_same_gene
GCF_000005845.2,b1674,ydhY,GCF_003697165.2,EAS44_RS12365,ydhY,comparable,0,14,0,14,0,0,0,0,0,0,different_variants_in_same_gene
GCF_000005845.2,b1675,fumD,GCF_003697165.2,EAS44_RS12360,fumD,comparable,0,0,0,0,0,0,0,0,0,0,same_exact_variants
GCF_000005845.2,b4817,ynhH,GCF_003697165.2,EAS44_RS25695,EAS44_RS25695,comparable,0,1,0,1,0,0,0,0,0,0,different_variants_in_same_gene
GCF_000005845.2,b1676,pykF,GCF_003697165.2,EAS44_RS12355,pykF,comparable,0,14,0,14,0,0,0,0,0,0,different_variants_in_same_gene
GCF_000005845.2,b1677,lpp,GCF_003697165.2,EAS44_RS12350,lpp,comparable,0,0,0,0,0,0,0,0,0,0,same_exact_variants
GCF_000005845.2,b1678,ldtE,GCF_003697165.2,EAS44_RS12345,ldtE,comparable,0,31,0,31,0,0,0,0,0,0,different_variants_in_same_gene
GCF_000005845.2,b1679,sufE,GCF_003697165.2,EAS44_RS12340,sufE,comparable,0,21,0,21,0,0,0,0,0,0,different_variants_in_same_gene
GCF_000005845.2,b1680,sufS,GCF_003697165.2,EAS44_RS12335,sufS,comparable,14,36,0,36,0,0,0,0,0,14,unresolved_liftover
GCF_000005845.2,b1681,sufD,GCF_003697165.2,EAS44_RS12330,sufD,comparable,33,34,0,34,0,0,0,0,0,33,unresolved_liftover
GCF_000005845.2,b1682,sufC,GCF_003697165.2,EAS44_RS12325,sufC,comparable,19,20,0,20,0,0,0,0,0,19,unresolved_liftover
GCF_000005845.2,b1685,ydiH,GCF_003697165.2,EAS44_RS12310,ydiH,comparable,0,5,0,5,0,0,0,0,0,0,different_variants_in_same_gene
GCF_000005845.2,b1686,menI,GCF_003697165.2,EAS44_RS12305,menI,comparable,0,8,0,8,0,0,0,0,0,0,different_variants_in_same_gene
GCF_000005845.2,b1687,ydiJ,GCF_003697165.2,EAS44_RS12300,ydiJ,comparable,31,99,0,99,0,0,0,0,0,31,unresolved_liftover
GCF_000005845.2,b1688,ydiK,GCF_003697165.2,EAS44_RS12295,ydiK,comparable,7,17,0,17,0,0,0,0,0,7,unresolved_liftover
GCF_000005845.2,b1689,ydiL,GCF_003697165.2,EAS44_RS12285,ydiL,comparable,6,7,0,7,0,0,0,0,0,6,unresolved_liftover
GCF_000005845.2,b1690,ydiM,GCF_003697165.2,EAS44_RS12280,ydiM,comparable,5,53,0,53,0,0,0,0,0,5,unresolved_liftover
GCF_000005845.2,b1691,ydiN,GCF_003697165.2,EAS44_RS12275,ydiN,comparable,10,28,0,28,0,0,0,0,0,10,unresolved_liftover
GCF_000005845.2,b1692,ydiB,GCF_003697165.2,EAS44_RS12270,ydiB,comparable,19,26,0,26,0,0,0,0,0,19,unresolved_liftover
GCF_000005845.2,b1693,aroD,GCF_003697165.2,EAS44_RS12265,aroD,comparable,15,15,0,15,0,0,0,0,0,15,unresolved_liftover
GCF_000005845.2,b1694,ydiF,GCF_003697165.2,EAS44_RS12260,ydiF,comparable,11,24,0,24,0,0,0,0,0,11,unresolved_liftover
GCF_000005845.2,b1695,ydiO,GCF_003697165.2,EAS44_RS12255,ydiO,comparable,14,33,0,33,0,0,0,0,0,14,unresolved_liftover
GCF_000005845.2,b1696,ydiP,GCF_003697165.2,EAS44_RS12250,ydiP,comparable,23,25,0,25,0,0,0,0,0,23,unresolved_liftover
GCF_000005845.2,b1697,ydiQ,GCF_003697165.2,EAS44_RS12245,ydiQ,comparable,6,17,0,17,0,0,0,0,0,6,unresolved_liftover
GCF_000005845.2,b1698,ydiR,GCF_003697165.2,EAS44_RS12240,ydiR,comparable,7,18,0,18,0,0,0,0,0,7,unresolved_liftover
GCF_000005845.2,b1701,fadK,GCF_003697165.2,EAS44_RS12225,fadK,comparable,33,41,0,41,0,0,0,0,0,33,unresolved_liftover
GCF_000005845.2,b1702,ppsA,GCF_003697165.2,EAS44_RS12220,ppsA,comparable,23,48,0,48,0,0,0,0,0,23,unresolved_liftover
GCF_000005845.2,b1703,ppsR,GCF_003697165.2,EAS44_RS12215,ppsR,comparable,3,14,0,14,0,0,0,0,0,3,unresolved_liftover
GCF_000005845.2,b1704,aroH,GCF_003697165.2,EAS44_RS12210,aroH,comparable,2,14,0,14,0,0,0,0,0,2,unresolved_liftover
GCF_000005845.2,b1705,ydiE,GCF_003697165.2,EAS44_RS12205,hemP,comparable,0,4,0,4,0,0,0,0,0,0,different_variants_in_same_gene
GCF_000005845.2,b1706,selO,GCF_003697165.2,EAS44_RS12200,selO,comparable,22,30,0,30,0,0,0,0,0,22,unresolved_liftover
GCF_000005845.2,b1708,nlpC,GCF_003697165.2,EAS44_RS12190,nlpC,comparable,0,5,0,5,0,0,0,0,0,0,different_variants_in_same_gene
GCF_000005845.2,b1709,btuD,GCF_003697165.2,EAS44_RS12185,btuD,comparable,2,9,0,9,0,0,0,0,0,2,unresolved_liftover
GCF_000005845.2,b1710,btuE,GCF_003697165.2,EAS44_RS12180,btuE,comparable,0,24,0,24,0,0,0,0,0,0,different_variants_in_same_gene
GCF_000005845.2,b1712,ihfA,GCF_003697165.2,EAS44_RS12170,ihfA,comparable,0,0,0,0,0,0,0,0,0,0,same_exact_variants
GCF_000005845.2,b1713,pheT,GCF_003697165.2,EAS44_RS12165,pheT,comparable,1,58,0,58,0,0,0,0,0,1,unresolved_liftover
GCF_000005845.2,b1714,pheS,GCF_003697165.2,EAS44_RS12160,pheS,comparable,1,13,0,13,0,0,0,0,0,1,unresolved_liftover
GCF_000005845.2,b1715,pheM,GCF_003697165.2,EAS44_RS25120,pheM,comparable,0,0,0,0,0,0,0,0,0,0,same_exact_variants
GCF_000005845.2,b1716,rplT,GCF_003697165.2,EAS44_RS12150,rplT,comparable,0,2,0,2,0,0,0,0,0,0,different_variants_in_same_gene
GCF_000005845.2,b1717,rpmI,GCF_003697165.2,EAS44_RS12145,rpmI,comparable,0,0,0,0,0,0,0,0,0,0,same_exact_variants
GCF_000005845.2,b1718,infC,GCF_003697165.2,EAS44_RS12140,infC,comparable,0,0,0,0,0,0,0,0,0,0,same_exact_variants
GCF_000005845.2,b1719,thrS,GCF_003697165.2,EAS44_RS12135,thrS,comparable,0,17,0,17,0,0,0,0,0,0,different_variants_in_same_gene
GCF_000005845.2,b4535,yniD,GCF_003697165.2,EAS44_RS12125,yniD,comparable,0,0,0,0,0,0,0,0,0,0,same_exact_variants
GCF_000005845.2,b1722,ydiY,GCF_003697165.2,EAS44_RS12120,ydiY,comparable,0,10,0,10,0,0,0,0,0,0,different_variants_in_same_gene
GCF_000005845.2,b1723,pfkB,GCF_003697165.2,EAS44_RS12115,pfkB,comparable,0,18,0,18,0,0,0,0,0,0,different_variants_in_same_gene
GCF_000005845.2,b1724,ydiZ,GCF_003697165.2,EAS44_RS12110,ghoS,comparable,0,5,0,5,0,0,0,0,0,0,different_variants_in_same_gene
GCF_000005845.2,b1725,yniA,GCF_003697165.2,EAS44_RS12105,yniA,comparable,0,15,0,15,0,0,0,0,0,0,different_variants_in_same_gene
GCF_000005845.2,b1726,yniB,GCF_003697165.2,EAS44_RS12100,yniB,comparable,1,10,0,10,0,0,0,0,0,1,unresolved_liftover
GCF_000005845.2,b1727,hxpB,GCF_003697165.2,EAS44_RS12095,hxpB,comparable,4,20,0,20,0,0,0,0,0,4,unresolved_liftover
GCF_000005845.2,b1728,ydjM,GCF_003697165.2,EAS44_RS12090,ydjM,comparable,8,9,0,9,0,0,0,0,0,8,unresolved_liftover
GCF_000005845.2,b1729,tcyP,GCF_003697165.2,EAS44_RS12085,tcyP,comparable,13,33,0,33,0,0,0,0,0,13,unresolved_liftover
GCF_000005845.2,b1731,cedA,GCF_003697165.2,EAS44_RS12080,cedA,comparable,0,6,0,6,0,0,0,0,0,0,different_variants_in_same_gene
GCF_000005845.2,b1732,katE,GCF_003697165.2,EAS44_RS12075,katE,comparable,32,64,0,64,0,0,0,0,0,32,unresolved_liftover
GCF_000005845.2,b1734,chbF,GCF_003697165.2,EAS44_RS12065,celF,comparable,10,37,0,37,0,0,0,0,0,10,unresolved_liftover
GCF_000005845.2,b1735,chbR,GCF_003697165.2,EAS44_RS12060,chbR,comparable,1,15,0,15,0,0,0,0,0,1,unresolved_liftover
GCF_000005845.2,b1737,chbC,GCF_003697165.2,EAS44_RS12050,chbC,comparable,5,31,0,31,0,0,0,0,0,5,unresolved_liftover
GCF_000005845.2,b1738,chbB,GCF_003697165.2,EAS44_RS12045,chbB,comparable,0,0,0,0,0,0,0,0,0,0,same_exact_variants
GCF_000005845.2,b1739,osmE,GCF_003697165.2,EAS44_RS12035,osmE,comparable,1,1,0,1,0,0,0,0,0,1,unresolved_liftover
GCF_000005845.2,b1740,nadE,GCF_003697165.2,EAS44_RS12030,nadE,comparable,7,17,0,17,0,0,0,0,0,7,unresolved_liftover
GCF_000005845.2,b1741,cho,GCF_003697165.2,EAS44_RS12025,cho,comparable,6,30,0,30,0,0,0,0,0,6,unresolved_liftover
GCF_000005845.2,b1742,ves,GCF_003697165.2,EAS44_RS12020,ves,comparable,0,18,0,18,0,0,0,0,0,0,different_variants_in_same_gene
GCF_000005845.2,b1743,spy,GCF_003697165.2,EAS44_RS12015,spy,comparable,1,6,0,6,0,0,0,0,0,1,unresolved_liftover
GCF_000005845.2,b1744,astE,GCF_003697165.2,EAS44_RS12010,astE,comparable,0,17,0,17,0,0,0,0,0,0,different_variants_in_same_gene
GCF_000005845.2,b1745,astB,GCF_003697165.2,EAS44_RS12005,astB,comparable,5,52,0,52,0,0,0,0,0,5,unresolved_liftover
GCF_000005845.2,b1746,astD,GCF_003697165.2,EAS44_RS12000,astD,comparable,34,73,0,73,0,0,0,0,0,34,unresolved_liftover
GCF_000005845.2,b1747,astA,GCF_003697165.2,EAS44_RS11995,astA,comparable,9,34,0,34,0,0,0,0,0,9,unresolved_liftover
GCF_000005845.2,b1748,astC,GCF_003697165.2,EAS44_RS11990,astC,comparable,3,38,0,38,0,0,0,0,0,3,unresolved_liftover
GCF_000005845.2,b1749,xthA,GCF_003697165.2,EAS44_RS11985,xthA,comparable,3,27,0,27,0,0,0,0,0,3,unresolved_liftover
GCF_000005845.2,b1750,ydjX,GCF_003697165.2,EAS44_RS11980,ydjX,comparable,12,12,0,12,0,0,0,0,0,12,unresolved_liftover
GCF_000005845.2,b1751,ydjY,GCF_003697165.2,EAS44_RS11975,ydjY,comparable,9,6,0,6,0,0,0,0,0,9,unresolved_liftover
GCF_000005845.2,b1752,ydjZ,GCF_003697165.2,EAS44_RS11970,ydjZ,comparable,6,14,0,14,0,0,0,0,0,6,unresolved_liftover
GCF_000005845.2,b1753,ynjA,GCF_003697165.2,EAS44_RS11965,ynjA,comparable,0,12,0,12,0,0,0,0,0,0,different_variants_in_same_gene
GCF_000005845.2,b1754,ynjB,GCF_003697165.2,EAS44_RS11960,ynjB,comparable,0,40,0,40,0,0,0,0,0,0,different_variants_in_same_gene
GCF_000005845.2,b1755,ynjC,GCF_003697165.2,EAS44_RS11955,ynjC,comparable,0,60,0,60,0,0,0,0,0,0,different_variants_in_same_gene
GCF_000005845.2,b1756,ynjD,GCF_003697165.2,EAS44_RS11950,ynjD,comparable,0,39,0,39,0,0,0,0,0,0,different_variants_in_same_gene
GCF_000005845.2,b1757,ynjE,GCF_003697165.2,EAS44_RS11945,ynjE,comparable,1,49,0,49,0,0,0,0,0,1,unresolved_liftover
GCF_000005845.2,b1759,nudG,GCF_003697165.2,EAS44_RS11935,nudG,comparable,0,9,0,9,0,0,0,0,0,0,different_variants_in_same_gene
GCF_000005845.2,b1760,ynjH,GCF_003697165.2,EAS44_RS11930,ynjH,comparable,0,8,0,8,0,0,0,0,0,0,different_variants_in_same_gene
GCF_000005845.2,b1761,gdhA,GCF_003697165.2,EAS44_RS11925,gdhA,comparable,7,36,0,36,0,0,0,0,0,7,unresolved_liftover
GCF_000005845.2,b1763,topB,GCF_003697165.2,EAS44_RS11920,topB,comparable,14,56,9,47,9,0,5,0,0,0,partially_shared_variants
GCF_000005845.2,b1764,selD,GCF_003697165.2,EAS44_RS11915,selD,comparable,5,45,2,43,2,0,3,0,0,0,partially_shared_variants
GCF_000005845.2,b1765,ydjA,GCF_003697165.2,EAS44_RS11910,ydjA,comparable,0,14,0,14,0,0,0,0,0,0,different_variants_in_same_gene
GCF_000005845.2,b1766,sppA,GCF_003697165.2,EAS44_RS11905,sppA,comparable,9,35,6,29,6,0,3,0,0,0,partially_shared_variants
GCF_000005845.2,b1767,ansA,GCF_003697165.2,EAS44_RS11900,ansA,comparable,1,34,1,33,1,0,0,0,0,0,partially_shared_variants
GCF_000005845.2,b1768,pncA,GCF_003697165.2,EAS44_RS11895,pncA,comparable,0,18,0,18,0,0,0,0,0,0,different_variants_in_same_gene
GCF_000005845.2,b1769,ydjE,GCF_003697165.2,EAS44_RS11890,ydjE,comparable,11,32,6,26,6,0,5,0,0,0,partially_shared_variants
GCF_000005845.2,b1770,ydjF,GCF_003697165.2,EAS44_RS11885,ydjF,comparable,6,4,2,2,2,0,4,0,0,0,partially_shared_variants
GCF_000005845.2,b1771,ydjG,GCF_003697165.2,EAS44_RS11880,ydjG,comparable,11,23,4,19,4,0,7,0,0,0,partially_shared_variants
GCF_000005845.2,b1775,ydjK,GCF_003697165.2,EAS44_RS11860,ydjK,comparable,7,31,5,26,5,0,2,0,0,0,partially_shared_variants
GCF_000005845.2,b1776,ydjL,GCF_003697165.2,EAS44_RS11855,ydjL,comparable,2,17,2,15,2,0,0,0,0,0,partially_shared_variants
GCF_000005845.2,b1777,yeaC,GCF_003697165.2,EAS44_RS11850,yeaC,comparable,6,5,4,1,4,0,2,0,0,0,partially_shared_variants
GCF_000005845.2,b1778,msrB,GCF_003697165.2,EAS44_RS11845,msrB,comparable,1,15,1,14,1,0,0,0,0,0,partially_shared_variants
GCF_000005845.2,b1779,gapA,GCF_003697165.2,EAS44_RS11840,gapA,comparable,0,3,0,3,0,0,0,0,0,0,different_variants_in_same_gene
GCF_000005845.2,b1780,yeaD,GCF_003697165.2,EAS44_RS11835,yeaD,comparable,6,29,4,25,4,0,2,0,0,0,partially_shared_variants
GCF_000005845.2,b1781,yeaE,GCF_003697165.2,EAS44_RS11830,yeaE,comparable,0,27,0,27,0,0,0,0,0,0,different_variants_in_same_gene
GCF_000005845.2,b1782,mipA,GCF_003697165.2,EAS44_RS11825,mipA,comparable,0,5,0,5,0,0,0,0,0,0,different_variants_in_same_gene
GCF_000005845.2,b1783,yeaG,GCF_003697165.2,EAS44_RS11820,yeaG,comparable,4,35,3,32,3,0,1,0,0,0,partially_shared_variants
GCF_000005845.2,b1784,yeaH,GCF_003697165.2,EAS44_RS11815,yeaH,comparable,1,36,0,36,0,0,1,0,0,0,reference_allele_difference
GCF_000005845.2,b1785,cdgI,GCF_003697165.2,EAS44_RS11810,cdgI,comparable,12,28,7,21,7,0,5,0,0,0,partially_shared_variants
GCF_000005845.2,b1786,dgcJ,GCF_003697165.2,EAS44_RS11805,dgcJ,comparable,7,14,3,11,3,0,4,0,0,0,partially_shared_variants
GCF_000005845.2,b1787,yeaK,GCF_003697165.2,EAS44_RS11800,yeaK,comparable,4,7,2,5,2,0,2,0,0,0,partially_shared_variants
GCF_000005845.2,b1788,yoaI,GCF_003697165.2,EAS44_RS11795,yoaI,comparable,5,1,0,1,0,0,5,0,0,0,reference_allele_difference
GCF_000005845.2,b1789,yeaL,GCF_003697165.2,EAS44_RS11790,yeaL,comparable,9,7,2,5,2,0,7,0,0,0,partially_shared_variants
GCF_000005845.2,b1792,yeaO,GCF_003697165.2,EAS44_RS11775,yeaO,comparable,3,7,1,6,1,0,2,0,0,0,partially_shared_variants
GCF_000005845.2,b1793,yoaF,GCF_003697165.2,EAS44_RS11770,yoaF,comparable,4,3,2,1,2,0,2,0,0,0,partially_shared_variants
GCF_000005845.2,b1794,dgcP,GCF_003697165.2,EAS44_RS11765,dgcP,comparable,9,23,3,20,3,0,6,0,0,0,partially_shared_variants
GCF_000005845.2,b4676,yoaK,GCF_003697165.2,EAS44_RS11760,yoaK,comparable,0,1,0,1,0,0,0,0,0,0,different_variants_in_same_gene
GCF_000005845.2,b4675,yoaJ,GCF_003697165.2,EAS44_RS11755,yoaJ,comparable,0,0,0,0,0,0,0,0,0,0,same_exact_variants
GCF_000005845.2,b1795,yeaQ,GCF_003697165.2,EAS44_RS11750,yeaQ,comparable,2,2,1,1,1,0,1,0,0,0,partially_shared_variants
GCF_000005845.2,b1796,yoaG,GCF_003697165.2,EAS44_RS11745,yoaG,comparable,0,1,0,1,0,0,0,0,0,0,different_variants_in_same_gene
GCF_000005845.2,b1797,yeaR,GCF_003697165.2,EAS44_RS11740,yeaR,comparable,3,3,0,3,0,2,1,0,0,0,reference_allele_difference
GCF_000005845.2,b1798,leuE,GCF_003697165.2,EAS44_RS11735,leuE,comparable,6,9,2,7,2,0,4,0,0,0,partially_shared_variants
GCF_000005845.2,b1804,rnd,GCF_003697165.2,EAS44_RS11720,rnd,comparable,10,23,6,17,6,0,4,0,0,0,partially_shared_variants
GCF_000005845.2,b1805,fadD,GCF_003697165.2,EAS44_RS11715,fadD,comparable,10,29,5,24,5,0,5,0,0,0,partially_shared_variants
GCF_000005845.2,b1806,yeaY,GCF_003697165.2,EAS44_RS11710,yeaY,comparable,3,9,2,7,2,0,1,0,0,0,partially_shared_variants
GCF_000005845.2,b1807,tsaB,GCF_003697165.2,EAS44_RS11705,tsaB,comparable,18,21,10,11,10,0,8,0,0,0,partially_shared_variants
GCF_000005845.2,b1808,yoaA,GCF_003697165.2,EAS44_RS11700,yoaA,comparable,20,74,15,59,15,0,5,0,0,0,partially_shared_variants
GCF_000005845.2,b1809,yoaB,GCF_003697165.2,EAS44_RS11695,yoaB,comparable,4,5,1,4,1,0,3,0,0,0,partially_shared_variants
GCF_000005845.2,b1810,yoaC,GCF_003697165.2,EAS44_RS11690,yoaC,comparable,2,11,1,10,1,0,1,0,0,0,partially_shared_variants
GCF_000005845.2,b1811,yoaH,GCF_003697165.2,EAS44_RS11685,yoaH,comparable,0,2,0,2,0,0,0,0,0,0,different_variants_in_same_gene
GCF_000005845.2,b1812,pabB,GCF_003697165.2,EAS44_RS11680,pabB,comparable,21,29,6,23,6,0,15,0,0,0,partially_shared_variants
GCF_000005845.2,b1813,nudL,GCF_003697165.2,EAS44_RS11675,nudL,comparable,9,13,5,8,5,0,4,0,0,0,partially_shared_variants
GCF_000005845.2,b1815,pdeD,GCF_003697165.2,EAS44_RS11665,pdeD,comparable,8,24,3,21,3,0,5,0,0,0,partially_shared_variants
GCF_000005845.2,b1816,yoaE,GCF_003697165.2,EAS44_RS11660,yoaE,comparable,11,22,7,15,7,0,4,0,0,0,partially_shared_variants
GCF_000005845.2,b4751,yoaL,GCF_003697165.2,EAS44_RS25760,yoaL,comparable,1,2,1,1,1,0,0,0,0,0,partially_shared_variants
GCF_000005845.2,b1817,manX,GCF_003697165.2,EAS44_RS11655,manX,comparable,1,5,1,4,1,0,0,0,0,0,partially_shared_variants
GCF_000005845.2,b1818,manY,GCF_003697165.2,EAS44_RS11650,manY,comparable,0,6,0,6,0,0,0,0,0,0,different_variants_in_same_gene
GCF_000005845.2,b1819,manZ,GCF_003697165.2,EAS44_RS11645,manZ,comparable,2,19,1,18,1,0,1,0,0,0,partially_shared_variants
GCF_000005845.2,b1820,yobD,GCF_003697165.2,EAS44_RS11640,yobD,comparable,1,10,1,9,1,0,0,0,0,0,partially_shared_variants
GCF_000005845.2,b1821,mntP,GCF_003697165.2,EAS44_RS11635,mntP,comparable,0,9,0,9,0,0,0,0,0,0,different_variants_in_same_gene
GCF_000005845.2,b1822,rlmA,GCF_003697165.2,EAS44_RS11630,rlmA,comparable,9,26,6,20,6,0,3,0,0,0,partially_shared_variants
GCF_000005845.2,b1823,cspC,GCF_003697165.2,EAS44_RS11625,cspE,comparable,1,3,1,2,1,0,0,0,0,0,partially_shared_variants
GCF_000005845.2,b1824,yobF,GCF_003697165.2,EAS44_RS11620,yobF,comparable,0,0,0,0,0,0,0,0,0,0,same_exact_variants
GCF_000005845.2,b1825,yebO,GCF_003697165.2,EAS44_RS11615,yebO,comparable,3,3,2,1,2,0,1,0,0,0,partially_shared_variants
GCF_000005845.2,b1826,mgrB,GCF_003697165.2,EAS44_RS11610,mgrB,comparable,0,3,0,3,0,0,0,0,0,0,different_variants_in_same_gene
GCF_000005845.2,b4536,yobH,GCF_003697165.2,EAS44_RS11605,yobH,comparable,3,10,2,8,2,0,1,0,0,0,partially_shared_variants
GCF_000005845.2,b1827,kdgR,GCF_003697165.2,EAS44_RS11600,kdgR,comparable,2,13,1,12,1,0,1,0,0,0,partially_shared_variants
GCF_000005845.2,b1828,yebQ,GCF_003697165.2,EAS44_RS11595,yebQ,comparable,14,26,8,18,8,0,6,0,0,0,partially_shared_variants
GCF_000005845.2,b1829,htpX,GCF_003697165.2,EAS44_RS11590,htpX,comparable,6,15,4,11,4,0,2,0,0,0,partially_shared_variants
GCF_000005845.2,b1830,prc,GCF_003697165.2,EAS44_RS11585,prc,comparable,23,44,19,25,19,0,4,0,0,0,partially_shared_variants
GCF_000005845.2,b1831,proQ,GCF_003697165.2,EAS44_RS11580,proQ,comparable,5,5,2,3,2,0,3,0,0,0,partially_shared_variants
GCF_000005845.2,b1832,msrC,GCF_003697165.2,EAS44_RS11575,msrC,comparable,6,10,3,7,3,0,3,0,0,0,partially_shared_variants
GCF_000005845.2,b1833,letA,GCF_003697165.2,EAS44_RS11570,yebS,comparable,22,39,15,24,15,0,7,0,0,0,partially_shared_variants
GCF_000005845.2,b1834,letB,GCF_003697165.2,EAS44_RS11565,yebT,comparable,39,75,23,52,23,0,16,0,0,0,partially_shared_variants
GCF_000005845.2,b1835,rsmF,GCF_003697165.2,EAS44_RS11560,rsmF,comparable,33,43,10,33,10,0,23,0,0,0,partially_shared_variants
GCF_000005845.2,b1836,yebV,GCF_003697165.2,EAS44_RS11555,yebV,comparable,2,3,1,2,1,0,1,0,0,0,partially_shared_variants
GCF_000005845.2,b1837,yebW,GCF_003697165.2,EAS44_RS11550,yebW,comparable,3,2,2,0,2,0,1,0,0,0,partially_shared_variants
GCF_000005845.2,b1838,pphA,GCF_003697165.2,EAS44_RS11545,pphA,comparable,4,15,2,13,2,0,2,0,0,0,partially_shared_variants
GCF_000005845.2,b1839,yebY,GCF_003697165.2,EAS44_RS11540,yebY,comparable,10,7,3,4,3,0,7,0,0,0,partially_shared_variants
GCF_000005845.2,b1840,yebZ,GCF_003697165.2,EAS44_RS11535,copD,comparable,11,19,8,11,8,0,3,0,0,0,partially_shared_variants
GCF_000005845.2,b1841,yobA,GCF_003697165.2,EAS44_RS11530,yobA,comparable,2,11,2,9,2,0,0,0,0,0,partially_shared_variants
GCF_000005845.2,b1842,holE,GCF_003697165.2,EAS44_RS11525,holE,comparable,0,2,0,2,0,0,0,0,0,0,different_variants_in_same_gene
GCF_000005845.2,b1843,yobB,GCF_003697165.2,EAS44_RS11520,yobB,comparable,3,9,2,7,2,0,1,0,0,0,partially_shared_variants
GCF_000005845.2,b1845,ptrB,GCF_003697165.2,EAS44_RS11510,ptrB,comparable,15,64,9,55,9,0,6,0,0,0,partially_shared_variants
GCF_000005845.2,b1846,yebE,GCF_003697165.2,EAS44_RS11505,yebE,comparable,4,13,0,13,0,0,4,0,0,0,reference_allele_difference
GCF_000005845.2,b1847,yebF,GCF_003697165.2,EAS44_RS11500,yebF,comparable,2,5,0,5,0,0,2,0,0,0,reference_allele_difference
GCF_000005845.2,b1848,yebG,GCF_003697165.2,EAS44_RS11495,yebG,comparable,1,4,1,3,1,0,0,0,0,0,partially_shared_variants
GCF_000005845.2,b1849,purT,GCF_003697165.2,EAS44_RS11490,purT,comparable,15,34,10,24,10,0,5,0,0,0,partially_shared_variants
GCF_000005845.2,b1850,eda,GCF_003697165.2,EAS44_RS11485,kdgA,comparable,2,9,2,7,2,0,0,0,0,0,partially_shared_variants
GCF_000005845.2,b1851,edd,GCF_003697165.2,EAS44_RS11480,edd,comparable,6,27,5,22,5,0,1,0,0,0,partially_shared_variants
GCF_000005845.2,b1852,zwf,GCF_003697165.2,EAS44_RS11475,zwf,comparable,12,25,9,16,9,0,3,0,0,0,partially_shared_variants
GCF_000005845.2,b1853,yebK,GCF_003697165.2,EAS44_RS11470,hexR,comparable,2,15,0,15,0,0,2,0,0,0,reference_allele_difference
GCF_000005845.2,b1854,pykA,GCF_003697165.2,EAS44_RS11465,pyk,comparable,1,28,1,27,1,0,0,0,0,0,partially_shared_variants
GCF_000005845.2,b1855,lpxM,GCF_003697165.2,EAS44_RS11460,lpxM,comparable,0,12,0,12,0,0,0,0,0,0,different_variants_in_same_gene
GCF_000005845.2,b1856,mepM,GCF_003697165.2,EAS44_RS11455,mepM,comparable,1,13,0,13,0,0,1,0,0,0,reference_allele_difference
GCF_000005845.2,b1858,znuC,GCF_003697165.2,EAS44_RS11445,znuC,comparable,2,15,1,14,1,0,1,0,0,0,partially_shared_variants
GCF_000005845.2,b1860,ruvB,GCF_003697165.2,EAS44_RS11435,ruvB,comparable,11,30,6,24,6,0,5,0,0,0,partially_shared_variants
GCF_000005845.2,b1861,ruvA,GCF_003697165.2,EAS44_RS11430,ruvA,comparable,15,13,11,2,11,0,4,0,0,0,partially_shared_variants
GCF_000005845.2,b4677,yobI,GCF_003697165.2,EAS44_RS11425,yobI,comparable,2,6,2,4,2,0,0,0,0,0,partially_shared_variants
GCF_000005845.2,b1862,yebB,GCF_003697165.2,EAS44_RS11420,yebB,comparable,12,18,4,14,4,0,8,0,0,0,partially_shared_variants
GCF_000005845.2,b1863,ruvC,GCF_003697165.2,EAS44_RS11415,ruvC,comparable,11,18,6,12,6,0,5,0,0,0,partially_shared_variants
GCF_000005845.2,b1864,yebC,GCF_003697165.2,EAS44_RS11410,yebC,comparable,8,12,1,11,1,0,7,0,0,0,partially_shared_variants
GCF_000005845.2,b1865,nudB,GCF_003697165.2,EAS44_RS11405,nudB,comparable,0,3,0,3,0,0,0,0,0,0,different_variants_in_same_gene
GCF_000005845.2,b1866,aspS,GCF_003697165.2,EAS44_RS11400,aspS,comparable,1,34,1,33,1,0,0,0,0,0,partially_shared_variants
GCF_000005845.2,b1867,yecD,GCF_003697165.2,EAS44_RS11395,yecD,comparable,0,23,0,23,0,0,0,0,0,0,different_variants_in_same_gene
GCF_000005845.2,b1868,yecE,GCF_003697165.2,EAS44_RS11390,yecE,comparable,0,18,0,18,0,0,0,0,0,0,different_variants_in_same_gene
GCF_000005845.2,b1869,yecN,GCF_003697165.2,EAS44_RS11385,yecN,comparable,1,5,0,5,0,0,1,0,0,0,reference_allele_difference
GCF_000005845.2,b1870,cmoA,GCF_003697165.2,EAS44_RS11380,cmoA,comparable,4,11,2,9,2,0,2,0,0,0,partially_shared_variants
GCF_000005845.2,b1871,cmoB,GCF_003697165.2,EAS44_RS11375,cmoB,comparable,11,44,9,35,9,0,2,0,0,0,partially_shared_variants
GCF_000005845.2,b1873,torY,GCF_003697165.2,EAS44_RS11365,torY,comparable,12,33,5,28,5,0,7,0,0,0,partially_shared_variants
GCF_000005845.2,b1874,cutC,GCF_003697165.2,EAS44_RS11360,cutC,comparable,7,19,4,15,4,0,3,0,0,0,partially_shared_variants
GCF_000005845.2,b1875,yecM,GCF_003697165.2,EAS44_RS11355,yecM,comparable,1,12,0,12,0,0,1,0,0,0,reference_allele_difference
GCF_000005845.2,b1876,argS,GCF_003697165.2,EAS44_RS11350,argS,comparable,11,30,3,27,3,0,8,0,0,0,partially_shared_variants
GCF_000005845.2,b1878,flhE,GCF_003697165.2,EAS44_RS11345,flhE,comparable,5,16,0,16,0,2,3,0,0,0,reference_allele_difference
GCF_000005845.2,b1879,flhA,GCF_003697165.2,EAS44_RS11340,flhA,comparable,2,57,1,56,1,0,1,0,0,0,partially_shared_variants
GCF_000005845.2,b1880,flhB,GCF_003697165.2,EAS44_RS11335,flhB,comparable,11,22,5,17,5,0,6,0,0,0,partially_shared_variants
GCF_000005845.2,b1881,cheZ,GCF_003697165.2,EAS44_RS11330,cheZ,comparable,0,8,0,8,0,0,0,0,0,0,different_variants_in_same_gene
GCF_000005845.2,b1882,cheY,GCF_003697165.2,EAS44_RS11325,cheY,comparable,0,6,0,6,0,0,0,0,0,0,different_variants_in_same_gene
GCF_000005845.2,b1883,cheB,GCF_003697165.2,EAS44_RS11320,cheB,comparable,12,30,8,22,8,0,4,0,0,0,partially_shared_variants
GCF_000005845.2,b1884,cheR,GCF_003697165.2,EAS44_RS11315,cheR,comparable,5,12,2,10,2,0,3,0,0,0,partially_shared_variants
GCF_000005845.2,b1886,tar,GCF_003697165.2,EAS44_RS11305,tar,comparable,3,29,1,28,1,0,2,0,0,0,partially_shared_variants
GCF_000005845.2,b1887,cheW,GCF_003697165.2,EAS44_RS11300,cheW,comparable,0,5,0,5,0,0,0,0,0,0,different_variants_in_same_gene
GCF_000005845.2,b1888,cheA,GCF_003697165.2,EAS44_RS11295,cheA,comparable,2,42,1,41,1,0,1,0,0,0,partially_shared_variants
GCF_000005845.2,b1889,motB,GCF_003697165.2,EAS44_RS11290,motB,comparable,0,28,0,28,0,0,0,0,0,0,different_variants_in_same_gene
GCF_000005845.2,b1890,motA,GCF_003697165.2,EAS44_RS11285,motA,comparable,1,9,1,8,1,0,0,0,0,0,partially_shared_variants
GCF_000005845.2,b1891,flhC,GCF_003697165.2,EAS44_RS11280,flhC,comparable,0,9,0,9,0,0,0,0,0,0,different_variants_in_same_gene
GCF_000005845.2,b1892,flhD,GCF_003697165.2,EAS44_RS11275,flhD,comparable,0,1,0,1,0,0,0,0,0,0,different_variants_in_same_gene
GCF_000005845.2,b1895,uspC,GCF_003697165.2,EAS44_RS11270,uspC,comparable,2,9,1,8,1,0,1,0,0,0,partially_shared_variants
GCF_000005845.2,b1896,otsA,GCF_003697165.2,EAS44_RS11265,otsA,comparable,0,37,0,37,0,0,0,0,0,0,different_variants_in_same_gene
GCF_000005845.2,b1897,otsB,GCF_003697165.2,EAS44_RS11260,otsB,comparable,0,16,0,16,0,0,0,0,0,0,different_variants_in_same_gene
GCF_000005845.2,b4460,araH,GCF_003697165.2,EAS44_RS11255,araH,comparable,0,26,0,26,0,0,0,0,0,0,different_variants_in_same_gene
GCF_000005845.2,b1900,araG,GCF_003697165.2,EAS44_RS11250,araG,comparable,0,30,0,30,0,0,0,0,0,0,different_variants_in_same_gene
GCF_000005845.2,b1901,araF,GCF_003697165.2,EAS44_RS11245,araF,comparable,0,32,0,32,0,0,0,0,0,0,different_variants_in_same_gene
GCF_000005845.2,b1902,ftnB,GCF_003697165.2,EAS44_RS11240,ftnB,comparable,0,11,0,11,0,0,0,0,0,0,different_variants_in_same_gene
GCF_000005845.2,b4537,yecJ,GCF_003697165.2,EAS44_RS11235,yecJ,comparable,1,6,0,6,0,0,1,0,0,0,reference_allele_difference
GCF_000005845.2,b4663,azuC,GCF_003697165.2,EAS44_RS11230,azuC,comparable,1,2,1,1,1,0,0,0,0,0,partially_shared_variants
GCF_000005845.2,b1904,yecR,GCF_003697165.2,EAS44_RS11225,yecR,comparable,6,10,1,9,1,0,5,0,0,0,partially_shared_variants
GCF_000005845.2,b1905,ftnA,GCF_003697165.2,EAS44_RS11220,ftnA,comparable,7,6,5,1,5,0,2,0,0,0,partially_shared_variants
GCF_000005845.2,b1906,yecH,GCF_003697165.2,EAS44_RS11215,yecH,comparable,7,3,0,3,0,0,7,0,0,0,reference_allele_difference
GCF_000005845.2,b1907,tyrP,GCF_003697165.2,EAS44_RS11210,tyrP,comparable,26,35,13,22,13,0,13,0,0,0,partially_shared_variants
GCF_000005845.2,b1908,yecA,GCF_003697165.2,EAS44_RS11205,yecA,comparable,14,12,7,5,7,0,7,0,0,0,partially_shared_variants
GCF_000005845.2,b1912,pgsA,GCF_003697165.2,EAS44_RS11185,pgsA,comparable,5,6,2,4,2,0,3,0,0,0,partially_shared_variants
GCF_000005845.2,b1913,uvrC,GCF_003697165.2,EAS44_RS11180,uvrC,comparable,22,36,11,25,11,0,11,0,0,0,partially_shared_variants
GCF_000005845.2,b1968,hprS,GCF_003697165.2,EAS44_RS10890,hprS,comparable,26,35,0,35,0,0,0,0,0,26,unresolved_liftover
GCF_000005845.2,b1970,hiuH,GCF_003697165.2,EAS44_RS10880,hiuH,comparable,4,10,0,10,0,0,0,0,0,4,unresolved_liftover
GCF_000005845.2,b1971,msrP,GCF_003697165.2,EAS44_RS10875,msrP,comparable,19,16,0,16,0,0,0,0,0,19,unresolved_liftover
GCF_000005845.2,b1972,msrQ,GCF_003697165.2,EAS44_RS10870,msrQ,comparable,12,17,0,17,0,0,0,0,0,12,unresolved_liftover
GCF_000005845.2,b1973,zinT,GCF_003697165.2,EAS44_RS10865,zinT,comparable,6,16,0,16,0,0,0,0,0,6,unresolved_liftover
GCF_000005845.2,b1976,mtfA,GCF_003697165.2,EAS44_RS10855,mtfA,comparable,4,8,0,8,0,0,0,0,0,4,unresolved_liftover
GCF_000005845.2,b1981,shiA,GCF_003697165.2,EAS44_RS10765,shiA,comparable,0,33,0,33,0,0,0,0,0,0,different_variants_in_same_gene
GCF_000005845.2,b1982,amn,GCF_003697165.2,EAS44_RS10760,amn,comparable,0,40,0,40,0,0,0,0,0,0,different_variants_in_same_gene
GCF_000005845.2,b1983,yeeN,GCF_003697165.2,EAS44_RS10755,yeeN,comparable,0,10,0,10,0,0,0,0,0,0,different_variants_in_same_gene
GCF_000005845.2,b1985,yeeO,GCF_003697165.2,EAS44_RS10745,yeeO,comparable,0,17,0,17,0,0,0,0,0,0,different_variants_in_same_gene
GCF_000005845.2,b1987,cbl,GCF_003697165.2,EAS44_RS10735,cbl,comparable,1,15,0,15,0,0,0,0,0,1,unresolved_liftover
GCF_000005845.2,b1990,ldtA,GCF_003697165.2,EAS44_RS10720,ldtA,comparable,1,30,0,30,0,0,0,0,0,1,unresolved_liftover
GCF_000005845.2,b1991,cobT,GCF_003697165.2,EAS44_RS10715,cobT,comparable,0,32,0,32,0,0,0,0,0,0,different_variants_in_same_gene
GCF_000005845.2,b1992,cobS,GCF_003697165.2,EAS44_RS10710,cobS,comparable,1,8,0,8,0,0,0,0,0,1,unresolved_liftover
GCF_000005845.2,b1993,cobU,GCF_003697165.2,EAS44_RS10705,cobU,comparable,0,0,0,0,0,0,0,0,0,0,same_exact_variants
GCF_000005845.2,b4538,yoeF,GCF_003697165.2,EAS44_RS10490,EAS44_RS10490,comparable,1,7,0,7,0,0,1,0,0,0,reference_allele_difference
GCF_000005845.2,b2007,tmaR,GCF_003697165.2,EAS44_RS10485,tmaR,comparable,2,0,0,0,0,0,2,0,0,0,reference_allele_difference
GCF_000005845.2,b2008,yeeA,GCF_003697165.2,EAS44_RS10480,yeeA,comparable,16,15,8,7,8,0,8,0,0,0,partially_shared_variants
GCF_000005845.2,b2009,sbmC,GCF_003697165.2,EAS44_RS10475,sbmC,comparable,13,5,1,4,1,0,12,0,0,0,partially_shared_variants
GCF_000005845.2,b2010,dacD,GCF_003697165.2,EAS44_RS10470,dacD,comparable,24,24,17,7,17,0,7,0,0,0,partially_shared_variants
GCF_000005845.2,b2011,sbcB,GCF_003697165.2,EAS44_RS10465,sbcB,comparable,30,2,1,1,1,0,29,0,0,0,partially_shared_variants
GCF_000005845.2,b2012,tsuB,GCF_003697165.2,EAS44_RS10460,tsuB,comparable,5,0,0,0,0,0,5,0,0,0,reference_allele_difference
GCF_000005845.2,b2013,tsuA,GCF_003697165.2,EAS44_RS10455,tsuA,comparable,14,2,1,1,1,0,13,0,0,0,partially_shared_variants
GCF_000005845.2,b2014,plaP,GCF_003697165.2,EAS44_RS10450,plaP,comparable,17,18,7,11,7,0,10,0,0,0,partially_shared_variants
GCF_000005845.2,b4678,yoeI,GCF_003697165.2,EAS44_RS10445,yoeI,comparable,0,0,0,0,0,0,0,0,0,0,same_exact_variants
GCF_000005845.2,b2015,yeeY,GCF_003697165.2,EAS44_RS10440,yeeY,comparable,28,2,1,1,1,0,27,0,0,0,partially_shared_variants
GCF_000005845.2,b2016,yeeZ,GCF_003697165.2,EAS44_RS10435,yeeZ,comparable,9,18,6,12,6,0,3,0,0,0,partially_shared_variants
GCF_000005845.2,b2019,hisG,GCF_003697165.2,EAS44_RS10415,hisG,comparable,25,17,6,11,6,0,19,0,0,0,partially_shared_variants
GCF_000005845.2,b2020,hisD,GCF_003697165.2,EAS44_RS10410,hisD,comparable,40,43,20,23,20,0,20,0,0,0,partially_shared_variants
GCF_000005845.2,b2021,hisC,GCF_003697165.2,EAS44_RS10405,hisC,comparable,28,38,20,18,20,0,8,0,0,0,partially_shared_variants
GCF_000005845.2,b2022,hisB,GCF_003697165.2,EAS44_RS10400,hisB,comparable,53,39,26,13,26,0,27,0,0,0,partially_shared_variants
GCF_000005845.2,b2023,hisH,GCF_003697165.2,EAS44_RS10395,hisH,comparable,17,21,12,9,12,0,5,0,0,0,partially_shared_variants
GCF_000005845.2,b2024,hisA,GCF_003697165.2,EAS44_RS10390,hisA,comparable,31,23,13,10,13,0,18,0,0,0,partially_shared_variants
GCF_000005845.2,b2025,hisF,GCF_003697165.2,EAS44_RS10385,hisF,comparable,24,13,10,3,10,0,14,0,0,0,partially_shared_variants
GCF_000005845.2,b2026,hisI,GCF_003697165.2,EAS44_RS10380,hisIE,comparable,20,0,0,0,0,0,20,0,0,0,reference_allele_difference
GCF_000005845.2,b2027,wzzB,GCF_003697165.2,EAS44_RS10375,wzzB,comparable,13,1,1,0,1,0,12,0,0,0,partially_shared_variants
GCF_000005845.2,b2028,ugd,GCF_003697165.2,EAS44_RS10370,ugd,comparable,19,3,0,3,0,0,19,0,0,0,reference_allele_difference
GCF_000005845.2,b2029,gnd,GCF_003697165.2,EAS44_RS10365,gndA,comparable,62,1,0,1,0,0,62,0,0,0,reference_allele_difference
GCF_000005845.2,b2042,galF,GCF_003697165.2,EAS44_RS10310,galF,comparable,36,7,0,7,0,0,0,0,0,36,unresolved_liftover
GCF_000005845.2,b2043,wcaM,GCF_003697165.2,EAS44_RS10305,wcaM,comparable,65,1,0,1,0,0,0,0,0,65,unresolved_liftover
GCF_000005845.2,b2045,wcaK,GCF_003697165.2,EAS44_RS10295,wcaK,comparable,44,0,0,0,0,0,0,0,0,44,unresolved_liftover
GCF_000005845.2,b2046,wzxC,GCF_003697165.2,EAS44_RS10290,wzxC,comparable,48,3,2,1,2,0,46,0,0,0,partially_shared_variants
GCF_000005845.2,b2047,wcaJ,GCF_003697165.2,EAS44_RS10285,wcaJ,comparable,39,3,1,2,1,0,38,0,0,0,partially_shared_variants
GCF_000005845.2,b2049,cpsB,GCF_003697165.2,EAS44_RS10275,cpsB,comparable,35,38,15,23,15,0,20,0,0,0,partially_shared_variants
GCF_000005845.2,b2050,wcaI,GCF_003697165.2,EAS44_RS10270,wcaI,comparable,24,35,14,21,14,0,10,0,0,0,partially_shared_variants
GCF_000005845.2,b2051,gmm,GCF_003697165.2,EAS44_RS10265,gmm,comparable,10,4,3,1,3,0,7,0,0,0,partially_shared_variants
GCF_000005845.2,b2052,fcl,GCF_003697165.2,EAS44_RS10260,fcl,comparable,21,36,14,22,14,0,7,0,0,0,partially_shared_variants
GCF_000005845.2,b2053,gmd,GCF_003697165.2,EAS44_RS10255,gmd,comparable,28,28,13,15,13,0,15,0,0,0,partially_shared_variants
GCF_000005845.2,b2054,wcaF,GCF_003697165.2,EAS44_RS10250,wcaF,comparable,16,11,7,4,7,0,9,0,0,0,partially_shared_variants
GCF_000005845.2,b2055,wcaE,GCF_003697165.2,EAS44_RS10245,wcaE,comparable,6,28,2,26,2,0,4,0,0,0,partially_shared_variants
GCF_000005845.2,b2056,wcaD,GCF_003697165.2,EAS44_RS10240,wcaD,comparable,20,21,13,8,13,0,7,0,0,0,partially_shared_variants
GCF_000005845.2,b2057,wcaC,GCF_003697165.2,EAS44_RS10235,wcaC,comparable,28,37,15,22,15,0,13,0,0,0,partially_shared_variants
GCF_000005845.2,b2058,wcaB,GCF_003697165.2,EAS44_RS10230,wcaB,comparable,9,15,8,7,8,0,1,0,0,0,partially_shared_variants
GCF_000005845.2,b2059,wcaA,GCF_003697165.2,EAS44_RS10225,wcaA,comparable,25,29,16,13,16,0,9,0,0,0,partially_shared_variants
GCF_000005845.2,b2062,wza,GCF_003697165.2,EAS44_RS10210,wza,comparable,12,27,8,19,8,0,4,0,0,0,partially_shared_variants
GCF_000005845.2,b2063,yegH,GCF_003697165.2,EAS44_RS10205,yegH,comparable,15,31,10,21,10,0,5,0,0,0,partially_shared_variants
GCF_000005845.2,b2064,asmA,GCF_003697165.2,EAS44_RS10190,asmA,comparable,34,45,0,45,0,0,0,0,0,34,unresolved_liftover
GCF_000005845.2,b2065,dcd,GCF_003697165.2,EAS44_RS10185,dcd,comparable,8,6,0,6,0,0,0,0,0,8,unresolved_liftover
GCF_000005845.2,b2066,udk,GCF_003697165.2,EAS44_RS10180,udk,comparable,3,8,0,8,0,0,0,0,0,3,unresolved_liftover
GCF_000005845.2,b2067,dgcE,GCF_003697165.2,EAS44_RS10175,dgcE,comparable,47,98,0,98,0,0,0,0,0,47,unresolved_liftover
GCF_000005845.2,b2068,alkA,GCF_003697165.2,EAS44_RS10170,alkA,comparable,14,33,0,33,0,0,0,0,0,14,unresolved_liftover
GCF_000005845.2,b2069,yegD,GCF_003697165.2,EAS44_RS10165,yegD,comparable,32,58,0,58,0,0,0,0,0,32,unresolved_liftover
GCF_000005845.2,b2070,yegI,GCF_003697165.2,EAS44_RS10160,yegI,comparable,71,82,0,82,0,0,0,0,0,71,unresolved_liftover
GCF_000005845.2,b2073,yegL,GCF_003697165.2,EAS44_RS10150,yegL,comparable,26,19,0,19,0,0,0,0,0,26,unresolved_liftover
GCF_000005845.2,b2074,mdtA,GCF_003697165.2,EAS44_RS10135,mdtA,comparable,30,53,0,53,0,0,0,0,0,30,unresolved_liftover
GCF_000005845.2,b2075,mdtB,GCF_003697165.2,EAS44_RS10130,mdtB,comparable,54,96,0,96,0,0,0,0,0,54,unresolved_liftover
GCF_000005845.2,b2076,mdtC,GCF_003697165.2,EAS44_RS10125,mdtC,comparable,4,134,0,134,0,0,0,0,0,4,unresolved_liftover
GCF_000005845.2,b2077,mdtD,GCF_003697165.2,EAS44_RS10120,mdtD,comparable,2,46,0,46,0,0,0,0,0,2,unresolved_liftover
GCF_000005845.2,b2079,baeR,GCF_003697165.2,EAS44_RS10110,baeR,comparable,0,20,0,20,0,0,0,0,0,0,different_variants_in_same_gene
GCF_000005845.2,b2080,yegP,GCF_003697165.2,EAS44_RS10105,yegP,comparable,1,7,0,7,0,0,0,0,0,1,unresolved_liftover
GCF_000005845.2,b2081,trhP,GCF_003697165.2,EAS44_RS10080,yegQ,comparable,22,26,0,26,0,0,0,0,0,22,unresolved_liftover
GCF_000005845.2,b2085,yegR,GCF_003697165.2,EAS44_RS09855,yegR,comparable,0,10,0,10,0,0,0,0,0,0,different_variants_in_same_gene
GCF_000005845.2,b2086,yegS,GCF_003697165.2,EAS44_RS09850,yegS,comparable,6,22,0,22,0,0,0,0,0,6,unresolved_liftover
GCF_000005845.2,b2091,gatD,GCF_003697165.2,EAS44_RS09840,gatD,comparable,0,19,0,19,0,0,0,0,0,0,different_variants_in_same_gene
GCF_000005845.2,b2095,gatZ,GCF_003697165.2,EAS44_RS09820,gatZ,comparable,14,58,7,51,7,1,6,0,0,0,partially_shared_variants
GCF_000005845.2,b2097,fbaB,GCF_003697165.2,EAS44_RS09810,fbaB,comparable,25,22,12,10,12,0,13,0,0,0,partially_shared_variants
GCF_000005845.2,b2098,yegT,GCF_003697165.2,EAS44_RS09805,yegT,comparable,11,34,6,28,6,0,5,0,0,0,partially_shared_variants
GCF_000005845.2,b2099,yegU,GCF_003697165.2,EAS44_RS09800,yegU,comparable,15,32,10,22,10,0,5,0,0,0,partially_shared_variants
GCF_000005845.2,b2100,yegV,GCF_003697165.2,EAS44_RS09795,yegV,comparable,1,16,0,16,0,0,1,0,0,0,reference_allele_difference
GCF_000005845.2,b2102,yegX,GCF_003697165.2,EAS44_RS09785,yegX,comparable,25,41,21,20,21,0,4,0,0,0,partially_shared_variants
GCF_000005845.2,b2103,thiD,GCF_003697165.2,EAS44_RS09780,thiD,comparable,2,14,1,13,1,0,1,0,0,0,partially_shared_variants
GCF_000005845.2,b2113,mrp,GCF_003697165.2,EAS44_RS09730,apbC,comparable,0,33,0,33,0,0,0,0,0,0,different_variants_in_same_gene
GCF_000005845.2,b2114,metG,GCF_003697165.2,EAS44_RS09725,metG,comparable,43,80,24,56,24,4,15,0,0,0,partially_shared_variants
GCF_000005845.2,b2119,yehL,GCF_003697165.2,EAS44_RS09705,yehL,comparable,1,44,0,44,0,0,1,0,0,0,reference_allele_difference
GCF_000005845.2,b2121,yehP,GCF_003697165.2,EAS44_RS09695,yehP,comparable,12,47,7,40,7,0,5,0,0,0,partially_shared_variants
GCF_000005845.2,b2122,yehQ,GCF_003697165.2,EAS44_RS09690,yehQ,comparable,51,92,19,73,19,2,30,0,0,0,partially_shared_variants
GCF_000005845.2,b2123,yehR,GCF_003697165.2,EAS44_RS09685,yehR,comparable,5,9,4,5,4,0,1,0,0,0,partially_shared_variants
GCF_000005845.2,b2124,yehS,GCF_003697165.2,EAS44_RS09680,yehS,comparable,2,5,0,5,0,0,2,0,0,0,reference_allele_difference
GCF_000005845.2,b2125,btsR,GCF_003697165.2,EAS44_RS09675,btsR,comparable,0,11,0,11,0,0,0,0,0,0,different_variants_in_same_gene
GCF_000005845.2,b2126,btsS,GCF_003697165.2,EAS44_RS09670,btsS,comparable,23,26,11,15,11,0,12,0,0,0,partially_shared_variants
GCF_000005845.2,b2127,mlrA,GCF_003697165.2,EAS44_RS09665,mlrA,comparable,8,17,4,13,4,0,4,0,0,0,partially_shared_variants
GCF_000005845.2,b4542,yohO,GCF_003697165.2,EAS44_RS09660,yohO,comparable,1,2,1,1,1,0,0,0,0,0,partially_shared_variants
GCF_000005845.2,b2128,yehW,GCF_003697165.2,EAS44_RS09655,yehW,comparable,8,19,6,13,6,0,2,0,0,0,partially_shared_variants
GCF_000005845.2,b2129,yehX,GCF_003697165.2,EAS44_RS09650,yehX,comparable,9,32,1,31,1,0,8,0,0,0,partially_shared_variants
GCF_000005845.2,b2130,yehY,GCF_003697165.2,EAS44_RS09645,yehY,comparable,10,33,7,26,7,0,3,0,0,0,partially_shared_variants
GCF_000005845.2,b2132,bglX,GCF_003697165.2,EAS44_RS09635,bglX,comparable,30,70,14,56,14,0,16,0,0,0,partially_shared_variants
GCF_000005845.2,b2133,dld,GCF_003697165.2,EAS44_RS09630,dld,comparable,0,45,0,45,0,0,0,0,0,0,different_variants_in_same_gene
GCF_000005845.2,b2134,pbpG,GCF_003697165.2,EAS44_RS09625,pbpG,comparable,0,16,0,16,0,0,0,0,0,0,different_variants_in_same_gene
GCF_000005845.2,b2135,yohC,GCF_003697165.2,EAS44_RS09620,yohC,comparable,1,15,1,14,1,0,0,0,0,0,partially_shared_variants
GCF_000005845.2,b2136,yohD,GCF_003697165.2,EAS44_RS09615,yohD,comparable,0,11,0,11,0,0,0,0,0,0,different_variants_in_same_gene
GCF_000005845.2,b4679,yohP,GCF_003697165.2,EAS44_RS25865,yohP,comparable,0,0,0,0,0,0,0,0,0,0,same_exact_variants
GCF_000005845.2,b2140,dusC,GCF_003697165.2,EAS44_RS09595,dusC,comparable,0,31,0,31,0,0,0,0,0,0,different_variants_in_same_gene
GCF_000005845.2,b2141,yohJ,GCF_003697165.2,EAS44_RS09590,yohJ,comparable,0,4,0,4,0,0,0,0,0,0,different_variants_in_same_gene
GCF_000005845.2,b2143,cdd,GCF_003697165.2,EAS44_RS09580,cdd,comparable,0,14,0,14,0,0,0,0,0,0,different_variants_in_same_gene
GCF_000005845.2,b2144,sanA,GCF_003697165.2,EAS44_RS09575,sanA,comparable,0,6,0,6,0,0,0,0,0,0,different_variants_in_same_gene
GCF_000005845.2,b2145,yeiS,GCF_003697165.2,EAS44_RS09570,yeiS,comparable,0,2,0,2,0,0,0,0,0,0,different_variants_in_same_gene
GCF_000005845.2,b2146,preT,GCF_003697165.2,EAS44_RS09565,preT,comparable,0,46,0,46,0,0,0,0,0,0,different_variants_in_same_gene
GCF_000005845.2,b2147,preA,GCF_003697165.2,EAS44_RS09560,preA,comparable,0,33,0,33,0,0,0,0,0,0,different_variants_in_same_gene
GCF_000005845.2,b2148,mglC,GCF_003697165.2,EAS44_RS09555,mglC,comparable,0,37,0,37,0,0,0,0,0,0,different_variants_in_same_gene
GCF_000005845.2,b2149,mglA,GCF_003697165.2,EAS44_RS09550,mglA,comparable,14,45,8,37,8,0,6,0,0,0,partially_shared_variants
GCF_000005845.2,b2150,mglB,GCF_003697165.2,EAS44_RS09545,mglB,comparable,8,14,4,10,4,0,4,0,0,0,partially_shared_variants
GCF_000005845.2,b2151,galS,GCF_003697165.2,EAS44_RS09540,galS,comparable,6,15,3,12,3,0,3,0,0,0,partially_shared_variants
GCF_000005845.2,b2152,yeiB,GCF_003697165.2,EAS44_RS09535,yeiB,comparable,16,33,3,30,3,0,13,0,0,0,partially_shared_variants
GCF_000005845.2,b2153,folE,GCF_003697165.2,EAS44_RS09530,folE,comparable,6,10,5,5,5,0,1,0,0,0,partially_shared_variants
GCF_000005845.2,b2154,yeiG,GCF_003697165.2,EAS44_RS09525,yeiG,comparable,16,31,11,20,11,0,5,0,0,0,partially_shared_variants
GCF_000005845.2,b2157,yeiE,GCF_003697165.2,EAS44_RS09505,yieE,comparable,12,9,7,2,7,0,5,0,0,0,partially_shared_variants
GCF_000005845.2,b2158,yeiH,GCF_003697165.2,EAS44_RS09500,yeiH,comparable,2,5,0,5,0,0,2,0,0,0,reference_allele_difference
GCF_000005845.2,b2159,nfo,GCF_003697165.2,EAS44_RS09495,nfo,comparable,15,10,5,5,5,0,10,0,0,0,partially_shared_variants
GCF_000005845.2,b2162,rihB,GCF_003697165.2,EAS44_RS09485,rihB,comparable,21,51,0,51,0,0,0,0,0,21,unresolved_liftover
GCF_000005845.2,b2163,yeiL,GCF_003697165.2,EAS44_RS09480,yeiL,comparable,10,18,0,18,0,0,0,0,0,10,unresolved_liftover
GCF_000005845.2,b2167,fruA,GCF_003697165.2,EAS44_RS09460,fruA,comparable,22,36,11,25,11,0,11,0,0,0,partially_shared_variants
GCF_000005845.2,b2168,fruK,GCF_003697165.2,EAS44_RS09455,fruK,comparable,5,5,3,2,3,0,2,0,0,0,partially_shared_variants
GCF_000005845.2,b2169,fruB,GCF_003697165.2,EAS44_RS09450,fruB,comparable,2,16,2,14,2,0,0,0,0,0,partially_shared_variants
GCF_000005845.2,b4502,yeiW,GCF_003697165.2,EAS44_RS09435,yeiW,comparable,0,1,0,1,0,0,0,0,0,0,different_variants_in_same_gene
GCF_000005845.2,b2171,yeiP,GCF_003697165.2,EAS44_RS09430,yeiP,comparable,2,5,1,4,1,0,1,0,0,0,partially_shared_variants
GCF_000005845.2,b2172,yeiQ,GCF_003697165.2,EAS44_RS09425,yeiQ,comparable,6,34,3,31,3,0,3,0,0,0,partially_shared_variants
GCF_000005845.2,b2173,yeiR,GCF_003697165.2,EAS44_RS09420,yeiR,comparable,5,27,2,25,2,0,3,0,0,0,partially_shared_variants
GCF_000005845.2,b2174,lpxT,GCF_003697165.2,EAS44_RS09415,lpxT,comparable,7,7,5,2,5,0,2,0,0,0,partially_shared_variants
GCF_000005845.2,b2175,mepS,GCF_003697165.2,EAS44_RS09410,mepS,comparable,0,7,0,7,0,0,0,0,0,0,different_variants_in_same_gene
GCF_000005845.2,b2176,pdeN,GCF_003697165.2,EAS44_RS09405,pdeN,comparable,4,51,1,50,1,0,3,0,0,0,partially_shared_variants
GCF_000005845.2,b2178,yejB,GCF_003697165.2,EAS44_RS09395,yejB,comparable,9,25,5,20,5,0,4,0,0,0,partially_shared_variants
GCF_000005845.2,b2179,yejE,GCF_003697165.2,EAS44_RS09390,yejE,comparable,5,25,2,23,2,0,3,0,0,0,partially_shared_variants
GCF_000005845.2,b2180,yejF,GCF_003697165.2,EAS44_RS09385,yejF,comparable,2,40,2,38,2,0,0,0,0,0,partially_shared_variants
GCF_000005845.2,b2181,yejG,GCF_003697165.2,EAS44_RS09380,yejG,comparable,1,3,1,2,1,0,0,0,0,0,partially_shared_variants
GCF_000005845.2,b2182,bcr,GCF_003697165.2,EAS44_RS09375,bcr,comparable,0,43,0,43,0,0,0,0,0,0,different_variants_in_same_gene
GCF_000005845.2,b2183,rsuA,GCF_003697165.2,EAS44_RS09370,rsuA,comparable,0,18,0,18,0,0,0,0,0,0,different_variants_in_same_gene
GCF_000005845.2,b2184,radD,GCF_003697165.2,EAS44_RS09365,radD,comparable,0,57,0,57,0,0,0,0,0,0,different_variants_in_same_gene
GCF_000005845.2,b2185,rplY,GCF_003697165.2,EAS44_RS09360,rplY,comparable,0,4,0,4,0,0,0,0,0,0,different_variants_in_same_gene
GCF_000005845.2,b2186,yejK,GCF_003697165.2,EAS44_RS09355,yejK,comparable,1,17,1,16,1,0,0,0,0,0,partially_shared_variants
GCF_000005845.2,b2187,yejL,GCF_003697165.2,EAS44_RS09350,yejL,comparable,0,1,0,1,0,0,0,0,0,0,different_variants_in_same_gene
GCF_000005845.2,b2188,lapC,GCF_003697165.2,EAS44_RS09345,yejM,comparable,5,31,4,27,4,0,1,0,0,0,partially_shared_variants
GCF_000005845.2,b2193,narP,GCF_003697165.2,EAS44_RS09330,narP,comparable,9,14,3,11,3,0,6,0,0,0,partially_shared_variants
GCF_000005845.2,b2195,ccmG,GCF_003697165.2,EAS44_RS09320,dsbE,comparable,7,10,4,6,4,0,3,0,0,0,partially_shared_variants
GCF_000005845.2,b2196,ccmF,GCF_003697165.2,EAS44_RS09315,ccmF,comparable,27,52,14,38,14,0,13,0,0,0,partially_shared_variants
GCF_000005845.2,b2197,ccmE,GCF_003697165.2,EAS44_RS09310,ccmE,comparable,12,10,5,5,5,0,7,0,0,0,partially_shared_variants
GCF_000005845.2,b2198,ccmD,GCF_003697165.2,EAS44_RS09305,ccmD,comparable,1,2,1,1,1,0,0,0,0,0,partially_shared_variants
GCF_000005845.2,b2199,ccmC,GCF_003697165.2,EAS44_RS09300,ccmC,comparable,0,9,0,9,0,0,0,0,0,0,different_variants_in_same_gene
GCF_000005845.2,b2200,ccmB,GCF_003697165.2,EAS44_RS09295,ccmB,comparable,3,19,3,16,3,0,0,0,0,0,partially_shared_variants
GCF_000005845.2,b2201,ccmA,GCF_003697165.2,EAS44_RS09290,ccmA,comparable,1,10,0,10,0,0,1,0,0,0,reference_allele_difference
GCF_000005845.2,b2202,napC,GCF_003697165.2,EAS44_RS09285,napC,comparable,0,8,0,8,0,0,0,0,0,0,different_variants_in_same_gene
GCF_000005845.2,b2203,napB,GCF_003697165.2,EAS44_RS09280,napB,comparable,2,5,1,4,1,0,1,0,0,0,partially_shared_variants
GCF_000005845.2,b2204,napH,GCF_003697165.2,EAS44_RS09275,napH,comparable,0,17,0,17,0,0,0,0,0,0,different_variants_in_same_gene
GCF_000005845.2,b2205,napG,GCF_003697165.2,EAS44_RS09270,napG,comparable,3,4,1,3,1,0,2,0,0,0,partially_shared_variants
GCF_000005845.2,b2206,napA,GCF_003697165.2,EAS44_RS09265,napA,comparable,35,37,15,22,15,0,20,0,0,0,partially_shared_variants
GCF_000005845.2,b2207,napD,GCF_003697165.2,EAS44_RS09260,napD,comparable,0,1,0,1,0,0,0,0,0,0,different_variants_in_same_gene
GCF_000005845.2,b2208,napF,GCF_003697165.2,EAS44_RS09255,napF,comparable,4,4,3,1,3,0,1,0,0,0,partially_shared_variants
GCF_000005845.2,b4604,yojO,GCF_003697165.2,EAS44_RS25090,EAS44_RS25090,comparable,1,5,0,5,0,0,1,0,0,0,reference_allele_difference
GCF_000005845.2,b2209,eco,GCF_003697165.2,EAS44_RS09250,eco,comparable,1,14,1,13,1,0,0,0,0,0,partially_shared_variants
GCF_000005845.2,b2210,mqo,GCF_003697165.2,EAS44_RS09245,mqo,comparable,24,33,12,21,12,0,12,0,0,0,partially_shared_variants
GCF_000005845.2,b2211,yojI,GCF_003697165.2,EAS44_RS09240,yojI,comparable,15,47,8,39,8,0,7,0,0,0,partially_shared_variants
GCF_000005845.2,b2212,alkB,GCF_003697165.2,EAS44_RS09235,alkB,comparable,6,27,4,23,4,0,2,0,0,0,partially_shared_variants
GCF_000005845.2,b2213,ada,GCF_003697165.2,EAS44_RS09230,ada,comparable,22,53,15,38,15,0,7,0,0,0,partially_shared_variants
GCF_000005845.2,b2214,ftp,GCF_003697165.2,EAS44_RS09225,apbE,comparable,0,33,0,33,0,0,0,0,0,0,different_variants_in_same_gene
GCF_000005845.2,b2218,rcsC,GCF_003697165.2,EAS44_RS09205,rcsC,comparable,16,56,11,45,11,0,5,0,0,0,partially_shared_variants
GCF_000005845.2,b2219,atoS,GCF_003697165.2,EAS44_RS09200,atoS,comparable,10,23,0,23,0,0,10,0,0,0,reference_allele_difference
GCF_000005845.2,b2220,atoC,GCF_003697165.2,EAS44_RS09195,atoC,comparable,0,14,0,14,0,0,0,0,0,0,different_variants_in_same_gene
GCF_000005845.2,b2221,atoD,GCF_003697165.2,EAS44_RS09190,atoD,comparable,0,6,0,6,0,0,0,0,0,0,different_variants_in_same_gene
GCF_000005845.2,b2222,atoA,GCF_003697165.2,EAS44_RS09185,atoA,comparable,0,9,0,9,0,0,0,0,0,0,different_variants_in_same_gene
GCF_000005845.2,b2223,atoE,GCF_003697165.2,EAS44_RS09180,atoE,comparable,0,28,0,28,0,0,0,0,0,0,different_variants_in_same_gene
GCF_000005845.2,b2224,atoB,GCF_003697165.2,EAS44_RS09175,atoB,comparable,0,27,0,27,0,0,0,0,0,0,different_variants_in_same_gene
GCF_000005845.2,b2225,yfaP,GCF_003697165.2,EAS44_RS09170,yfaP,comparable,1,32,1,31,1,0,0,0,0,0,partially_shared_variants
GCF_000005845.2,b2226,yfaQ,GCF_003697165.2,EAS44_RS09165,yfaQ,comparable,1,74,0,74,0,0,1,0,0,0,reference_allele_difference
GCF_000005845.2,b2229,yfaT,GCF_003697165.2,EAS44_RS09155,yfaT,comparable,2,18,2,16,2,0,0,0,0,0,partially_shared_variants
GCF_000005845.2,b2230,yfaA,GCF_003697165.2,EAS44_RS09150,yfaA,comparable,2,59,2,57,2,0,0,0,0,0,partially_shared_variants
GCF_000005845.2,b2231,gyrA,GCF_003697165.2,EAS44_RS09145,gyrA,comparable,44,74,27,47,27,0,17,0,0,0,partially_shared_variants
GCF_000005845.2,b2232,ubiG,GCF_003697165.2,EAS44_RS09140,ubiG,comparable,5,24,4,20,4,0,1,0,0,0,partially_shared_variants
GCF_000005845.2,b2234,nrdA,GCF_003697165.2,EAS44_RS09130,nrdA,comparable,0,49,0,49,0,0,0,0,0,0,different_variants_in_same_gene
GCF_000005845.2,b2235,nrdB,GCF_003697165.2,EAS44_RS09125,nrdB,comparable,19,44,6,38,6,0,13,0,0,0,partially_shared_variants
GCF_000005845.2,b2236,yfaE,GCF_003697165.2,EAS44_RS09120,yfaE,comparable,4,9,2,7,2,0,2,0,0,0,partially_shared_variants
GCF_000005845.2,b2237,inaA,GCF_003697165.2,EAS44_RS09115,inaA,comparable,1,13,1,12,1,0,0,0,0,0,partially_shared_variants
GCF_000005845.2,b2239,glpQ,GCF_003697165.2,EAS44_RS09110,glpQ,comparable,9,21,6,15,6,0,3,0,0,0,partially_shared_variants
GCF_000005845.2,b2240,glpT,GCF_003697165.2,EAS44_RS09105,glpT,comparable,2,20,0,20,0,0,2,0,0,0,reference_allele_difference
GCF_000005845.2,b2241,glpA,GCF_003697165.2,EAS44_RS09100,glpA,comparable,1,34,1,33,1,0,0,0,0,0,partially_shared_variants
GCF_000005845.2,b2242,glpB,GCF_003697165.2,EAS44_RS09095,glpB,comparable,33,67,16,51,16,0,17,0,0,0,partially_shared_variants
GCF_000005845.2,b2243,glpC,GCF_003697165.2,EAS44_RS09090,glpC,comparable,7,32,5,27,5,0,2,0,0,0,partially_shared_variants
GCF_000005845.2,b2245,yfaU,GCF_003697165.2,EAS44_RS09075,yfaU,comparable,0,15,0,15,0,0,0,0,0,0,different_variants_in_same_gene
GCF_000005845.2,b2246,yfaV,GCF_003697165.2,EAS44_RS09070,yfaV,comparable,2,32,1,31,1,0,1,0,0,0,partially_shared_variants
GCF_000005845.2,b2247,rhmD,GCF_003697165.2,EAS44_RS09065,rhmD,comparable,0,23,0,23,0,0,0,0,0,0,different_variants_in_same_gene
GCF_000005845.2,b2248,yfaX,GCF_003697165.2,EAS44_RS09060,yfaX,comparable,0,21,0,21,0,0,0,0,0,0,different_variants_in_same_gene
GCF_000005845.2,b2249,yfaY,GCF_003697165.2,EAS44_RS09055,yfaY,comparable,0,40,0,40,0,0,0,0,0,0,different_variants_in_same_gene
GCF_000005845.2,b2250,yfaZ,GCF_003697165.2,EAS44_RS09050,yfaZ,comparable,0,29,0,29,0,0,0,0,0,0,different_variants_in_same_gene
GCF_000005845.2,b2251,nudI,GCF_003697165.2,EAS44_RS09045,nudI,comparable,0,5,0,5,0,0,0,0,0,0,different_variants_in_same_gene
GCF_000005845.2,b2252,ais,GCF_003697165.2,EAS44_RS09040,ais,comparable,1,23,1,22,1,0,0,0,0,0,partially_shared_variants
GCF_000005845.2,b2253,arnB,GCF_003697165.2,EAS44_RS09035,arnB,comparable,0,25,0,25,0,0,0,0,0,0,different_variants_in_same_gene
GCF_000005845.2,b2254,arnC,GCF_003697165.2,EAS44_RS09030,arnC,comparable,0,25,0,25,0,0,0,0,0,0,different_variants_in_same_gene
GCF_000005845.2,b2255,arnA,GCF_003697165.2,EAS44_RS09025,arnA,comparable,0,49,0,49,0,0,0,0,0,0,different_variants_in_same_gene
GCF_000005845.2,b2256,arnD,GCF_003697165.2,EAS44_RS09020,arnD,comparable,0,17,0,17,0,0,0,0,0,0,different_variants_in_same_gene
GCF_000005845.2,b2257,arnT,GCF_003697165.2,EAS44_RS09015,arnT,comparable,2,33,2,31,2,0,0,0,0,0,partially_shared_variants
GCF_000005845.2,b4544,arnE,GCF_003697165.2,EAS44_RS09010,arnE,comparable,0,8,0,8,0,0,0,0,0,0,different_variants_in_same_gene
GCF_000005845.2,b2258,arnF,GCF_003697165.2,EAS44_RS09005,arnF,comparable,0,9,0,9,0,0,0,0,0,0,different_variants_in_same_gene
GCF_000005845.2,b2259,pmrD,GCF_003697165.2,EAS44_RS09000,pmrD,comparable,0,7,0,7,0,0,0,0,0,0,different_variants_in_same_gene
GCF_000005845.2,b2260,menE,GCF_003697165.2,EAS44_RS08995,menE,comparable,0,57,0,57,0,0,0,0,0,0,different_variants_in_same_gene
GCF_000005845.2,b2261,menC,GCF_003697165.2,EAS44_RS08990,menC,comparable,0,48,0,48,0,0,0,0,0,0,different_variants_in_same_gene
GCF_000005845.2,b2262,menB,GCF_003697165.2,EAS44_RS08985,menB,comparable,0,34,0,34,0,0,0,0,0,0,different_variants_in_same_gene
GCF_000005845.2,b2263,menH,GCF_003697165.2,EAS44_RS08980,menH,comparable,1,33,1,32,1,0,0,0,0,0,partially_shared_variants
GCF_000005845.2,b2264,menD,GCF_003697165.2,EAS44_RS08975,menD,comparable,0,58,0,58,0,0,0,0,0,0,different_variants_in_same_gene
GCF_000005845.2,b2265,menF,GCF_003697165.2,EAS44_RS08970,menF,comparable,0,44,0,44,0,0,0,0,0,0,different_variants_in_same_gene
GCF_000005845.2,b2266,elaB,GCF_003697165.2,EAS44_RS08965,elaB,comparable,0,6,0,6,0,0,0,0,0,0,different_variants_in_same_gene
GCF_000005845.2,b2268,rbn,GCF_003697165.2,EAS44_RS08955,rbn,comparable,0,33,0,33,0,0,0,0,0,0,different_variants_in_same_gene
GCF_000005845.2,b2272,yfbM,GCF_003697165.2,EAS44_RS08940,yfbM,comparable,6,9,3,6,3,0,3,0,0,0,partially_shared_variants
GCF_000005845.2,b2276,nuoN,GCF_003697165.2,EAS44_RS08935,nuoN,comparable,5,30,2,28,2,0,3,0,0,0,partially_shared_variants
GCF_000005845.2,b2277,nuoM,GCF_003697165.2,EAS44_RS08930,nuoM,comparable,19,32,7,25,7,0,12,0,0,0,partially_shared_variants
GCF_000005845.2,b2278,nuoL,GCF_003697165.2,EAS44_RS08925,nuoL,comparable,13,31,7,24,7,0,6,0,0,0,partially_shared_variants
GCF_000005845.2,b2279,nuoK,GCF_003697165.2,EAS44_RS08920,nuoK,comparable,0,4,0,4,0,0,0,0,0,0,different_variants_in_same_gene
GCF_000005845.2,b2280,nuoJ,GCF_003697165.2,EAS44_RS08915,nuoJ,comparable,0,9,0,9,0,0,0,0,0,0,different_variants_in_same_gene
GCF_000005845.2,b2281,nuoI,GCF_003697165.2,EAS44_RS08910,nuoI,comparable,0,2,0,2,0,0,0,0,0,0,different_variants_in_same_gene
GCF_000005845.2,b2282,nuoH,GCF_003697165.2,EAS44_RS08905,nuoH,comparable,0,17,0,17,0,0,0,0,0,0,different_variants_in_same_gene
GCF_000005845.2,b2283,nuoG,GCF_003697165.2,EAS44_RS08900,nuoG,comparable,30,57,16,41,16,0,14,0,0,0,partially_shared_variants
GCF_000005845.2,b2284,nuoF,GCF_003697165.2,EAS44_RS08895,nuoF,comparable,26,36,13,23,13,0,13,0,0,0,partially_shared_variants
GCF_000005845.2,b2285,nuoE,GCF_003697165.2,EAS44_RS08890,nuoE,comparable,4,19,2,17,2,0,2,0,0,0,partially_shared_variants
GCF_000005845.2,b2286,nuoC,GCF_003697165.2,EAS44_RS08885,nuoC,comparable,13,40,6,34,6,0,7,0,0,0,partially_shared_variants
GCF_000005845.2,b2287,nuoB,GCF_003697165.2,EAS44_RS08880,nuoB,comparable,1,11,1,10,1,0,0,0,0,0,partially_shared_variants
GCF_000005845.2,b2288,nuoA,GCF_003697165.2,EAS44_RS08875,nuoA,comparable,0,2,0,2,0,0,0,0,0,0,different_variants_in_same_gene
GCF_000005845.2,b2289,lrhA,GCF_003697165.2,EAS44_RS08870,lrhA,comparable,8,9,0,9,0,0,8,0,0,0,reference_allele_difference
GCF_000005845.2,b2290,alaA,GCF_003697165.2,EAS44_RS08865,alaA,comparable,3,13,1,12,1,0,2,0,0,0,partially_shared_variants
GCF_000005845.2,b2291,yfbR,GCF_003697165.2,EAS44_RS08860,yfbR,comparable,1,9,0,9,0,0,1,0,0,0,reference_allele_difference
GCF_000005845.2,b2292,yfbS,GCF_003697165.2,EAS44_RS08855,yfbS,comparable,8,29,2,27,2,0,6,0,0,0,partially_shared_variants
GCF_000005845.2,b2293,hxpA,GCF_003697165.2,EAS44_RS08850,hxpA,comparable,1,17,0,17,0,0,1,0,0,0,reference_allele_difference
GCF_000005845.2,b2294,yfbU,GCF_003697165.2,EAS44_RS08845,yfbU,comparable,0,8,0,8,0,0,0,0,0,0,different_variants_in_same_gene
GCF_000005845.2,b2295,yfbV,GCF_003697165.2,EAS44_RS08840,yfbV,comparable,4,6,1,5,1,0,3,0,0,0,partially_shared_variants
GCF_000005845.2,b2296,ackA,GCF_003697165.2,EAS44_RS08835,ackA,comparable,2,4,1,3,1,0,1,0,0,0,partially_shared_variants
GCF_000005845.2,b2297,pta,GCF_003697165.2,EAS44_RS08830,pta,comparable,1,41,0,41,0,0,1,0,0,0,reference_allele_difference
GCF_000005845.2,b2298,yfcC,GCF_003697165.2,EAS44_RS08825,yfcC,comparable,13,28,9,19,9,0,4,0,0,0,partially_shared_variants
GCF_000005845.2,b2299,yfcD,GCF_003697165.2,EAS44_RS08820,yfcD,comparable,4,4,2,2,2,0,2,0,0,0,partially_shared_variants
GCF_000005845.2,b2300,yfcE,GCF_003697165.2,EAS44_RS08815,yfcE,comparable,1,2,0,2,0,0,1,0,0,0,reference_allele_difference
GCF_000005845.2,b2301,yfcF,GCF_003697165.2,EAS44_RS08810,yfcF,comparable,2,6,0,6,0,0,2,0,0,0,reference_allele_difference
GCF_000005845.2,b2302,yfcG,GCF_003697165.2,EAS44_RS08805,yfcG,comparable,1,17,1,16,1,0,0,0,0,0,partially_shared_variants
GCF_000005845.2,b2303,folX,GCF_003697165.2,EAS44_RS08800,folX,comparable,0,1,0,1,0,0,0,0,0,0,different_variants_in_same_gene
GCF_000005845.2,b2304,yfcH,GCF_003697165.2,EAS44_RS08795,yfcH,comparable,0,26,0,26,0,0,0,0,0,0,different_variants_in_same_gene
GCF_000005845.2,b2305,rpnB,GCF_003697165.2,EAS44_RS08790,rpnB,comparable,1,28,0,28,0,0,1,0,0,0,reference_allele_difference
GCF_000005845.2,b2306,hisP,GCF_003697165.2,EAS44_RS08785,hisP,comparable,1,30,1,29,1,0,0,0,0,0,partially_shared_variants
GCF_000005845.2,b2307,hisM,GCF_003697165.2,EAS44_RS08780,hisM,comparable,0,17,0,17,0,0,0,0,0,0,different_variants_in_same_gene
GCF_000005845.2,b2308,hisQ,GCF_003697165.2,EAS44_RS08775,hisQ,comparable,0,17,0,17,0,0,0,0,0,0,different_variants_in_same_gene
GCF_000005845.2,b2309,hisJ,GCF_003697165.2,EAS44_RS08770,hisJ,comparable,1,23,1,22,1,0,0,0,0,0,partially_shared_variants
GCF_000005845.2,b2310,argT,GCF_003697165.2,EAS44_RS08765,argT,comparable,0,23,0,23,0,0,0,0,0,0,different_variants_in_same_gene
GCF_000005845.2,b2311,ubiX,GCF_003697165.2,EAS44_RS08760,ubiX,comparable,0,16,0,16,0,0,0,0,0,0,different_variants_in_same_gene
GCF_000005845.2,b2312,purF,GCF_003697165.2,EAS44_RS08755,purF,comparable,0,30,0,30,0,0,0,0,0,0,different_variants_in_same_gene
GCF_000005845.2,b2313,cvpA,GCF_003697165.2,EAS44_RS08750,cvpA,comparable,1,3,0,3,0,0,1,0,0,0,reference_allele_difference
GCF_000005845.2,b2314,dedD,GCF_003697165.2,EAS44_RS08745,dedD,comparable,0,18,0,18,0,0,0,0,0,0,different_variants_in_same_gene
GCF_000005845.2,b2315,folC,GCF_003697165.2,EAS44_RS08740,folC,comparable,0,19,0,19,0,0,0,0,0,0,different_variants_in_same_gene
GCF_000005845.2,b2316,accD,GCF_003697165.2,EAS44_RS08735,accD,comparable,1,14,1,13,1,0,0,0,0,0,partially_shared_variants
GCF_000005845.2,b2317,dedA,GCF_003697165.2,EAS44_RS08730,dedA,comparable,0,20,0,20,0,0,0,0,0,0,different_variants_in_same_gene
GCF_000005845.2,b2318,truA,GCF_003697165.2,EAS44_RS08725,truA,comparable,1,17,0,17,0,0,1,0,0,0,reference_allele_difference
GCF_000005845.2,b2319,usg,GCF_003697165.2,EAS44_RS08720,usg,comparable,0,26,0,26,0,0,0,0,0,0,different_variants_in_same_gene
GCF_000005845.2,b2320,pdxB,GCF_003697165.2,EAS44_RS08715,pdxB,comparable,1,33,0,33,0,0,1,0,0,0,reference_allele_difference
GCF_000005845.2,b2321,flk,GCF_003697165.2,EAS44_RS08710,flk,comparable,0,13,0,13,0,0,0,0,0,0,different_variants_in_same_gene
GCF_000005845.2,b2322,yfcJ,GCF_003697165.2,EAS44_RS08705,yfcJ,comparable,14,41,10,31,10,0,4,0,0,0,partially_shared_variants
GCF_000005845.2,b2323,fabB,GCF_003697165.2,EAS44_RS08700,fabB,comparable,2,25,2,23,2,0,0,0,0,0,partially_shared_variants
GCF_000005845.2,b2324,mnmC,GCF_003697165.2,EAS44_RS08695,mnmC,comparable,8,104,5,99,5,0,3,0,0,0,partially_shared_variants
GCF_000005845.2,b2325,yfcL,GCF_003697165.2,EAS44_RS08690,yfcL,comparable,1,10,1,9,1,0,0,0,0,0,partially_shared_variants
GCF_000005845.2,b2326,epmC,GCF_003697165.2,EAS44_RS08685,epmC,comparable,15,32,11,21,11,0,4,0,0,0,partially_shared_variants
GCF_000005845.2,b2327,yfcA,GCF_003697165.2,EAS44_RS08680,yfcA,comparable,5,31,1,30,1,0,4,0,0,0,partially_shared_variants
GCF_000005845.2,b2328,mepA,GCF_003697165.2,EAS44_RS08675,mepA,comparable,1,20,1,19,1,0,0,0,0,0,partially_shared_variants
GCF_000005845.2,b2329,aroC,GCF_003697165.2,EAS44_RS08670,aroC,comparable,34,56,15,41,15,0,19,0,0,0,partially_shared_variants
GCF_000005845.2,b2330,prmB,GCF_003697165.2,EAS44_RS08665,prmB,comparable,41,39,26,13,26,0,15,0,0,0,partially_shared_variants
GCF_000005845.2,b2340,sixA,GCF_003697165.2,EAS44_RS08615,sixA,comparable,3,6,0,6,0,0,0,0,0,3,unresolved_liftover
GCF_000005845.2,b2341,fadJ,GCF_003697165.2,EAS44_RS08610,fadJ,comparable,18,87,0,87,0,0,0,0,0,18,unresolved_liftover
GCF_000005845.2,b2342,fadI,GCF_003697165.2,EAS44_RS08605,fadI,comparable,0,58,0,58,0,0,0,0,0,0,different_variants_in_same_gene
GCF_000005845.2,b2343,yfcZ,GCF_003697165.2,EAS44_RS08600,yfcZ,comparable,0,5,0,5,0,0,0,0,0,0,different_variants_in_same_gene
GCF_000005845.2,b2344,fadL,GCF_003697165.2,EAS44_RS08595,fadL,comparable,1,43,0,43,0,0,0,0,0,1,unresolved_liftover
GCF_000005845.2,b2346,mlaA,GCF_003697165.2,EAS44_RS08590,mlaA,comparable,8,18,0,18,0,0,0,0,0,8,unresolved_liftover
GCF_000005845.2,b2347,yfdC,GCF_003697165.2,EAS44_RS08585,yfdC,comparable,2,20,0,20,0,0,0,0,0,2,unresolved_liftover
GCF_000005845.2,b2365,dsdX,GCF_003697165.2,EAS44_RS08255,dsdX,comparable,1,25,0,25,0,0,0,0,0,1,unresolved_liftover
GCF_000005845.2,b2366,dsdA,GCF_003697165.2,EAS44_RS08250,dsdA,comparable,7,68,0,68,0,0,0,0,0,7,unresolved_liftover
GCF_000005845.2,b2369,evgA,GCF_003697165.2,EAS44_RS08235,evgA,comparable,0,5,0,5,0,0,0,0,0,0,different_variants_in_same_gene
GCF_000005845.2,b2370,evgS,GCF_003697165.2,EAS44_RS08230,evgS,comparable,0,129,0,129,0,0,0,0,0,0,different_variants_in_same_gene
GCF_000005845.2,b2371,yfdE,GCF_003697165.2,EAS44_RS08225,yfdE,comparable,4,27,0,27,0,0,0,0,0,4,unresolved_liftover
GCF_000005845.2,b2372,yfdV,GCF_003697165.2,EAS44_RS08220,yfdV,comparable,1,22,0,22,0,0,0,0,0,1,unresolved_liftover
GCF_000005845.2,b2373,oxc,GCF_003697165.2,EAS44_RS08215,oxc,comparable,0,35,0,35,0,0,0,0,0,0,different_variants_in_same_gene
GCF_000005845.2,b2374,frc,GCF_003697165.2,EAS44_RS08210,frc,comparable,0,16,0,16,0,0,0,0,0,0,different_variants_in_same_gene
GCF_000005845.2,b2375,yfdX,GCF_003697165.2,EAS44_RS08205,yfdX,comparable,3,12,0,12,0,0,0,0,0,3,unresolved_liftover
GCF_000005845.2,b2376,ypdI,GCF_003697165.2,EAS44_RS08200,ypdI,comparable,7,20,0,20,0,0,0,0,0,7,unresolved_liftover
GCF_000005845.2,b2377,yfdY,GCF_003697165.2,EAS44_RS08195,yfdY,comparable,3,5,0,5,0,0,0,0,0,3,unresolved_liftover
GCF_000005845.2,b2378,lpxP,GCF_003697165.2,EAS44_RS08190,lpxP,comparable,0,24,0,24,0,0,0,0,0,0,different_variants_in_same_gene
GCF_000005845.2,b4680,ypdK,GCF_003697165.2,EAS44_RS08185,ypdK,comparable,1,1,0,1,0,0,0,0,0,1,unresolved_liftover
GCF_000005845.2,b2379,alaC,GCF_003697165.2,EAS44_RS08180,alaC,comparable,0,53,0,53,0,0,0,0,0,0,different_variants_in_same_gene
GCF_000005845.2,b2380,pyrS,GCF_003697165.2,EAS44_RS08175,ypdA,comparable,30,58,0,58,0,0,0,0,0,30,unresolved_liftover
GCF_000005845.2,b2381,pyrR,GCF_003697165.2,EAS44_RS08170,ypdB,comparable,8,18,0,18,0,0,0,0,0,8,unresolved_liftover
GCF_000005845.2,b2382,ypdC,GCF_003697165.2,EAS44_RS08165,ypdC,comparable,14,31,0,31,0,0,0,0,0,14,unresolved_liftover
GCF_000005845.2,b2383,fryA,GCF_003697165.2,EAS44_RS08160,ptsP,comparable,3,122,0,122,0,0,0,0,0,3,unresolved_liftover
GCF_000005845.2,b2384,ypdE,GCF_003697165.2,EAS44_RS08155,ypdE,comparable,2,38,0,38,0,0,0,0,0,2,unresolved_liftover
GCF_000005845.2,b2385,ypdF,GCF_003697165.2,EAS44_RS08150,ypdF,comparable,2,43,0,43,0,0,0,0,0,2,unresolved_liftover
GCF_000005845.2,b2386,fryC,GCF_003697165.2,EAS44_RS08145,fryC,comparable,2,36,0,36,0,0,0,0,0,2,unresolved_liftover
GCF_000005845.2,b2387,fryB,GCF_003697165.2,EAS44_RS08140,fryB,comparable,0,3,0,3,0,0,0,0,0,0,different_variants_in_same_gene
GCF_000005845.2,b2388,glk,GCF_003697165.2,EAS44_RS08135,glk,comparable,0,15,0,15,0,0,0,0,0,0,different_variants_in_same_gene
GCF_000005845.2,b2389,yfeO,GCF_003697165.2,EAS44_RS08130,yfeO,comparable,9,28,0,28,0,0,0,0,0,9,unresolved_liftover
GCF_000005845.2,b2390,ypeC,GCF_003697165.2,EAS44_RS08125,ypeC,comparable,9,10,0,10,0,0,0,0,0,9,unresolved_liftover
GCF_000005845.2,b2392,mntH,GCF_003697165.2,EAS44_RS08120,mntH,comparable,22,33,0,33,0,0,0,0,0,22,unresolved_liftover
GCF_000005845.2,b2393,nupC,GCF_003697165.2,EAS44_RS08115,nupC,comparable,15,19,0,19,0,0,0,0,0,15,unresolved_liftover
GCF_000005845.2,b2395,pdeA,GCF_003697165.2,EAS44_RS08110,pdeA,comparable,2,72,0,72,0,0,0,0,0,2,unresolved_liftover
GCF_000005845.2,b2398,yfeC,GCF_003697165.2,EAS44_RS08095,yfeC,comparable,0,5,0,5,0,0,0,0,0,0,different_variants_in_same_gene
GCF_000005845.2,b2400,gltX,GCF_003697165.2,EAS44_RS08085,gltX,comparable,0,29,0,29,0,0,0,0,0,0,different_variants_in_same_gene
GCF_000005845.2,b2409,yfeR,GCF_003697165.2,EAS44_RS08035,yfeR,comparable,2,11,0,11,0,0,0,0,0,2,unresolved_liftover
GCF_000005845.2,b2410,yfeH,GCF_003697165.2,EAS44_RS08030,yfeH,comparable,0,19,0,19,0,0,0,0,0,0,different_variants_in_same_gene
GCF_000005845.2,b4546,ypeB,GCF_003697165.2,EAS44_RS08025,ypeB,comparable,0,1,0,1,0,0,0,0,0,0,different_variants_in_same_gene
GCF_000005845.2,b2411,ligA,GCF_003697165.2,EAS44_RS08020,ligA,comparable,18,55,0,55,0,0,0,0,0,18,unresolved_liftover
GCF_000005845.2,b2412,zipA,GCF_003697165.2,EAS44_RS08015,zipA,comparable,2,11,0,11,0,0,0,0,0,2,unresolved_liftover
GCF_000005845.2,b2413,cysZ,GCF_003697165.2,EAS44_RS08010,cysZ,comparable,12,10,0,10,0,0,0,0,0,12,unresolved_liftover
GCF_000005845.2,b2414,cysK,GCF_003697165.2,EAS44_RS08005,cysK,comparable,6,21,0,21,0,0,0,0,0,6,unresolved_liftover
GCF_000005845.2,b2415,ptsH,GCF_003697165.2,EAS44_RS08000,ptsH,comparable,0,0,0,0,0,0,0,0,0,0,same_exact_variants
GCF_000005845.2,b2416,ptsI,GCF_003697165.2,EAS44_RS07995,ptsI,comparable,1,8,0,8,0,0,0,0,0,1,unresolved_liftover
GCF_000005845.2,b2417,crr,GCF_003697165.2,EAS44_RS07990,crr,comparable,0,7,0,7,0,0,0,0,0,0,different_variants_in_same_gene
GCF_000005845.2,b2418,pdxK,GCF_003697165.2,EAS44_RS07985,pdxK,comparable,0,28,0,28,0,0,0,0,0,0,different_variants_in_same_gene
GCF_000005845.2,b2419,yfeK,GCF_003697165.2,EAS44_RS07980,yfeK,comparable,12,18,0,18,0,0,0,0,0,12,unresolved_liftover
GCF_000005845.2,b2421,cysM,GCF_003697165.2,EAS44_RS07975,cysM,comparable,24,40,0,40,0,0,0,0,0,24,unresolved_liftover
GCF_000005845.2,b2422,cysA,GCF_003697165.2,EAS44_RS07970,cysA,comparable,32,53,0,53,0,0,0,0,0,32,unresolved_liftover
GCF_000005845.2,b2423,cysW,GCF_003697165.2,EAS44_RS07965,cysW,comparable,29,40,0,40,0,0,0,0,0,29,unresolved_liftover
GCF_000005845.2,b2424,cysU,GCF_003697165.2,EAS44_RS07960,cysT,comparable,44,48,0,48,0,0,0,0,0,44,unresolved_liftover
GCF_000005845.2,b2425,cysP,GCF_003697165.2,EAS44_RS07955,cysP,comparable,31,33,0,33,0,0,0,0,0,31,unresolved_liftover
GCF_000005845.2,b2426,ucpA,GCF_003697165.2,EAS44_RS07950,ucpA,comparable,12,29,0,29,0,0,0,0,0,12,unresolved_liftover
GCF_000005845.2,b2428,murQ,GCF_003697165.2,EAS44_RS07940,murQ,comparable,23,48,0,48,0,0,0,0,0,23,unresolved_liftover
GCF_000005845.2,b2429,murP,GCF_003697165.2,EAS44_RS07935,murP,comparable,28,53,0,53,0,0,0,0,0,28,unresolved_liftover
GCF_000005845.2,b2431,yfeX,GCF_003697165.2,EAS44_RS07930,yfeX,comparable,10,21,0,21,0,0,0,0,0,10,unresolved_liftover
GCF_000005845.2,b2432,yfeY,GCF_003697165.2,EAS44_RS07925,yfeY,comparable,7,14,0,14,0,0,0,0,0,7,unresolved_liftover
GCF_000005845.2,b2433,yfeZ,GCF_003697165.2,EAS44_RS07920,yfeZ,comparable,2,19,0,19,0,0,0,0,0,2,unresolved_liftover
GCF_000005845.2,b2434,ypeA,GCF_003697165.2,EAS44_RS07915,ypeA,comparable,2,7,0,7,0,0,0,0,0,2,unresolved_liftover
GCF_000005845.2,b2435,amiA,GCF_003697165.2,EAS44_RS07910,amiA,comparable,0,44,0,44,0,0,0,0,0,0,different_variants_in_same_gene
GCF_000005845.2,b2436,hemF,GCF_003697165.2,EAS44_RS07905,hemF,comparable,16,22,0,22,0,0,0,0,0,16,unresolved_liftover
GCF_000005845.2,b2437,eutR,GCF_003697165.2,EAS44_RS07900,eutR,comparable,0,44,0,44,0,0,0,0,0,0,different_variants_in_same_gene
GCF_000005845.2,b2438,eutK,GCF_003697165.2,EAS44_RS07895,eutK,comparable,0,5,0,5,0,0,0,0,0,0,different_variants_in_same_gene
GCF_000005845.2,b2439,eutL,GCF_003697165.2,EAS44_RS07890,eutL,comparable,37,22,0,22,0,0,0,0,0,37,unresolved_liftover
GCF_000005845.2,b2440,eutC,GCF_003697165.2,EAS44_RS07885,eutC,comparable,14,27,0,27,0,0,0,0,0,14,unresolved_liftover
GCF_000005845.2,b2441,eutB,GCF_003697165.2,EAS44_RS07880,eutB,comparable,0,30,0,30,0,0,0,0,0,0,different_variants_in_same_gene
GCF_000005845.2,b2451,eutA,GCF_003697165.2,EAS44_RS07875,eutA,comparable,19,55,0,55,0,0,0,0,0,19,unresolved_liftover
GCF_000005845.2,b2452,eutH,GCF_003697165.2,EAS44_RS07870,eutH,comparable,27,47,0,47,0,0,0,0,0,27,unresolved_liftover
GCF_000005845.2,b2455,eutE,GCF_003697165.2,EAS44_RS07855,eutE,comparable,36,42,0,42,0,0,0,0,0,36,unresolved_liftover
GCF_000005845.2,b2456,eutN,GCF_003697165.2,EAS44_RS07850,eutN,comparable,0,2,0,2,0,0,0,0,0,0,different_variants_in_same_gene
GCF_000005845.2,b2458,eutD,GCF_003697165.2,EAS44_RS07840,pta,comparable,0,32,0,32,0,0,0,0,0,0,different_variants_in_same_gene
GCF_000005845.2,b2459,eutT,GCF_003697165.2,EAS44_RS07835,eutT,comparable,4,15,0,15,0,0,0,0,0,4,unresolved_liftover
GCF_000005845.2,b2460,eutQ,GCF_003697165.2,EAS44_RS07830,eutQ,comparable,19,39,0,39,0,0,0,0,0,19,unresolved_liftover
GCF_000005845.2,b2461,eutP,GCF_003697165.2,EAS44_RS07825,eutP,comparable,6,3,0,3,0,0,0,0,0,6,unresolved_liftover
GCF_000005845.2,b2463,maeB,GCF_003697165.2,EAS44_RS07815,maeB,comparable,2,61,0,61,0,0,0,0,0,2,unresolved_liftover
GCF_000005845.2,b2464,talA,GCF_003697165.2,EAS44_RS07810,tal,comparable,0,14,0,14,0,0,0,0,0,0,different_variants_in_same_gene
GCF_000005845.2,b2465,tktB,GCF_003697165.2,EAS44_RS07805,tkt,comparable,0,66,0,66,0,0,0,0,0,0,different_variants_in_same_gene
GCF_000005845.2,b2466,ypfG,GCF_003697165.2,EAS44_RS07800,ypfG,comparable,0,33,0,33,0,0,0,0,0,0,different_variants_in_same_gene
GCF_000005845.2,b2467,nudK,GCF_003697165.2,EAS44_RS07795,nudK,comparable,0,20,0,20,0,0,0,0,0,0,different_variants_in_same_gene
GCF_000005845.2,b2469,narQ,GCF_003697165.2,EAS44_RS07785,narQ,comparable,0,35,0,35,0,0,0,0,0,0,different_variants_in_same_gene
GCF_000005845.2,b2470,acrD,GCF_003697165.2,EAS44_RS07780,acrD,comparable,7,54,0,54,0,0,0,0,0,7,unresolved_liftover
GCF_000005845.2,b4606,ypfM,GCF_003697165.2,EAS44_RS07775,ypfM,comparable,0,0,0,0,0,0,0,0,0,0,same_exact_variants
GCF_000005845.2,b2471,yffB,GCF_003697165.2,EAS44_RS07770,yffB,comparable,0,9,0,9,0,0,0,0,0,0,different_variants_in_same_gene
GCF_000005845.2,b2472,dapE,GCF_003697165.2,EAS44_RS07765,dapE,comparable,0,15,0,15,0,0,0,0,0,0,different_variants_in_same_gene
GCF_000005845.2,b4547,ypfN,GCF_003697165.2,EAS44_RS07760,ypfN,comparable,0,0,0,0,0,0,0,0,0,0,same_exact_variants
GCF_000005845.2,b2473,ypfH,GCF_003697165.2,EAS44_RS07755,ypfH,comparable,0,23,0,23,0,0,0,0,0,0,different_variants_in_same_gene
GCF_000005845.2,b2474,tmcA,GCF_003697165.2,EAS44_RS07750,tmcA,comparable,0,71,0,71,0,0,0,0,0,0,different_variants_in_same_gene
GCF_000005845.2,b2475,ypfJ,GCF_003697165.2,EAS44_RS07745,ypfJ,comparable,0,13,0,13,0,0,0,0,0,0,different_variants_in_same_gene
GCF_000005845.2,b2476,purC,GCF_003697165.2,EAS44_RS07740,purC,comparable,0,9,0,9,0,0,0,0,0,0,different_variants_in_same_gene
GCF_000005845.2,b2477,bamC,GCF_003697165.2,EAS44_RS07735,bamC,comparable,0,10,0,10,0,0,0,0,0,0,different_variants_in_same_gene
GCF_000005845.2,b2479,gcvR,GCF_003697165.2,EAS44_RS07725,gcvR,comparable,0,5,0,5,0,0,0,0,0,0,different_variants_in_same_gene
GCF_000005845.2,b2480,bcp,GCF_003697165.2,EAS44_RS07720,bcp,comparable,0,1,0,1,0,0,0,0,0,0,different_variants_in_same_gene
GCF_000005845.2,b2493,yfgO,GCF_003697165.2,EAS44_RS07715,yfgO,comparable,21,30,0,30,0,0,0,0,0,21,unresolved_liftover
GCF_000005845.2,b2494,bepA,GCF_003697165.2,EAS44_RS07710,bepA,comparable,16,51,0,51,0,0,0,0,0,16,unresolved_liftover
GCF_000005845.2,b2495,yfgD,GCF_003697165.2,EAS44_RS07705,arsC,comparable,2,10,0,10,0,0,0,0,0,2,unresolved_liftover
GCF_000005845.2,b2496,hda,GCF_003697165.2,EAS44_RS07700,hda,comparable,0,9,0,9,0,0,0,0,0,0,different_variants_in_same_gene
GCF_000005845.2,b2497,uraA,GCF_003697165.2,EAS44_RS07695,uraA,comparable,0,25,0,25,0,0,0,0,0,0,different_variants_in_same_gene
GCF_000005845.2,b2498,upp,GCF_003697165.2,EAS44_RS07690,upp,comparable,0,8,0,8,0,0,0,0,0,0,different_variants_in_same_gene
GCF_000005845.2,b2499,purM,GCF_003697165.2,EAS44_RS07685,purM,comparable,10,21,0,21,0,0,0,0,0,10,unresolved_liftover
GCF_000005845.2,b2500,purN,GCF_003697165.2,EAS44_RS07680,purN,comparable,2,5,0,5,0,0,0,0,0,2,unresolved_liftover
GCF_000005845.2,b2501,ppk,GCF_003697165.2,EAS44_RS07675,ppk1,comparable,38,46,0,46,0,0,0,0,0,38,unresolved_liftover
GCF_000005845.2,b2502,ppx,GCF_003697165.2,EAS44_RS07670,ppx,comparable,2,26,0,26,0,0,0,0,0,2,unresolved_liftover
GCF_000005845.2,b2503,pdeF,GCF_003697165.2,EAS44_RS07665,pdeF,comparable,1,48,0,48,0,0,0,0,0,1,unresolved_liftover
GCF_000005845.2,b2504,yfgG,GCF_003697165.2,EAS44_RS07660,yfgG,comparable,0,0,0,0,0,0,0,0,0,0,same_exact_variants
GCF_000005845.2,b2505,yfgH,GCF_003697165.2,EAS44_RS07655,yfgH,comparable,0,6,0,6,0,0,0,0,0,0,different_variants_in_same_gene
GCF_000005845.2,b2506,yfgI,GCF_003697165.2,EAS44_RS07650,yfgI,comparable,0,16,0,16,0,0,0,0,0,0,different_variants_in_same_gene
GCF_000005845.2,b2507,guaA,GCF_003697165.2,EAS44_RS07645,guaA,comparable,1,41,0,41,0,0,0,0,0,1,unresolved_liftover
GCF_000005845.2,b2508,guaB,GCF_003697165.2,EAS44_RS07640,guaB,comparable,0,55,0,55,0,0,0,0,0,0,different_variants_in_same_gene
GCF_000005845.2,b2511,der,GCF_003697165.2,EAS44_RS07610,der,comparable,0,32,0,32,0,0,0,0,0,0,different_variants_in_same_gene
GCF_000005845.2,b2512,bamB,GCF_003697165.2,EAS44_RS07605,bamB,comparable,1,12,0,12,0,0,1,0,0,0,reference_allele_difference
GCF_000005845.2,b2513,yfgM,GCF_003697165.2,EAS44_RS07600,yfgM,comparable,0,6,0,6,0,0,0,0,0,0,different_variants_in_same_gene
GCF_000005845.2,b2514,hisS,GCF_003697165.2,EAS44_RS07595,hisS,comparable,1,24,0,24,0,0,1,0,0,0,reference_allele_difference
GCF_000005845.2,b2515,ispG,GCF_003697165.2,EAS44_RS07590,ispG,comparable,0,13,0,13,0,0,0,0,0,0,different_variants_in_same_gene
GCF_000005845.2,b2516,rodZ,GCF_003697165.2,EAS44_RS07585,rodZ,comparable,1,29,0,29,0,0,1,0,0,0,reference_allele_difference
GCF_000005845.2,b2517,rlmN,GCF_003697165.2,EAS44_RS07580,rlmN,comparable,1,22,1,21,1,0,0,0,0,0,partially_shared_variants
GCF_000005845.2,b2518,ndk,GCF_003697165.2,EAS44_RS07575,ndk,comparable,0,12,0,12,0,0,0,0,0,0,different_variants_in_same_gene
GCF_000005845.2,b2519,pbpC,GCF_003697165.2,EAS44_RS07570,pbpC,comparable,1,84,1,83,1,0,0,0,0,0,partially_shared_variants
GCF_000005845.2,b2520,yfhM,GCF_003697165.2,EAS44_RS07565,yfhM,comparable,11,173,4,169,4,0,7,0,0,0,partially_shared_variants
GCF_000005845.2,b2521,sseA,GCF_003697165.2,EAS44_RS07560,sseA,comparable,0,19,0,19,0,0,0,0,0,0,different_variants_in_same_gene
GCF_000005845.2,b4812,timP,GCF_003697165.2,EAS44_RS25690,timP,comparable,0,2,0,2,0,0,0,0,0,0,different_variants_in_same_gene
GCF_000005845.2,b2522,sseB,GCF_003697165.2,EAS44_RS07555,sseB,comparable,0,22,0,22,0,0,0,0,0,0,different_variants_in_same_gene
GCF_000005845.2,b2523,pepB,GCF_003697165.2,EAS44_RS07550,pepB,comparable,6,43,4,39,4,0,2,0,0,0,partially_shared_variants
GCF_000005845.2,b2524,iscX,GCF_003697165.2,EAS44_RS07545,iscX,comparable,0,5,0,5,0,0,0,0,0,0,different_variants_in_same_gene
GCF_000005845.2,b2525,fdx,GCF_003697165.2,EAS44_RS07540,fdx,comparable,5,8,3,5,3,0,2,0,0,0,partially_shared_variants
GCF_000005845.2,b2526,hscA,GCF_003697165.2,EAS44_RS07535,hscA,comparable,6,35,4,31,4,0,2,0,0,0,partially_shared_variants
GCF_000005845.2,b2527,hscB,GCF_003697165.2,EAS44_RS07530,hscB,comparable,0,5,0,5,0,0,0,0,0,0,different_variants_in_same_gene
GCF_000005845.2,b2528,iscA,GCF_003697165.2,EAS44_RS07525,iscA,comparable,0,3,0,3,0,0,0,0,0,0,different_variants_in_same_gene
GCF_000005845.2,b2529,iscU,GCF_003697165.2,EAS44_RS07520,iscU,comparable,1,1,0,1,0,0,1,0,0,0,reference_allele_difference
GCF_000005845.2,b2530,iscS,GCF_003697165.2,EAS44_RS07515,iscS,comparable,14,18,8,10,8,0,6,0,0,0,partially_shared_variants
GCF_000005845.2,b2531,iscR,GCF_003697165.2,EAS44_RS07510,iscR,comparable,0,3,0,3,0,0,0,0,0,0,different_variants_in_same_gene
GCF_000005845.2,b2532,trmJ,GCF_003697165.2,EAS44_RS07505,trmJ,comparable,12,17,9,8,9,0,3,0,0,0,partially_shared_variants
GCF_000005845.2,b2533,suhB,GCF_003697165.2,EAS44_RS07500,suhB,comparable,4,6,2,4,2,0,2,0,0,0,partially_shared_variants
GCF_000005845.2,b2534,yfhR,GCF_003697165.2,EAS44_RS07495,yfhR,comparable,8,18,4,14,4,0,4,0,0,0,partially_shared_variants
GCF_000005845.2,b2535,csiE,GCF_003697165.2,EAS44_RS07490,csiE,comparable,7,30,3,27,3,0,4,0,0,0,partially_shared_variants
GCF_000005845.2,b2536,hcaT,GCF_003697165.2,EAS44_RS07485,hcaT,comparable,6,15,4,11,4,0,2,0,0,0,partially_shared_variants
GCF_000005845.2,b2543,yphA,GCF_003697165.2,EAS44_RS07480,yphA,comparable,0,12,0,12,0,0,0,0,0,0,different_variants_in_same_gene
GCF_000005845.2,b2544,yphB,GCF_003697165.2,EAS44_RS07475,yphB,comparable,3,44,3,41,3,0,0,0,0,0,partially_shared_variants
GCF_000005845.2,b2545,yphC,GCF_003697165.2,EAS44_RS07470,yphC,comparable,17,57,11,46,11,0,6,0,0,0,partially_shared_variants
GCF_000005845.2,b2546,yphD,GCF_003697165.2,EAS44_RS07465,yphD,comparable,2,50,1,49,1,0,1,0,0,0,partially_shared_variants
GCF_000005845.2,b2547,yphE,GCF_003697165.2,EAS44_RS07460,yphE,comparable,1,39,1,38,1,0,0,0,0,0,partially_shared_variants
GCF_000005845.2,b2548,yphF,GCF_003697165.2,EAS44_RS07455,yphF,comparable,9,37,1,36,1,0,8,0,0,0,partially_shared_variants
GCF_000005845.2,b2549,yphG,GCF_003697165.2,EAS44_RS07450,yphG,comparable,68,112,28,84,28,0,40,0,0,0,partially_shared_variants
GCF_000005845.2,b2550,yphH,GCF_003697165.2,EAS44_RS07445,yphH,comparable,20,45,8,37,8,0,12,0,0,0,partially_shared_variants
GCF_000005845.2,b2551,glyA,GCF_003697165.2,EAS44_RS07440,glyA,comparable,7,25,6,19,6,0,1,0,0,0,partially_shared_variants
GCF_000005845.2,b2552,hmp,GCF_003697165.2,EAS44_RS07435,hmpA,comparable,3,18,1,17,1,0,2,0,0,0,partially_shared_variants
GCF_000005845.2,b2553,glnB,GCF_003697165.2,EAS44_RS07430,glnB,comparable,0,10,0,10,0,0,0,0,0,0,different_variants_in_same_gene
GCF_000005845.2,b2554,glrR,GCF_003697165.2,EAS44_RS07425,glrR,comparable,8,50,4,46,4,0,4,0,0,0,partially_shared_variants
GCF_000005845.2,b2555,qseG,GCF_003697165.2,EAS44_RS07420,qseG,comparable,1,12,0,12,0,0,1,0,0,0,reference_allele_difference
GCF_000005845.2,b2556,glrK,GCF_003697165.2,EAS44_RS07415,qseE,comparable,25,28,15,13,15,0,10,0,0,0,partially_shared_variants
GCF_000005845.2,b2557,purL,GCF_003697165.2,EAS44_RS07410,purL,comparable,67,157,53,104,53,0,14,0,0,0,partially_shared_variants
GCF_000005845.2,b2558,mltF,GCF_003697165.2,EAS44_RS07405,mltF,comparable,0,23,0,23,0,0,0,0,0,0,different_variants_in_same_gene
GCF_000005845.2,b2559,tadA,GCF_003697165.2,EAS44_RS07400,tadA,comparable,1,16,1,15,1,0,0,0,0,0,partially_shared_variants
GCF_000005845.2,b2560,pgpC,GCF_003697165.2,EAS44_RS07395,yfhb,comparable,0,21,0,21,0,0,0,0,0,0,different_variants_in_same_gene
GCF_000005845.2,b2561,yfhH,GCF_003697165.2,EAS44_RS07390,yfhH,comparable,0,9,0,9,0,0,0,0,0,0,different_variants_in_same_gene
GCF_000005845.2,b2562,yfhL,GCF_003697165.2,EAS44_RS07385,yfhL,comparable,0,9,0,9,0,0,0,0,0,0,different_variants_in_same_gene
GCF_000005845.2,b4687,shoB,GCF_003697165.2,EAS44_RS07380,shoB,comparable,0,2,0,2,0,0,0,0,0,0,different_variants_in_same_gene
GCF_000005845.2,b2563,acpS,GCF_003697165.2,EAS44_RS07375,acpS,comparable,1,17,0,17,0,0,1,0,0,0,reference_allele_difference
GCF_000005845.2,b2564,pdxJ,GCF_003697165.2,EAS44_RS07370,pdxJ,comparable,0,22,0,22,0,0,0,0,0,0,different_variants_in_same_gene
GCF_000005845.2,b2565,recO,GCF_003697165.2,EAS44_RS07365,recO,comparable,1,12,1,11,1,0,0,0,0,0,partially_shared_variants
GCF_000005845.2,b2566,era,GCF_003697165.2,EAS44_RS07360,era,comparable,4,29,1,28,1,0,3,0,0,0,partially_shared_variants
GCF_000005845.2,b2567,rnc,GCF_003697165.2,EAS44_RS07355,rnc,comparable,8,13,6,7,6,0,2,0,0,0,partially_shared_variants
GCF_000005845.2,b2568,lepB,GCF_003697165.2,EAS44_RS07350,lepB,comparable,5,13,2,11,2,0,3,0,0,0,partially_shared_variants
GCF_000005845.2,b2569,lepA,GCF_003697165.2,EAS44_RS07345,lepA,comparable,16,34,10,24,10,0,6,0,0,0,partially_shared_variants
GCF_000005845.2,b2570,rseC,GCF_003697165.2,EAS44_RS07340,rseC,comparable,6,7,2,5,2,0,4,0,0,0,partially_shared_variants
GCF_000005845.2,b2571,rseB,GCF_003697165.2,EAS44_RS07335,rseB,comparable,6,20,5,15,5,0,1,0,0,0,partially_shared_variants
GCF_000005845.2,b2572,rseA,GCF_003697165.2,EAS44_RS07330,rseA,comparable,2,10,1,9,1,0,1,0,0,0,partially_shared_variants
GCF_000005845.2,b2573,rpoE,GCF_003697165.2,EAS44_RS07325,rpoE,comparable,1,1,1,0,1,0,0,0,0,0,same_exact_variants
GCF_000005845.2,b4725,rseD,GCF_003697165.2,EAS44_RS07320,rseD,comparable,0,0,0,0,0,0,0,0,0,0,same_exact_variants
GCF_000005845.2,b2574,nadB,GCF_003697165.2,EAS44_RS07315,nadB,comparable,29,44,12,32,12,0,17,0,0,0,partially_shared_variants
GCF_000005845.2,b2575,yfiC,GCF_003697165.2,EAS44_RS07310,trmN,comparable,1,17,1,16,1,0,0,0,0,0,partially_shared_variants
GCF_000005845.2,b2576,srmB,GCF_003697165.2,EAS44_RS07305,srmB,comparable,1,31,0,31,0,0,1,0,0,0,reference_allele_difference
GCF_000005845.2,b2577,yfiE,GCF_003697165.2,EAS44_RS07300,yfiE,comparable,0,43,0,43,0,0,0,0,0,0,different_variants_in_same_gene
GCF_000005845.2,b2578,eamB,GCF_003697165.2,EAS44_RS07295,eamB,comparable,1,7,1,6,1,0,0,0,0,0,partially_shared_variants
GCF_000005845.2,b2579,grcA,GCF_003697165.2,EAS44_RS07290,grcA,comparable,2,5,1,4,1,0,1,0,0,0,partially_shared_variants
GCF_000005845.2,b2580,ung,GCF_003697165.2,EAS44_RS07285,ung,comparable,17,28,8,20,8,0,9,0,0,0,partially_shared_variants
GCF_000005845.2,b2581,yfiF,GCF_003697165.2,EAS44_RS07280,yfiF,comparable,22,29,11,18,11,0,11,0,0,0,partially_shared_variants
GCF_000005845.2,b2582,trxC,GCF_003697165.2,EAS44_RS07275,trxC,comparable,1,8,0,8,0,0,1,0,0,0,reference_allele_difference
GCF_000005845.2,b2583,tapT,GCF_003697165.2,EAS44_RS07270,tapT,comparable,8,15,5,10,5,0,3,0,0,0,partially_shared_variants
GCF_000005845.2,b2584,patZ,GCF_003697165.2,EAS44_RS07265,patZ,comparable,53,56,19,37,19,0,34,0,0,0,partially_shared_variants
GCF_000005845.2,b2585,pssA,GCF_003697165.2,EAS44_RS07260,pssA,comparable,11,6,5,1,5,0,6,0,0,0,partially_shared_variants
GCF_000005845.2,b2586,yfiM,GCF_003697165.2,EAS44_RS07255,yfiM,comparable,1,6,1,5,1,0,0,0,0,0,partially_shared_variants
GCF_000005845.2,b2593,yfiH,GCF_003697165.2,EAS44_RS07200,yfiH,comparable,21,17,6,11,6,0,15,0,0,0,partially_shared_variants
GCF_000005845.2,b2594,rluD,GCF_003697165.2,EAS44_RS07195,rluD,comparable,0,30,0,30,0,0,0,0,0,0,different_variants_in_same_gene
GCF_000005845.2,b2595,bamD,GCF_003697165.2,EAS44_RS07190,bamD,comparable,0,7,0,7,0,0,0,0,0,0,different_variants_in_same_gene
GCF_000005845.2,b2597,raiA,GCF_003697165.2,EAS44_RS07185,raiA,comparable,0,0,0,0,0,0,0,0,0,0,same_exact_variants
GCF_000005845.2,b2598,pheL,GCF_003697165.2,EAS44_RS07180,pheL,comparable,1,0,0,0,0,0,1,0,0,0,reference_allele_difference
GCF_000005845.2,b2599,pheA,GCF_003697165.2,EAS44_RS07175,pheA,comparable,12,29,10,19,10,0,2,0,0,0,partially_shared_variants
GCF_000005845.2,b2600,tyrA,GCF_003697165.2,EAS44_RS07170,tyrA,comparable,20,16,6,10,6,0,14,0,0,0,partially_shared_variants
GCF_000005845.2,b2601,aroF,GCF_003697165.2,EAS44_RS07165,aroF,comparable,1,8,0,8,0,0,1,0,0,0,reference_allele_difference
GCF_000005845.2,b2602,yfiL,GCF_003697165.2,EAS44_RS07160,yfiL,comparable,1,7,0,7,0,0,1,0,0,0,reference_allele_difference
GCF_000005845.2,b2603,yfiR,GCF_003697165.2,EAS44_RS07155,yfiR,comparable,0,12,0,12,0,0,0,0,0,0,different_variants_in_same_gene
GCF_000005845.2,b2604,dgcN,GCF_003697165.2,EAS44_RS07150,dgcN,comparable,10,28,7,21,7,0,3,0,0,0,partially_shared_variants
GCF_000005845.2,b2605,yfiB,GCF_003697165.2,EAS44_RS07145,yfiB,comparable,2,8,0,8,0,0,2,0,0,0,reference_allele_difference
GCF_000005845.2,b2606,rplS,GCF_003697165.2,EAS44_RS07140,rplS,comparable,0,0,0,0,0,0,0,0,0,0,same_exact_variants
GCF_000005845.2,b2607,trmD,GCF_003697165.2,EAS44_RS07135,trmD,comparable,0,2,0,2,0,0,0,0,0,0,different_variants_in_same_gene
GCF_000005845.2,b2608,rimM,GCF_003697165.2,EAS44_RS07130,rimM,comparable,0,4,0,4,0,0,0,0,0,0,different_variants_in_same_gene
GCF_000005845.2,b2609,rpsP,GCF_003697165.2,EAS44_RS07125,rpsP,comparable,0,0,0,0,0,0,0,0,0,0,same_exact_variants
GCF_000005845.2,b2610,ffh,GCF_003697165.2,EAS44_RS07120,ffh,comparable,22,28,10,18,10,0,12,0,0,0,partially_shared_variants
GCF_000005845.2,b2611,ypjD,GCF_003697165.2,EAS44_RS07115,ypjD,comparable,6,15,3,12,3,0,3,0,0,0,partially_shared_variants
GCF_000005845.2,b4461,yfjD,GCF_003697165.2,EAS44_RS07110,yfjD,comparable,3,70,3,67,3,0,0,0,0,0,partially_shared_variants
GCF_000005845.2,b2614,grpE,GCF_003697165.2,EAS44_RS07105,grpE,comparable,8,17,7,10,7,0,1,0,0,0,partially_shared_variants
GCF_000005845.2,b2615,nadK,GCF_003697165.2,EAS44_RS07095,nadK,comparable,0,26,0,26,0,0,0,0,0,0,different_variants_in_same_gene
GCF_000005845.2,b2616,recN,GCF_003697165.2,EAS44_RS07090,recN,comparable,11,49,5,44,5,0,6,0,0,0,partially_shared_variants
GCF_000005845.2,b2617,bamE,GCF_003697165.2,EAS44_RS07085,bamE,comparable,0,4,0,4,0,0,0,0,0,0,different_variants_in_same_gene
GCF_000005845.2,b2618,yfjF,GCF_003697165.2,EAS44_RS07080,yfjF,comparable,0,6,0,6,0,0,0,0,0,0,different_variants_in_same_gene
GCF_000005845.2,b2619,ratA,GCF_003697165.2,EAS44_RS07075,ratA,comparable,0,23,0,23,0,0,0,0,0,0,different_variants_in_same_gene
GCF_000005845.2,b2620,smpB,GCF_003697165.2,EAS44_RS07070,smpB,comparable,0,7,0,7,0,0,0,0,0,0,different_variants_in_same_gene
GCF_000005845.2,b2659,glaH,GCF_003697165.2,EAS44_RS06725,glaH,comparable,44,48,16,32,16,0,28,0,0,0,partially_shared_variants
GCF_000005845.2,b2660,lhgD,GCF_003697165.2,EAS44_RS06720,lhgO,comparable,46,52,27,25,27,0,19,0,0,0,partially_shared_variants
GCF_000005845.2,b2661,gabD,GCF_003697165.2,EAS44_RS06715,gabD,comparable,50,60,28,32,28,0,22,0,0,0,partially_shared_variants
GCF_000005845.2,b2662,gabT,GCF_003697165.2,EAS44_RS06710,gabT,comparable,26,42,10,32,10,0,16,0,0,0,partially_shared_variants
GCF_000005845.2,b2663,gabP,GCF_003697165.2,EAS44_RS06705,gabP,comparable,46,50,29,21,29,0,17,0,0,0,partially_shared_variants
GCF_000005845.2,b2664,glaR,GCF_003697165.2,EAS44_RS06700,csiR,comparable,8,26,5,21,5,0,3,0,0,0,partially_shared_variants
GCF_000005845.2,b2665,kbp,GCF_003697165.2,EAS44_RS06695,kbp,comparable,4,7,2,5,2,0,2,0,0,0,partially_shared_variants
GCF_000005845.2,b2666,yqaE,GCF_003697165.2,EAS44_RS06690,yqaE,comparable,1,0,0,0,0,0,1,0,0,0,reference_allele_difference
GCF_000005845.2,b2667,ygaV,GCF_003697165.2,EAS44_RS06685,ygaV,comparable,1,6,1,5,1,0,0,0,0,0,partially_shared_variants
GCF_000005845.2,b2668,ygaP,GCF_003697165.2,EAS44_RS06680,ygaP,comparable,3,13,3,10,3,0,0,0,0,0,partially_shared_variants
GCF_000005845.2,b2669,stpA,GCF_003697165.2,EAS44_RS06675,stpA,comparable,5,10,5,5,5,0,0,0,0,0,partially_shared_variants
GCF_000005845.2,b2670,alaE,GCF_003697165.2,EAS44_RS06670,alaE,comparable,0,4,0,4,0,0,0,0,0,0,different_variants_in_same_gene
GCF_000005845.2,b2671,ygaC,GCF_003697165.2,EAS44_RS06665,ygaC,comparable,0,4,0,4,0,0,0,0,0,0,different_variants_in_same_gene
GCF_000005845.2,b2672,ygaM,GCF_003697165.2,EAS44_RS06660,ygaM,comparable,0,14,0,14,0,0,0,0,0,0,different_variants_in_same_gene
GCF_000005845.2,b2673,nrdH,GCF_003697165.2,EAS44_RS06640,nrdH,comparable,0,7,0,7,0,0,0,0,0,0,different_variants_in_same_gene
GCF_000005845.2,b2674,nrdI,GCF_003697165.2,EAS44_RS06635,nrdI,comparable,0,11,0,11,0,0,0,0,0,0,different_variants_in_same_gene
GCF_000005845.2,b2675,nrdE,GCF_003697165.2,EAS44_RS06630,nrdE,comparable,1,79,0,79,0,0,1,0,0,0,reference_allele_difference
GCF_000005845.2,b2676,nrdF,GCF_003697165.2,EAS44_RS06625,nrdF,comparable,2,40,2,38,2,0,0,0,0,0,partially_shared_variants
GCF_000005845.2,b2677,proV,GCF_003697165.2,EAS44_RS06615,proV,comparable,0,29,0,29,0,0,0,0,0,0,different_variants_in_same_gene
GCF_000005845.2,b2678,proW,GCF_003697165.2,EAS44_RS06610,proW,comparable,0,29,0,29,0,0,0,0,0,0,different_variants_in_same_gene
GCF_000005845.2,b2679,proX,GCF_003697165.2,EAS44_RS06605,proX,comparable,12,39,7,32,7,0,5,0,0,0,partially_shared_variants
GCF_000005845.2,b2682,ygaZ,GCF_003697165.2,EAS44_RS06595,ygaZ,comparable,0,3,0,3,0,0,0,0,0,0,different_variants_in_same_gene
GCF_000005845.2,b2683,ygaH,GCF_003697165.2,EAS44_RS06590,ygaH,comparable,0,7,0,7,0,0,0,0,0,0,different_variants_in_same_gene
GCF_000005845.2,b2685,emrA,GCF_003697165.2,EAS44_RS06580,emrA,comparable,2,25,1,24,1,0,1,0,0,0,partially_shared_variants
GCF_000005845.2,b2687,luxS,GCF_003697165.2,EAS44_RS06560,luxS,comparable,0,5,0,5,0,0,0,0,0,0,different_variants_in_same_gene
GCF_000005845.2,b2688,gshA,GCF_003697165.2,EAS44_RS06555,gshA,comparable,0,37,0,37,0,0,0,0,0,0,different_variants_in_same_gene
GCF_000005845.2,b2689,yqaA,GCF_003697165.2,EAS44_RS06550,yqaA,comparable,0,5,0,5,0,0,0,0,0,0,different_variants_in_same_gene
GCF_000005845.2,b2690,yqaB,GCF_003697165.2,EAS44_RS06545,yqaB,comparable,0,11,0,11,0,0,0,0,0,0,different_variants_in_same_gene
GCF_000005845.2,b2696,csrA,GCF_003697165.2,EAS44_RS06515,csrA,comparable,0,0,0,0,0,0,0,0,0,0,same_exact_variants
GCF_000005845.2,b2697,alaS,GCF_003697165.2,EAS44_RS06510,alaS,comparable,1,36,1,35,1,0,0,0,0,0,partially_shared_variants
GCF_000005845.2,b2698,recX,GCF_003697165.2,EAS44_RS06505,recX,comparable,0,7,0,7,0,0,0,0,0,0,different_variants_in_same_gene
GCF_000005845.2,b2699,recA,GCF_003697165.2,EAS44_RS06500,recA,comparable,1,13,1,12,1,0,0,0,0,0,partially_shared_variants
GCF_000005845.2,b2700,pncC,GCF_003697165.2,EAS44_RS06495,pncC,comparable,3,14,0,14,0,0,3,0,0,0,reference_allele_difference
GCF_000005845.2,b2701,mltB,GCF_003697165.2,EAS44_RS06490,mltB,comparable,20,13,9,4,9,0,11,0,0,0,partially_shared_variants
GCF_000005845.2,b2702,srlA,GCF_003697165.2,EAS44_RS06485,srlA,comparable,6,27,2,25,2,0,4,0,0,0,partially_shared_variants
GCF_000005845.2,b2703,srlE,GCF_003697165.2,EAS44_RS06480,srlE,comparable,21,25,9,16,9,0,12,0,0,0,partially_shared_variants
GCF_000005845.2,b2704,srlB,GCF_003697165.2,EAS44_RS06475,srlB,comparable,7,6,3,3,3,0,4,0,0,0,partially_shared_variants
GCF_000005845.2,b2705,srlD,GCF_003697165.2,EAS44_RS06470,srlD,comparable,17,13,5,8,5,0,12,0,0,0,partially_shared_variants
GCF_000005845.2,b2706,gutM,GCF_003697165.2,EAS44_RS06465,gutM,comparable,5,10,4,6,4,0,1,0,0,0,partially_shared_variants
GCF_000005845.2,b2707,srlR,GCF_003697165.2,EAS44_RS06460,srlR,comparable,10,25,4,21,4,0,6,0,0,0,partially_shared_variants
GCF_000005845.2,b2708,gutQ,GCF_003697165.2,EAS44_RS06455,gutQ,comparable,0,40,0,40,0,0,0,0,0,0,different_variants_in_same_gene
GCF_000005845.2,b2709,norR,GCF_003697165.2,EAS44_RS06450,norR,comparable,0,57,0,57,0,0,0,0,0,0,different_variants_in_same_gene
GCF_000005845.2,b2710,norV,GCF_003697165.2,EAS44_RS06445,norV,comparable,16,33,6,27,6,0,10,0,0,0,partially_shared_variants
GCF_000005845.2,b2711,norW,GCF_003697165.2,EAS44_RS06440,norW,comparable,9,31,4,27,4,0,5,0,0,0,partially_shared_variants
GCF_000005845.2,b2712,hypF,GCF_003697165.2,EAS44_RS06435,hypF,comparable,27,91,17,74,17,0,10,0,0,0,partially_shared_variants
GCF_000005845.2,b2713,hydN,GCF_003697165.2,EAS44_RS06430,hydN,comparable,9,10,5,5,5,0,4,0,0,0,partially_shared_variants
GCF_000005845.2,b2715,ascF,GCF_003697165.2,EAS44_RS06420,ascF,comparable,19,48,9,39,9,0,10,0,0,0,partially_shared_variants
GCF_000005845.2,b2717,hycI,GCF_003697165.2,EAS44_RS06400,hycI,comparable,17,25,11,14,11,2,4,0,0,0,partially_shared_variants
GCF_000005845.2,b2718,hycH,GCF_003697165.2,EAS44_RS06395,hycH,comparable,5,8,3,5,3,0,2,0,0,0,partially_shared_variants
GCF_000005845.2,b2720,hycF,GCF_003697165.2,EAS44_RS06385,hycF,comparable,7,20,5,15,5,0,2,0,0,0,partially_shared_variants
GCF_000005845.2,b2721,hycE,GCF_003697165.2,EAS44_RS06380,hycE,comparable,27,65,21,44,21,0,6,0,0,0,partially_shared_variants
GCF_000005845.2,b2723,hycC,GCF_003697165.2,EAS44_RS06370,hycC,comparable,26,60,15,45,15,0,11,0,0,0,partially_shared_variants
GCF_000005845.2,b2724,hycB,GCF_003697165.2,EAS44_RS06365,hycB,comparable,4,15,2,13,2,0,2,0,0,0,partially_shared_variants
GCF_000005845.2,b2725,hycA,GCF_003697165.2,EAS44_RS06360,hycA,comparable,1,5,1,4,1,0,0,0,0,0,partially_shared_variants
GCF_000005845.2,b2726,hypA,GCF_003697165.2,EAS44_RS06350,hypA,comparable,0,1,0,1,0,0,0,0,0,0,different_variants_in_same_gene
GCF_000005845.2,b2727,hypB,GCF_003697165.2,EAS44_RS06345,hypB,comparable,1,13,0,13,0,0,1,0,0,0,reference_allele_difference
GCF_000005845.2,b2728,hypC,GCF_003697165.2,EAS44_RS06340,hypC,comparable,0,4,0,4,0,0,0,0,0,0,different_variants_in_same_gene
GCF_000005845.2,b2729,hypD,GCF_003697165.2,EAS44_RS06335,hypD,comparable,0,45,0,45,0,0,0,0,0,0,different_variants_in_same_gene
GCF_000005845.2,b2730,hypE,GCF_003697165.2,EAS44_RS06330,hypE,comparable,0,30,0,30,0,0,0,0,0,0,different_variants_in_same_gene
GCF_000005845.2,b2731,fhlA,GCF_003697165.2,EAS44_RS06325,flhA,comparable,1,55,1,54,1,0,0,0,0,0,partially_shared_variants
GCF_000005845.2,b2732,ygbA,GCF_003697165.2,EAS44_RS06315,ygbA,comparable,0,8,0,8,0,0,0,0,0,0,different_variants_in_same_gene
GCF_000005845.2,b2733,mutS,GCF_003697165.2,EAS44_RS06310,mutS,comparable,39,144,11,133,11,4,24,0,0,0,partially_shared_variants
GCF_000005845.2,b2734,pphB,GCF_003697165.2,EAS44_RS06305,pphB,comparable,38,43,18,25,18,0,20,0,0,0,partially_shared_variants
GCF_000005845.2,b2736,ygbJ,GCF_003697165.2,EAS44_RS06295,ltnD,comparable,4,19,2,17,2,0,2,0,0,0,partially_shared_variants
GCF_000005845.2,b2738,ygbL,GCF_003697165.2,EAS44_RS06285,ygbL,comparable,2,14,2,12,2,0,0,0,0,0,partially_shared_variants
GCF_000005845.2,b2739,ygbM,GCF_003697165.2,EAS44_RS06280,ygbM,comparable,3,12,1,11,1,0,2,0,0,0,partially_shared_variants
GCF_000005845.2,b2740,ygbN,GCF_003697165.2,EAS44_RS06275,ygbN,comparable,7,13,1,12,1,0,6,0,0,0,partially_shared_variants
GCF_000005845.2,b2742,nlpD,GCF_003697165.2,EAS44_RS06255,nlpD,comparable,7,16,4,12,4,0,3,0,0,0,partially_shared_variants
GCF_000005845.2,b2743,pcm,GCF_003697165.2,EAS44_RS06250,pcm,comparable,0,9,0,9,0,0,0,0,0,0,different_variants_in_same_gene
GCF_000005845.2,b2744,umpG,GCF_003697165.2,EAS44_RS06245,surE,comparable,0,8,0,8,0,0,0,0,0,0,different_variants_in_same_gene
GCF_000005845.2,b2745,truD,GCF_003697165.2,EAS44_RS06240,truD,comparable,1,19,1,18,1,0,0,0,0,0,partially_shared_variants
GCF_000005845.2,b2746,ispF,GCF_003697165.2,EAS44_RS06235,ispF,comparable,0,16,0,16,0,0,0,0,0,0,different_variants_in_same_gene
GCF_000005845.2,b2747,ispD,GCF_003697165.2,EAS44_RS06230,ispD,comparable,2,34,2,32,2,0,0,0,0,0,partially_shared_variants
GCF_000005845.2,b2748,ftsB,GCF_003697165.2,EAS44_RS06225,ftsB,comparable,0,6,0,6,0,0,0,0,0,0,different_variants_in_same_gene
GCF_000005845.2,b2749,ygbE,GCF_003697165.2,EAS44_RS06220,ygbE,comparable,0,21,0,21,0,0,0,0,0,0,different_variants_in_same_gene
GCF_000005845.2,b2750,cysC,GCF_003697165.2,EAS44_RS06215,cysC,comparable,0,19,0,19,0,0,0,0,0,0,different_variants_in_same_gene
GCF_000005845.2,b2751,cysN,GCF_003697165.2,EAS44_RS06210,cysN,comparable,25,46,11,35,11,0,14,0,0,0,partially_shared_variants
GCF_000005845.2,b2752,cysD,GCF_003697165.2,EAS44_RS06205,cysD,comparable,10,18,4,14,4,0,6,0,0,0,partially_shared_variants
GCF_000005845.2,b2753,iap,GCF_003697165.2,EAS44_RS06200,iap,comparable,25,31,10,21,10,0,12,0,3,0,partially_shared_variants
GCF_000005845.2,b2762,cysH,GCF_003697165.2,EAS44_RS06185,cysH,comparable,26,21,14,7,14,0,12,0,0,0,partially_shared_variants
GCF_000005845.2,b2763,cysI,GCF_003697165.2,EAS44_RS06180,cysI,comparable,16,62,8,54,8,0,8,0,0,0,partially_shared_variants
GCF_000005845.2,b2764,cysJ,GCF_003697165.2,EAS44_RS06175,cysJ,comparable,24,67,11,56,11,0,13,0,0,0,partially_shared_variants
GCF_000005845.2,b2765,queD,GCF_003697165.2,EAS44_RS06170,queD,comparable,0,9,0,9,0,0,0,0,0,0,different_variants_in_same_gene
GCF_000005845.2,b2766,ygcN,GCF_003697165.2,EAS44_RS06165,ygcN,comparable,0,55,0,55,0,0,0,0,0,0,different_variants_in_same_gene
GCF_000005845.2,b2767,ygcO,GCF_003697165.2,EAS44_RS06160,ygcO,comparable,1,12,0,12,0,0,1,0,0,0,reference_allele_difference
GCF_000005845.2,b2768,ygcP,GCF_003697165.2,EAS44_RS06155,ygcP,comparable,0,19,0,19,0,0,0,0,0,0,different_variants_in_same_gene
GCF_000005845.2,b2769,ygcQ,GCF_003697165.2,EAS44_RS06150,ygcQ,comparable,0,36,0,36,0,0,0,0,0,0,different_variants_in_same_gene
GCF_000005845.2,b2770,ygcR,GCF_003697165.2,EAS44_RS06145,ygcR,comparable,0,36,0,36,0,0,0,0,0,0,different_variants_in_same_gene
GCF_000005845.2,b2771,ygcS,GCF_003697165.2,EAS44_RS06140,ygcS,comparable,0,63,0,63,0,0,0,0,0,0,different_variants_in_same_gene
GCF_000005845.2,b4463,ygcU,GCF_003697165.2,EAS44_RS06135,ygcU,comparable,0,47,0,47,0,0,0,0,0,0,different_variants_in_same_gene
GCF_000005845.2,b2774,ygcW,GCF_003697165.2,EAS44_RS06130,ygcW,comparable,1,39,0,39,0,0,1,0,0,0,reference_allele_difference
GCF_000005845.2,b2775,yqcE,GCF_003697165.2,EAS44_RS06125,yqcE,comparable,1,51,1,50,1,0,0,0,0,0,partially_shared_variants
GCF_000005845.2,b2776,ygcE,GCF_003697165.2,EAS44_RS06120,ygcE,comparable,0,72,0,72,0,0,0,0,0,0,different_variants_in_same_gene
GCF_000005845.2,b2777,queE,GCF_003697165.2,EAS44_RS06115,queE,comparable,0,27,0,27,0,0,0,0,0,0,different_variants_in_same_gene
GCF_000005845.2,b2779,eno,GCF_003697165.2,EAS44_RS06090,eno,comparable,0,10,0,10,0,0,0,0,0,0,different_variants_in_same_gene
GCF_000005845.2,b2780,pyrG,GCF_003697165.2,EAS44_RS06085,pyrG,comparable,0,20,0,20,0,0,0,0,0,0,different_variants_in_same_gene
GCF_000005845.2,b2781,mazG,GCF_003697165.2,EAS44_RS06080,mazG,comparable,1,20,0,20,0,0,0,0,0,1,unresolved_liftover
GCF_000005845.2,b2783,mazE,GCF_003697165.2,EAS44_RS06070,mazE,comparable,0,1,0,1,0,0,0,0,0,0,different_variants_in_same_gene
GCF_000005845.2,b2784,relA,GCF_003697165.2,EAS44_RS06065,relA,comparable,33,31,0,31,0,0,0,0,0,33,unresolved_liftover
GCF_000005845.2,b2785,rlmD,GCF_003697165.2,EAS44_RS06060,rlmD,comparable,1,18,0,18,0,0,0,0,0,1,unresolved_liftover
GCF_000005845.2,b2786,barA,GCF_003697165.2,EAS44_RS06055,barA,comparable,5,52,0,52,0,0,0,0,0,5,unresolved_liftover
GCF_000005845.2,b2787,gudD,GCF_003697165.2,EAS44_RS06050,gudD,comparable,13,40,0,40,0,0,0,0,0,13,unresolved_liftover
GCF_000005845.2,b2788,gudX,GCF_003697165.2,EAS44_RS06045,gudX,comparable,21,40,0,40,0,0,0,0,0,21,unresolved_liftover
GCF_000005845.2,b2790,yqcA,GCF_003697165.2,EAS44_RS06035,yqcA,comparable,1,2,0,2,0,0,0,0,0,1,unresolved_liftover
GCF_000005845.2,b2791,truC,GCF_003697165.2,EAS44_RS06030,truC,comparable,0,18,0,18,0,0,0,0,0,0,different_variants_in_same_gene
GCF_000005845.2,b2792,yqcC,GCF_003697165.2,EAS44_RS06025,yqcC,comparable,1,15,0,15,0,0,0,0,0,1,unresolved_liftover
GCF_000005845.2,b2793,syd,GCF_003697165.2,EAS44_RS06020,syd,comparable,1,2,0,2,0,0,0,0,0,1,unresolved_liftover
GCF_000005845.2,b2794,queF,GCF_003697165.2,EAS44_RS06015,queF,comparable,1,12,0,12,0,0,0,0,0,1,unresolved_liftover
GCF_000005845.2,b2795,ppnN,GCF_003697165.2,EAS44_RS06010,ppnN,comparable,11,17,0,17,0,0,0,0,0,11,unresolved_liftover
GCF_000005845.2,b2796,sdaC,GCF_003697165.2,EAS44_RS06005,sdaC,comparable,1,11,0,11,0,0,0,0,0,1,unresolved_liftover
GCF_000005845.2,b2797,sdaB,GCF_003697165.2,EAS44_RS06000,sdaB,comparable,20,42,0,42,0,0,0,0,0,20,unresolved_liftover
GCF_000005845.2,b2798,ygdG,GCF_003697165.2,EAS44_RS05995,xni,comparable,1,11,0,11,0,0,0,0,0,1,unresolved_liftover
GCF_000005845.2,b2802,fucI,GCF_003697165.2,EAS44_RS05975,fucI,comparable,20,33,0,33,0,0,0,0,0,20,unresolved_liftover
GCF_000005845.2,b2803,fucK,GCF_003697165.2,EAS44_RS05970,fucK,comparable,15,29,0,29,0,0,0,0,0,15,unresolved_liftover
GCF_000005845.2,b2804,fucU,GCF_003697165.2,EAS44_RS05965,fucU,comparable,2,7,0,7,0,0,0,0,0,2,unresolved_liftover
GCF_000005845.2,b2805,fucR,GCF_003697165.2,EAS44_RS05960,fucR,comparable,2,9,0,9,0,0,0,0,0,2,unresolved_liftover
GCF_000005845.2,b2806,rlmM,GCF_003697165.2,EAS44_RS05955,rlmM,comparable,9,20,0,20,0,0,0,0,0,9,unresolved_liftover
GCF_000005845.2,b2807,ygdD,GCF_003697165.2,EAS44_RS05950,ygdD,comparable,4,7,0,7,0,0,0,0,0,4,unresolved_liftover
GCF_000005845.2,b2808,gcvA,GCF_003697165.2,EAS44_RS05945,gcvA,comparable,7,8,0,8,0,0,0,0,0,7,unresolved_liftover
GCF_000005845.2,b2809,ygdI,GCF_003697165.2,EAS44_RS05940,ygdI,comparable,0,0,0,0,0,0,0,0,0,0,same_exact_variants
GCF_000005845.2,b2810,csdA,GCF_003697165.2,EAS44_RS05935,csdA,comparable,0,44,0,44,0,0,0,0,0,0,different_variants_in_same_gene
GCF_000005845.2,b2811,csdE,GCF_003697165.2,EAS44_RS05930,csdE,comparable,0,12,0,12,0,0,0,0,0,0,different_variants_in_same_gene
GCF_000005845.2,b2812,tcdA,GCF_003697165.2,EAS44_RS05925,tcdA,comparable,1,32,0,32,0,0,0,0,0,1,unresolved_liftover
GCF_000005845.2,b2813,mltA,GCF_003697165.2,EAS44_RS05920,mltA,comparable,0,24,0,24,0,0,0,0,0,0,different_variants_in_same_gene
GCF_000005845.2,b2817,amiC,GCF_003697165.2,EAS44_RS05760,amiC,comparable,7,29,0,29,0,0,0,0,0,7,unresolved_liftover
GCF_000005845.2,b2818,argA,GCF_003697165.2,EAS44_RS05755,argA,comparable,15,23,0,23,0,0,0,0,0,15,unresolved_liftover
GCF_000005845.2,b2819,recD,GCF_003697165.2,EAS44_RS05750,recD,comparable,35,55,0,55,0,0,0,0,0,35,unresolved_liftover
GCF_000005845.2,b2820,recB,GCF_003697165.2,EAS44_RS05745,recB,comparable,23,124,0,124,0,0,0,0,0,23,unresolved_liftover
GCF_000005845.2,b2821,ptrA,GCF_003697165.2,EAS44_RS05740,ptrA,comparable,29,89,0,89,0,0,0,0,0,29,unresolved_liftover
GCF_000005845.2,b2822,recC,GCF_003697165.2,EAS44_RS05735,recC,comparable,29,106,0,106,0,0,0,0,0,29,unresolved_liftover
GCF_000005845.2,b2823,ppdC,GCF_003697165.2,EAS44_RS05730,ppdC,comparable,0,3,0,3,0,0,0,0,0,0,different_variants_in_same_gene
GCF_000005845.2,b2824,ygdB,GCF_003697165.2,EAS44_RS05725,ygdB,comparable,6,16,0,16,0,0,0,0,0,6,unresolved_liftover
GCF_000005845.2,b2825,ppdB,GCF_003697165.2,EAS44_RS05720,ppdB,comparable,5,14,0,14,0,0,0,0,0,5,unresolved_liftover
GCF_000005845.2,b2826,ppdA,GCF_003697165.2,EAS44_RS05715,ppdA,comparable,5,6,0,6,0,0,0,0,0,5,unresolved_liftover
GCF_000005845.2,b2827,thyA,GCF_003697165.2,EAS44_RS05705,thyA,comparable,8,11,0,11,0,0,0,0,0,8,unresolved_liftover
GCF_000005845.2,b2828,lgt,GCF_003697165.2,EAS44_RS05700,lgt,comparable,3,11,0,11,0,0,0,0,0,3,unresolved_liftover
GCF_000005845.2,b2829,ptsP,GCF_003697165.2,EAS44_RS05695,ptsP,comparable,5,39,0,39,0,0,0,0,0,5,unresolved_liftover
GCF_000005845.2,b2830,rppH,GCF_003697165.2,EAS44_RS05690,rppH,comparable,0,1,0,1,0,0,0,0,0,0,different_variants_in_same_gene
GCF_000005845.2,b4610,ygdT,GCF_003697165.2,EAS44_RS25755,ygdT,comparable,0,0,0,0,0,0,0,0,0,0,same_exact_variants
GCF_000005845.2,b2831,mutH,GCF_003697165.2,EAS44_RS05680,mutH,comparable,1,18,0,18,0,0,0,0,0,1,unresolved_liftover
GCF_000005845.2,b2832,ygdQ,GCF_003697165.2,EAS44_RS05675,ygdQ,comparable,8,9,0,9,0,0,0,0,0,8,unresolved_liftover
GCF_000005845.2,b2833,ygdR,GCF_003697165.2,EAS44_RS05670,ygdR,comparable,1,1,0,1,0,0,0,0,0,1,unresolved_liftover
GCF_000005845.2,b2834,tas,GCF_003697165.2,EAS44_RS05665,tas,comparable,1,18,0,18,0,0,0,0,0,1,unresolved_liftover
GCF_000005845.2,b2835,lplT,GCF_003697165.2,EAS44_RS05660,lplT,comparable,0,24,0,24,0,0,0,0,0,0,different_variants_in_same_gene
GCF_000005845.2,b2836,aas,GCF_003697165.2,EAS44_RS05655,aas,comparable,3,35,0,35,0,0,0,0,0,3,unresolved_liftover
GCF_000005845.2,b2837,galR,GCF_003697165.2,EAS44_RS05650,galR,comparable,7,19,0,19,0,0,0,0,0,7,unresolved_liftover
GCF_000005845.2,b2838,lysA,GCF_003697165.2,EAS44_RS05645,lysA,comparable,0,24,0,24,0,0,0,0,0,0,different_variants_in_same_gene
GCF_000005845.2,b2839,lysR,GCF_003697165.2,EAS44_RS05640,lysR,comparable,1,20,0,20,0,0,0,0,0,1,unresolved_liftover
GCF_000005845.2,b2840,ygeA,GCF_003697165.2,EAS44_RS05635,ygeA,comparable,2,15,0,15,0,0,0,0,0,2,unresolved_liftover
GCF_000005845.2,b2841,araE,GCF_003697165.2,EAS44_RS05630,araE,comparable,16,36,0,36,0,0,0,0,0,16,unresolved_liftover
GCF_000005845.2,b2842,kduD,GCF_003697165.2,EAS44_RS05625,kduD,comparable,10,13,0,13,0,0,0,0,0,10,unresolved_liftover
GCF_000005845.2,b2843,kduI,GCF_003697165.2,EAS44_RS05620,kduI,comparable,8,9,0,9,0,0,0,0,0,8,unresolved_liftover
GCF_000005845.2,b2844,yqeF,GCF_003697165.2,EAS44_RS05615,yqeF,comparable,13,33,0,33,0,0,0,0,0,13,unresolved_liftover
GCF_000005845.2,b2845,yqeG,GCF_003697165.2,EAS44_RS05610,yqeG,comparable,16,23,0,23,0,0,0,0,0,16,unresolved_liftover
GCF_000005845.2,b2865,actS,GCF_003697165.2,EAS44_RS05600,actS,comparable,0,8,0,8,0,0,0,0,0,0,different_variants_in_same_gene
GCF_000005845.2,b2868,xdhC,GCF_003697165.2,EAS44_RS05585,xdhC,comparable,0,26,0,26,0,0,0,0,0,0,different_variants_in_same_gene
GCF_000005845.2,b2869,ygeV,GCF_003697165.2,EAS44_RS05580,ygeV,comparable,13,42,0,42,0,0,0,0,0,13,unresolved_liftover
GCF_000005845.2,b2870,ygeW,GCF_003697165.2,EAS44_RS05575,ygeW,comparable,0,28,0,28,0,0,0,0,0,0,different_variants_in_same_gene
GCF_000005845.2,b2871,ygeX,GCF_003697165.2,EAS44_RS05570,dpaL,comparable,7,25,0,25,0,0,0,0,0,7,unresolved_liftover
GCF_000005845.2,b2872,ygeY,GCF_003697165.2,EAS44_RS05565,ygeY,comparable,18,54,0,54,0,0,0,0,0,18,unresolved_liftover
GCF_000005845.2,b2873,hyuA,GCF_003697165.2,EAS44_RS05560,hyuA,comparable,6,64,0,64,0,0,0,0,0,6,unresolved_liftover
GCF_000005845.2,b2874,yqeA,GCF_003697165.2,EAS44_RS05555,arcC,comparable,1,24,0,24,0,0,0,0,0,1,unresolved_liftover
GCF_000005845.2,b2876,yqeC,GCF_003697165.2,EAS44_RS05545,yqeC,comparable,8,26,0,26,0,0,0,0,0,8,unresolved_liftover
GCF_000005845.2,b2877,mocA,GCF_003697165.2,EAS44_RS05540,mocA,comparable,9,15,0,15,0,0,0,0,0,9,unresolved_liftover
GCF_000005845.2,b2878,ygfK,GCF_003697165.2,EAS44_RS05535,ygfK,comparable,23,88,0,88,0,0,0,0,0,23,unresolved_liftover
GCF_000005845.2,b2879,ssnA,GCF_003697165.2,EAS44_RS05530,ssnA,comparable,0,38,0,38,0,0,0,0,0,0,different_variants_in_same_gene
GCF_000005845.2,b2880,ygfM,GCF_003697165.2,EAS44_RS05525,ygfM,comparable,1,20,0,20,0,0,0,0,0,1,unresolved_liftover
GCF_000005845.2,b2883,guaD,GCF_003697165.2,EAS44_RS05510,guaD,comparable,7,22,0,22,0,0,0,0,0,7,unresolved_liftover
GCF_000005845.2,b2886,ygfS,GCF_003697165.2,EAS44_RS05500,ygfS,comparable,7,12,0,12,0,0,0,0,0,7,unresolved_liftover
GCF_000005845.2,b2888,uacT,GCF_003697165.2,EAS44_RS05490,uacT,comparable,15,38,0,38,0,0,0,0,0,15,unresolved_liftover
GCF_000005845.2,b4684,yqfG,GCF_003697165.2,EAS44_RS05485,yqfG,comparable,2,2,0,2,0,0,0,0,0,2,unresolved_liftover
GCF_000005845.2,b4753,yqfH,GCF_003697165.2,EAS44_RS05480,EAS44_RS05480,comparable,0,1,0,1,0,0,0,0,0,0,different_variants_in_same_gene
GCF_000005845.2,b2889,idi,GCF_003697165.2,EAS44_RS05475,idi,comparable,17,21,0,21,0,0,0,0,0,17,unresolved_liftover
GCF_000005845.2,b2890,lysS,GCF_003697165.2,EAS44_RS05470,lysS,comparable,31,34,0,34,0,0,0,0,0,31,unresolved_liftover
GCF_000005845.2,b2891,prfB,GCF_003697165.2,EAS44_RS05465,prfB,comparable,5,15,0,15,0,0,0,0,0,5,unresolved_liftover
GCF_000005845.2,b2892,recJ,GCF_003697165.2,EAS44_RS05460,recJ,comparable,39,61,0,61,0,0,0,0,0,39,unresolved_liftover
GCF_000005845.2,b2893,dsbC,GCF_003697165.2,EAS44_RS05455,dsbC,comparable,6,11,0,11,0,0,0,0,0,6,unresolved_liftover
GCF_000005845.2,b2894,xerD,GCF_003697165.2,EAS44_RS05450,xerD,comparable,8,12,0,12,0,0,0,0,0,8,unresolved_liftover
GCF_000005845.2,b2895,fldB,GCF_003697165.2,EAS44_RS05445,fldB,comparable,0,4,0,4,0,0,0,0,0,0,different_variants_in_same_gene
GCF_000005845.2,b2896,ygfX,GCF_003697165.2,EAS44_RS05440,ygfX,comparable,1,8,0,8,0,0,0,0,0,1,unresolved_liftover
GCF_000005845.2,b2897,sdhE,GCF_003697165.2,EAS44_RS05435,sdhE,comparable,0,1,0,1,0,0,0,0,0,0,different_variants_in_same_gene
GCF_000005845.2,b2898,ygfZ,GCF_003697165.2,EAS44_RS05430,ygfZ,comparable,1,34,0,34,0,0,0,0,0,1,unresolved_liftover
GCF_000005845.2,b2899,trhA,GCF_003697165.2,EAS44_RS05425,trhA,comparable,4,12,0,12,0,0,0,0,0,4,unresolved_liftover
GCF_000005845.2,b2900,yqfB,GCF_003697165.2,EAS44_RS05420,yqfB,comparable,6,4,0,4,0,0,0,0,0,6,unresolved_liftover
GCF_000005845.2,b2901,bglA,GCF_003697165.2,EAS44_RS05415,bglA,comparable,34,55,0,55,0,0,0,0,0,34,unresolved_liftover
GCF_000005845.2,b2903,gcvP,GCF_003697165.2,EAS44_RS05410,gcvP,comparable,27,78,0,78,0,0,0,0,0,27,unresolved_liftover
GCF_000005845.2,b2904,gcvH,GCF_003697165.2,EAS44_RS05405,gcvH,comparable,2,12,0,12,0,0,0,0,0,2,unresolved_liftover
GCF_000005845.2,b2905,gcvT,GCF_003697165.2,EAS44_RS05400,gcvT,comparable,1,30,0,30,0,0,0,0,0,1,unresolved_liftover
GCF_000005845.2,b4754,yqfI,GCF_003697165.2,EAS44_RS05395,EAS44_RS05395,comparable,1,6,0,6,0,0,0,0,0,1,unresolved_liftover
GCF_000005845.2,b2907,ubiH,GCF_003697165.2,EAS44_RS05385,ubiH,comparable,18,46,0,46,0,0,0,0,0,18,unresolved_liftover
GCF_000005845.2,b2908,pepP,GCF_003697165.2,EAS44_RS05380,pepP,comparable,14,55,0,55,0,0,0,0,0,14,unresolved_liftover
GCF_000005845.2,b2909,ygfB,GCF_003697165.2,EAS44_RS05375,ygfB,comparable,0,14,0,14,0,0,0,0,0,0,different_variants_in_same_gene
GCF_000005845.2,b2910,zapA,GCF_003697165.2,EAS44_RS05370,zapA,comparable,1,1,0,1,0,0,0,0,0,1,unresolved_liftover
GCF_000005845.2,b2912,fau,GCF_003697165.2,EAS44_RS05360,fau,comparable,8,29,0,29,0,0,0,0,0,8,unresolved_liftover
GCF_000005845.2,b2913,serA,GCF_003697165.2,EAS44_RS05350,serA,comparable,0,20,0,20,0,0,0,0,0,0,different_variants_in_same_gene
GCF_000005845.2,b2914,rpiA,GCF_003697165.2,EAS44_RS05345,rpiA,comparable,1,9,0,9,0,0,0,0,0,1,unresolved_liftover
GCF_000005845.2,b2916,argP,GCF_003697165.2,EAS44_RS05335,argP,comparable,0,23,0,23,0,0,0,0,0,0,different_variants_in_same_gene
GCF_000005845.2,b2921,srsR,GCF_003697165.2,EAS44_RS05325,srsR,comparable,0,25,0,25,0,0,0,0,0,0,different_variants_in_same_gene
GCF_000005845.2,b2922,yggE,GCF_003697165.2,EAS44_RS05320,yggE,comparable,0,12,0,12,0,0,0,0,0,0,different_variants_in_same_gene
GCF_000005845.2,b2923,argO,GCF_003697165.2,EAS44_RS05315,argO,comparable,0,16,0,16,0,0,0,0,0,0,different_variants_in_same_gene
GCF_000005845.2,b2924,mscS,GCF_003697165.2,EAS44_RS05310,mscS,comparable,0,11,0,11,0,0,0,0,0,0,different_variants_in_same_gene
GCF_000005845.2,b2925,fbaA,GCF_003697165.2,EAS44_RS05305,fbaA,comparable,0,29,0,29,0,0,0,0,0,0,different_variants_in_same_gene
GCF_000005845.2,b2926,pgk,GCF_003697165.2,EAS44_RS05300,pgk,comparable,0,6,0,6,0,0,0,0,0,0,different_variants_in_same_gene
GCF_000005845.2,b2927,epd,GCF_003697165.2,EAS44_RS05295,epd,comparable,0,11,0,11,0,0,0,0,0,0,different_variants_in_same_gene
GCF_000005845.2,b2929,fumE,GCF_003697165.2,EAS44_RS05260,fumE,comparable,0,17,0,17,0,0,0,0,0,0,different_variants_in_same_gene
GCF_000005845.2,b4465,yggP,GCF_003697165.2,EAS44_RS05250,yggP,comparable,0,56,0,56,0,0,0,0,0,0,different_variants_in_same_gene
GCF_000005845.2,b2933,cmtA,GCF_003697165.2,EAS44_RS05245,cmtA,comparable,0,48,0,48,0,0,0,0,0,0,different_variants_in_same_gene
GCF_000005845.2,b2934,cmtB,GCF_003697165.2,EAS44_RS05240,cmtB,comparable,1,20,0,20,0,0,0,0,0,1,unresolved_liftover
GCF_000005845.2,b2937,speB,GCF_003697165.2,EAS44_RS05220,speB,comparable,1,34,0,34,0,0,0,0,0,1,unresolved_liftover
GCF_000005845.2,b2938,speA,GCF_003697165.2,EAS44_RS05210,speA,comparable,0,51,0,51,0,0,0,0,0,0,different_variants_in_same_gene
GCF_000005845.2,b2939,yqgB,GCF_003697165.2,EAS44_RS05205,yqgB,comparable,0,0,0,0,0,0,0,0,0,0,same_exact_variants
GCF_000005845.2,b4784,yqgG,GCF_003697165.2,EAS44_RS25750,yqgG,comparable,0,1,0,1,0,0,0,0,0,0,different_variants_in_same_gene
GCF_000005845.2,b2941,yqgD,GCF_003697165.2,EAS44_RS25745,yqgD,comparable,1,3,0,3,0,0,0,0,0,1,unresolved_liftover
GCF_000005845.2,b2944,yggI,GCF_003697165.2,EAS44_RS05180,yggI,comparable,16,17,0,17,0,0,0,0,0,16,unresolved_liftover
GCF_000005845.2,b2945,endA,GCF_003697165.2,EAS44_RS05175,endA,comparable,3,14,0,14,0,0,0,0,0,3,unresolved_liftover
GCF_000005845.2,b2946,rsmE,GCF_003697165.2,EAS44_RS05170,rsmE,comparable,3,11,0,11,0,0,0,0,0,3,unresolved_liftover
GCF_000005845.2,b2947,gshB,GCF_003697165.2,EAS44_RS05165,gshB,comparable,2,27,0,27,0,0,0,0,0,2,unresolved_liftover
GCF_000005845.2,b2948,yqgE,GCF_003697165.2,EAS44_RS05160,yqgE,comparable,6,6,0,6,0,0,0,0,0,6,unresolved_liftover
GCF_000005845.2,b2949,yqgF,GCF_003697165.2,EAS44_RS05155,ruvX,comparable,1,12,0,12,0,0,0,0,0,1,unresolved_liftover
GCF_000005845.2,b2950,yggR,GCF_003697165.2,EAS44_RS05150,yggR,comparable,12,42,0,42,0,0,0,0,0,12,unresolved_liftover
GCF_000005845.2,b2951,yggS,GCF_003697165.2,EAS44_RS05145,yggS,comparable,3,1,0,1,0,0,0,0,0,3,unresolved_liftover
GCF_000005845.2,b2952,yggT,GCF_003697165.2,EAS44_RS05140,yggT,comparable,14,0,0,0,0,0,0,0,0,14,unresolved_liftover
GCF_000005845.2,b2953,yggU,GCF_003697165.2,EAS44_RS05135,yggU,comparable,4,0,0,0,0,0,0,0,0,4,unresolved_liftover
GCF_000005845.2,b2954,rdgB,GCF_003697165.2,EAS44_RS05130,rdgB,comparable,11,1,0,1,0,0,0,0,0,11,unresolved_liftover
GCF_000005845.2,b2955,hemW,GCF_003697165.2,EAS44_RS05125,hemW,comparable,51,39,0,39,0,0,0,0,0,51,unresolved_liftover
GCF_000005845.2,b2956,yggM,GCF_003697165.2,EAS44_RS05120,yggM,comparable,21,7,0,7,0,0,0,0,0,21,unresolved_liftover
GCF_000005845.2,b2957,ansB,GCF_003697165.2,EAS44_RS05115,ansB,comparable,33,4,0,4,0,0,0,0,0,33,unresolved_liftover
GCF_000005845.2,b2958,yggN,GCF_003697165.2,EAS44_RS05110,yggN,comparable,7,5,0,5,0,0,0,0,0,7,unresolved_liftover
GCF_000005845.2,b2959,yggL,GCF_003697165.2,EAS44_RS05105,yggL,comparable,0,3,0,3,0,0,0,0,0,0,different_variants_in_same_gene
GCF_000005845.2,b2960,trmB,GCF_003697165.2,EAS44_RS05100,trmB,comparable,0,10,0,10,0,0,0,0,0,0,different_variants_in_same_gene
GCF_000005845.2,b2961,mutY,GCF_003697165.2,EAS44_RS05095,mutY,comparable,3,23,0,23,0,0,0,0,0,3,unresolved_liftover
GCF_000005845.2,b2962,yggX,GCF_003697165.2,EAS44_RS05090,yggX,comparable,0,3,0,3,0,0,0,0,0,0,different_variants_in_same_gene
GCF_000005845.2,b2963,mltC,GCF_003697165.2,EAS44_RS05085,mltC,comparable,8,16,0,16,0,0,0,0,0,8,unresolved_liftover
GCF_000005845.2,b2964,nupG,GCF_003697165.2,EAS44_RS05080,nupG,comparable,17,24,0,24,0,0,0,0,0,17,unresolved_liftover
GCF_000005845.2,b2965,speC,GCF_003697165.2,EAS44_RS05075,speC,comparable,50,45,0,45,0,0,0,0,0,50,unresolved_liftover
GCF_000005845.2,b4785,yqgH,GCF_003697165.2,EAS44_RS25340,EAS44_RS25340,comparable,4,3,0,3,0,0,0,0,0,4,unresolved_liftover
GCF_000005845.2,b2966,yqgA,GCF_003697165.2,EAS44_RS05070,yqgA,comparable,29,22,0,22,0,0,0,0,0,29,unresolved_liftover
GCF_000005845.2,b2968,yghD,GCF_003697165.2,EAS44_RS04675,yghD,comparable,19,24,0,24,0,0,0,0,0,19,unresolved_liftover
GCF_000005845.2,b2969,yghE,GCF_003697165.2,EAS44_RS04670,gspL,comparable,40,47,0,47,0,0,0,0,0,40,unresolved_liftover
GCF_000005845.2,b2970,yghF,GCF_003697165.2,EAS44_RS04625,gspC,comparable,39,44,0,44,0,0,0,0,0,39,unresolved_liftover
GCF_000005845.2,b2971,yghG,GCF_003697165.2,EAS44_RS04620,gspS2,comparable,8,11,0,11,0,0,0,0,0,8,unresolved_liftover
GCF_000005845.2,b2972,pppA,GCF_003697165.2,EAS44_RS04615,pppA,comparable,41,20,0,20,0,0,0,0,0,41,unresolved_liftover
GCF_000005845.2,b2976,glcB,GCF_003697165.2,EAS44_RS04595,glcB,comparable,1,76,0,76,0,0,0,0,0,1,unresolved_liftover
GCF_000005845.2,b2977,glcG,GCF_003697165.2,EAS44_RS04590,glcG,comparable,0,4,0,4,0,0,0,0,0,0,different_variants_in_same_gene
GCF_000005845.2,b4467,glcF,GCF_003697165.2,EAS44_RS04585,glcF,comparable,1,20,0,20,0,0,0,0,0,1,unresolved_liftover
GCF_000005845.2,b4468,glcE,GCF_003697165.2,EAS44_RS04580,glcE,comparable,20,20,0,20,0,0,0,0,0,20,unresolved_liftover
GCF_000005845.2,b2979,glcD,GCF_003697165.2,EAS44_RS04575,glcD,comparable,16,49,0,49,0,0,0,0,0,16,unresolved_liftover
GCF_000005845.2,b2980,glcC,GCF_003697165.2,EAS44_RS04570,glcC,comparable,1,15,0,15,0,0,0,0,0,1,unresolved_liftover
GCF_000005845.2,b2981,yghO,GCF_003697165.2,EAS44_RS04565,yghO,comparable,1,31,0,31,0,0,0,0,0,1,unresolved_liftover
GCF_000005845.2,b2983,yghQ,GCF_003697165.2,EAS44_RS04520,EAS44_RS04520,comparable,1,36,0,36,0,0,0,0,0,1,unresolved_liftover
GCF_000005845.2,b2984,yghR,GCF_003697165.2,EAS44_RS04515,EAS44_RS04515,comparable,0,23,0,23,0,0,0,0,0,0,different_variants_in_same_gene
GCF_000005845.2,b2985,yghS,GCF_003697165.2,EAS44_RS04510,yghS,comparable,0,17,0,17,0,0,0,0,0,0,different_variants_in_same_gene
GCF_000005845.2,b2986,yghT,GCF_003697165.2,EAS44_RS04505,yghT,comparable,0,18,0,18,0,0,0,0,0,0,different_variants_in_same_gene
GCF_000005845.2,b2988,gss,GCF_003697165.2,EAS44_RS04495,gss,comparable,5,97,0,97,0,0,0,0,0,5,unresolved_liftover
GCF_000005845.2,b2989,yghU,GCF_003697165.2,EAS44_RS04490,yghU,comparable,15,39,0,39,0,0,0,0,0,15,unresolved_liftover
GCF_000005845.2,b2990,hybG,GCF_003697165.2,EAS44_RS04485,hybG,comparable,2,6,0,6,0,0,0,0,0,2,unresolved_liftover
GCF_000005845.2,b2991,hybF,GCF_003697165.2,EAS44_RS04480,hypA,comparable,4,5,0,5,0,0,0,0,0,4,unresolved_liftover
GCF_000005845.2,b2992,hybE,GCF_003697165.2,EAS44_RS04475,hybE,comparable,0,15,0,15,0,0,0,0,0,0,different_variants_in_same_gene
GCF_000005845.2,b2993,hybD,GCF_003697165.2,EAS44_RS04470,hybD,comparable,4,15,0,15,0,0,0,0,0,4,unresolved_liftover
GCF_000005845.2,b2994,hybC,GCF_003697165.2,EAS44_RS04465,hybC,comparable,12,45,0,45,0,0,0,0,0,12,unresolved_liftover
GCF_000005845.2,b2995,hybB,GCF_003697165.2,EAS44_RS04460,hybB,comparable,0,30,0,30,0,0,0,0,0,0,different_variants_in_same_gene
GCF_000005845.2,b2996,hybA,GCF_003697165.2,EAS44_RS04455,hybA,comparable,0,14,0,14,0,0,0,0,0,0,different_variants_in_same_gene
GCF_000005845.2,b2997,hybO,GCF_003697165.2,EAS44_RS04450,hybO,comparable,1,16,0,16,0,0,0,0,0,1,unresolved_liftover
GCF_000005845.2,b2998,yghW,GCF_003697165.2,EAS44_RS04445,yghW,comparable,1,4,0,4,0,0,0,0,0,1,unresolved_liftover
GCF_000005845.2,b4755,yqhI,GCF_003697165.2,EAS44_RS04440,yghX,comparable,5,40,0,40,0,0,0,0,0,5,unresolved_liftover
GCF_000005845.2,b3001,gpr,GCF_003697165.2,EAS44_RS04435,gpr,comparable,0,23,0,23,0,0,0,0,0,0,different_variants_in_same_gene
GCF_000005845.2,b3002,yqhA,GCF_003697165.2,EAS44_RS04430,yqhA,comparable,0,5,0,5,0,0,0,0,0,0,different_variants_in_same_gene
GCF_000005845.2,b3003,yghA,GCF_003697165.2,EAS44_RS04425,yghA,comparable,0,19,0,19,0,0,0,0,0,0,different_variants_in_same_gene
GCF_000005845.2,b3005,exbD,GCF_003697165.2,EAS44_RS04420,exbD,comparable,0,12,0,12,0,0,0,0,0,0,different_variants_in_same_gene
GCF_000005845.2,b3006,exbB,GCF_003697165.2,EAS44_RS04415,exbB,comparable,0,11,0,11,0,0,0,0,0,0,different_variants_in_same_gene
GCF_000005845.2,b3008,metC,GCF_003697165.2,EAS44_RS04410,metC,comparable,20,41,0,41,0,0,0,0,0,20,unresolved_liftover
GCF_000005845.2,b3009,yghB,GCF_003697165.2,EAS44_RS04405,yghB,comparable,0,7,0,7,0,0,0,0,0,0,different_variants_in_same_gene
GCF_000005845.2,b3010,yqhC,GCF_003697165.2,EAS44_RS04400,yqhC,comparable,3,26,0,26,0,0,0,0,0,3,unresolved_liftover
GCF_000005845.2,b3011,yqhD,GCF_003697165.2,EAS44_RS04395,yqhD,comparable,0,11,0,11,0,0,0,0,0,0,different_variants_in_same_gene
GCF_000005845.2,b3012,dkgA,GCF_003697165.2,EAS44_RS04390,dkgA,comparable,0,9,0,9,0,0,0,0,0,0,different_variants_in_same_gene
GCF_000005845.2,b3013,yqhG,GCF_003697165.2,EAS44_RS04385,yqhG,comparable,0,17,0,17,0,0,0,0,0,0,different_variants_in_same_gene
GCF_000005845.2,b3014,yqhH,GCF_003697165.2,EAS44_RS04380,yqhH,comparable,0,5,0,5,0,0,0,0,0,0,different_variants_in_same_gene
GCF_000005845.2,b4469,ygiQ,GCF_003697165.2,EAS44_RS04375,ygiQ,comparable,56,101,0,101,0,0,0,0,0,56,unresolved_liftover
GCF_000005845.2,b3017,ftsP,GCF_003697165.2,EAS44_RS04335,ftsP,comparable,0,35,0,35,0,0,0,0,0,0,different_variants_in_same_gene
GCF_000005845.2,b3018,plsC,GCF_003697165.2,EAS44_RS04330,plsC,comparable,7,19,0,19,0,0,0,0,0,7,unresolved_liftover
GCF_000005845.2,b3019,parC,GCF_003697165.2,EAS44_RS04325,parC,comparable,1,25,0,25,0,0,0,0,0,1,unresolved_liftover
GCF_000005845.2,b3020,ygiS,GCF_003697165.2,EAS44_RS04320,ygiS,comparable,0,19,0,19,0,0,0,0,0,0,different_variants_in_same_gene
GCF_000005845.2,b3023,ygiV,GCF_003697165.2,EAS44_RS04315,ygiV,comparable,0,15,0,15,0,0,0,0,0,0,different_variants_in_same_gene
GCF_000005845.2,b3024,ygiW,GCF_003697165.2,EAS44_RS04310,ygiW,comparable,0,6,0,6,0,0,0,0,0,0,different_variants_in_same_gene
GCF_000005845.2,b3026,qseC,GCF_003697165.2,EAS44_RS04300,qseC,comparable,0,31,0,31,0,0,0,0,0,0,different_variants_in_same_gene
GCF_000005845.2,b3027,ygiZ,GCF_003697165.2,EAS44_RS04295,ygiZ,comparable,0,8,0,8,0,0,0,0,0,0,different_variants_in_same_gene
GCF_000005845.2,b3028,mdaB,GCF_003697165.2,EAS44_RS04285,mdaB,comparable,10,13,0,13,0,0,0,0,0,10,unresolved_liftover
GCF_000005845.2,b3029,ygiN,GCF_003697165.2,EAS44_RS04280,ygiN,comparable,0,8,0,8,0,0,0,0,0,0,different_variants_in_same_gene
GCF_000005845.2,b3030,parE,GCF_003697165.2,EAS44_RS04245,parE,comparable,43,53,0,53,0,0,0,0,0,43,unresolved_liftover
GCF_000005845.2,b3031,yqiA,GCF_003697165.2,EAS44_RS04240,yqiA,comparable,6,6,0,6,0,0,0,0,0,6,unresolved_liftover
GCF_000005845.2,b3032,cpdA,GCF_003697165.2,EAS44_RS04235,cpdA,comparable,8,12,0,12,0,0,0,0,0,8,unresolved_liftover
GCF_000005845.2,b3033,yqiB,GCF_003697165.2,EAS44_RS04230,yqiB,comparable,2,2,0,2,0,0,0,0,0,2,unresolved_liftover
GCF_000005845.2,b3034,nudF,GCF_003697165.2,EAS44_RS04225,nudF,comparable,4,6,0,6,0,0,0,0,0,4,unresolved_liftover
GCF_000005845.2,b3035,tolC,GCF_003697165.2,EAS44_RS04220,tolC,comparable,1,33,0,33,0,0,0,0,0,1,unresolved_liftover
GCF_000005845.2,b3037,ygiB,GCF_003697165.2,EAS44_RS04215,ygiB,comparable,0,8,0,8,0,0,0,0,0,0,different_variants_in_same_gene
GCF_000005845.2,b3038,ygiC,GCF_003697165.2,EAS44_RS04210,ygiC,comparable,0,16,0,16,0,0,0,0,0,0,different_variants_in_same_gene
GCF_000005845.2,b3039,ygiD,GCF_003697165.2,EAS44_RS04190,ygiD,comparable,0,28,0,28,0,0,0,0,0,0,different_variants_in_same_gene
GCF_000005845.2,b3040,zupT,GCF_003697165.2,EAS44_RS04185,zupT,comparable,0,28,0,28,0,0,0,0,0,0,different_variants_in_same_gene
GCF_000005845.2,b3041,ribB,GCF_003697165.2,EAS44_RS04160,ribB,comparable,0,15,0,15,0,0,0,0,0,0,different_variants_in_same_gene
GCF_000005845.2,b3049,glgS,GCF_003697165.2,EAS44_RS04150,glgS,comparable,0,4,0,4,0,0,0,0,0,0,different_variants_in_same_gene
GCF_000005845.2,b3050,yqiJ,GCF_003697165.2,EAS44_RS04145,yqiJ,comparable,0,29,0,29,0,0,0,0,0,0,different_variants_in_same_gene
GCF_000005845.2,b3051,yqiK,GCF_003697165.2,EAS44_RS04140,yqiK,comparable,25,80,4,76,4,10,1,0,10,0,partially_shared_variants
GCF_000005845.2,b4666,ibsE,GCF_003697165.2,EAS44_RS04135,ibsE,comparable,1,0,0,0,0,0,1,0,0,0,reference_allele_difference
GCF_000005845.2,b3052,hldE,GCF_003697165.2,EAS44_RS04130,hldE,comparable,10,25,0,25,0,0,10,0,0,0,reference_allele_difference
GCF_000005845.2,b3053,glnE,GCF_003697165.2,EAS44_RS04125,glnE,comparable,12,88,6,82,6,0,6,0,0,0,partially_shared_variants
GCF_000005845.2,b3054,ygiF,GCF_003697165.2,EAS44_RS04120,ygiF,comparable,0,38,0,38,0,0,0,0,0,0,different_variants_in_same_gene
GCF_000005845.2,b3055,ygiM,GCF_003697165.2,EAS44_RS04115,ygiM,comparable,0,5,0,5,0,0,0,0,0,0,different_variants_in_same_gene
GCF_000005845.2,b3056,cca,GCF_003697165.2,EAS44_RS04110,cca,comparable,3,30,2,28,2,0,1,0,0,0,partially_shared_variants
GCF_000005845.2,b3057,bacA,GCF_003697165.2,EAS44_RS04105,bacA,comparable,7,11,1,10,1,0,6,0,0,0,partially_shared_variants
GCF_000005845.2,b3058,folB,GCF_003697165.2,EAS44_RS04100,folB,comparable,0,1,0,1,0,0,0,0,0,0,different_variants_in_same_gene
GCF_000005845.2,b3059,plsY,GCF_003697165.2,EAS44_RS04095,plsY,comparable,0,6,0,6,0,0,0,0,0,0,different_variants_in_same_gene
GCF_000005845.2,b3060,ttdR,GCF_003697165.2,EAS44_RS04090,ttdR,comparable,0,22,0,22,0,0,0,0,0,0,different_variants_in_same_gene
GCF_000005845.2,b3061,ttdA,GCF_003697165.2,EAS44_RS04085,ttdA,comparable,0,38,0,38,0,0,0,0,0,0,different_variants_in_same_gene
GCF_000005845.2,b3062,ttdB,GCF_003697165.2,EAS44_RS04080,ttdB,comparable,0,22,0,22,0,0,0,0,0,0,different_variants_in_same_gene
GCF_000005845.2,b3064,tsaD,GCF_003697165.2,EAS44_RS04070,tsaD,comparable,0,42,0,42,0,0,0,0,0,0,different_variants_in_same_gene
GCF_000005845.2,b3065,rpsU,GCF_003697165.2,EAS44_RS04065,rpsU,comparable,0,0,0,0,0,0,0,0,0,0,same_exact_variants
GCF_000005845.2,b3066,dnaG,GCF_003697165.2,EAS44_RS04060,dnaG,comparable,0,19,0,19,0,0,0,0,0,0,different_variants_in_same_gene
GCF_000005845.2,b3067,rpoD,GCF_003697165.2,EAS44_RS04055,rpoD,comparable,1,17,0,17,0,0,1,0,0,0,reference_allele_difference
GCF_000005845.2,b3068,mug,GCF_003697165.2,EAS44_RS04050,mug,comparable,0,3,0,3,0,0,0,0,0,0,different_variants_in_same_gene
GCF_000005845.2,b3070,nfeF,GCF_003697165.2,EAS44_RS04040,nfeF,comparable,2,19,1,18,1,0,1,0,0,0,partially_shared_variants
GCF_000005845.2,b3071,nfeR,GCF_003697165.2,EAS44_RS04030,nfeR,comparable,0,13,0,13,0,0,0,0,0,0,different_variants_in_same_gene
GCF_000005845.2,b3072,aer,GCF_003697165.2,EAS44_RS04025,aer,comparable,0,34,0,34,0,0,0,0,0,0,different_variants_in_same_gene
GCF_000005845.2,b3073,patA,GCF_003697165.2,EAS44_RS04020,ygjG,comparable,0,47,0,47,0,0,0,0,0,0,different_variants_in_same_gene
GCF_000005845.2,b3074,ygjH,GCF_003697165.2,EAS44_RS04015,ygjH,comparable,0,8,0,8,0,0,0,0,0,0,different_variants_in_same_gene
GCF_000005845.2,b3075,ebgR,GCF_003697165.2,EAS44_RS04010,ebgR,comparable,1,32,1,31,1,0,0,0,0,0,partially_shared_variants
GCF_000005845.2,b3077,ebgC,GCF_003697165.2,EAS44_RS04000,ebgC,comparable,0,2,0,2,0,0,0,0,0,0,different_variants_in_same_gene
GCF_000005845.2,b3078,ygjI,GCF_003697165.2,EAS44_RS03995,ygjI,comparable,0,17,0,17,0,0,0,0,0,0,different_variants_in_same_gene
GCF_000005845.2,b3079,ygjJ,GCF_003697165.2,EAS44_RS03990,ygjJ,comparable,0,34,0,34,0,0,0,0,0,0,different_variants_in_same_gene
GCF_000005845.2,b3080,ygjK,GCF_003697165.2,EAS44_RS03985,ygjK,comparable,17,88,8,80,8,1,8,0,0,0,partially_shared_variants
GCF_000005845.2,b3081,fadH,GCF_003697165.2,EAS44_RS03980,fadH,comparable,5,70,0,70,0,0,5,0,0,0,reference_allele_difference
GCF_000005845.2,b3084,rlmG,GCF_003697165.2,EAS44_RS03975,rlmG,comparable,1,37,0,37,0,0,1,0,0,0,reference_allele_difference
GCF_000005845.2,b3085,ygjP,GCF_003697165.2,EAS44_RS03970,ygjP,comparable,1,19,0,19,0,0,1,0,0,0,reference_allele_difference
GCF_000005845.2,b3086,ygjQ,GCF_003697165.2,EAS44_RS03965,ygjQ,comparable,0,49,0,49,0,0,0,0,0,0,different_variants_in_same_gene
GCF_000005845.2,b3087,ygjR,GCF_003697165.2,EAS44_RS03960,ygjR,comparable,19,37,8,29,8,0,11,0,0,0,partially_shared_variants
GCF_000005845.2,b3088,alx,GCF_003697165.2,EAS44_RS03955,alx,comparable,5,24,3,21,3,0,2,0,0,0,partially_shared_variants
GCF_000005845.2,b3089,sstT,GCF_003697165.2,EAS44_RS03950,sstT,comparable,24,39,10,29,10,0,14,0,0,0,partially_shared_variants
GCF_000005845.2,b3090,ygjV,GCF_003697165.2,EAS44_RS03945,ygjV,comparable,7,15,5,10,5,0,2,0,0,0,partially_shared_variants
GCF_000005845.2,b3091,uxaA,GCF_003697165.2,EAS44_RS03940,uxaA,comparable,27,39,13,26,13,0,14,0,0,0,partially_shared_variants
GCF_000005845.2,b3092,uxaC,GCF_003697165.2,EAS44_RS03935,uxaC,comparable,8,28,5,23,5,0,3,0,0,0,partially_shared_variants
GCF_000005845.2,b3093,exuT,GCF_003697165.2,EAS44_RS03930,exuT,comparable,16,35,8,27,8,0,8,0,0,0,partially_shared_variants
GCF_000005845.2,b3094,exuR,GCF_003697165.2,EAS44_RS03925,exuR,comparable,6,24,5,19,5,0,1,0,0,0,partially_shared_variants
GCF_000005845.2,b4787,yqiM,GCF_003697165.2,EAS44_RS25330,EAS44_RS25330,comparable,0,2,0,2,0,0,0,0,0,0,different_variants_in_same_gene
GCF_000005845.2,b3095,yqjA,GCF_003697165.2,EAS44_RS03920,yqjA,comparable,0,8,0,8,0,0,0,0,0,0,different_variants_in_same_gene
GCF_000005845.2,b3096,mzrA,GCF_003697165.2,EAS44_RS03915,mzrA,comparable,0,8,0,8,0,0,0,0,0,0,different_variants_in_same_gene
GCF_000005845.2,b3097,yqjC,GCF_003697165.2,EAS44_RS03910,yqjC,comparable,2,4,2,2,2,0,0,0,0,0,partially_shared_variants
GCF_000005845.2,b3098,yqjD,GCF_003697165.2,EAS44_RS03905,yqjD,comparable,3,4,2,2,2,0,1,0,0,0,partially_shared_variants
GCF_000005845.2,b3099,yqjE,GCF_003697165.2,EAS44_RS03900,yqjE,comparable,13,11,6,5,6,0,7,0,0,0,partially_shared_variants
GCF_000005845.2,b3100,yqjK,GCF_003697165.2,EAS44_RS03895,yqjK,comparable,2,8,1,7,1,0,1,0,0,0,partially_shared_variants
GCF_000005845.2,b3101,yqjF,GCF_003697165.2,EAS44_RS03890,yqjF,comparable,4,19,3,16,3,0,1,0,0,0,partially_shared_variants
GCF_000005845.2,b3102,yqjG,GCF_003697165.2,EAS44_RS03885,yqjG,comparable,25,30,8,22,8,0,17,0,0,0,partially_shared_variants
GCF_000005845.2,b3103,yhaH,GCF_003697165.2,EAS44_RS03880,EAS44_RS03880,comparable,2,7,1,6,1,0,1,0,0,0,partially_shared_variants
GCF_000005845.2,b3105,yhaJ,GCF_003697165.2,EAS44_RS03875,yhaJ,comparable,6,16,2,14,2,0,4,0,0,0,partially_shared_variants
GCF_000005845.2,b3106,yhaK,GCF_003697165.2,EAS44_RS03870,yhaK,comparable,0,21,0,21,0,0,0,0,0,0,different_variants_in_same_gene
GCF_000005845.2,b3107,yhaL,GCF_003697165.2,EAS44_RS03865,yhaL,comparable,4,2,1,1,1,0,3,0,0,0,partially_shared_variants
GCF_000005845.2,b4470,cyuA,GCF_003697165.2,EAS44_RS03860,cyuA,comparable,10,27,4,23,4,0,6,0,0,0,partially_shared_variants
GCF_000005845.2,b3110,cyuP,GCF_003697165.2,EAS44_RS03855,cyuP,comparable,9,15,4,11,4,0,5,0,0,0,partially_shared_variants
GCF_000005845.2,b3113,tdcF,GCF_003697165.2,EAS44_RS03845,tdcF,comparable,0,7,0,7,0,0,0,0,0,0,different_variants_in_same_gene
GCF_000005845.2,b3116,tdcC,GCF_003697165.2,EAS44_RS03830,tdcC,comparable,0,42,0,42,0,0,0,0,0,0,different_variants_in_same_gene
GCF_000005845.2,b3117,tdcB,GCF_003697165.2,EAS44_RS03825,tdcB,comparable,0,25,0,25,0,0,0,0,0,0,different_variants_in_same_gene
GCF_000005845.2,b3118,tdcA,GCF_003697165.2,EAS44_RS03820,tdcA,comparable,0,12,0,12,0,0,0,0,0,0,different_variants_in_same_gene
GCF_000005845.2,b3119,tdcR,GCF_003697165.2,EAS44_RS25325,tdcR,comparable,0,7,0,7,0,0,0,0,0,0,different_variants_in_same_gene
GCF_000005845.2,b3126,garL,GCF_003697165.2,EAS44_RS03795,garL,comparable,0,17,0,17,0,0,0,0,0,0,different_variants_in_same_gene
GCF_000005845.2,b3128,garD,GCF_003697165.2,EAS44_RS03785,garD,comparable,29,25,8,17,8,0,21,0,0,0,partially_shared_variants
GCF_000005845.2,b3131,agaR,GCF_003697165.2,EAS44_RS03780,agaR,comparable,12,27,7,20,7,0,5,0,0,0,partially_shared_variants
GCF_000005845.2,b3132,kbaZ,GCF_003697165.2,EAS44_RS03775,kbaZ,comparable,3,21,3,18,3,0,0,0,0,0,partially_shared_variants
GCF_000005845.2,b3133,agaV,GCF_003697165.2,EAS44_RS03770,agaV,comparable,1,11,0,11,0,0,1,0,0,0,reference_allele_difference
GCF_000005845.2,b3136,agaS,GCF_003697165.2,EAS44_RS03745,agaS,comparable,19,27,8,19,8,0,11,0,0,0,partially_shared_variants
GCF_000005845.2,b3138,agaB,GCF_003697165.2,EAS44_RS03735,agaB,comparable,5,8,3,5,3,0,2,0,0,0,partially_shared_variants
GCF_000005845.2,b3140,agaD,GCF_003697165.2,EAS44_RS03725,agaD,comparable,3,29,1,28,1,0,2,0,0,0,partially_shared_variants
GCF_000005845.2,b3141,agaI,GCF_003697165.2,EAS44_RS03720,agaI,comparable,4,12,0,12,0,0,4,0,0,0,reference_allele_difference
GCF_000005845.2,b3146,rsmI,GCF_003697165.2,EAS44_RS03715,rsmI,comparable,0,17,0,17,0,0,0,0,0,0,different_variants_in_same_gene
GCF_000005845.2,b3147,lpoA,GCF_003697165.2,EAS44_RS03710,lpoA,comparable,10,52,5,47,5,0,5,0,0,0,partially_shared_variants
GCF_000005845.2,b3148,yraN,GCF_003697165.2,EAS44_RS03705,yraN,comparable,0,7,0,7,0,0,0,0,0,0,different_variants_in_same_gene
GCF_000005845.2,b3149,diaA,GCF_003697165.2,EAS44_RS03700,diaA,comparable,0,9,0,9,0,0,0,0,0,0,different_variants_in_same_gene
GCF_000005845.2,b3150,dolP,GCF_003697165.2,EAS44_RS03695,dolP,comparable,3,11,3,8,3,0,0,0,0,0,partially_shared_variants
GCF_000005845.2,b3151,yraQ,GCF_003697165.2,EAS44_RS03690,yraQ,comparable,12,24,7,17,7,0,5,0,0,0,partially_shared_variants
GCF_000005845.2,b3152,yraR,GCF_003697165.2,EAS44_RS03685,yraR,comparable,17,18,10,8,10,0,7,0,0,0,partially_shared_variants
GCF_000005845.2,b3154,yhbP,GCF_003697165.2,EAS44_RS03675,yhbP,comparable,5,14,1,13,1,0,4,0,0,0,partially_shared_variants
GCF_000005845.2,b3155,yhbQ,GCF_003697165.2,EAS44_RS03670,yhbQ,comparable,4,10,3,7,3,0,1,0,0,0,partially_shared_variants
GCF_000005845.2,b3156,yhbS,GCF_003697165.2,EAS44_RS03665,yhbS,comparable,0,12,0,12,0,0,0,0,0,0,different_variants_in_same_gene
GCF_000005845.2,b3157,ubiT,GCF_003697165.2,EAS44_RS03660,ubiT,comparable,3,3,2,1,2,0,1,0,0,0,partially_shared_variants
GCF_000005845.2,b3158,ubiU,GCF_003697165.2,EAS44_RS03655,ubiU,comparable,3,14,2,12,2,0,1,0,0,0,partially_shared_variants
GCF_000005845.2,b3159,ubiV,GCF_003697165.2,EAS44_RS03650,ubiV,comparable,0,23,0,23,0,0,0,0,0,0,different_variants_in_same_gene
GCF_000005845.2,b3160,yhbW,GCF_003697165.2,EAS44_RS03645,yhbW,comparable,1,46,1,45,1,0,0,0,0,0,partially_shared_variants
GCF_000005845.2,b3161,mtr,GCF_003697165.2,EAS44_RS03640,mtr,comparable,40,76,25,51,25,0,15,0,0,0,partially_shared_variants
GCF_000005845.2,b3162,deaD,GCF_003697165.2,EAS44_RS03635,deaD,comparable,22,43,12,31,12,0,10,0,0,0,partially_shared_variants
GCF_000005845.2,b4685,yrbN,GCF_003697165.2,EAS44_RS03630,yrbN,comparable,0,0,0,0,0,0,0,0,0,0,same_exact_variants
GCF_000005845.2,b3163,nlpI,GCF_003697165.2,EAS44_RS03625,nlpI,comparable,0,2,0,2,0,0,0,0,0,0,different_variants_in_same_gene
GCF_000005845.2,b3164,pnp,GCF_003697165.2,EAS44_RS03620,pnp,comparable,5,38,4,34,4,0,1,0,0,0,partially_shared_variants
GCF_000005845.2,b3165,rpsO,GCF_003697165.2,EAS44_RS03615,rpsO,comparable,0,0,0,0,0,0,0,0,0,0,same_exact_variants
GCF_000005845.2,b3166,truB,GCF_003697165.2,EAS44_RS03610,truB,comparable,0,36,0,36,0,0,0,0,0,0,different_variants_in_same_gene
GCF_000005845.2,b3167,rbfA,GCF_003697165.2,EAS44_RS03605,rbfA,comparable,0,2,0,2,0,0,0,0,0,0,different_variants_in_same_gene
GCF_000005845.2,b3168,infB,GCF_003697165.2,EAS44_RS03600,infB,comparable,0,41,0,41,0,0,0,0,0,0,different_variants_in_same_gene
GCF_000005845.2,b3169,nusA,GCF_003697165.2,EAS44_RS03595,nusA,comparable,4,18,2,16,2,0,2,0,0,0,partially_shared_variants
GCF_000005845.2,b3170,rimP,GCF_003697165.2,EAS44_RS03590,rimP,comparable,0,1,0,1,0,0,0,0,0,0,different_variants_in_same_gene
GCF_000005845.2,b3172,argG,GCF_003697165.2,EAS44_RS03580,argG,comparable,4,40,2,38,2,0,2,0,0,0,partially_shared_variants
GCF_000005845.2,b3173,yhbX,GCF_003697165.2,EAS44_RS03575,yhbX,comparable,3,42,1,41,1,0,2,0,0,0,partially_shared_variants
GCF_000005845.2,b3175,secG,GCF_003697165.2,EAS44_RS03565,secG,comparable,3,5,2,3,2,0,1,0,0,0,partially_shared_variants
GCF_000005845.2,b3176,glmM,GCF_003697165.2,EAS44_RS03560,glmM,comparable,2,53,2,51,2,0,0,0,0,0,partially_shared_variants
GCF_000005845.2,b3177,folP,GCF_003697165.2,EAS44_RS03555,folP,comparable,2,8,1,7,1,0,1,0,0,0,partially_shared_variants
GCF_000005845.2,b3178,ftsH,GCF_003697165.2,EAS44_RS03550,ftsH,comparable,11,20,9,11,9,0,2,0,0,0,partially_shared_variants
GCF_000005845.2,b3179,rlmE,GCF_003697165.2,EAS44_RS03545,rlmE,comparable,0,0,0,0,0,0,0,0,0,0,same_exact_variants
GCF_000005845.2,b3180,yhbY,GCF_003697165.2,EAS44_RS03540,yhbY,comparable,0,0,0,0,0,0,0,0,0,0,same_exact_variants
GCF_000005845.2,b3181,greA,GCF_003697165.2,EAS44_RS03535,greA,comparable,0,4,0,4,0,0,0,0,0,0,different_variants_in_same_gene
GCF_000005845.2,b3182,dacB,GCF_003697165.2,EAS44_RS03530,dacB,comparable,16,30,12,18,12,0,4,0,0,0,partially_shared_variants
GCF_000005845.2,b3183,obgE,GCF_003697165.2,EAS44_RS03525,cgtA,comparable,17,31,10,21,10,0,7,0,0,0,partially_shared_variants
GCF_000005845.2,b3184,yhbE,GCF_003697165.2,EAS44_RS03520,yhbE,comparable,7,11,5,6,5,0,2,0,0,0,partially_shared_variants
GCF_000005845.2,b3185,rpmA,GCF_003697165.2,EAS44_RS03515,rpmA,comparable,0,1,0,1,0,0,0,0,0,0,different_variants_in_same_gene
GCF_000005845.2,b3186,rplU,GCF_003697165.2,EAS44_RS03510,rplU,comparable,0,1,0,1,0,0,0,0,0,0,different_variants_in_same_gene
GCF_000005845.2,b3187,ispB,GCF_003697165.2,EAS44_RS03505,ispB,comparable,6,15,4,11,4,0,2,0,0,0,partially_shared_variants
GCF_000005845.2,b3188,sfsB,GCF_003697165.2,EAS44_RS03500,sfsB,comparable,1,7,1,6,1,0,0,0,0,0,partially_shared_variants
GCF_000005845.2,b3189,murA,GCF_003697165.2,EAS44_RS03495,murA,comparable,10,14,5,9,5,0,5,0,0,0,partially_shared_variants
GCF_000005845.2,b3190,ibaG,GCF_003697165.2,EAS44_RS03490,ibaG,comparable,0,1,0,1,0,0,0,0,0,0,different_variants_in_same_gene
GCF_000005845.2,b3191,mlaB,GCF_003697165.2,EAS44_RS03485,mlaB,comparable,0,7,0,7,0,0,0,0,0,0,different_variants_in_same_gene
GCF_000005845.2,b3192,mlaC,GCF_003697165.2,EAS44_RS03480,mlaC,comparable,0,11,0,11,0,0,0,0,0,0,different_variants_in_same_gene
GCF_000005845.2,b3193,mlaD,GCF_003697165.2,EAS44_RS03475,mlaD,comparable,0,11,0,11,0,0,0,0,0,0,different_variants_in_same_gene
GCF_000005845.2,b3194,mlaE,GCF_003697165.2,EAS44_RS03470,mlaE,comparable,0,6,0,6,0,0,0,0,0,0,different_variants_in_same_gene
GCF_000005845.2,b3195,mlaF,GCF_003697165.2,EAS44_RS03465,mlaF,comparable,0,8,0,8,0,0,0,0,0,0,different_variants_in_same_gene
GCF_000005845.2,b3196,yrbG,GCF_003697165.2,EAS44_RS03460,yrbG,comparable,2,16,2,14,2,0,0,0,0,0,partially_shared_variants
GCF_000005845.2,b3197,kdsD,GCF_003697165.2,EAS44_RS03455,kdsD,comparable,1,13,0,13,0,0,1,0,0,0,reference_allele_difference
GCF_000005845.2,b3198,kdsC,GCF_003697165.2,EAS44_RS03450,kdsC,comparable,4,1,0,1,0,0,4,0,0,0,reference_allele_difference
GCF_000005845.2,b3199,lptC,GCF_003697165.2,EAS44_RS03445,lptC,comparable,2,3,1,2,1,0,1,0,0,0,partially_shared_variants
GCF_000005845.2,b3200,lptA,GCF_003697165.2,EAS44_RS03440,lptA,comparable,3,5,2,3,2,0,1,0,0,0,partially_shared_variants
GCF_000005845.2,b3201,lptB,GCF_003697165.2,EAS44_RS03435,lptB,comparable,2,4,2,2,2,0,0,0,0,0,partially_shared_variants
GCF_000005845.2,b3202,rpoN,GCF_003697165.2,EAS44_RS03430,rpoN,comparable,10,31,5,26,5,0,5,0,0,0,partially_shared_variants
GCF_000005845.2,b3203,hpf,GCF_003697165.2,EAS44_RS03425,hpf,comparable,0,1,0,1,0,0,0,0,0,0,different_variants_in_same_gene
GCF_000005845.2,b3204,ptsN,GCF_003697165.2,EAS44_RS03420,ptsN,comparable,0,5,0,5,0,0,0,0,0,0,different_variants_in_same_gene
GCF_000005845.2,b3205,rapZ,GCF_003697165.2,EAS44_RS03415,rapZ,comparable,0,8,0,8,0,0,0,0,0,0,different_variants_in_same_gene
GCF_000005845.2,b3206,npr,GCF_003697165.2,EAS44_RS03410,npr,comparable,0,2,0,2,0,0,0,0,0,0,different_variants_in_same_gene
GCF_000005845.2,b3207,yrbL,GCF_003697165.2,EAS44_RS03405,yrbL,comparable,0,6,0,6,0,0,0,0,0,0,different_variants_in_same_gene
GCF_000005845.2,b3208,mtgA,GCF_003697165.2,EAS44_RS03400,mtgA,comparable,0,11,0,11,0,0,0,0,0,0,different_variants_in_same_gene
GCF_000005845.2,b3209,elbB,GCF_003697165.2,EAS44_RS03395,elbB,comparable,0,7,0,7,0,0,0,0,0,0,different_variants_in_same_gene
GCF_000005845.2,b3210,arcB,GCF_003697165.2,EAS44_RS03390,arcB,comparable,27,30,13,17,13,0,14,0,0,0,partially_shared_variants
GCF_000005845.2,b3211,yhcC,GCF_003697165.2,EAS44_RS03385,yhcC,comparable,3,22,2,20,2,0,1,0,0,0,partially_shared_variants
GCF_000005845.2,b3212,gltB,GCF_003697165.2,EAS44_RS03380,gltB,comparable,12,172,4,168,4,0,8,0,0,0,partially_shared_variants
GCF_000005845.2,b3213,gltD,GCF_003697165.2,EAS44_RS03375,gltD,comparable,10,54,6,48,6,0,4,0,0,0,partially_shared_variants
GCF_000005845.2,b3221,nanQ,GCF_003697165.2,EAS44_RS03370,nanQ,comparable,12,20,7,13,7,1,4,0,0,0,partially_shared_variants
GCF_000005845.2,b3222,nanK,GCF_003697165.2,EAS44_RS03365,nanK,comparable,28,46,17,29,17,0,11,0,0,0,partially_shared_variants
GCF_000005845.2,b3223,nanE,GCF_003697165.2,EAS44_RS03360,nanE,comparable,8,15,4,11,4,0,4,0,0,0,partially_shared_variants
GCF_000005845.2,b3225,nanA,GCF_003697165.2,EAS44_RS03350,nanA,comparable,3,29,2,27,2,0,1,0,0,0,partially_shared_variants
GCF_000005845.2,b3226,nanR,GCF_003697165.2,EAS44_RS03345,nanR,comparable,16,16,4,12,4,0,12,0,0,0,partially_shared_variants
GCF_000005845.2,b3228,sspB,GCF_003697165.2,EAS44_RS03340,sspB,comparable,0,7,0,7,0,0,0,0,0,0,different_variants_in_same_gene
GCF_000005845.2,b3229,sspA,GCF_003697165.2,EAS44_RS03335,sspA,comparable,0,3,0,3,0,0,0,0,0,0,different_variants_in_same_gene
GCF_000005845.2,b3230,rpsI,GCF_003697165.2,EAS44_RS03330,rpsI,comparable,0,0,0,0,0,0,0,0,0,0,same_exact_variants
GCF_000005845.2,b3231,rplM,GCF_003697165.2,EAS44_RS03325,rplM,comparable,0,0,0,0,0,0,0,0,0,0,same_exact_variants
GCF_000005845.2,b3232,zapE,GCF_003697165.2,EAS44_RS03320,zapE,comparable,21,30,11,19,11,0,10,0,0,0,partially_shared_variants
GCF_000005845.2,b3233,yhcB,GCF_003697165.2,EAS44_RS03315,zapG,comparable,0,3,0,3,0,0,0,0,0,0,different_variants_in_same_gene
GCF_000005845.2,b3234,degQ,GCF_003697165.2,EAS44_RS03310,degQ,comparable,1,22,0,22,0,0,1,0,0,0,reference_allele_difference
GCF_000005845.2,b3235,degS,GCF_003697165.2,EAS44_RS03305,degS,comparable,10,32,6,26,6,0,4,0,0,0,partially_shared_variants
GCF_000005845.2,b3236,mdh,GCF_003697165.2,EAS44_RS03300,mdh,comparable,6,9,2,7,2,0,4,0,0,0,partially_shared_variants
GCF_000005845.2,b3237,argR,GCF_003697165.2,EAS44_RS03295,argR,comparable,4,8,3,5,3,0,1,0,0,0,partially_shared_variants
GCF_000005845.2,b3238,yhcN,GCF_003697165.2,EAS44_RS03290,yhcN,comparable,3,6,3,3,3,0,0,0,0,0,partially_shared_variants
GCF_000005845.2,b3239,yhcO,GCF_003697165.2,EAS44_RS03285,yhcO,comparable,3,4,3,1,3,0,0,0,0,0,partially_shared_variants
GCF_000005845.2,b3240,aaeB,GCF_003697165.2,EAS44_RS03280,aaeB,comparable,26,42,19,23,19,0,7,0,0,0,partially_shared_variants
GCF_000005845.2,b3241,aaeA,GCF_003697165.2,EAS44_RS03275,aaeA,comparable,12,15,3,12,3,0,9,0,0,0,partially_shared_variants
GCF_000005845.2,b3242,aaeX,GCF_003697165.2,EAS44_RS03270,aaeX,comparable,2,2,1,1,1,0,1,0,0,0,partially_shared_variants
GCF_000005845.2,b3243,aaeR,GCF_003697165.2,EAS44_RS03265,aaeR,comparable,21,27,9,18,9,0,12,0,0,0,partially_shared_variants
GCF_000005845.2,b3244,tldD,GCF_003697165.2,EAS44_RS03260,tldD,comparable,10,17,2,15,2,0,8,0,0,0,partially_shared_variants
GCF_000005845.2,b4472,yhdP,GCF_003697165.2,EAS44_RS03255,yhdP,comparable,42,65,24,41,24,0,18,0,0,0,partially_shared_variants
GCF_000005845.2,b3247,rng,GCF_003697165.2,EAS44_RS03250,rng,comparable,0,26,0,26,0,0,0,0,0,0,different_variants_in_same_gene
GCF_000005845.2,b3248,yhdE,GCF_003697165.2,EAS44_RS03245,yhdE,comparable,0,9,0,9,0,0,0,0,0,0,different_variants_in_same_gene
GCF_000005845.2,b3249,mreD,GCF_003697165.2,EAS44_RS03240,mreD,comparable,0,3,0,3,0,0,0,0,0,0,different_variants_in_same_gene
GCF_000005845.2,b3250,mreC,GCF_003697165.2,EAS44_RS03235,mreC,comparable,0,12,0,12,0,0,0,0,0,0,different_variants_in_same_gene
GCF_000005845.2,b3251,mreB,GCF_003697165.2,EAS44_RS03230,mreB,comparable,0,7,0,7,0,0,0,0,0,0,different_variants_in_same_gene
GCF_000005845.2,b3252,csrD,GCF_003697165.2,EAS44_RS03220,csrD,comparable,0,36,0,36,0,0,0,0,0,0,different_variants_in_same_gene
GCF_000005845.2,b3253,yhdH,GCF_003697165.2,EAS44_RS03215,yhdH,comparable,0,15,0,15,0,0,0,0,0,0,different_variants_in_same_gene
GCF_000005845.2,b3255,accB,GCF_003697165.2,EAS44_RS03210,accB,comparable,0,3,0,3,0,0,0,0,0,0,different_variants_in_same_gene
GCF_000005845.2,b3256,accC,GCF_003697165.2,EAS44_RS03205,accC,comparable,0,19,0,19,0,0,0,0,0,0,different_variants_in_same_gene
GCF_000005845.2,b3257,yhdT,GCF_003697165.2,EAS44_RS03160,yhdT,comparable,0,4,0,4,0,0,0,0,0,0,different_variants_in_same_gene
GCF_000005845.2,b3258,panF,GCF_003697165.2,EAS44_RS03155,panF,comparable,0,42,0,42,0,0,0,0,0,0,different_variants_in_same_gene
GCF_000005845.2,b3259,prmA,GCF_003697165.2,EAS44_RS03150,prmA,comparable,0,20,0,20,0,0,0,0,0,0,different_variants_in_same_gene
GCF_000005845.2,b3260,dusB,GCF_003697165.2,EAS44_RS03145,dusB,comparable,0,3,0,3,0,0,0,0,0,0,different_variants_in_same_gene
GCF_000005845.2,b3261,fis,GCF_003697165.2,EAS44_RS03140,fis,comparable,0,1,0,1,0,0,0,0,0,0,different_variants_in_same_gene
GCF_000005845.2,b3262,yhdJ,GCF_003697165.2,EAS44_RS03135,yhdJ,comparable,22,33,17,16,17,0,5,0,0,0,partially_shared_variants
GCF_000005845.2,b3263,yhdU,GCF_003697165.2,EAS44_RS03130,yhdU,comparable,1,1,1,0,1,0,0,0,0,0,same_exact_variants
GCF_000005845.2,b3264,envR,GCF_003697165.2,EAS44_RS03125,acrS,comparable,6,17,6,11,6,0,0,0,0,0,partially_shared_variants
GCF_000005845.2,b3265,acrE,GCF_003697165.2,EAS44_RS03120,acrE,comparable,13,11,5,6,5,0,8,0,0,0,partially_shared_variants
GCF_000005845.2,b3266,acrF,GCF_003697165.2,EAS44_RS03115,acrF,comparable,32,69,14,55,14,0,18,0,0,0,partially_shared_variants
GCF_000005845.2,b3267,yhdV,GCF_003697165.2,EAS44_RS03110,EAS44_RS03110,comparable,7,6,5,1,5,0,2,0,0,0,partially_shared_variants
GCF_000005845.2,b3269,yhdX,GCF_003697165.2,EAS44_RS03100,yhdX,comparable,4,49,2,47,2,1,1,0,0,0,partially_shared_variants
GCF_000005845.2,b3270,yhdY,GCF_003697165.2,EAS44_RS03095,yhdY,comparable,11,29,4,25,4,0,7,0,0,0,partially_shared_variants
GCF_000005845.2,b3271,yhdZ,GCF_003697165.2,EAS44_RS03090,yhdZ,comparable,7,21,6,15,6,0,1,0,0,0,partially_shared_variants
GCF_000005845.2,b3279,yrdA,GCF_003697165.2,EAS44_RS03050,yrdA,comparable,1,8,1,7,1,0,0,0,0,0,partially_shared_variants
GCF_000005845.2,b3280,yrdB,GCF_003697165.2,EAS44_RS03045,yrdB,comparable,0,5,0,5,0,0,0,0,0,0,different_variants_in_same_gene
GCF_000005845.2,b3281,aroE,GCF_003697165.2,EAS44_RS03040,aroE,comparable,0,26,0,26,0,0,0,0,0,0,different_variants_in_same_gene
GCF_000005845.2,b3282,tsaC,GCF_003697165.2,EAS44_RS03035,tsaC,comparable,0,11,0,11,0,0,0,0,0,0,different_variants_in_same_gene
GCF_000005845.2,b3283,yrdD,GCF_003697165.2,EAS44_RS03030,yrdD,comparable,0,8,0,8,0,0,0,0,0,0,different_variants_in_same_gene
GCF_000005845.2,b3284,smg,GCF_003697165.2,EAS44_RS03025,smg,comparable,0,23,0,23,0,0,0,0,0,0,different_variants_in_same_gene
GCF_000005845.2,b4473,smf,GCF_003697165.2,EAS44_RS03020,dprA,comparable,0,24,0,24,0,0,0,0,0,0,different_variants_in_same_gene
GCF_000005845.2,b3287,def,GCF_003697165.2,EAS44_RS03015,def,comparable,0,5,0,5,0,0,0,0,0,0,different_variants_in_same_gene
GCF_000005845.2,b3288,fmt,GCF_003697165.2,EAS44_RS03010,fmt,comparable,0,26,0,26,0,0,0,0,0,0,different_variants_in_same_gene
GCF_000005845.2,b3289,rsmB,GCF_003697165.2,EAS44_RS03005,rsmB,comparable,0,68,0,68,0,0,0,0,0,0,different_variants_in_same_gene
GCF_000005845.2,b3290,trkA,GCF_003697165.2,EAS44_RS03000,trkA,comparable,0,9,0,9,0,0,0,0,0,0,different_variants_in_same_gene
GCF_000005845.2,b3291,mscL,GCF_003697165.2,EAS44_RS02995,mscL,comparable,0,12,0,12,0,0,0,0,0,0,different_variants_in_same_gene
GCF_000005845.2,b4550,arfA,GCF_003697165.2,EAS44_RS02990,arfA,comparable,0,5,0,5,0,0,0,0,0,0,different_variants_in_same_gene
GCF_000005845.2,b3292,zntR,GCF_003697165.2,EAS44_RS02985,zntR,comparable,0,16,0,16,0,0,0,0,0,0,different_variants_in_same_gene
GCF_000005845.2,b3293,yhdN,GCF_003697165.2,EAS44_RS02980,yhdN,comparable,0,11,0,11,0,0,0,0,0,0,different_variants_in_same_gene
GCF_000005845.2,b3294,rplQ,GCF_003697165.2,EAS44_RS02975,rplQ,comparable,0,1,0,1,0,0,0,0,0,0,different_variants_in_same_gene
GCF_000005845.2,b3295,rpoA,GCF_003697165.2,EAS44_RS02970,rpoA,comparable,1,1,1,0,1,0,0,0,0,0,same_exact_variants
GCF_000005845.2,b3296,rpsD,GCF_003697165.2,EAS44_RS02965,rpsD,comparable,0,0,0,0,0,0,0,0,0,0,same_exact_variants
GCF_000005845.2,b3297,rpsK,GCF_003697165.2,EAS44_RS02960,rpsK,comparable,0,1,0,1,0,0,0,0,0,0,different_variants_in_same_gene
GCF_000005845.2,b3298,rpsM,GCF_003697165.2,EAS44_RS02955,rpsM,comparable,0,0,0,0,0,0,0,0,0,0,same_exact_variants
GCF_000005845.2,b3299,rpmJ,GCF_003697165.2,EAS44_RS02950,rpmJ,comparable,0,0,0,0,0,0,0,0,0,0,same_exact_variants
GCF_000005845.2,b3300,secY,GCF_003697165.2,EAS44_RS02945,secY,comparable,1,5,0,5,0,0,1,0,0,0,reference_allele_difference
GCF_000005845.2,b3301,rplO,GCF_003697165.2,EAS44_RS02940,rplO,comparable,2,1,0,1,0,0,2,0,0,0,reference_allele_difference
GCF_000005845.2,b3302,rpmD,GCF_003697165.2,EAS44_RS02935,rpmD,comparable,0,0,0,0,0,0,0,0,0,0,same_exact_variants
GCF_000005845.2,b3303,rpsE,GCF_003697165.2,EAS44_RS02930,rpsE,comparable,3,7,3,4,3,0,0,0,0,0,partially_shared_variants
GCF_000005845.2,b3304,rplR,GCF_003697165.2,EAS44_RS02925,rplR,comparable,0,0,0,0,0,0,0,0,0,0,same_exact_variants
GCF_000005845.2,b3305,rplF,GCF_003697165.2,EAS44_RS02920,rplF,comparable,0,0,0,0,0,0,0,0,0,0,same_exact_variants
GCF_000005845.2,b3306,rpsH,GCF_003697165.2,EAS44_RS02915,rpsH,comparable,0,0,0,0,0,0,0,0,0,0,same_exact_variants
GCF_000005845.2,b3307,rpsN,GCF_003697165.2,EAS44_RS02910,rpsN,comparable,0,0,0,0,0,0,0,0,0,0,same_exact_variants
GCF_000005845.2,b3308,rplE,GCF_003697165.2,EAS44_RS02905,rplE,comparable,0,0,0,0,0,0,0,0,0,0,same_exact_variants
GCF_000005845.2,b3309,rplX,GCF_003697165.2,EAS44_RS02900,rplX,comparable,0,1,0,1,0,0,0,0,0,0,different_variants_in_same_gene
GCF_000005845.2,b3310,rplN,GCF_003697165.2,EAS44_RS02895,rplN,comparable,0,0,0,0,0,0,0,0,0,0,same_exact_variants
GCF_000005845.2,b3311,rpsQ,GCF_003697165.2,EAS44_RS02890,rpsQ,comparable,0,0,0,0,0,0,0,0,0,0,same_exact_variants
GCF_000005845.2,b3312,rpmC,GCF_003697165.2,EAS44_RS02885,rpmC,comparable,0,0,0,0,0,0,0,0,0,0,same_exact_variants
GCF_000005845.2,b3313,rplP,GCF_003697165.2,EAS44_RS02880,rplP,comparable,0,1,0,1,0,0,0,0,0,0,different_variants_in_same_gene
GCF_000005845.2,b3314,rpsC,GCF_003697165.2,EAS44_RS02875,rpsC,comparable,1,1,1,0,1,0,0,0,0,0,same_exact_variants
GCF_000005845.2,b3315,rplV,GCF_003697165.2,EAS44_RS02870,rplV,comparable,0,0,0,0,0,0,0,0,0,0,same_exact_variants
GCF_000005845.2,b3316,rpsS,GCF_003697165.2,EAS44_RS02865,rpsS,comparable,0,1,0,1,0,0,0,0,0,0,different_variants_in_same_gene
GCF_000005845.2,b3317,rplB,GCF_003697165.2,EAS44_RS02860,rplB,comparable,0,0,0,0,0,0,0,0,0,0,same_exact_variants
GCF_000005845.2,b3318,rplW,GCF_003697165.2,EAS44_RS02855,rplW,comparable,0,0,0,0,0,0,0,0,0,0,same_exact_variants
GCF_000005845.2,b3319,rplD,GCF_003697165.2,EAS44_RS02850,rplD,comparable,0,1,0,1,0,0,0,0,0,0,different_variants_in_same_gene
GCF_000005845.2,b3320,rplC,GCF_003697165.2,EAS44_RS02845,rplC,comparable,0,2,0,2,0,0,0,0,0,0,different_variants_in_same_gene
GCF_000005845.2,b3321,rpsJ,GCF_003697165.2,EAS44_RS02840,rpsJ,comparable,0,1,0,1,0,0,0,0,0,0,different_variants_in_same_gene
GCF_000005845.2,b3322,gspB,GCF_003697165.2,EAS44_RS02835,gspB,comparable,1,13,0,13,0,0,1,0,0,0,reference_allele_difference
GCF_000005845.2,b3323,gspA,GCF_003697165.2,EAS44_RS02830,gspA,comparable,2,43,2,41,2,0,0,0,0,0,partially_shared_variants
GCF_000005845.2,b3324,gspC,GCF_003697165.2,EAS44_RS02825,gspC,comparable,0,22,0,22,0,0,0,0,0,0,different_variants_in_same_gene
GCF_000005845.2,b3326,gspE,GCF_003697165.2,EAS44_RS02815,gspE,comparable,2,36,2,34,2,0,0,0,0,0,partially_shared_variants
GCF_000005845.2,b3327,gspF,GCF_003697165.2,EAS44_RS02810,gspF,comparable,0,21,0,21,0,0,0,0,0,0,different_variants_in_same_gene
GCF_000005845.2,b3330,gspI,GCF_003697165.2,EAS44_RS02795,gspI,comparable,0,8,0,8,0,0,0,0,0,0,different_variants_in_same_gene
GCF_000005845.2,b3331,gspJ,GCF_003697165.2,EAS44_RS02790,gspJ,comparable,1,12,1,11,1,0,0,0,0,0,partially_shared_variants
GCF_000005845.2,b3333,gspL,GCF_003697165.2,EAS44_RS02780,gspL,comparable,5,35,2,33,2,0,3,0,0,0,partially_shared_variants
GCF_000005845.2,b3334,gspM,GCF_003697165.2,EAS44_RS02775,gspM,comparable,0,11,0,11,0,0,0,0,0,0,different_variants_in_same_gene
GCF_000005845.2,b3335,gspO,GCF_003697165.2,EAS44_RS02770,gspO,comparable,2,14,1,13,1,0,1,0,0,0,partially_shared_variants
GCF_000005845.2,b3336,bfr,GCF_003697165.2,EAS44_RS02765,bfr,comparable,0,5,0,5,0,0,0,0,0,0,different_variants_in_same_gene
GCF_000005845.2,b3337,bfd,GCF_003697165.2,EAS44_RS02760,bfd,comparable,0,4,0,4,0,0,0,0,0,0,different_variants_in_same_gene
GCF_000005845.2,b3340,fusA,GCF_003697165.2,EAS44_RS02745,fusA,comparable,0,9,0,9,0,0,0,0,0,0,different_variants_in_same_gene
GCF_000005845.2,b3341,rpsG,GCF_003697165.2,EAS44_RS02740,rpsG,comparable,1,0,0,0,0,0,1,0,0,0,reference_allele_difference
GCF_000005845.2,b3342,rpsL,GCF_003697165.2,EAS44_RS02735,rpsL,comparable,0,1,0,1,0,0,0,0,0,0,different_variants_in_same_gene
GCF_000005845.2,b3343,tusB,GCF_003697165.2,EAS44_RS02730,tusB,comparable,4,6,1,5,1,0,3,0,0,0,partially_shared_variants
GCF_000005845.2,b3344,tusC,GCF_003697165.2,EAS44_RS02725,tusC,comparable,7,15,4,11,4,0,3,0,0,0,partially_shared_variants
GCF_000005845.2,b3345,tusD,GCF_003697165.2,EAS44_RS02720,tusD,comparable,22,19,11,8,11,0,11,0,0,0,partially_shared_variants
GCF_000005845.2,b3346,yheO,GCF_003697165.2,EAS44_RS02715,yheO,comparable,1,6,0,6,0,0,1,0,0,0,reference_allele_difference
GCF_000005845.2,b3347,fkpA,GCF_003697165.2,EAS44_RS02710,fkpA,comparable,5,5,0,5,0,0,5,0,0,0,reference_allele_difference
GCF_000005845.2,b3348,slyX,GCF_003697165.2,EAS44_RS02705,slyX,comparable,0,2,0,2,0,0,0,0,0,0,different_variants_in_same_gene
GCF_000005845.2,b3349,slyD,GCF_003697165.2,EAS44_RS02700,slyD,comparable,1,8,1,7,1,0,0,0,0,0,partially_shared_variants
GCF_000005845.2,b4551,yheV,GCF_003697165.2,EAS44_RS02695,yheV,comparable,2,5,1,4,1,0,1,0,0,0,partially_shared_variants
GCF_000005845.2,b3350,kefB,GCF_003697165.2,EAS44_RS02690,kefB,comparable,44,62,25,37,25,0,19,0,0,0,partially_shared_variants
GCF_000005845.2,b3351,kefG,GCF_003697165.2,EAS44_RS02685,kefG,comparable,7,13,5,8,5,0,2,0,0,0,partially_shared_variants
GCF_000005845.2,b3352,yheS,GCF_003697165.2,EAS44_RS02680,yheS,comparable,6,34,2,32,2,0,4,0,0,0,partially_shared_variants
GCF_000005845.2,b3353,yheT,GCF_003697165.2,EAS44_RS02675,yheT,comparable,0,36,0,36,0,0,0,0,0,0,different_variants_in_same_gene
GCF_000005845.2,b3354,yheU,GCF_003697165.2,EAS44_RS02670,yheU,comparable,0,2,0,2,0,0,0,0,0,0,different_variants_in_same_gene
GCF_000005845.2,b3355,prkB,GCF_003697165.2,EAS44_RS02665,prkB,comparable,0,13,0,13,0,0,0,0,0,0,different_variants_in_same_gene
GCF_000005845.2,b3356,yhfA,GCF_003697165.2,EAS44_RS02660,yhfA,comparable,0,8,0,8,0,0,0,0,0,0,different_variants_in_same_gene
GCF_000005845.2,b3357,crp,GCF_003697165.2,EAS44_RS02655,crp,comparable,0,4,0,4,0,0,0,0,0,0,different_variants_in_same_gene
GCF_000005845.2,b3358,yhfK,GCF_003697165.2,EAS44_RS02650,yhfK,comparable,13,49,8,41,8,0,5,0,0,0,partially_shared_variants
GCF_000005845.2,b3359,argD,GCF_003697165.2,EAS44_RS02645,argD,comparable,0,40,0,40,0,0,0,0,0,0,different_variants_in_same_gene
GCF_000005845.2,b3360,pabA,GCF_003697165.2,EAS44_RS02640,pabA,comparable,2,18,1,17,1,0,1,0,0,0,partially_shared_variants
GCF_000005845.2,b3361,fic,GCF_003697165.2,EAS44_RS02635,fic,comparable,11,28,9,19,9,0,2,0,0,0,partially_shared_variants
GCF_000005845.2,b3362,yhfG,GCF_003697165.2,EAS44_RS02630,yhfG,comparable,3,2,1,1,1,0,2,0,0,0,partially_shared_variants
GCF_000005845.2,b3363,ppiA,GCF_003697165.2,EAS44_RS02625,ppiA,comparable,2,6,1,5,1,0,1,0,0,0,partially_shared_variants
GCF_000005845.2,b3364,tsgA,GCF_003697165.2,EAS44_RS02620,tsgA,comparable,10,33,6,27,6,0,4,0,0,0,partially_shared_variants
GCF_000005845.2,b3365,nirB,GCF_003697165.2,EAS44_RS02610,nirB,comparable,0,56,0,56,0,0,0,0,0,0,different_variants_in_same_gene
GCF_000005845.2,b3366,nirD,GCF_003697165.2,EAS44_RS02605,nirD,comparable,0,11,0,11,0,0,0,0,0,0,different_variants_in_same_gene
GCF_000005845.2,b3367,nirC,GCF_003697165.2,EAS44_RS02600,nirC,comparable,0,22,0,22,0,0,0,0,0,0,different_variants_in_same_gene
GCF_000005845.2,b3368,cysG,GCF_003697165.2,EAS44_RS02595,cysG,comparable,0,40,0,40,0,0,0,0,0,0,different_variants_in_same_gene
GCF_000005845.2,b3369,yhfL,GCF_003697165.2,EAS44_RS02590,yhfL,comparable,0,3,0,3,0,0,0,0,0,0,different_variants_in_same_gene
GCF_000005845.2,b3377,yhfT,GCF_003697165.2,EAS44_RS02580,yhfT,comparable,2,59,1,58,1,0,1,0,0,0,partially_shared_variants
GCF_000005845.2,b3378,yhfU,GCF_003697165.2,EAS44_RS02575,yhfU,comparable,0,10,0,10,0,0,0,0,0,0,different_variants_in_same_gene
GCF_000005845.2,b3380,yhfW,GCF_003697165.2,EAS44_RS02565,yhfW,comparable,1,47,1,46,1,0,0,0,0,0,partially_shared_variants
GCF_000005845.2,b3381,yhfX,GCF_003697165.2,EAS44_RS02560,yhfX,comparable,19,67,4,63,4,0,15,0,0,0,partially_shared_variants
GCF_000005845.2,b3382,yhfY,GCF_003697165.2,EAS44_RS02555,yhfY,comparable,0,8,0,8,0,0,0,0,0,0,different_variants_in_same_gene
GCF_000005845.2,b3383,yhfZ,GCF_003697165.2,EAS44_RS02550,yhfZ,comparable,0,36,0,36,0,0,0,0,0,0,different_variants_in_same_gene
GCF_000005845.2,b3384,trpS,GCF_003697165.2,EAS44_RS02545,trpS,comparable,5,22,3,19,3,0,2,0,0,0,partially_shared_variants
GCF_000005845.2,b3385,gph,GCF_003697165.2,EAS44_RS02540,gph,comparable,7,14,2,12,2,0,5,0,0,0,partially_shared_variants
GCF_000005845.2,b3386,rpe,GCF_003697165.2,EAS44_RS02535,rpe,comparable,10,13,6,7,6,0,4,0,0,0,partially_shared_variants
GCF_000005845.2,b3387,dam,GCF_003697165.2,EAS44_RS02530,dam,comparable,2,7,1,6,1,0,1,0,0,0,partially_shared_variants
GCF_000005845.2,b3388,damX,GCF_003697165.2,EAS44_RS02525,damX,comparable,24,23,12,11,12,0,12,0,0,0,partially_shared_variants
GCF_000005845.2,b3389,aroB,GCF_003697165.2,EAS44_RS02520,aroB,comparable,4,9,2,7,2,0,2,0,0,0,partially_shared_variants
GCF_000005845.2,b3390,aroK,GCF_003697165.2,EAS44_RS02515,aroK,comparable,0,0,0,0,0,0,0,0,0,0,same_exact_variants
GCF_000005845.2,b3391,hofQ,GCF_003697165.2,EAS44_RS02510,hofQ,comparable,2,34,2,32,2,0,0,0,0,0,partially_shared_variants
GCF_000005845.2,b3392,hofP,GCF_003697165.2,EAS44_RS02505,hofP,comparable,3,9,1,8,1,0,2,0,0,0,partially_shared_variants
GCF_000005845.2,b3393,hofO,GCF_003697165.2,EAS44_RS02500,hofO,comparable,3,15,1,14,1,0,2,0,0,0,partially_shared_variants
GCF_000005845.2,b3394,hofN,GCF_003697165.2,EAS44_RS02495,hofN,comparable,1,20,1,19,1,0,0,0,0,0,partially_shared_variants
GCF_000005845.2,b3395,hofM,GCF_003697165.2,EAS44_RS02490,hofM,comparable,12,35,11,24,11,0,1,0,0,0,partially_shared_variants
GCF_000005845.2,b3396,mrcA,GCF_003697165.2,EAS44_RS02485,mrcA,comparable,27,56,16,40,16,0,11,0,0,0,partially_shared_variants
GCF_000005845.2,b3397,nudE,GCF_003697165.2,EAS44_RS02480,nudE,comparable,7,8,3,5,3,0,4,0,0,0,partially_shared_variants
GCF_000005845.2,b3398,igaA,GCF_003697165.2,EAS44_RS02475,igaA,comparable,6,49,3,46,3,0,3,0,0,0,partially_shared_variants
GCF_000005845.2,b3399,yrfG,GCF_003697165.2,EAS44_RS02470,yrfG,comparable,3,9,3,6,3,0,0,0,0,0,partially_shared_variants
GCF_000005845.2,b3400,hslR,GCF_003697165.2,EAS44_RS02465,hslR,comparable,2,3,1,2,1,0,1,0,0,0,partially_shared_variants
GCF_000005845.2,b3401,hslO,GCF_003697165.2,EAS44_RS02460,hslO,comparable,0,13,0,13,0,0,0,0,0,0,different_variants_in_same_gene
GCF_000005845.2,b3402,yhgE,GCF_003697165.2,EAS44_RS02455,yhgE,comparable,1,52,1,51,1,0,0,0,0,0,partially_shared_variants
GCF_000005845.2,b3403,pck,GCF_003697165.2,EAS44_RS02450,pckA,comparable,1,43,0,43,0,0,1,0,0,0,reference_allele_difference
GCF_000005845.2,b3404,envZ,GCF_003697165.2,EAS44_RS02445,envZ,comparable,27,43,18,25,18,0,9,0,0,0,partially_shared_variants
GCF_000005845.2,b3405,ompR,GCF_003697165.2,EAS44_RS02440,ompR,comparable,1,16,1,15,1,0,0,0,0,0,partially_shared_variants
GCF_000005845.2,b3406,greB,GCF_003697165.2,EAS44_RS02435,greB,comparable,1,7,1,6,1,0,0,0,0,0,partially_shared_variants
GCF_000005845.2,b3407,yhgF,GCF_003697165.2,EAS44_RS02430,yhgF,comparable,41,77,22,55,22,0,19,0,0,0,partially_shared_variants
GCF_000005845.2,b3408,feoA,GCF_003697165.2,EAS44_RS02425,feoA,comparable,0,1,0,1,0,0,0,0,0,0,different_variants_in_same_gene
GCF_000005845.2,b3409,feoB,GCF_003697165.2,EAS44_RS02420,feoB,comparable,9,66,9,57,9,0,0,0,0,0,partially_shared_variants
GCF_000005845.2,b3410,feoC,GCF_003697165.2,EAS44_RS02415,feoC,comparable,7,17,3,14,3,1,3,0,0,0,partially_shared_variants
GCF_000005845.2,b3412,bioH,GCF_003697165.2,EAS44_RS02405,bioH,comparable,2,27,0,27,0,0,2,0,0,0,reference_allele_difference
GCF_000005845.2,b3413,yhgH,GCF_003697165.2,EAS44_RS02400,gntX,comparable,6,20,4,16,4,0,2,0,0,0,partially_shared_variants
GCF_000005845.2,b3414,nfuA,GCF_003697165.2,EAS44_RS02395,nfuA,comparable,10,13,6,7,6,0,4,0,0,0,partially_shared_variants
GCF_000005845.2,b3416,malQ,GCF_003697165.2,EAS44_RS02385,malQ,comparable,33,45,22,23,22,0,11,0,0,0,partially_shared_variants
GCF_000005845.2,b3417,malP,GCF_003697165.2,EAS44_RS02380,malP,comparable,15,44,9,35,9,0,6,0,0,0,partially_shared_variants
GCF_000005845.2,b3418,malT,GCF_003697165.2,EAS44_RS02375,malT,comparable,14,75,8,67,8,0,6,0,0,0,partially_shared_variants
GCF_000005845.2,b4475,rtcA,GCF_003697165.2,EAS44_RS02370,rtcA,comparable,22,41,12,29,12,0,10,0,0,0,partially_shared_variants
GCF_000005845.2,b3421,rtcB,GCF_003697165.2,EAS44_RS02365,rtcB,comparable,14,39,6,33,6,0,8,0,0,0,partially_shared_variants
GCF_000005845.2,b3425,glpE,GCF_003697165.2,EAS44_RS02345,glpE,comparable,6,12,3,9,3,0,3,0,0,0,partially_shared_variants
GCF_000005845.2,b3428,glgP,GCF_003697165.2,EAS44_RS02285,glgP,comparable,12,55,6,49,6,0,6,0,0,0,partially_shared_variants
GCF_000005845.2,b3429,glgA,GCF_003697165.2,EAS44_RS02280,glgA,comparable,5,10,4,6,4,0,1,0,0,0,partially_shared_variants
GCF_000005845.2,b3430,glgC,GCF_003697165.2,EAS44_RS02275,glgC,comparable,5,14,5,9,5,0,0,0,0,0,partially_shared_variants
GCF_000005845.2,b3431,glgX,GCF_003697165.2,EAS44_RS02270,glgX,comparable,17,35,10,25,10,0,7,0,0,0,partially_shared_variants
GCF_000005845.2,b3432,glgB,GCF_003697165.2,EAS44_RS02265,glgB,comparable,3,42,0,42,0,0,3,0,0,0,reference_allele_difference
GCF_000005845.2,b3433,asd,GCF_003697165.2,EAS44_RS02260,asd,comparable,5,14,4,10,4,0,1,0,0,0,partially_shared_variants
GCF_000005845.2,b3434,yhgN,GCF_003697165.2,EAS44_RS02255,yhgN,comparable,9,11,5,6,5,0,4,0,0,0,partially_shared_variants
GCF_000005845.2,b4476,gntU,GCF_003697165.2,EAS44_RS02250,gntU,comparable,33,38,16,22,16,0,17,0,0,0,partially_shared_variants
GCF_000005845.2,b3437,gntK,GCF_003697165.2,EAS44_RS02245,gntK,comparable,3,11,1,10,1,0,2,0,0,0,partially_shared_variants
GCF_000005845.2,b3438,gntR,GCF_003697165.2,EAS44_RS02240,gntR,comparable,31,32,17,15,17,0,14,0,0,0,partially_shared_variants
GCF_000005845.2,b3439,yhhW,GCF_003697165.2,EAS44_RS02235,yhhW,comparable,7,20,2,18,2,0,5,0,0,0,partially_shared_variants
GCF_000005845.2,b3440,yhhX,GCF_003697165.2,EAS44_RS02230,yhhX,comparable,6,37,4,33,4,0,2,0,0,0,partially_shared_variants
GCF_000005845.2,b3441,yhhY,GCF_003697165.2,EAS44_RS02225,yhhY,comparable,0,37,0,37,0,0,0,0,0,0,different_variants_in_same_gene
GCF_000005845.2,b3446,yrhB,GCF_003697165.2,EAS44_RS02205,yrhB,comparable,1,6,0,6,0,0,1,0,0,0,reference_allele_difference
GCF_000005845.2,b3447,ggt,GCF_003697165.2,EAS44_RS02200,ggt,comparable,20,83,12,71,12,0,8,0,0,0,partially_shared_variants
GCF_000005845.2,b3448,yhhA,GCF_003697165.2,EAS44_RS02195,yhhA,comparable,0,11,0,11,0,0,0,0,0,0,different_variants_in_same_gene
GCF_000005845.2,b3449,ugpQ,GCF_003697165.2,EAS44_RS02190,ugpQ,comparable,19,29,6,23,6,0,13,0,0,0,partially_shared_variants
GCF_000005845.2,b3450,ugpC,GCF_003697165.2,EAS44_RS02185,ugpC,comparable,1,58,0,58,0,0,1,0,0,0,reference_allele_difference
GCF_000005845.2,b3451,ugpE,GCF_003697165.2,EAS44_RS02180,ugpE,comparable,1,37,0,37,0,0,1,0,0,0,reference_allele_difference
GCF_000005845.2,b3452,ugpA,GCF_003697165.2,EAS44_RS02175,ugpA,comparable,0,33,0,33,0,0,0,0,0,0,different_variants_in_same_gene
GCF_000005845.2,b3453,ugpB,GCF_003697165.2,EAS44_RS02170,ugpB,comparable,10,53,5,48,5,0,5,0,0,0,partially_shared_variants
GCF_000005845.2,b3454,livF,GCF_003697165.2,EAS44_RS02165,livF,comparable,25,26,10,16,10,0,15,0,0,0,partially_shared_variants
GCF_000005845.2,b3455,livG,GCF_003697165.2,EAS44_RS02160,livG,comparable,16,35,12,23,12,0,4,0,0,0,partially_shared_variants
GCF_000005845.2,b3456,livM,GCF_003697165.2,EAS44_RS02155,livM,comparable,37,50,18,32,18,0,19,0,0,0,partially_shared_variants
GCF_000005845.2,b3457,livH,GCF_003697165.2,EAS44_RS02150,livH,comparable,30,39,16,23,16,0,14,0,0,0,partially_shared_variants
GCF_000005845.2,b3458,livK,GCF_003697165.2,EAS44_RS02145,livK,comparable,20,40,16,24,16,0,4,0,0,0,partially_shared_variants
GCF_000005845.2,b3459,panZ,GCF_003697165.2,EAS44_RS02140,panM,comparable,10,13,3,10,3,0,7,0,0,0,partially_shared_variants
GCF_000005845.2,b3460,livJ,GCF_003697165.2,EAS44_RS02135,livJ,comparable,11,46,6,40,6,0,5,0,0,0,partially_shared_variants
GCF_000005845.2,b3461,rpoH,GCF_003697165.2,EAS44_RS02100,rpoH,comparable,11,17,6,11,6,1,4,0,0,0,partially_shared_variants
GCF_000005845.2,b3462,ftsX,GCF_003697165.2,EAS44_RS02095,ftsX,comparable,28,37,16,21,16,0,12,0,0,0,partially_shared_variants
GCF_000005845.2,b3463,ftsE,GCF_003697165.2,EAS44_RS02090,ftsE,comparable,9,14,8,6,8,0,1,0,0,0,partially_shared_variants
GCF_000005845.2,b3464,ftsY,GCF_003697165.2,EAS44_RS02085,ftsY,comparable,38,39,18,21,18,0,18,0,0,2,unresolved_liftover
GCF_000005845.2,b3465,rsmD,GCF_003697165.2,EAS44_RS02080,rsmD,comparable,8,7,5,2,5,0,3,0,0,0,partially_shared_variants
GCF_000005845.2,b3466,yhhL,GCF_003697165.2,EAS44_RS02075,yhhL,comparable,5,3,2,1,2,0,3,0,0,0,partially_shared_variants
GCF_000005845.2,b3467,yhhM,GCF_003697165.2,EAS44_RS02070,yhhM,comparable,8,5,3,2,3,0,5,0,0,0,partially_shared_variants
GCF_000005845.2,b3468,yhhN,GCF_003697165.2,EAS44_RS02065,yhhN,comparable,4,17,2,15,2,0,2,0,0,0,partially_shared_variants
GCF_000005845.2,b3469,zntA,GCF_003697165.2,EAS44_RS02060,zntA,comparable,67,91,41,50,41,0,26,0,0,0,partially_shared_variants
GCF_000005845.2,b3470,tusA,GCF_003697165.2,EAS44_RS02055,tusA,comparable,10,7,3,4,3,0,7,0,0,0,partially_shared_variants
GCF_000005845.2,b3471,yhhQ,GCF_003697165.2,EAS44_RS02050,yhhQ,comparable,11,28,5,23,5,0,6,0,0,0,partially_shared_variants
GCF_000005845.2,b3472,dcrB,GCF_003697165.2,EAS44_RS02045,dcrB,comparable,0,6,0,6,0,0,0,0,0,0,different_variants_in_same_gene
GCF_000005845.2,b3473,yhhS,GCF_003697165.2,EAS44_RS02040,yhhS,comparable,0,39,0,39,0,0,0,0,0,0,different_variants_in_same_gene
GCF_000005845.2,b3474,yhhT,GCF_003697165.2,EAS44_RS02035,yhhT,comparable,0,27,0,27,0,0,0,0,0,0,different_variants_in_same_gene
GCF_000005845.2,b3475,acpT,GCF_003697165.2,EAS44_RS02030,acpT,comparable,1,13,1,12,1,0,0,0,0,0,partially_shared_variants
GCF_000005845.2,b3476,nikA,GCF_003697165.2,EAS44_RS02025,nikA,comparable,9,37,5,32,5,0,4,0,0,0,partially_shared_variants
GCF_000005845.2,b3477,nikB,GCF_003697165.2,EAS44_RS02020,nikB,comparable,1,31,0,31,0,0,1,0,0,0,reference_allele_difference
GCF_000005845.2,b3478,nikC,GCF_003697165.2,EAS44_RS02015,nikC,comparable,8,35,2,33,2,0,6,0,0,0,partially_shared_variants
GCF_000005845.2,b3479,nikD,GCF_003697165.2,EAS44_RS02010,nikD,comparable,8,42,4,38,4,0,4,0,0,0,partially_shared_variants
GCF_000005845.2,b3480,nikE,GCF_003697165.2,EAS44_RS02005,nikE,comparable,25,35,9,26,9,0,16,0,0,0,partially_shared_variants
GCF_000005845.2,b3481,nikR,GCF_003697165.2,EAS44_RS02000,nikR,comparable,7,16,2,14,2,0,5,0,0,0,partially_shared_variants
GCF_000005845.2,b3485,yhhJ,GCF_003697165.2,EAS44_RS01960,yhhJ,comparable,0,20,0,20,0,0,0,0,0,0,different_variants_in_same_gene
GCF_000005845.2,b3486,rbbA,GCF_003697165.2,EAS44_RS01955,rbbA,comparable,1,98,0,98,0,0,0,0,0,1,unresolved_liftover
GCF_000005845.2,b3487,yhiI,GCF_003697165.2,EAS44_RS01950,yhiI,comparable,2,41,0,41,0,0,0,0,0,2,unresolved_liftover
GCF_000005845.2,b4790,yhiY,GCF_003697165.2,EAS44_RS25315,yhiY,comparable,0,3,0,3,0,0,0,0,0,0,different_variants_in_same_gene
GCF_000005845.2,b3492,yhiN,GCF_003697165.2,EAS44_RS01935,yhiN,comparable,11,31,0,31,0,0,0,0,0,11,unresolved_liftover
GCF_000005845.2,b3494,uspB,GCF_003697165.2,EAS44_RS01925,uspB,comparable,0,1,0,1,0,0,0,0,0,0,different_variants_in_same_gene
GCF_000005845.2,b3495,uspA,GCF_003697165.2,EAS44_RS01920,uspA,comparable,5,9,0,9,0,0,0,0,0,5,unresolved_liftover
GCF_000005845.2,b3496,dtpB,GCF_003697165.2,EAS44_RS01910,dtpB,comparable,12,31,0,31,0,0,0,0,0,12,unresolved_liftover
GCF_000005845.2,b3497,rsmJ,GCF_003697165.2,EAS44_RS01905,rsmJ,comparable,13,48,0,48,0,0,0,0,0,13,unresolved_liftover
GCF_000005845.2,b3498,prlC,GCF_003697165.2,EAS44_RS01900,prlC,comparable,76,85,0,85,0,0,0,0,0,76,unresolved_liftover
GCF_000005845.2,b3499,rlmJ,GCF_003697165.2,EAS44_RS01895,rlmJ,comparable,3,21,0,21,0,0,0,0,0,3,unresolved_liftover
GCF_000005845.2,b3500,gor,GCF_003697165.2,EAS44_RS01890,gorA,comparable,2,40,0,40,0,0,0,0,0,2,unresolved_liftover
GCF_000005845.2,b4613,dinQ,GCF_003697165.2,EAS44_RS01885,dinQ,comparable,0,1,0,1,0,0,0,0,0,0,different_variants_in_same_gene
GCF_000005845.2,b3506,slp,GCF_003697165.2,EAS44_RS01870,slp,comparable,1,5,0,5,0,0,0,0,0,1,unresolved_liftover
GCF_000005845.2,b3507,dctR,GCF_003697165.2,EAS44_RS01865,dctR,comparable,0,12,0,12,0,0,0,0,0,0,different_variants_in_same_gene
GCF_000005845.2,b3508,yhiD,GCF_003697165.2,EAS44_RS01815,yhiD,comparable,0,12,0,12,0,0,0,0,0,0,different_variants_in_same_gene
GCF_000005845.2,b3509,hdeB,GCF_003697165.2,EAS44_RS01810,hdeB,comparable,1,5,0,5,0,0,0,0,0,1,unresolved_liftover
GCF_000005845.2,b3510,hdeA,GCF_003697165.2,EAS44_RS01805,hdeA,comparable,0,6,0,6,0,0,0,0,0,0,different_variants_in_same_gene
GCF_000005845.2,b3511,hdeD,GCF_003697165.2,EAS44_RS01800,hdeD,comparable,0,12,0,12,0,0,0,0,0,0,different_variants_in_same_gene
GCF_000005845.2,b3512,gadE,GCF_003697165.2,EAS44_RS01795,gadE,comparable,0,11,0,11,0,0,0,0,0,0,different_variants_in_same_gene
GCF_000005845.2,b3513,mdtE,GCF_003697165.2,EAS44_RS01785,mdtE,comparable,0,15,0,15,0,0,0,0,0,0,different_variants_in_same_gene
GCF_000005845.2,b3514,mdtF,GCF_003697165.2,EAS44_RS01780,mdtF,comparable,1,81,0,81,0,0,0,0,0,1,unresolved_liftover
GCF_000005845.2,b3515,gadW,GCF_003697165.2,EAS44_RS01775,gadW,comparable,0,37,0,37,0,0,0,0,0,0,different_variants_in_same_gene
GCF_000005845.2,b3516,gadX,GCF_003697165.2,EAS44_RS01770,gadX,comparable,0,51,0,51,0,0,0,0,0,0,different_variants_in_same_gene
GCF_000005845.2,b3518,ccp,GCF_003697165.2,EAS44_RS01760,ccp,comparable,0,21,0,21,0,0,0,0,0,0,different_variants_in_same_gene
GCF_000005845.2,b3519,treF,GCF_003697165.2,EAS44_RS01755,treF,comparable,26,29,0,29,0,0,0,0,0,26,unresolved_liftover
GCF_000005845.2,b3520,yhjB,GCF_003697165.2,EAS44_RS01750,yhjB,comparable,2,13,0,13,0,0,0,0,0,2,unresolved_liftover
GCF_000005845.2,b3521,rcdB,GCF_003697165.2,EAS44_RS01745,rcdB,comparable,1,15,0,15,0,0,0,0,0,1,unresolved_liftover
GCF_000005845.2,b3522,yhjD,GCF_003697165.2,EAS44_RS01740,yhjD,comparable,0,20,0,20,0,0,0,0,0,0,different_variants_in_same_gene
GCF_000005845.2,b3524,yhjG,GCF_003697165.2,EAS44_RS01730,yhjG,comparable,0,66,0,66,0,0,0,0,0,0,different_variants_in_same_gene
GCF_000005845.2,b3525,pdeH,GCF_003697165.2,EAS44_RS01725,pdeH,comparable,0,9,0,9,0,0,0,0,0,0,different_variants_in_same_gene
GCF_000005845.2,b3526,kdgK,GCF_003697165.2,EAS44_RS01720,kdgK,comparable,7,16,0,16,0,0,0,0,0,7,unresolved_liftover
GCF_000005845.2,b3527,yhjJ,GCF_003697165.2,EAS44_RS01715,yhjJ,comparable,0,41,0,41,0,0,0,0,0,0,different_variants_in_same_gene
GCF_000005845.2,b3528,dctA,GCF_003697165.2,EAS44_RS01710,dctA,comparable,1,12,0,12,0,0,0,0,0,1,unresolved_liftover
GCF_000005845.2,b3529,pdeK,GCF_003697165.2,EAS44_RS01705,hmsP,comparable,0,40,0,40,0,0,0,0,0,0,different_variants_in_same_gene
GCF_000005845.2,b3530,bcsC,GCF_003697165.2,EAS44_RS01700,bcsC,comparable,26,118,0,118,0,0,0,0,0,26,unresolved_liftover
GCF_000005845.2,b3531,bcsZ,GCF_003697165.2,EAS44_RS01695,bcsZ,comparable,11,13,0,13,0,0,0,0,0,11,unresolved_liftover
GCF_000005845.2,b3532,bcsB,GCF_003697165.2,EAS44_RS01690,bcsB,comparable,21,63,0,63,0,0,0,0,0,21,unresolved_liftover
GCF_000005845.2,b3535,yhjR,GCF_003697165.2,EAS44_RS01675,bcsR,comparable,0,1,0,1,0,0,0,0,0,0,different_variants_in_same_gene
GCF_000005845.2,b3536,bcsE,GCF_003697165.2,EAS44_RS01670,bcsE,comparable,0,32,0,32,0,0,0,0,0,0,different_variants_in_same_gene
GCF_000005845.2,b3537,bcsF,GCF_003697165.2,EAS44_RS01665,bcsF,comparable,0,0,0,0,0,0,0,0,0,0,same_exact_variants
GCF_000005845.2,b3538,bcsG,GCF_003697165.2,EAS44_RS01660,bcsG,comparable,0,33,0,33,0,0,0,0,0,0,different_variants_in_same_gene
GCF_000005845.2,b3539,yhjV,GCF_003697165.2,EAS44_RS01630,yhjV,comparable,2,34,0,34,0,0,0,0,0,2,unresolved_liftover
GCF_000005845.2,b3540,dppF,GCF_003697165.2,EAS44_RS01625,dppF,comparable,0,51,0,51,0,0,0,0,0,0,different_variants_in_same_gene
GCF_000005845.2,b3541,dppD,GCF_003697165.2,EAS44_RS01620,dppD,comparable,0,26,0,26,0,0,0,0,0,0,different_variants_in_same_gene
GCF_000005845.2,b3542,dppC,GCF_003697165.2,EAS44_RS01615,dppC,comparable,0,22,0,22,0,0,0,0,0,0,different_variants_in_same_gene
GCF_000005845.2,b3543,dppB,GCF_003697165.2,EAS44_RS01610,dppB,comparable,0,42,0,42,0,0,0,0,0,0,different_variants_in_same_gene
GCF_000005845.2,b3544,dppA,GCF_003697165.2,EAS44_RS01600,dppA,comparable,0,36,0,36,0,0,0,0,0,0,different_variants_in_same_gene
GCF_000005845.2,b3546,eptB,GCF_003697165.2,EAS44_RS01590,eptB,comparable,1,64,0,64,0,0,0,0,0,1,unresolved_liftover
GCF_000005845.2,b3547,yhjX,GCF_003697165.2,EAS44_RS01585,yhjX,comparable,30,68,0,68,0,0,0,0,0,30,unresolved_liftover
GCF_000005845.2,b3548,yhjY,GCF_003697165.2,EAS44_RS01580,yhjY,comparable,9,13,0,13,0,0,0,0,0,9,unresolved_liftover
GCF_000005845.2,b3549,tag,GCF_003697165.2,EAS44_RS01575,tag,comparable,10,12,0,12,0,0,0,0,0,10,unresolved_liftover
GCF_000005845.2,b3550,yiaC,GCF_003697165.2,EAS44_RS01570,yiaC,comparable,11,19,0,19,0,0,0,0,0,11,unresolved_liftover
GCF_000005845.2,b3552,yiaD,GCF_003697165.2,EAS44_RS01560,yiaD,comparable,6,15,0,15,0,0,0,0,0,6,unresolved_liftover
GCF_000005845.2,b3554,yiaF,GCF_003697165.2,EAS44_RS01550,yiaF,comparable,0,7,0,7,0,0,0,0,0,0,different_variants_in_same_gene
GCF_000005845.2,b3555,yiaG,GCF_003697165.2,EAS44_RS01545,yiaG,comparable,0,1,0,1,0,0,0,0,0,0,different_variants_in_same_gene
GCF_000005845.2,b3556,cspA,GCF_003697165.2,EAS44_RS01540,cspA,comparable,0,1,0,1,0,0,0,0,0,0,different_variants_in_same_gene
GCF_000005845.2,b4793,ysaE,GCF_003697165.2,EAS44_RS25305,EAS44_RS25305,comparable,0,3,0,3,0,0,0,0,0,0,different_variants_in_same_gene
GCF_000005845.2,b4455,hokA,GCF_003697165.2,EAS44_RS01535,hokA,comparable,0,0,0,0,0,0,0,0,0,0,same_exact_variants
GCF_000005845.2,b3559,glyS,GCF_003697165.2,EAS44_RS01530,glyS,comparable,1,61,0,61,0,0,0,0,0,1,unresolved_liftover
GCF_000005845.2,b3560,glyQ,GCF_003697165.2,EAS44_RS01525,glyQ,comparable,1,8,0,8,0,0,0,0,0,1,unresolved_liftover
GCF_000005845.2,b4553,ysaB,GCF_003697165.2,EAS44_RS01520,ysaB,comparable,15,16,0,16,0,0,0,0,0,15,unresolved_liftover
GCF_000005845.2,b3561,wecH,GCF_003697165.2,EAS44_RS01515,wecH,comparable,23,36,0,36,0,0,0,0,0,23,unresolved_liftover
GCF_000005845.2,b3562,yiaA,GCF_003697165.2,EAS44_RS01510,yiaA,comparable,0,31,0,31,0,0,0,0,0,0,different_variants_in_same_gene
GCF_000005845.2,b3563,yiaB,GCF_003697165.2,EAS44_RS01505,yiaB,comparable,0,11,0,11,0,0,0,0,0,0,different_variants_in_same_gene
GCF_000005845.2,b3564,xylB,GCF_003697165.2,EAS44_RS01500,xylB,comparable,10,43,0,43,0,0,0,0,0,10,unresolved_liftover
GCF_000005845.2,b3565,xylA,GCF_003697165.2,EAS44_RS01495,xylA,comparable,4,14,0,14,0,0,0,0,0,4,unresolved_liftover
GCF_000005845.2,b3566,xylF,GCF_003697165.2,EAS44_RS01490,xylF,comparable,3,21,0,21,0,0,0,0,0,3,unresolved_liftover
GCF_000005845.2,b3567,xylG,GCF_003697165.2,EAS44_RS01485,xylG,comparable,6,25,0,25,0,0,0,0,0,6,unresolved_liftover
GCF_000005845.2,b3568,xylH,GCF_003697165.2,EAS44_RS01480,xylH,comparable,11,32,0,32,0,0,0,0,0,11,unresolved_liftover
GCF_000005845.2,b3570,bax,GCF_003697165.2,EAS44_RS01470,bax,comparable,0,10,0,10,0,0,0,0,0,0,different_variants_in_same_gene
GCF_000005845.2,b3571,malS,GCF_003697165.2,EAS44_RS01465,malS,comparable,1,48,0,48,0,0,0,0,0,1,unresolved_liftover
GCF_000005845.2,b3572,avtA,GCF_003697165.2,EAS44_RS01460,avtA,comparable,1,20,0,20,0,0,0,0,0,1,unresolved_liftover
GCF_000005845.2,b3573,ysaA,GCF_003697165.2,EAS44_RS01455,ysaA,comparable,0,14,0,14,0,0,0,0,0,0,different_variants_in_same_gene
GCF_000005845.2,b3574,plaR,GCF_003697165.2,EAS44_RS01450,yiaJ,comparable,1,13,0,13,0,0,0,0,0,1,unresolved_liftover
GCF_000005845.2,b3575,yiaK,GCF_003697165.2,EAS44_RS01445,yiaK,comparable,2,25,0,25,0,0,0,0,0,2,unresolved_liftover
GCF_000005845.2,b3580,lyxK,GCF_003697165.2,EAS44_RS01415,lyxK,comparable,0,79,0,79,0,0,0,0,0,0,different_variants_in_same_gene
GCF_000005845.2,b3581,sgbH,GCF_003697165.2,EAS44_RS01410,ulaD,comparable,9,33,0,33,0,0,0,0,0,9,unresolved_liftover
GCF_000005845.2,b3588,aldB,GCF_003697165.2,EAS44_RS01395,aldB,comparable,3,50,0,50,0,0,0,0,0,3,unresolved_liftover
GCF_000005845.2,b3589,yiaY,GCF_003697165.2,EAS44_RS01385,yiaY,comparable,36,42,0,42,0,0,0,0,0,36,unresolved_liftover
GCF_000005845.2,b3590,selB,GCF_003697165.2,EAS44_RS01380,selB,comparable,40,49,0,49,0,0,0,0,0,40,unresolved_liftover
GCF_000005845.2,b3591,selA,GCF_003697165.2,EAS44_RS01375,selA,comparable,1,26,0,26,0,0,0,0,0,1,unresolved_liftover
GCF_000005845.2,b3592,yibF,GCF_003697165.2,EAS44_RS01370,yibF,comparable,1,10,0,10,0,0,0,0,0,1,unresolved_liftover
GCF_000005845.2,b3597,yibH,GCF_003697165.2,EAS44_RS01365,yibH,comparable,22,20,0,20,0,0,0,0,0,22,unresolved_liftover
GCF_000005845.2,b3599,mtlA,GCF_003697165.2,EAS44_RS01355,mtlA,comparable,1,44,0,44,0,0,0,0,0,1,unresolved_liftover
GCF_000005845.2,b3600,mtlD,GCF_003697165.2,EAS44_RS01350,mtlD,comparable,5,52,0,52,0,0,0,0,0,5,unresolved_liftover
GCF_000005845.2,b3601,mtlR,GCF_003697165.2,EAS44_RS01345,mtlR,comparable,0,11,0,11,0,0,0,0,0,0,different_variants_in_same_gene
GCF_000005845.2,b4554,yibT,GCF_003697165.2,EAS44_RS01340,yibT,comparable,0,8,0,8,0,0,0,0,0,0,different_variants_in_same_gene
GCF_000005845.2,b3602,yibL,GCF_003697165.2,EAS44_RS01335,yibL,comparable,9,21,0,21,0,0,0,0,0,9,unresolved_liftover
GCF_000005845.2,b3604,lldR,GCF_003697165.2,EAS44_RS01315,lldR,comparable,0,32,0,32,0,0,0,0,0,0,different_variants_in_same_gene
GCF_000005845.2,b3605,lldD,GCF_003697165.2,EAS44_RS01310,lldD,comparable,2,63,0,63,0,0,0,0,0,2,unresolved_liftover
GCF_000005845.2,b3606,trmL,GCF_003697165.2,EAS44_RS01305,trmL,comparable,10,13,0,13,0,0,0,0,0,10,unresolved_liftover
GCF_000005845.2,b3608,gpsA,GCF_003697165.2,EAS44_RS01295,gpsA,comparable,18,28,0,28,0,0,0,0,0,18,unresolved_liftover
GCF_000005845.2,b3609,secB,GCF_003697165.2,EAS44_RS01290,secB,comparable,4,5,0,5,0,0,0,0,0,4,unresolved_liftover
GCF_000005845.2,b3610,grxC,GCF_003697165.2,EAS44_RS01285,grxC,comparable,3,4,0,4,0,0,0,0,0,3,unresolved_liftover
GCF_000005845.2,b3611,yibN,GCF_003697165.2,EAS44_RS01280,yibN,comparable,5,6,0,6,0,0,0,0,0,5,unresolved_liftover
GCF_000005845.2,b3612,gpmM,GCF_003697165.2,EAS44_RS01270,gpmM,comparable,33,33,0,33,0,0,0,0,0,33,unresolved_liftover
GCF_000005845.2,b3613,envC,GCF_003697165.2,EAS44_RS01265,envC,comparable,26,45,0,45,0,0,0,0,0,26,unresolved_liftover
GCF_000005845.2,b3614,yibQ,GCF_003697165.2,EAS44_RS01260,yibQ,comparable,11,25,0,25,0,0,0,0,0,11,unresolved_liftover
GCF_000005845.2,b3615,waaH,GCF_003697165.2,EAS44_RS01255,waaH,comparable,1,23,0,23,0,0,0,0,0,1,unresolved_liftover
GCF_000005845.2,b3616,tdh,GCF_003697165.2,EAS44_RS01250,tdh,comparable,27,30,0,30,0,0,0,0,0,27,unresolved_liftover
GCF_000005845.2,b3617,kbl,GCF_003697165.2,EAS44_RS01245,kbl,comparable,27,29,0,29,0,0,0,0,0,27,unresolved_liftover
GCF_000005845.2,b3619,rfaD,GCF_003697165.2,EAS44_RS01240,rfaD,comparable,15,34,0,34,0,0,0,0,0,15,unresolved_liftover
GCF_000005845.2,b3620,waaF,GCF_003697165.2,EAS44_RS01235,rfaF,comparable,22,33,0,33,0,0,0,0,0,22,unresolved_liftover
GCF_000005845.2,b3621,waaC,GCF_003697165.2,EAS44_RS01230,rfaC,comparable,11,23,0,23,0,0,0,0,0,11,unresolved_liftover
GCF_000005845.2,b3633,waaA,GCF_003697165.2,EAS44_RS01180,waaA,comparable,17,26,0,26,0,0,0,0,0,17,unresolved_liftover
GCF_000005845.2,b3634,coaD,GCF_003697165.2,EAS44_RS01175,coaD,comparable,1,7,0,7,0,0,0,0,0,1,unresolved_liftover
GCF_000005845.2,b3635,mutM,GCF_003697165.2,EAS44_RS01170,mutM,comparable,0,15,0,15,0,0,0,0,0,0,different_variants_in_same_gene
GCF_000005845.2,b3636,rpmG,GCF_003697165.2,EAS44_RS01165,rpmG,comparable,0,0,0,0,0,0,0,0,0,0,same_exact_variants
GCF_000005845.2,b3637,rpmB,GCF_003697165.2,EAS44_RS01160,rpmB,comparable,0,1,0,1,0,0,0,0,0,0,different_variants_in_same_gene
GCF_000005845.2,b3638,yicR,GCF_003697165.2,EAS44_RS01155,radC,comparable,6,11,0,11,0,0,0,0,0,6,unresolved_liftover
GCF_000005845.2,b3639,dfp,GCF_003697165.2,EAS44_RS01150,coaBC,comparable,6,20,0,20,0,0,0,0,0,6,unresolved_liftover
GCF_000005845.2,b3640,dut,GCF_003697165.2,EAS44_RS01145,dut,comparable,2,2,0,2,0,0,0,0,0,2,unresolved_liftover
GCF_000005845.2,b3641,slmA,GCF_003697165.2,EAS44_RS01140,slmA,comparable,5,17,0,17,0,0,0,0,0,5,unresolved_liftover
GCF_000005845.2,b3642,pyrE,GCF_003697165.2,EAS44_RS01135,pyrE,comparable,18,19,0,19,0,0,0,0,0,18,unresolved_liftover
GCF_000005845.2,b3643,rph,GCF_003697165.2,EAS44_RS01130,rph,comparable,10,22,0,22,0,0,0,0,0,10,unresolved_liftover
GCF_000005845.2,b3644,yicC,GCF_003697165.2,EAS44_RS01125,yicC,comparable,19,33,0,33,0,0,0,0,0,19,unresolved_liftover
GCF_000005845.2,b3646,yicG,GCF_003697165.2,EAS44_RS01115,yicG,comparable,2,10,0,10,0,0,0,0,0,2,unresolved_liftover
GCF_000005845.2,b3647,ligB,GCF_003697165.2,EAS44_RS01110,ligB,comparable,5,59,0,59,0,0,0,0,0,5,unresolved_liftover
GCF_000005845.2,b3648,gmk,GCF_003697165.2,EAS44_RS01105,gmk,comparable,2,3,0,3,0,0,0,0,0,2,unresolved_liftover
GCF_000005845.2,b3649,rpoZ,GCF_003697165.2,EAS44_RS01100,rpoZ,comparable,0,0,0,0,0,0,0,0,0,0,same_exact_variants
GCF_000005845.2,b3650,spoT,GCF_003697165.2,EAS44_RS01095,spoT,comparable,15,47,0,47,0,0,0,0,0,15,unresolved_liftover
GCF_000005845.2,b3651,trmH,GCF_003697165.2,EAS44_RS01090,trmH,comparable,0,26,0,26,0,0,0,0,0,0,different_variants_in_same_gene
GCF_000005845.2,b3652,recG,GCF_003697165.2,EAS44_RS01085,recG,comparable,22,108,0,108,0,0,0,0,0,22,unresolved_liftover
GCF_000005845.2,b3653,gltS,GCF_003697165.2,EAS44_RS01080,gltS,comparable,2,56,0,56,0,0,0,0,0,2,unresolved_liftover
GCF_000005845.2,b3655,yicH,GCF_003697165.2,EAS44_RS01070,yicH,comparable,0,42,0,42,0,0,0,0,0,0,different_variants_in_same_gene
GCF_000005845.2,b3656,yicI,GCF_003697165.2,EAS44_RS01025,yicI,comparable,2,63,0,63,0,0,0,0,0,2,unresolved_liftover
GCF_000005845.2,b3660,yicL,GCF_003697165.2,EAS44_RS00995,yicL,comparable,1,24,0,24,0,0,0,0,0,1,unresolved_liftover
GCF_000005845.2,b3663,yicN,GCF_003697165.2,EAS44_RS00975,yicN,comparable,13,9,0,9,0,0,0,0,0,13,unresolved_liftover
GCF_000005845.2,b3665,adeD,GCF_003697165.2,EAS44_RS00965,adeD,comparable,0,54,0,54,0,0,0,0,0,0,different_variants_in_same_gene
GCF_000005845.2,b3666,uhpT,GCF_003697165.2,EAS44_RS00960,uhpT,comparable,0,32,0,32,0,0,0,0,0,0,different_variants_in_same_gene
GCF_000005845.2,b3667,uhpC,GCF_003697165.2,EAS44_RS00955,uhpC,comparable,14,38,0,38,0,0,0,0,0,14,unresolved_liftover
GCF_000005845.2,b3668,uhpB,GCF_003697165.2,EAS44_RS00950,uhpB,comparable,4,45,0,45,0,0,0,0,0,4,unresolved_liftover
GCF_000005845.2,b3669,uhpA,GCF_003697165.2,EAS44_RS00945,uhpA,comparable,1,19,0,19,0,0,0,0,0,1,unresolved_liftover
GCF_000005845.2,b3670,ilvN,GCF_003697165.2,EAS44_RS00940,ilvN,comparable,0,12,0,12,0,0,0,0,0,0,different_variants_in_same_gene
GCF_000005845.2,b3671,ilvB,GCF_003697165.2,EAS44_RS00935,ilvB,comparable,1,54,0,54,0,0,0,0,0,1,unresolved_liftover
GCF_000005845.2,b3672,ivbL,GCF_003697165.2,EAS44_RS00930,ivbL,comparable,0,1,0,1,0,0,0,0,0,0,different_variants_in_same_gene
GCF_000005845.2,b4798,ysdE,GCF_003697165.2,EAS44_RS25300,ysdE,comparable,0,0,0,0,0,0,0,0,0,0,same_exact_variants
GCF_000005845.2,b3673,emrD,GCF_003697165.2,EAS44_RS00925,emrD,comparable,2,32,0,32,0,0,0,0,0,2,unresolved_liftover
GCF_000005845.2,b3674,yidF,GCF_003697165.2,EAS44_RS00920,yidF,comparable,1,18,0,18,0,0,0,0,0,1,unresolved_liftover
GCF_000005845.2,b3675,yidG,GCF_003697165.2,EAS44_RS00915,yidG,comparable,0,5,0,5,0,0,0,0,0,0,different_variants_in_same_gene
GCF_000005845.2,b3676,yidH,GCF_003697165.2,EAS44_RS00910,yidH,comparable,7,11,0,11,0,0,0,0,0,7,unresolved_liftover
GCF_000005845.2,b3679,yidK,GCF_003697165.2,EAS44_RS00900,yidK,comparable,1,47,0,47,0,0,0,0,0,1,unresolved_liftover
GCF_000005845.2,b3680,yidL,GCF_003697165.2,EAS44_RS00895,yidL,comparable,6,21,0,21,0,0,0,0,0,6,unresolved_liftover
GCF_000005845.2,b3685,yidE,GCF_003697165.2,EAS44_RS00890,yidE,comparable,17,59,0,59,0,0,0,0,0,17,unresolved_liftover
GCF_000005845.2,b3686,ibpB,GCF_003697165.2,EAS44_RS00885,ibpB,comparable,1,3,0,3,0,0,0,0,0,1,unresolved_liftover
GCF_000005845.2,b3687,ibpA,GCF_003697165.2,EAS44_RS00880,ibpA,comparable,1,5,0,5,0,0,0,0,0,1,unresolved_liftover
GCF_000005845.2,b3688,yidQ,GCF_003697165.2,EAS44_RS00875,yidQ,comparable,2,24,0,24,0,0,0,0,0,2,unresolved_liftover
GCF_000005845.2,b3689,yidR,GCF_003697165.2,EAS44_RS00870,yidR,comparable,25,55,0,55,0,0,0,0,0,25,unresolved_liftover
GCF_000005845.2,b3690,cbrA,GCF_003697165.2,EAS44_RS00865,cbrA,comparable,20,40,0,40,0,0,0,0,0,20,unresolved_liftover
GCF_000005845.2,b3691,dgoT,GCF_003697165.2,EAS44_RS00860,dgoT,comparable,18,35,0,35,0,0,0,0,0,18,unresolved_liftover
GCF_000005845.2,b4478,dgoD,GCF_003697165.2,EAS44_RS00855,dgoD,comparable,2,40,0,40,0,0,0,0,0,2,unresolved_liftover
GCF_000005845.2,b4477,dgoA,GCF_003697165.2,EAS44_RS00850,dgoA,comparable,0,23,0,23,0,0,0,0,0,0,different_variants_in_same_gene
GCF_000005845.2,b4479,dgoR,GCF_003697165.2,EAS44_RS00840,dgoR,comparable,11,19,0,19,0,0,0,0,0,11,unresolved_liftover
GCF_000005845.2,b3697,yidA,GCF_003697165.2,EAS44_RS00830,yidA,comparable,0,18,0,18,0,0,0,0,0,0,different_variants_in_same_gene
GCF_000005845.2,b3698,yidB,GCF_003697165.2,EAS44_RS00825,yidB,comparable,0,13,0,13,0,0,0,0,0,0,different_variants_in_same_gene
GCF_000005845.2,b3699,gyrB,GCF_003697165.2,EAS44_RS00820,gyrB,comparable,0,42,0,42,0,0,0,0,0,0,different_variants_in_same_gene
GCF_000005845.2,b3700,recF,GCF_003697165.2,EAS44_RS00815,recF,comparable,0,17,0,17,0,0,0,0,0,0,different_variants_in_same_gene
GCF_000005845.2,b3701,dnaN,GCF_003697165.2,EAS44_RS00810,dnaN,comparable,0,27,0,27,0,0,0,0,0,0,different_variants_in_same_gene
GCF_000005845.2,b3702,dnaA,GCF_003697165.2,EAS44_RS00805,dnaA,comparable,0,18,0,18,0,0,0,0,0,0,different_variants_in_same_gene
GCF_000005845.2,b4757,ysdD,GCF_003697165.2,EAS44_RS25050,EAS44_RS25050,comparable,0,2,0,2,0,0,0,0,0,0,different_variants_in_same_gene
GCF_000005845.2,b3703,rpmH,GCF_003697165.2,EAS44_RS25045,rpmH,comparable,0,0,0,0,0,0,0,0,0,0,same_exact_variants
GCF_000005845.2,b3704,rnpA,GCF_003697165.2,EAS44_RS25040,rnpA,comparable,0,0,0,0,0,0,0,0,0,0,same_exact_variants
GCF_000005845.2,b4557,yidD,GCF_003697165.2,EAS44_RS25035,yidD,comparable,0,0,0,0,0,0,0,0,0,0,same_exact_variants
GCF_000005845.2,b3705,yidC,GCF_003697165.2,EAS44_RS25030,yidC,comparable,8,15,0,15,0,0,0,0,0,8,unresolved_liftover
GCF_000005845.2,b3706,mnmE,GCF_003697165.2,EAS44_RS25025,mnmE,comparable,31,54,0,54,0,0,0,0,0,31,unresolved_liftover
GCF_000005845.2,b3707,tnaC,GCF_003697165.2,EAS44_RS25020,tnaC,comparable,4,4,0,4,0,0,0,0,0,4,unresolved_liftover
GCF_000005845.2,b3708,tnaA,GCF_003697165.2,EAS44_RS25015,tnaA,comparable,26,33,0,33,0,0,0,0,0,26,unresolved_liftover
GCF_000005845.2,b3709,tnaB,GCF_003697165.2,EAS44_RS25010,tnaB,comparable,11,61,0,61,0,0,0,0,0,11,unresolved_liftover
GCF_000005845.2,b3710,mdtL,GCF_003697165.2,EAS44_RS25005,mdtL,comparable,20,40,0,40,0,0,0,0,0,20,unresolved_liftover
GCF_000005845.2,b3711,yidZ,GCF_003697165.2,EAS44_RS25000,yidZ,comparable,20,34,0,34,0,0,0,0,0,20,unresolved_liftover
GCF_000005845.2,b3712,yieE,GCF_003697165.2,EAS44_RS24995,yieE,comparable,8,15,0,15,0,0,0,0,0,8,unresolved_liftover
GCF_000005845.2,b3713,yieF,GCF_003697165.2,EAS44_RS24990,yieF,comparable,2,10,0,10,0,0,0,0,0,2,unresolved_liftover
GCF_000005845.2,b3716,cbrB,GCF_003697165.2,EAS44_RS24975,cbrB,comparable,13,14,0,14,0,0,0,0,0,13,unresolved_liftover
GCF_000005845.2,b3718,yieK,GCF_003697165.2,EAS44_RS24970,yieK,comparable,8,13,0,13,0,0,0,0,0,8,unresolved_liftover
GCF_000005845.2,b3719,yieL,GCF_003697165.2,EAS44_RS24965,yieL,comparable,24,33,0,33,0,0,0,0,0,24,unresolved_liftover
GCF_000005845.2,b3722,bglF,GCF_003697165.2,EAS44_RS24950,bglF,comparable,24,75,0,75,0,0,0,0,0,24,unresolved_liftover
GCF_000005845.2,b3724,phoU,GCF_003697165.2,EAS44_RS24940,phoU,comparable,13,21,0,21,0,0,0,0,0,13,unresolved_liftover
GCF_000005845.2,b3725,pstB,GCF_003697165.2,EAS44_RS24935,pstB,comparable,3,11,0,11,0,0,0,0,0,3,unresolved_liftover
GCF_000005845.2,b3726,pstA,GCF_003697165.2,EAS44_RS24930,pstA,comparable,22,22,0,22,0,0,0,0,0,22,unresolved_liftover
GCF_000005845.2,b3727,pstC,GCF_003697165.2,EAS44_RS24925,pstC,comparable,9,23,0,23,0,0,0,0,0,9,unresolved_liftover
GCF_000005845.2,b3728,pstS,GCF_003697165.2,EAS44_RS24920,pstS,comparable,14,20,0,20,0,0,0,0,0,14,unresolved_liftover
GCF_000005845.2,b3730,glmU,GCF_003697165.2,EAS44_RS24910,glmU,comparable,9,34,0,34,0,0,0,0,0,9,unresolved_liftover
GCF_000005845.2,b3731,atpC,GCF_003697165.2,EAS44_RS24900,atpC,comparable,0,0,0,0,0,0,0,0,0,0,same_exact_variants
GCF_000005845.2,b3732,atpD,GCF_003697165.2,EAS44_RS24895,atpD,comparable,1,7,0,7,0,0,0,0,0,1,unresolved_liftover
GCF_000005845.2,b3733,atpG,GCF_003697165.2,EAS44_RS24890,atpG,comparable,0,0,0,0,0,0,0,0,0,0,same_exact_variants
GCF_000005845.2,b3734,atpA,GCF_003697165.2,EAS44_RS24885,atpA,comparable,1,17,0,17,0,0,0,0,0,1,unresolved_liftover
GCF_000005845.2,b3735,atpH,GCF_003697165.2,EAS44_RS24880,atpH,comparable,0,1,0,1,0,0,0,0,0,0,different_variants_in_same_gene
GCF_000005845.2,b3736,atpF,GCF_003697165.2,EAS44_RS24875,atpF,comparable,0,1,0,1,0,0,0,0,0,0,different_variants_in_same_gene
GCF_000005845.2,b3737,atpE,GCF_003697165.2,EAS44_RS24870,atpE,comparable,0,0,0,0,0,0,0,0,0,0,same_exact_variants
GCF_000005845.2,b3738,atpB,GCF_003697165.2,EAS44_RS24865,atpB,comparable,0,5,0,5,0,0,0,0,0,0,different_variants_in_same_gene
GCF_000005845.2,b3739,atpI,GCF_003697165.2,EAS44_RS24860,atpI,comparable,0,1,0,1,0,0,0,0,0,0,different_variants_in_same_gene
GCF_000005845.2,b3740,rsmG,GCF_003697165.2,EAS44_RS24855,rsmG,comparable,0,9,0,9,0,0,0,0,0,0,different_variants_in_same_gene
GCF_000005845.2,b3741,mnmG,GCF_003697165.2,EAS44_RS24850,mnmG,comparable,17,38,0,38,0,0,0,0,0,17,unresolved_liftover
GCF_000005845.2,b3742,mioC,GCF_003697165.2,EAS44_RS24845,mioC,comparable,8,8,0,8,0,0,0,0,0,8,unresolved_liftover
GCF_000005845.2,b3743,asnC,GCF_003697165.2,EAS44_RS24840,asnC,comparable,2,12,0,12,0,0,0,0,0,2,unresolved_liftover
GCF_000005845.2,b3744,asnA,GCF_003697165.2,EAS44_RS24835,asnA,comparable,14,23,0,23,0,0,0,0,0,14,unresolved_liftover
GCF_000005845.2,b3745,viaA,GCF_003697165.2,EAS44_RS24830,viaA,comparable,13,35,0,35,0,0,0,0,0,13,unresolved_liftover
GCF_000005845.2,b3746,ravA,GCF_003697165.2,EAS44_RS24825,ravA,comparable,14,32,0,32,0,0,0,0,0,14,unresolved_liftover
GCF_000005845.2,b3747,kup,GCF_003697165.2,EAS44_RS24820,kup,comparable,12,29,0,29,0,0,0,0,0,12,unresolved_liftover
GCF_000005845.2,b3748,rbsD,GCF_003697165.2,EAS44_RS24815,rbsD,comparable,1,3,0,3,0,0,0,0,0,1,unresolved_liftover
GCF_000005845.2,b3749,rbsA,GCF_003697165.2,EAS44_RS24810,rbsA,comparable,4,29,0,29,0,0,0,0,0,4,unresolved_liftover
GCF_000005845.2,b3750,rbsC,GCF_003697165.2,EAS44_RS24805,rbsC,comparable,0,8,0,8,0,0,0,0,0,0,different_variants_in_same_gene
GCF_000005845.2,b3751,rbsB,GCF_003697165.2,EAS44_RS24800,rbsB,comparable,5,10,0,10,0,0,0,0,0,5,unresolved_liftover
GCF_000005845.2,b3752,rbsK,GCF_003697165.2,EAS44_RS24795,rbsK,comparable,12,18,0,18,0,0,0,0,0,12,unresolved_liftover
GCF_000005845.2,b3753,rbsR,GCF_003697165.2,EAS44_RS24790,rbsR,comparable,6,14,0,14,0,0,0,0,0,6,unresolved_liftover
GCF_000005845.2,b3754,hsrA,GCF_003697165.2,EAS44_RS24785,mdtD,comparable,14,29,0,29,0,0,0,0,0,14,unresolved_liftover
GCF_000005845.2,b3755,yieP,GCF_003697165.2,EAS44_RS24780,yieP,comparable,3,10,0,10,0,0,0,0,0,3,unresolved_liftover
GCF_000005845.2,b4480,hdfR,GCF_003697165.2,EAS44_RS24745,hdfR,comparable,0,24,0,24,0,0,0,0,0,0,different_variants_in_same_gene
GCF_000005845.2,b3764,maoP,GCF_003697165.2,EAS44_RS24740,maoP,comparable,0,3,0,3,0,0,0,0,0,0,different_variants_in_same_gene
GCF_000005845.2,b3765,yifB,GCF_003697165.2,EAS44_RS24735,yifB,comparable,0,39,0,39,0,0,0,0,0,0,different_variants_in_same_gene
GCF_000005845.2,b3766,ilvL,GCF_003697165.2,EAS44_RS24730,ilvL,comparable,0,0,0,0,0,0,0,0,0,0,same_exact_variants
GCF_000005845.2,b4669,ilvX,GCF_003697165.2,EAS44_RS24725,ilvX,comparable,0,0,0,0,0,0,0,0,0,0,same_exact_variants
GCF_000005845.2,b3769,ilvM,GCF_003697165.2,EAS44_RS24715,ilvM,comparable,2,2,0,2,0,0,0,0,0,2,unresolved_liftover
GCF_000005845.2,b3770,ilvE,GCF_003697165.2,EAS44_RS24710,ilvE,comparable,16,29,0,29,0,0,0,0,0,16,unresolved_liftover
GCF_000005845.2,b3771,ilvD,GCF_003697165.2,EAS44_RS24705,ilvD,comparable,73,89,0,89,0,0,0,0,0,73,unresolved_liftover
GCF_000005845.2,b3772,ilvA,GCF_003697165.2,EAS44_RS24700,ilvA,comparable,22,82,0,82,0,0,0,0,0,22,unresolved_liftover
GCF_000005845.2,b3773,ilvY,GCF_003697165.2,EAS44_RS24695,ilvY,comparable,0,50,0,50,0,0,0,0,0,0,different_variants_in_same_gene
GCF_000005845.2,b3774,ilvC,GCF_003697165.2,EAS44_RS24690,ilvC,comparable,1,77,0,77,0,0,0,0,0,1,unresolved_liftover
GCF_000005845.2,b3775,ppiC,GCF_003697165.2,EAS44_RS24685,ppiC,comparable,0,11,0,11,0,0,0,0,0,0,different_variants_in_same_gene
GCF_000005845.2,b3778,rep,GCF_003697165.2,EAS44_RS24680,rep,comparable,52,49,0,49,0,0,0,0,0,52,unresolved_liftover
GCF_000005845.2,b3779,gpp,GCF_003697165.2,EAS44_RS24675,gppA,comparable,22,27,0,27,0,0,0,0,0,22,unresolved_liftover
GCF_000005845.2,b3780,rhlB,GCF_003697165.2,EAS44_RS24670,rhlB,comparable,10,18,0,18,0,0,0,0,0,10,unresolved_liftover
GCF_000005845.2,b3781,trxA,GCF_003697165.2,EAS44_RS24665,trxA,comparable,0,1,0,1,0,0,0,0,0,0,different_variants_in_same_gene
GCF_000005845.2,b3782,rhoL,GCF_003697165.2,EAS44_RS24660,rhoL,comparable,0,0,0,0,0,0,0,0,0,0,same_exact_variants
GCF_000005845.2,b3783,rho,GCF_003697165.2,EAS44_RS24655,rho,comparable,1,7,0,7,0,0,0,0,0,1,unresolved_liftover
GCF_000005845.2,b3784,wecA,GCF_003697165.2,EAS44_RS24650,wecA,comparable,3,10,0,10,0,0,0,0,0,3,unresolved_liftover
GCF_000005845.2,b3785,wzzE,GCF_003697165.2,EAS44_RS24645,wzzE,comparable,7,15,0,15,0,0,0,0,0,7,unresolved_liftover
GCF_000005845.2,b3787,wecC,GCF_003697165.2,EAS44_RS24635,wecC,comparable,1,35,0,35,0,0,0,0,0,1,unresolved_liftover
GCF_000005845.2,b3790,rffC,GCF_003697165.2,EAS44_RS24620,rffC,comparable,0,8,0,8,0,0,0,0,0,0,different_variants_in_same_gene
GCF_000005845.2,b3791,wecE,GCF_003697165.2,EAS44_RS24615,rffA,comparable,0,29,0,29,0,0,0,0,0,0,different_variants_in_same_gene
GCF_000005845.2,b3792,wzxE,GCF_003697165.2,EAS44_RS24610,wzxE,comparable,10,24,0,24,0,0,0,0,0,10,unresolved_liftover
GCF_000005845.2,b4481,wecF,GCF_003697165.2,EAS44_RS24605,rffT,comparable,21,19,0,19,0,0,0,0,0,21,unresolved_liftover
GCF_000005845.2,b3793,wzyE,GCF_003697165.2,EAS44_RS24600,wzyE,comparable,22,35,0,35,0,0,0,0,0,22,unresolved_liftover
GCF_000005845.2,b3794,rffM,GCF_003697165.2,EAS44_RS24595,wecG,comparable,14,17,0,17,0,0,0,0,0,14,unresolved_liftover
GCF_000005845.2,b3795,thrP,GCF_003697165.2,EAS44_RS24590,thrP,comparable,26,27,0,27,0,0,0,0,0,26,unresolved_liftover
GCF_000005845.2,b3800,aslB,GCF_003697165.2,EAS44_RS24565,aslB,comparable,55,46,0,46,0,0,0,0,0,55,unresolved_liftover
GCF_000005845.2,b3801,aslA,GCF_003697165.2,EAS44_RS24560,aslA,comparable,80,25,0,25,0,0,0,0,0,80,unresolved_liftover
GCF_000005845.2,b3802,hemY,GCF_003697165.2,EAS44_RS24555,hemY,comparable,46,38,0,38,0,0,0,0,0,46,unresolved_liftover
GCF_000005845.2,b3803,hemX,GCF_003697165.2,EAS44_RS24550,hemX,comparable,23,20,0,20,0,0,0,0,0,23,unresolved_liftover
GCF_000005845.2,b3804,hemD,GCF_003697165.2,EAS44_RS24545,hemD,comparable,9,8,0,8,0,0,0,0,0,9,unresolved_liftover
GCF_000005845.2,b3805,hemC,GCF_003697165.2,EAS44_RS24540,hemC,comparable,13,24,0,24,0,0,0,0,0,13,unresolved_liftover
GCF_000005845.2,b3806,cyaA,GCF_003697165.2,EAS44_RS24535,cyaA,comparable,77,82,0,82,0,0,0,0,0,77,unresolved_liftover
GCF_000005845.2,b3807,cyaY,GCF_003697165.2,EAS44_RS24530,cyaY,comparable,16,17,0,17,0,0,0,0,0,16,unresolved_liftover
GCF_000005845.2,b4558,lptM,GCF_003697165.2,EAS44_RS24515,lptM,comparable,0,2,0,2,0,0,0,0,0,0,different_variants_in_same_gene
GCF_000005845.2,b3809,dapF,GCF_003697165.2,EAS44_RS24510,dapF,comparable,9,13,0,13,0,0,0,0,0,9,unresolved_liftover
GCF_000005845.2,b3810,yigA,GCF_003697165.2,EAS44_RS24505,yigA,comparable,5,11,0,11,0,0,0,0,0,5,unresolved_liftover
GCF_000005845.2,b3812,yigB,GCF_003697165.2,EAS44_RS24495,yigB,comparable,6,15,0,15,0,0,0,0,0,6,unresolved_liftover
GCF_000005845.2,b4482,yigE,GCF_003697165.2,EAS44_RS24480,yigE,comparable,9,13,0,13,0,0,0,0,0,9,unresolved_liftover
GCF_000005845.2,b4799,ysgD,GCF_003697165.2,EAS44_RS25435,ysgD,comparable,0,1,0,1,0,0,0,0,0,0,different_variants_in_same_gene
GCF_000005845.2,b3816,corA,GCF_003697165.2,EAS44_RS24475,corA,comparable,13,23,0,23,0,0,0,0,0,13,unresolved_liftover
GCF_000005845.2,b3819,rarD,GCF_003697165.2,EAS44_RS24460,rarD,comparable,2,37,0,37,0,0,0,0,0,2,unresolved_liftover
GCF_000005845.2,b3820,yigI,GCF_003697165.2,EAS44_RS24455,yigI,comparable,6,9,0,9,0,0,0,0,0,6,unresolved_liftover
GCF_000005845.2,b3821,pldA,GCF_003697165.2,EAS44_RS24450,pldA,comparable,41,26,0,26,0,0,0,0,0,41,unresolved_liftover
GCF_000005845.2,b3822,recQ,GCF_003697165.2,EAS44_RS24445,recQ,comparable,57,56,0,56,0,0,0,0,0,57,unresolved_liftover
GCF_000005845.2,b3823,rhtC,GCF_003697165.2,EAS44_RS24440,rhtC,comparable,28,26,0,26,0,0,0,0,0,28,unresolved_liftover
GCF_000005845.2,b3824,rhtB,GCF_003697165.2,EAS44_RS24435,rhtB,comparable,11,8,0,8,0,0,0,0,0,11,unresolved_liftover
GCF_000005845.2,b3825,pldB,GCF_003697165.2,EAS44_RS24430,pldB,comparable,9,15,0,15,0,0,0,0,0,9,unresolved_liftover
GCF_000005845.2,b3826,yigL,GCF_003697165.2,EAS44_RS24425,yigL,comparable,23,20,0,20,0,0,0,0,0,23,unresolved_liftover
GCF_000005845.2,b3827,bioP,GCF_003697165.2,EAS44_RS24420,bioP,comparable,18,10,0,10,0,0,0,0,0,18,unresolved_liftover
GCF_000005845.2,b3828,metR,GCF_003697165.2,EAS44_RS24415,metR,comparable,32,19,0,19,0,0,0,0,0,32,unresolved_liftover
GCF_000005845.2,b3829,metE,GCF_003697165.2,EAS44_RS24410,metE,comparable,53,47,0,47,0,0,0,0,0,53,unresolved_liftover
GCF_000005845.2,b3830,ysgA,GCF_003697165.2,EAS44_RS24325,ysgA,comparable,15,13,0,13,0,0,0,0,0,15,unresolved_liftover
GCF_000005845.2,b3831,udp,GCF_003697165.2,EAS44_RS24320,udp,comparable,8,4,0,4,0,0,0,0,0,8,unresolved_liftover
GCF_000005845.2,b3832,rmuC,GCF_003697165.2,EAS44_RS24285,rmuC,comparable,22,46,0,46,0,0,0,0,0,22,unresolved_liftover
GCF_000005845.2,b3833,ubiE,GCF_003697165.2,EAS44_RS24280,ubiE,comparable,2,4,0,4,0,0,0,0,0,2,unresolved_liftover
GCF_000005845.2,b3834,ubiJ,GCF_003697165.2,EAS44_RS24275,ubiJ,comparable,0,12,0,12,0,0,0,0,0,0,different_variants_in_same_gene
GCF_000005845.2,b3835,ubiB,GCF_003697165.2,EAS44_RS24270,ubiB,comparable,10,25,0,25,0,0,0,0,0,10,unresolved_liftover
GCF_000005845.2,b3836,tatA,GCF_003697165.2,EAS44_RS24265,tatA,comparable,0,1,0,1,0,0,0,0,0,0,different_variants_in_same_gene
GCF_000005845.2,b3838,tatB,GCF_003697165.2,EAS44_RS24260,tatB,comparable,1,7,0,7,0,0,0,0,0,1,unresolved_liftover
GCF_000005845.2,b3839,tatC,GCF_003697165.2,EAS44_RS24255,tatC,comparable,2,8,0,8,0,0,0,0,0,2,unresolved_liftover
GCF_000005845.2,b4483,tatD,GCF_003697165.2,EAS44_RS24250,tatD,comparable,1,13,0,13,0,0,0,0,0,1,unresolved_liftover
GCF_000005845.2,b3842,rfaH,GCF_003697165.2,EAS44_RS24245,rfaH,comparable,7,28,0,28,0,0,0,0,0,7,unresolved_liftover
GCF_000005845.2,b3843,ubiD,GCF_003697165.2,EAS44_RS24240,ubiD,comparable,3,34,0,34,0,0,0,0,0,3,unresolved_liftover
GCF_000005845.2,b3844,fre,GCF_003697165.2,EAS44_RS24235,fre,comparable,25,21,0,21,0,0,0,0,0,25,unresolved_liftover
GCF_000005845.2,b3845,fadA,GCF_003697165.2,EAS44_RS24230,fadA,comparable,42,41,0,41,0,0,0,0,0,42,unresolved_liftover
GCF_000005845.2,b3846,fadB,GCF_003697165.2,EAS44_RS24225,fadB,comparable,26,65,0,65,0,0,0,0,0,26,unresolved_liftover
GCF_000005845.2,b3847,pepQ,GCF_003697165.2,EAS44_RS24220,pepQ,comparable,24,37,0,37,0,0,0,0,0,24,unresolved_liftover
GCF_000005845.2,b3848,yigZ,GCF_003697165.2,EAS44_RS24215,yigZ,comparable,6,12,0,12,0,0,0,0,0,6,unresolved_liftover
GCF_000005845.2,b3849,trkH,GCF_003697165.2,EAS44_RS24210,trkH,comparable,6,19,0,19,0,0,0,0,0,6,unresolved_liftover
GCF_000005845.2,b3850,hemG,GCF_003697165.2,EAS44_RS24205,hemG,comparable,0,12,0,12,0,0,0,0,0,0,different_variants_in_same_gene
GCF_000005845.2,b3856,mobB,GCF_003697165.2,EAS44_RS24175,mobB,comparable,0,18,0,18,0,0,0,0,0,0,different_variants_in_same_gene
GCF_000005845.2,b3857,mobA,GCF_003697165.2,EAS44_RS24170,mobA,comparable,0,22,0,22,0,0,0,0,0,0,different_variants_in_same_gene
GCF_000005845.2,b3858,yihD,GCF_003697165.2,EAS44_RS24165,yihD,comparable,0,4,0,4,0,0,0,0,0,0,different_variants_in_same_gene
GCF_000005845.2,b3859,srkA,GCF_003697165.2,EAS44_RS24160,srkA,comparable,1,10,0,10,0,0,0,0,0,1,unresolved_liftover
GCF_000005845.2,b3860,dsbA,GCF_003697165.2,EAS44_RS24155,dsbA,comparable,4,10,0,10,0,0,0,0,0,4,unresolved_liftover
GCF_000005845.2,b3861,yihF,GCF_003697165.2,EAS44_RS24150,yihF,comparable,10,38,0,38,0,0,0,0,0,10,unresolved_liftover
GCF_000005845.2,b3862,yihG,GCF_003697165.2,EAS44_RS24145,yihG,comparable,2,13,0,13,0,0,0,0,0,2,unresolved_liftover
GCF_000005845.2,b3863,polA,GCF_003697165.2,EAS44_RS24135,polA,comparable,1,44,0,44,0,0,0,0,0,1,unresolved_liftover
GCF_000005845.2,b3865,yihA,GCF_003697165.2,EAS44_RS24130,yihA,comparable,0,8,0,8,0,0,0,0,0,0,different_variants_in_same_gene
GCF_000005845.2,b3866,yihI,GCF_003697165.2,EAS44_RS24125,yihI,comparable,0,8,0,8,0,0,0,0,0,0,different_variants_in_same_gene
GCF_000005845.2,b3867,hemN,GCF_003697165.2,EAS44_RS24120,hemN,comparable,1,23,0,23,0,0,0,0,0,1,unresolved_liftover
GCF_000005845.2,b4686,yshB,GCF_003697165.2,EAS44_RS24115,yshB,comparable,2,4,0,4,0,0,0,0,0,2,unresolved_liftover
GCF_000005845.2,b3868,glnG,GCF_003697165.2,EAS44_RS24110,glnG,comparable,13,53,0,53,0,0,0,0,0,13,unresolved_liftover
GCF_000005845.2,b3869,glnL,GCF_003697165.2,EAS44_RS24105,glnL,comparable,2,21,0,21,0,0,0,0,0,2,unresolved_liftover
GCF_000005845.2,b3870,glnA,GCF_003697165.2,EAS44_RS24100,glnA,comparable,5,41,0,41,0,0,0,0,0,5,unresolved_liftover
GCF_000005845.2,b3871,bipA,GCF_003697165.2,EAS44_RS24095,typA,comparable,4,13,0,13,0,0,0,0,0,4,unresolved_liftover
GCF_000005845.2,b3885,yihX,GCF_003697165.2,EAS44_RS24050,yihX,comparable,0,32,0,32,0,0,0,0,0,0,different_variants_in_same_gene
GCF_000005845.2,b3886,yihY,GCF_003697165.2,EAS44_RS24045,yihY,comparable,1,30,0,30,0,0,0,0,0,1,unresolved_liftover
GCF_000005845.2,b3887,dtd,GCF_003697165.2,EAS44_RS24040,dtd,comparable,0,5,0,5,0,0,0,0,0,0,different_variants_in_same_gene
GCF_000005845.2,b3888,fabY,GCF_003697165.2,EAS44_RS24035,fabY,comparable,1,35,0,35,0,0,0,0,0,1,unresolved_liftover
GCF_000005845.2,b3891,fdhE,GCF_003697165.2,EAS44_RS23995,fdhE,comparable,1,26,0,26,0,0,0,0,0,1,unresolved_liftover
GCF_000005845.2,b3892,fdoI,GCF_003697165.2,EAS44_RS23990,fdoI,comparable,0,7,0,7,0,0,0,0,0,0,different_variants_in_same_gene
GCF_000005845.2,b3893,fdoH,GCF_003697165.2,EAS44_RS23985,fdoH,comparable,0,17,0,17,0,0,0,0,0,0,different_variants_in_same_gene
GCF_000005845.2,b3894,fdoG,GCF_003697165.2,EAS44_RS23980,fdnG,comparable,0,76,0,76,0,0,0,0,0,0,different_variants_in_same_gene
GCF_000005845.2,b3895,fdhD,GCF_003697165.2,EAS44_RS23970,fdhD,comparable,2,29,0,29,0,0,0,0,0,2,unresolved_liftover
GCF_000005845.2,b3901,rhaM,GCF_003697165.2,EAS44_RS23955,rhaM,comparable,10,21,9,12,9,0,1,0,0,0,partially_shared_variants
GCF_000005845.2,b3902,rhaD,GCF_003697165.2,EAS44_RS23950,rhaD,comparable,32,46,26,20,26,0,6,0,0,0,partially_shared_variants
GCF_000005845.2,b3903,rhaA,GCF_003697165.2,EAS44_RS23945,rhaA,comparable,40,62,31,31,31,0,9,0,0,0,partially_shared_variants
GCF_000005845.2,b3904,rhaB,GCF_003697165.2,EAS44_RS23940,rhaB,comparable,24,31,8,23,8,0,16,0,0,0,partially_shared_variants
GCF_000005845.2,b3905,rhaS,GCF_003697165.2,EAS44_RS23935,rhaS,comparable,6,18,5,13,5,0,1,0,0,0,partially_shared_variants
GCF_000005845.2,b3906,rhaR,GCF_003697165.2,EAS44_RS23930,rhaR,comparable,11,13,8,5,8,0,3,0,0,0,partially_shared_variants
GCF_000005845.2,b3907,rhaT,GCF_003697165.2,EAS44_RS23925,rhaT,comparable,22,23,10,13,10,0,12,0,0,0,partially_shared_variants
GCF_000005845.2,b3908,sodA,GCF_003697165.2,EAS44_RS23920,sodA,comparable,10,20,7,13,7,0,3,0,0,0,partially_shared_variants
GCF_000005845.2,b3909,kdgT,GCF_003697165.2,EAS44_RS23915,kdgT,comparable,6,18,4,14,4,0,2,0,0,0,partially_shared_variants
GCF_000005845.2,b3910,yiiM,GCF_003697165.2,EAS44_RS23910,yiiM,comparable,3,27,0,27,0,0,3,0,0,0,reference_allele_difference
GCF_000005845.2,b3911,cpxA,GCF_003697165.2,EAS44_RS23905,cpxA,comparable,5,24,5,19,5,0,0,0,0,0,partially_shared_variants
GCF_000005845.2,b3912,cpxR,GCF_003697165.2,EAS44_RS23900,cpxR,comparable,3,16,1,15,1,0,2,0,0,0,partially_shared_variants
GCF_000005845.2,b4484,cpxP,GCF_003697165.2,EAS44_RS23895,cpxP,comparable,2,5,2,3,2,0,0,0,0,0,partially_shared_variants
GCF_000005845.2,b3915,fieF,GCF_003697165.2,EAS44_RS23890,fieF,comparable,4,5,2,3,2,0,2,0,0,0,partially_shared_variants
GCF_000005845.2,b3916,pfkA,GCF_003697165.2,EAS44_RS23885,pfkA,comparable,6,6,1,5,1,0,5,0,0,0,partially_shared_variants
GCF_000005845.2,b3917,sbp,GCF_003697165.2,EAS44_RS23880,sbp,comparable,17,20,8,12,8,0,9,0,0,0,partially_shared_variants
GCF_000005845.2,b3918,cdh,GCF_003697165.2,EAS44_RS23875,cdh,comparable,15,41,9,32,9,0,6,0,0,0,partially_shared_variants
GCF_000005845.2,b3919,tpiA,GCF_003697165.2,EAS44_RS23870,tpiA,comparable,10,12,3,9,3,0,7,0,0,0,partially_shared_variants
GCF_000005845.2,b3920,yiiQ,GCF_003697165.2,EAS44_RS23865,yiiQ,comparable,6,8,3,5,3,0,3,0,0,0,partially_shared_variants
GCF_000005845.2,b3921,yiiR,GCF_003697165.2,EAS44_RS23860,yiiR,comparable,5,4,1,3,1,0,4,0,0,0,partially_shared_variants
GCF_000005845.2,b3922,yiiS,GCF_003697165.2,EAS44_RS23855,yiiS,comparable,3,1,0,1,0,0,3,0,0,0,reference_allele_difference
GCF_000005845.2,b3923,uspD,GCF_003697165.2,EAS44_RS23850,uspD,comparable,0,7,0,7,0,0,0,0,0,0,different_variants_in_same_gene
GCF_000005845.2,b3924,fpr,GCF_003697165.2,EAS44_RS23845,fpr,comparable,24,36,9,27,9,0,15,0,0,0,partially_shared_variants
GCF_000005845.2,b3925,glpX,GCF_003697165.2,EAS44_RS23840,glpX,comparable,10,28,4,24,4,0,6,0,0,0,partially_shared_variants
GCF_000005845.2,b3926,glpK,GCF_003697165.2,EAS44_RS23835,glpK,comparable,0,40,0,40,0,0,0,0,0,0,different_variants_in_same_gene
GCF_000005845.2,b3927,glpF,GCF_003697165.2,EAS44_RS23830,glpF,comparable,3,6,1,5,1,0,2,0,0,0,partially_shared_variants
GCF_000005845.2,b3928,zapB,GCF_003697165.2,EAS44_RS23825,zapB,comparable,0,1,0,1,0,0,0,0,0,0,different_variants_in_same_gene
GCF_000005845.2,b3929,rraA,GCF_003697165.2,EAS44_RS23820,rraA,comparable,0,1,0,1,0,0,0,0,0,0,different_variants_in_same_gene
GCF_000005845.2,b3930,menA,GCF_003697165.2,EAS44_RS23815,menA,comparable,0,22,0,22,0,0,0,0,0,0,different_variants_in_same_gene
GCF_000005845.2,b3931,hslU,GCF_003697165.2,EAS44_RS23810,hslU,comparable,0,17,0,17,0,0,0,0,0,0,different_variants_in_same_gene
GCF_000005845.2,b3932,hslV,GCF_003697165.2,EAS44_RS23805,hslV,comparable,0,3,0,3,0,0,0,0,0,0,different_variants_in_same_gene
GCF_000005845.2,b3933,ftsN,GCF_003697165.2,EAS44_RS23800,ftsN,comparable,1,17,1,16,1,0,0,0,0,0,partially_shared_variants
GCF_000005845.2,b3934,cytR,GCF_003697165.2,EAS44_RS23795,cytR,comparable,0,13,0,13,0,0,0,0,0,0,different_variants_in_same_gene
GCF_000005845.2,b3935,priA,GCF_003697165.2,EAS44_RS23790,priA,comparable,0,112,0,112,0,0,0,0,0,0,different_variants_in_same_gene
GCF_000005845.2,b3936,rpmE,GCF_003697165.2,EAS44_RS23785,rpmE,comparable,0,0,0,0,0,0,0,0,0,0,same_exact_variants
GCF_000005845.2,b3937,yiiX,GCF_003697165.2,EAS44_RS23780,yiiX,comparable,6,20,0,20,0,0,6,0,0,0,reference_allele_difference
GCF_000005845.2,b3938,metJ,GCF_003697165.2,EAS44_RS23775,metJ,comparable,0,3,0,3,0,0,0,0,0,0,different_variants_in_same_gene
GCF_000005845.2,b3939,metB,GCF_003697165.2,EAS44_RS23770,metB,comparable,10,34,10,24,10,0,0,0,0,0,partially_shared_variants
GCF_000005845.2,b3940,metL,GCF_003697165.2,EAS44_RS23765,metL,comparable,13,91,4,87,4,1,8,0,0,0,partially_shared_variants
GCF_000005845.2,b3941,metF,GCF_003697165.2,EAS44_RS23735,metF,comparable,2,45,2,43,2,0,0,0,0,0,partially_shared_variants
GCF_000005845.2,b3942,katG,GCF_003697165.2,EAS44_RS23730,katG,comparable,1,65,1,64,1,0,0,0,0,0,partially_shared_variants
GCF_000005845.2,b3943,yijE,GCF_003697165.2,EAS44_RS23725,yijE,comparable,0,23,0,23,0,0,0,0,0,0,different_variants_in_same_gene
GCF_000005845.2,b3944,yijF,GCF_003697165.2,EAS44_RS23720,yijF,comparable,8,34,4,30,4,0,4,0,0,0,partially_shared_variants
GCF_000005845.2,b3945,gldA,GCF_003697165.2,EAS44_RS23715,gldA,comparable,3,34,0,34,0,0,3,0,0,0,reference_allele_difference
GCF_000005845.2,b3947,ptsA,GCF_003697165.2,EAS44_RS23705,ptsP,comparable,71,64,30,34,30,0,41,0,0,0,partially_shared_variants
GCF_000005845.2,b3949,frwC,GCF_003697165.2,EAS44_RS23700,frwC,comparable,7,43,2,41,2,0,5,0,0,0,partially_shared_variants
GCF_000005845.2,b3950,frwB,GCF_003697165.2,EAS44_RS23695,frwB,comparable,7,17,4,13,4,0,3,0,0,0,partially_shared_variants
GCF_000005845.2,b3951,pflD,GCF_003697165.2,EAS44_RS23690,pflD,comparable,32,56,15,41,15,0,17,0,0,0,partially_shared_variants
GCF_000005845.2,b3952,pflC,GCF_003697165.2,EAS44_RS23685,pflC,comparable,13,25,7,18,7,0,6,0,0,0,partially_shared_variants
GCF_000005845.2,b3953,frwD,GCF_003697165.2,EAS44_RS23680,frwD,comparable,4,17,3,14,3,0,1,0,0,0,partially_shared_variants
GCF_000005845.2,b3954,yijO,GCF_003697165.2,EAS44_RS23675,yijO,comparable,10,30,8,22,8,0,2,0,0,0,partially_shared_variants
GCF_000005845.2,b3955,eptC,GCF_003697165.2,EAS44_RS23670,eptC,comparable,27,46,16,30,16,0,11,0,0,0,partially_shared_variants
GCF_000005845.2,b3956,ppc,GCF_003697165.2,EAS44_RS23665,ppc,comparable,11,53,5,48,5,0,6,0,0,0,partially_shared_variants
GCF_000005845.2,b3957,argE,GCF_003697165.2,EAS44_RS23660,argE,comparable,21,55,16,39,16,0,5,0,0,0,partially_shared_variants
GCF_000005845.2,b3958,argC,GCF_003697165.2,EAS44_RS23655,argC,comparable,0,32,0,32,0,0,0,0,0,0,different_variants_in_same_gene
GCF_000005845.2,b3959,argB,GCF_003697165.2,EAS44_RS23650,argB,comparable,3,14,0,14,0,0,3,0,0,0,reference_allele_difference
GCF_000005845.2,b3960,argH,GCF_003697165.2,EAS44_RS23645,argH,comparable,0,42,0,42,0,0,0,0,0,0,different_variants_in_same_gene
GCF_000005845.2,b3961,oxyR,GCF_003697165.2,EAS44_RS23625,oxyR,comparable,0,11,0,11,0,0,0,0,0,0,different_variants_in_same_gene
GCF_000005845.2,b3962,sthA,GCF_003697165.2,EAS44_RS23620,sthA,comparable,1,26,1,25,1,0,0,0,0,0,partially_shared_variants
GCF_000005845.2,b3963,fabR,GCF_003697165.2,EAS44_RS23605,fabR,comparable,0,11,0,11,0,0,0,0,0,0,different_variants_in_same_gene
GCF_000005845.2,b3964,yijD,GCF_003697165.2,EAS44_RS23600,yijD,comparable,0,9,0,9,0,0,0,0,0,0,different_variants_in_same_gene
GCF_000005845.2,b3965,trmA,GCF_003697165.2,EAS44_RS23595,trmA,comparable,2,40,0,40,0,0,2,0,0,0,reference_allele_difference
GCF_000005845.2,b3966,btuB,GCF_003697165.2,EAS44_RS23590,btuB,comparable,1,77,1,76,1,0,0,0,0,0,partially_shared_variants
GCF_000005845.2,b3967,murI,GCF_003697165.2,EAS44_RS23585,murI,comparable,0,13,0,13,0,0,0,0,0,0,different_variants_in_same_gene
GCF_000005845.2,b3972,murB,GCF_003697165.2,EAS44_RS23560,murB,comparable,16,41,8,33,8,0,8,0,0,0,partially_shared_variants
GCF_000005845.2,b3973,birA,GCF_003697165.2,EAS44_RS23555,birA,comparable,10,45,4,41,4,0,6,0,0,0,partially_shared_variants
GCF_000005845.2,b3974,coaA,GCF_003697165.2,EAS44_RS23550,coaA,comparable,4,9,1,8,1,0,3,0,0,0,partially_shared_variants
GCF_000005845.2,b3981,secE,GCF_003697165.2,EAS44_RS23520,secE,comparable,1,2,0,2,0,0,1,0,0,0,reference_allele_difference
GCF_000005845.2,b3982,nusG,GCF_003697165.2,EAS44_RS23515,nusG,comparable,0,6,0,6,0,0,0,0,0,0,different_variants_in_same_gene
GCF_000005845.2,b3983,rplK,GCF_003697165.2,EAS44_RS23510,rplK,comparable,0,2,0,2,0,0,0,0,0,0,different_variants_in_same_gene
GCF_000005845.2,b3984,rplA,GCF_003697165.2,EAS44_RS23505,rplA,comparable,2,7,1,6,1,0,1,0,0,0,partially_shared_variants
GCF_000005845.2,b3985,rplJ,GCF_003697165.2,EAS44_RS23500,rplJ,comparable,0,1,0,1,0,0,0,0,0,0,different_variants_in_same_gene
GCF_000005845.2,b3986,rplL,GCF_003697165.2,EAS44_RS23495,rplL,comparable,0,1,0,1,0,0,0,0,0,0,different_variants_in_same_gene
GCF_000005845.2,b3987,rpoB,GCF_003697165.2,EAS44_RS23490,rpoB,comparable,12,52,6,46,6,0,6,0,0,0,partially_shared_variants
GCF_000005845.2,b3988,rpoC,GCF_003697165.2,EAS44_RS23485,rpoC,comparable,17,40,9,31,9,0,8,0,0,0,partially_shared_variants
GCF_000005845.2,b3990,thiH,GCF_003697165.2,EAS44_RS23480,thiH,comparable,15,63,7,56,7,0,8,0,0,0,partially_shared_variants
GCF_000005845.2,b3991,thiG,GCF_003697165.2,EAS44_RS23475,thiG,comparable,17,19,12,7,12,0,5,0,0,0,partially_shared_variants
GCF_000005845.2,b4407,thiS,GCF_003697165.2,EAS44_RS23470,thiS,comparable,2,4,1,3,1,0,1,0,0,0,partially_shared_variants
GCF_000005845.2,b3992,thiF,GCF_003697165.2,EAS44_RS23465,thiF,comparable,0,20,0,20,0,0,0,0,0,0,different_variants_in_same_gene
GCF_000005845.2,b3993,thiE,GCF_003697165.2,EAS44_RS23460,thiE,comparable,0,21,0,21,0,0,0,0,0,0,different_variants_in_same_gene
GCF_000005845.2,b3994,thiC,GCF_003697165.2,EAS44_RS23455,thiC,comparable,24,72,11,61,11,0,13,0,0,0,partially_shared_variants
GCF_000005845.2,b3995,rsd,GCF_003697165.2,EAS44_RS23450,rsd,comparable,2,9,2,7,2,0,0,0,0,0,partially_shared_variants
GCF_000005845.2,b3996,nudC,GCF_003697165.2,EAS44_RS23445,nudC,comparable,6,14,4,10,4,0,2,0,0,0,partially_shared_variants
GCF_000005845.2,b3997,hemE,GCF_003697165.2,EAS44_RS23440,hemE,comparable,12,36,8,28,8,0,4,0,0,0,partially_shared_variants
GCF_000005845.2,b3998,nfi,GCF_003697165.2,EAS44_RS23435,nfi,comparable,1,17,0,17,0,0,1,0,0,0,reference_allele_difference
GCF_000005845.2,b3999,yjaG,GCF_003697165.2,EAS44_RS23430,yjaG,comparable,1,20,1,19,1,0,0,0,0,0,partially_shared_variants
GCF_000005845.2,b4000,hupA,GCF_003697165.2,EAS44_RS23425,hupA,comparable,0,0,0,0,0,0,0,0,0,0,same_exact_variants
GCF_000005845.2,b4001,yjaH,GCF_003697165.2,EAS44_RS23420,yjaH,comparable,7,10,4,6,4,0,3,0,0,0,partially_shared_variants
GCF_000005845.2,b4002,zraP,GCF_003697165.2,EAS44_RS23415,zraP,comparable,7,4,1,3,1,0,3,1,0,2,unresolved_liftover
GCF_000005845.2,b4004,zraR,GCF_003697165.2,EAS44_RS23405,zraR,comparable,15,46,0,46,0,0,0,0,0,15,unresolved_liftover
GCF_000005845.2,b4005,purD,GCF_003697165.2,EAS44_RS23400,purD,comparable,28,54,0,54,0,0,0,0,0,28,unresolved_liftover
GCF_000005845.2,b4006,purH,GCF_003697165.2,EAS44_RS23395,purH,comparable,0,52,0,52,0,0,0,0,0,0,different_variants_in_same_gene
GCF_000005845.2,b4012,yjaB,GCF_003697165.2,EAS44_RS23365,yjaB,comparable,0,21,0,21,0,0,0,0,0,0,different_variants_in_same_gene
GCF_000005845.2,b4013,metA,GCF_003697165.2,EAS44_RS23360,metA,comparable,1,25,0,25,0,0,0,0,0,1,unresolved_liftover
GCF_000005845.2,b4014,aceB,GCF_003697165.2,EAS44_RS23355,aceB,comparable,2,43,0,43,0,0,0,0,0,2,unresolved_liftover
GCF_000005845.2,b4015,aceA,GCF_003697165.2,EAS44_RS23350,aceA,comparable,8,35,0,35,0,0,0,0,0,8,unresolved_liftover
GCF_000005845.2,b4016,aceK,GCF_003697165.2,EAS44_RS23345,aceK,comparable,43,73,0,73,0,0,0,0,0,43,unresolved_liftover
GCF_000005845.2,b4018,iclR,GCF_003697165.2,EAS44_RS23340,iclR,comparable,6,28,0,28,0,0,0,0,0,6,unresolved_liftover
GCF_000005845.2,b4020,yjbB,GCF_003697165.2,EAS44_RS23320,yjbB,comparable,1,62,0,62,0,0,0,0,0,1,unresolved_liftover
GCF_000005845.2,b4021,pepE,GCF_003697165.2,EAS44_RS23315,pepE,comparable,0,21,0,21,0,0,0,0,0,0,different_variants_in_same_gene
GCF_000005845.2,b4022,rluF,GCF_003697165.2,EAS44_RS23275,rluF,comparable,0,36,0,36,0,0,0,0,0,0,different_variants_in_same_gene
GCF_000005845.2,b4023,yjbD,GCF_003697165.2,EAS44_RS23270,yjbD,comparable,0,7,0,7,0,0,0,0,0,0,different_variants_in_same_gene
GCF_000005845.2,b4024,lysC,GCF_003697165.2,EAS44_RS23265,lysC,comparable,0,27,0,27,0,0,0,0,0,0,different_variants_in_same_gene
GCF_000005845.2,b4025,pgi,GCF_003697165.2,EAS44_RS23255,pgi,comparable,1,37,0,37,0,0,0,0,0,1,unresolved_liftover
GCF_000005845.2,b4026,yjbE,GCF_003697165.2,EAS44_RS23250,yjbE,comparable,2,2,0,2,0,0,0,0,0,2,unresolved_liftover
GCF_000005845.2,b4027,yjbF,GCF_003697165.2,EAS44_RS23245,yjbF,comparable,21,16,0,16,0,0,0,0,0,21,unresolved_liftover
GCF_000005845.2,b4028,yjbG,GCF_003697165.2,EAS44_RS23240,yjbG,comparable,15,33,0,33,0,0,0,0,0,15,unresolved_liftover
GCF_000005845.2,b4029,yjbH,GCF_003697165.2,EAS44_RS23235,yjbH,comparable,10,46,0,46,0,0,0,0,0,10,unresolved_liftover
GCF_000005845.2,b4620,yjbT,GCF_003697165.2,EAS44_RS23230,EAS44_RS23230,comparable,0,4,0,4,0,0,0,0,0,0,different_variants_in_same_gene
GCF_000005845.2,b4030,psiE,GCF_003697165.2,EAS44_RS23225,psiE,comparable,0,6,0,6,0,0,0,0,0,0,different_variants_in_same_gene
GCF_000005845.2,b4032,malG,GCF_003697165.2,EAS44_RS23220,malG,comparable,0,17,0,17,0,0,0,0,0,0,different_variants_in_same_gene
GCF_000005845.2,b4033,malF,GCF_003697165.2,EAS44_RS23215,malF,comparable,0,25,0,25,0,0,0,0,0,0,different_variants_in_same_gene
GCF_000005845.2,b4034,malE,GCF_003697165.2,EAS44_RS23210,malE,comparable,0,35,0,35,0,0,0,0,0,0,different_variants_in_same_gene
GCF_000005845.2,b4035,malK,GCF_003697165.2,EAS44_RS23205,malK,comparable,0,20,0,20,0,0,0,0,0,0,different_variants_in_same_gene
GCF_000005845.2,b4036,lamB,GCF_003697165.2,EAS44_RS23200,lamB,comparable,0,24,0,24,0,0,0,0,0,0,different_variants_in_same_gene
GCF_000005845.2,b4037,malM,GCF_003697165.2,EAS44_RS23195,malM,comparable,0,26,0,26,0,0,0,0,0,0,different_variants_in_same_gene
GCF_000005845.2,b4039,ubiC,GCF_003697165.2,EAS44_RS23190,ubiC,comparable,1,8,0,8,0,0,0,0,0,1,unresolved_liftover
GCF_000005845.2,b4040,ubiA,GCF_003697165.2,EAS44_RS23185,ubiA,comparable,0,15,0,15,0,0,0,0,0,0,different_variants_in_same_gene
GCF_000005845.2,b4041,plsB,GCF_003697165.2,EAS44_RS23180,plsB,comparable,28,45,0,45,0,0,0,0,0,28,unresolved_liftover
GCF_000005845.2,b4042,dgkA,GCF_003697165.2,EAS44_RS23175,dgkA,comparable,6,10,0,10,0,0,0,0,0,6,unresolved_liftover
GCF_000005845.2,b4043,lexA,GCF_003697165.2,EAS44_RS23170,lexA,comparable,4,8,0,8,0,0,0,0,0,4,unresolved_liftover
GCF_000005845.2,b4044,dinF,GCF_003697165.2,EAS44_RS23165,dinF,comparable,16,33,0,33,0,0,0,0,0,16,unresolved_liftover
GCF_000005845.2,b4045,yjbJ,GCF_003697165.2,EAS44_RS23160,yjbJ,comparable,0,17,0,17,0,0,0,0,0,0,different_variants_in_same_gene
GCF_000005845.2,b4046,zur,GCF_003697165.2,EAS44_RS23155,zur,comparable,9,27,0,27,0,0,0,0,0,9,unresolved_liftover
GCF_000005845.2,b4049,dusA,GCF_003697165.2,EAS44_RS23150,dusA,comparable,11,22,0,22,0,0,0,0,0,11,unresolved_liftover
GCF_000005845.2,b4050,pspG,GCF_003697165.2,EAS44_RS23145,pspG,comparable,0,14,0,14,0,0,0,0,0,0,different_variants_in_same_gene
GCF_000005845.2,b4051,qorA,GCF_003697165.2,EAS44_RS23140,qorA,comparable,9,23,0,23,0,0,0,0,0,9,unresolved_liftover
GCF_000005845.2,b4052,dnaB,GCF_003697165.2,EAS44_RS23110,dnaB,comparable,14,33,0,33,0,0,0,0,0,14,unresolved_liftover
GCF_000005845.2,b4053,alr,GCF_003697165.2,EAS44_RS23105,alr,comparable,2,21,0,21,0,0,0,0,0,2,unresolved_liftover
GCF_000005845.2,b4054,tyrB,GCF_003697165.2,EAS44_RS23090,tyrB,comparable,1,22,0,22,0,0,0,0,0,1,unresolved_liftover
GCF_000005845.2,b4055,aphA,GCF_003697165.2,EAS44_RS23040,aphA,comparable,1,23,1,22,1,0,0,0,0,0,partially_shared_variants
GCF_000005845.2,b4056,yjbQ,GCF_003697165.2,EAS44_RS23035,yjbQ,comparable,0,5,0,5,0,0,0,0,0,0,different_variants_in_same_gene
GCF_000005845.2,b4057,yjbR,GCF_003697165.2,EAS44_RS23030,yjbR,comparable,1,3,0,3,0,0,1,0,0,0,reference_allele_difference
GCF_000005845.2,b4058,uvrA,GCF_003697165.2,EAS44_RS23025,uvrA,comparable,51,107,23,84,23,0,28,0,0,0,partially_shared_variants
GCF_000005845.2,b4059,ssb,GCF_003697165.2,EAS44_RS23020,ssb1,comparable,3,8,1,7,1,0,2,0,0,0,partially_shared_variants
GCF_000005845.2,b4060,yjcB,GCF_003697165.2,EAS44_RS23015,yjcB,comparable,0,9,0,9,0,0,0,0,0,0,different_variants_in_same_gene
GCF_000005845.2,b4061,pdeC,GCF_003697165.2,EAS44_RS23010,pdeC,comparable,0,48,0,48,0,0,0,0,0,0,different_variants_in_same_gene
GCF_000005845.2,b4062,soxS,GCF_003697165.2,EAS44_RS23005,soxS,comparable,0,7,0,7,0,0,0,0,0,0,different_variants_in_same_gene
GCF_000005845.2,b4063,soxR,GCF_003697165.2,EAS44_RS23000,soxR,comparable,0,10,0,10,0,0,0,0,0,0,different_variants_in_same_gene
GCF_000005845.2,b4065,yjcE,GCF_003697165.2,EAS44_RS22990,yjcE,comparable,16,39,6,33,6,0,10,0,0,0,partially_shared_variants
GCF_000005845.2,b4067,actP,GCF_003697165.2,EAS44_RS22970,actP,comparable,21,76,0,76,0,0,0,0,0,21,unresolved_liftover
GCF_000005845.2,b4068,yjcH,GCF_003697165.2,EAS44_RS22965,yjcH,comparable,5,7,0,7,0,0,0,0,0,5,unresolved_liftover
GCF_000005845.2,b4069,acs,GCF_003697165.2,EAS44_RS22960,acs,comparable,17,59,0,59,0,0,0,0,0,17,unresolved_liftover
GCF_000005845.2,b4070,nrfA,GCF_003697165.2,EAS44_RS22950,nrfA,comparable,0,25,0,25,0,0,0,0,0,0,different_variants_in_same_gene
GCF_000005845.2,b4071,nrfB,GCF_003697165.2,EAS44_RS22945,nrfB,comparable,0,7,0,7,0,0,0,0,0,0,different_variants_in_same_gene
GCF_000005845.2,b4072,nrfC,GCF_003697165.2,EAS44_RS22940,nrfC,comparable,0,12,0,12,0,0,0,0,0,0,different_variants_in_same_gene
GCF_000005845.2,b4073,nrfD,GCF_003697165.2,EAS44_RS22935,nrfD,comparable,1,17,0,17,0,0,0,0,0,1,unresolved_liftover
GCF_000005845.2,b4074,nrfE,GCF_003697165.2,EAS44_RS22930,nrfE,comparable,43,63,0,63,0,0,0,0,0,43,unresolved_liftover
GCF_000005845.2,b4076,nrfG,GCF_003697165.2,EAS44_RS22920,nrfG,comparable,18,19,0,19,0,0,0,0,0,18,unresolved_liftover
GCF_000005845.2,b4077,gltP,GCF_003697165.2,EAS44_RS22915,gltP,comparable,22,23,0,23,0,0,0,0,0,22,unresolved_liftover
GCF_000005845.2,b4078,yjcO,GCF_003697165.2,EAS44_RS22910,yjcO,comparable,0,21,0,21,0,0,0,0,0,0,different_variants_in_same_gene
GCF_000005845.2,b4079,fdhF,GCF_003697165.2,EAS44_RS22880,fdhF,comparable,11,36,0,36,0,0,0,0,0,11,unresolved_liftover
GCF_000005845.2,b4080,mdtP,GCF_003697165.2,EAS44_RS22875,mdtP,comparable,1,33,0,33,0,0,0,0,0,1,unresolved_liftover
GCF_000005845.2,b4081,mdtO,GCF_003697165.2,EAS44_RS22870,mdtO,comparable,8,50,0,50,0,0,0,0,0,8,unresolved_liftover
GCF_000005845.2,b4082,mdtN,GCF_003697165.2,EAS44_RS22865,mdtN,comparable,0,46,0,46,0,0,0,0,0,0,different_variants_in_same_gene
GCF_000005845.2,b4622,ytcA,GCF_003697165.2,EAS44_RS22860,ytcA,comparable,0,4,0,4,0,0,0,0,0,0,different_variants_in_same_gene
GCF_000005845.2,b4083,yjcS,GCF_003697165.2,EAS44_RS22855,yjcS,comparable,19,58,0,58,0,0,0,0,0,19,unresolved_liftover
GCF_000005845.2,b4084,alsK,GCF_003697165.2,EAS44_RS22850,alsK,comparable,0,17,0,17,0,0,0,0,0,0,different_variants_in_same_gene
GCF_000005845.2,b4085,alsE,GCF_003697165.2,EAS44_RS22845,alsE,comparable,0,29,0,29,0,0,0,0,0,0,different_variants_in_same_gene
GCF_000005845.2,b4087,alsA,GCF_003697165.2,EAS44_RS22835,alsA,comparable,0,36,0,36,0,0,0,0,0,0,different_variants_in_same_gene
GCF_000005845.2,b4088,alsB,GCF_003697165.2,EAS44_RS22830,alsB,comparable,0,23,0,23,0,0,0,0,0,0,different_variants_in_same_gene
GCF_000005845.2,b4090,rpiB,GCF_003697165.2,EAS44_RS22820,rpiB,comparable,0,11,0,11,0,0,0,0,0,0,different_variants_in_same_gene
GCF_000005845.2,b4487,yjdP,GCF_003697165.2,EAS44_RS22815,yjdP,comparable,1,14,0,14,0,0,0,0,0,1,unresolved_liftover
GCF_000005845.2,b4092,phnP,GCF_003697165.2,EAS44_RS22810,phnP,comparable,0,42,0,42,0,0,0,0,0,0,different_variants_in_same_gene
GCF_000005845.2,b4093,phnO,GCF_003697165.2,EAS44_RS22805,phnO,comparable,0,23,0,23,0,0,0,0,0,0,different_variants_in_same_gene
GCF_000005845.2,b4094,phnN,GCF_003697165.2,EAS44_RS22800,phnN,comparable,0,34,0,34,0,0,0,0,0,0,different_variants_in_same_gene
GCF_000005845.2,b4095,phnM,GCF_003697165.2,EAS44_RS22795,phnM,comparable,1,61,0,61,0,0,0,0,0,1,unresolved_liftover
GCF_000005845.2,b4096,phnL,GCF_003697165.2,EAS44_RS22790,phnL,comparable,1,39,0,39,0,0,0,0,0,1,unresolved_liftover
GCF_000005845.2,b4097,phnK,GCF_003697165.2,EAS44_RS22785,phnK,comparable,0,45,0,45,0,0,0,0,0,0,different_variants_in_same_gene
GCF_000005845.2,b4098,phnJ,GCF_003697165.2,EAS44_RS22780,phnJ,comparable,15,43,0,43,0,0,0,0,0,15,unresolved_liftover
GCF_000005845.2,b4100,phnH,GCF_003697165.2,EAS44_RS22770,phnH,comparable,10,38,0,38,0,0,0,0,0,10,unresolved_liftover
GCF_000005845.2,b4101,phnG,GCF_003697165.2,EAS44_RS22765,phnG,comparable,1,22,0,22,0,0,0,0,0,1,unresolved_liftover
GCF_000005845.2,b4102,phnF,GCF_003697165.2,EAS44_RS22760,phnF,comparable,1,22,0,22,0,0,0,0,0,1,unresolved_liftover
GCF_000005845.2,b4105,phnD,GCF_003697165.2,EAS44_RS22750,phnD,comparable,29,38,0,38,0,0,0,0,0,29,unresolved_liftover
GCF_000005845.2,b4106,phnC,GCF_003697165.2,EAS44_RS22745,phnC,comparable,24,35,0,35,0,0,0,0,0,24,unresolved_liftover
GCF_000005845.2,b4107,yjdN,GCF_003697165.2,EAS44_RS22740,yjdN,comparable,3,8,0,8,0,0,0,0,0,3,unresolved_liftover
GCF_000005845.2,b4108,yjdM,GCF_003697165.2,EAS44_RS22735,yjdM,comparable,1,2,0,2,0,0,0,0,0,1,unresolved_liftover
GCF_000005845.2,b4111,proP,GCF_003697165.2,EAS44_RS22720,proP,comparable,12,29,0,29,0,0,0,0,0,12,unresolved_liftover
GCF_000005845.2,b4703,pmrR,GCF_003697165.2,EAS44_RS22715,pmrR,comparable,0,0,0,0,0,0,0,0,0,0,same_exact_variants
GCF_000005845.2,b4112,basS,GCF_003697165.2,EAS44_RS22710,pmrB,comparable,1,21,0,21,0,0,0,0,0,1,unresolved_liftover
GCF_000005845.2,b4113,basR,GCF_003697165.2,EAS44_RS22705,basR,comparable,8,41,0,41,0,0,0,0,0,8,unresolved_liftover
GCF_000005845.2,b4116,adiY,GCF_003697165.2,EAS44_RS22690,adiY,comparable,0,12,0,12,0,0,0,0,0,0,different_variants_in_same_gene
GCF_000005845.2,b4117,adiA,GCF_003697165.2,EAS44_RS22685,adiA,comparable,1,33,0,33,0,0,0,0,0,1,unresolved_liftover
GCF_000005845.2,b4118,melR,GCF_003697165.2,EAS44_RS22680,melR,comparable,0,10,0,10,0,0,0,0,0,0,different_variants_in_same_gene
GCF_000005845.2,b4119,melA,GCF_003697165.2,EAS44_RS22675,melA,comparable,14,33,0,33,0,0,0,0,0,14,unresolved_liftover
GCF_000005845.2,b4121,yjdF,GCF_003697165.2,EAS44_RS22670,yjdF,comparable,10,8,0,8,0,0,0,0,0,10,unresolved_liftover
GCF_000005845.2,b4122,fumB,GCF_003697165.2,EAS44_RS22665,fumB,comparable,23,38,0,38,0,0,0,0,0,23,unresolved_liftover
GCF_000005845.2,b4123,dcuB,GCF_003697165.2,EAS44_RS22660,dcuB,comparable,6,14,0,14,0,0,0,0,0,6,unresolved_liftover
GCF_000005845.2,b4124,dcuR,GCF_003697165.2,EAS44_RS22655,dcuR,comparable,3,17,0,17,0,0,0,0,0,3,unresolved_liftover
GCF_000005845.2,b4125,dcuS,GCF_003697165.2,EAS44_RS22650,dcuS,comparable,2,30,0,30,0,0,0,0,0,2,unresolved_liftover
GCF_000005845.2,b4126,yjdI,GCF_003697165.2,EAS44_RS22645,yjdI,comparable,1,6,0,6,0,0,0,0,0,1,unresolved_liftover
GCF_000005845.2,b4127,yjdJ,GCF_003697165.2,EAS44_RS22640,yjdJ,comparable,0,4,0,4,0,0,0,0,0,0,different_variants_in_same_gene
GCF_000005845.2,b4128,ghoS,GCF_003697165.2,EAS44_RS22635,ghoS,comparable,0,2,0,2,0,0,0,0,0,0,different_variants_in_same_gene
GCF_000005845.2,b4129,lysU,GCF_003697165.2,EAS44_RS22625,lysS,comparable,2,20,0,20,0,0,0,0,0,2,unresolved_liftover
GCF_000005845.2,b4130,dtpC,GCF_003697165.2,EAS44_RS22620,dtpC,comparable,12,25,0,25,0,0,0,0,0,12,unresolved_liftover
GCF_000005845.2,b4131,cadA,GCF_003697165.2,EAS44_RS22615,cadA,comparable,10,18,0,18,0,0,0,0,0,10,unresolved_liftover
GCF_000005845.2,b4132,cadB,GCF_003697165.2,EAS44_RS22610,cadB,comparable,7,12,0,12,0,0,0,0,0,7,unresolved_liftover
GCF_000005845.2,b4133,cadC,GCF_003697165.2,EAS44_RS22600,cadC,comparable,9,27,0,27,0,0,0,0,0,9,unresolved_liftover
GCF_000005845.2,b4135,dicD,GCF_003697165.2,EAS44_RS22205,dicD,comparable,0,7,0,7,0,0,0,0,0,0,different_variants_in_same_gene
GCF_000005845.2,b4136,dsbD,GCF_003697165.2,EAS44_RS22200,dsbD,comparable,16,32,0,32,0,0,0,0,0,16,unresolved_liftover
GCF_000005845.2,b4137,cutA,GCF_003697165.2,EAS44_RS22195,cutA,comparable,2,3,0,3,0,0,0,0,0,2,unresolved_liftover
GCF_000005845.2,b4138,dcuA,GCF_003697165.2,EAS44_RS22190,dcuA,comparable,4,7,0,7,0,0,0,0,0,4,unresolved_liftover
GCF_000005845.2,b4139,aspA,GCF_003697165.2,EAS44_RS22185,aspA,comparable,6,10,0,10,0,0,0,0,0,6,unresolved_liftover
GCF_000005845.2,b4140,fxsA,GCF_003697165.2,EAS44_RS22180,fxsA,comparable,7,10,0,10,0,0,0,0,0,7,unresolved_liftover
GCF_000005845.2,b4141,yjeH,GCF_003697165.2,EAS44_RS22175,yjeH,comparable,27,25,0,25,0,0,0,0,0,27,unresolved_liftover
GCF_000005845.2,b4142,groS,GCF_003697165.2,EAS44_RS22170,groS,comparable,1,1,0,1,0,0,0,0,0,1,unresolved_liftover
GCF_000005845.2,b4143,groL,GCF_003697165.2,EAS44_RS22165,groL,comparable,12,26,0,26,0,0,0,0,0,12,unresolved_liftover
GCF_000005845.2,b4144,yjeI,GCF_003697165.2,EAS44_RS22160,yjeI,comparable,3,4,0,4,0,0,0,0,0,3,unresolved_liftover
GCF_000005845.2,b4145,yjeJ,GCF_003697165.2,EAS44_RS22155,yjeJ,comparable,5,15,0,15,0,0,0,0,0,5,unresolved_liftover
GCF_000005845.2,b4146,epmB,GCF_003697165.2,EAS44_RS22150,epmB,comparable,31,24,0,24,0,0,0,0,0,31,unresolved_liftover
GCF_000005845.2,b4147,efp,GCF_003697165.2,EAS44_RS22145,efp,comparable,5,3,0,3,0,0,0,0,0,5,unresolved_liftover
GCF_000005845.2,b4410,ecnA,GCF_003697165.2,EAS44_RS22140,ecnA,comparable,1,3,0,3,0,0,0,0,0,1,unresolved_liftover
GCF_000005845.2,b4411,ecnB,GCF_003697165.2,EAS44_RS22135,ecnB,comparable,0,0,0,0,0,0,0,0,0,0,same_exact_variants
GCF_000005845.2,b4148,gdx,GCF_003697165.2,EAS44_RS22130,sugE,comparable,3,6,0,6,0,0,0,0,0,3,unresolved_liftover
GCF_000005845.2,b4150,ampC,GCF_003697165.2,EAS44_RS22120,ampC,comparable,30,38,0,38,0,0,0,0,0,30,unresolved_liftover
GCF_000005845.2,b4151,frdD,GCF_003697165.2,EAS44_RS22115,frdD,comparable,6,7,0,7,0,0,0,0,0,6,unresolved_liftover
GCF_000005845.2,b4152,frdC,GCF_003697165.2,EAS44_RS22110,frdC,comparable,2,6,0,6,0,0,0,0,0,2,unresolved_liftover
GCF_000005845.2,b4153,frdB,GCF_003697165.2,EAS44_RS22105,frdB,comparable,2,3,0,3,0,0,0,0,0,2,unresolved_liftover
GCF_000005845.2,b4154,frdA,GCF_003697165.2,EAS44_RS22100,frdA,comparable,14,17,0,17,0,0,0,0,0,14,unresolved_liftover
GCF_000005845.2,b4155,epmA,GCF_003697165.2,EAS44_RS22095,epmA,comparable,0,12,0,12,0,0,0,0,0,0,different_variants_in_same_gene
GCF_000005845.2,b4156,yjeM,GCF_003697165.2,EAS44_RS22090,yjeM,comparable,14,23,0,23,0,0,0,0,0,14,unresolved_liftover
GCF_000005845.2,b4159,mscM,GCF_003697165.2,EAS44_RS22075,mscM,comparable,5,110,0,110,0,0,0,0,0,5,unresolved_liftover
GCF_000005845.2,b4160,psd,GCF_003697165.2,EAS44_RS22070,asd,comparable,11,17,0,17,0,0,0,0,0,11,unresolved_liftover
GCF_000005845.2,b4161,rsgA,GCF_003697165.2,EAS44_RS22065,rsgA,comparable,12,18,0,18,0,0,0,0,0,12,unresolved_liftover
GCF_000005845.2,b4162,orn,GCF_003697165.2,EAS44_RS22060,orn,comparable,1,12,0,12,0,0,0,0,0,1,unresolved_liftover
GCF_000005845.2,b4670,yjeV,GCF_003697165.2,EAS44_RS22040,EAS44_RS22040,comparable,0,1,0,1,0,0,0,0,0,0,different_variants_in_same_gene
GCF_000005845.2,b4166,queG,GCF_003697165.2,EAS44_RS22035,queG,comparable,3,32,0,32,0,0,0,0,0,3,unresolved_liftover
GCF_000005845.2,b4167,nnr,GCF_003697165.2,EAS44_RS22030,nnr,comparable,30,35,0,35,0,0,0,0,0,30,unresolved_liftover
GCF_000005845.2,b4168,tsaE,GCF_003697165.2,EAS44_RS22025,tsaE,comparable,6,6,0,6,0,0,0,0,0,6,unresolved_liftover
GCF_000005845.2,b4169,amiB,GCF_003697165.2,EAS44_RS22020,amiB,comparable,14,37,0,37,0,0,0,0,0,14,unresolved_liftover
GCF_000005845.2,b4170,mutL,GCF_003697165.2,EAS44_RS22015,mutL,comparable,7,56,0,56,0,0,0,0,0,7,unresolved_liftover
GCF_000005845.2,b4171,miaA,GCF_003697165.2,EAS44_RS22010,miaA,comparable,0,5,0,5,0,0,0,0,0,0,different_variants_in_same_gene
GCF_000005845.2,b4172,hfq,GCF_003697165.2,EAS44_RS22005,hfq,comparable,0,2,0,2,0,0,0,0,0,0,different_variants_in_same_gene
GCF_000005845.2,b4173,hflX,GCF_003697165.2,EAS44_RS22000,hflX,comparable,1,29,0,29,0,0,0,0,0,1,unresolved_liftover
GCF_000005845.2,b4174,hflK,GCF_003697165.2,EAS44_RS21995,hflK,comparable,2,11,0,11,0,0,0,0,0,2,unresolved_liftover
GCF_000005845.2,b4175,hflC,GCF_003697165.2,EAS44_RS21990,hflC,comparable,5,11,0,11,0,0,0,0,0,5,unresolved_liftover
GCF_000005845.2,b4176,yjeT,GCF_003697165.2,EAS44_RS21985,yjeT,comparable,1,2,0,2,0,0,0,0,0,1,unresolved_liftover
GCF_000005845.2,b4177,purA,GCF_003697165.2,EAS44_RS21980,purA,comparable,3,15,0,15,0,0,0,0,0,3,unresolved_liftover
GCF_000005845.2,b4178,nsrR,GCF_003697165.2,EAS44_RS21975,nsrR,comparable,3,3,0,3,0,0,0,0,0,3,unresolved_liftover
GCF_000005845.2,b4179,rnr,GCF_003697165.2,EAS44_RS21970,rnr,comparable,5,58,0,58,0,0,0,0,0,5,unresolved_liftover
GCF_000005845.2,b4180,rlmB,GCF_003697165.2,EAS44_RS21965,rlmB,comparable,0,24,0,24,0,0,0,0,0,0,different_variants_in_same_gene
GCF_000005845.2,b4181,yjfI,GCF_003697165.2,EAS44_RS21960,yjfI,comparable,0,9,0,9,0,0,0,0,0,0,different_variants_in_same_gene
GCF_000005845.2,b4182,yjfJ,GCF_003697165.2,EAS44_RS21955,yjfJ,comparable,0,11,0,11,0,0,0,0,0,0,different_variants_in_same_gene
GCF_000005845.2,b4183,yjfK,GCF_003697165.2,EAS44_RS21950,yjfK,comparable,1,32,0,32,0,0,0,0,0,1,unresolved_liftover
GCF_000005845.2,b4184,yjfL,GCF_003697165.2,EAS44_RS21945,yjfL,comparable,0,16,0,16,0,0,0,0,0,0,different_variants_in_same_gene
GCF_000005845.2,b4185,yjfM,GCF_003697165.2,EAS44_RS21940,yjfM,comparable,4,40,0,40,0,0,0,0,0,4,unresolved_liftover
GCF_000005845.2,b4186,yjfC,GCF_003697165.2,EAS44_RS21935,yjfC,comparable,15,45,0,45,0,0,0,0,0,15,unresolved_liftover
GCF_000005845.2,b4187,aidB,GCF_003697165.2,EAS44_RS21930,aidB,comparable,2,36,0,36,0,0,0,0,0,2,unresolved_liftover
GCF_000005845.2,b4188,yjfN,GCF_003697165.2,EAS44_RS21925,yjfN,comparable,0,1,0,1,0,0,0,0,0,0,different_variants_in_same_gene
GCF_000005845.2,b4189,bsmA,GCF_003697165.2,EAS44_RS21920,bsmA,comparable,0,1,0,1,0,0,0,0,0,0,different_variants_in_same_gene
GCF_000005845.2,b4190,yjfP,GCF_003697165.2,EAS44_RS21915,yjfP,comparable,11,21,0,21,0,0,0,0,0,11,unresolved_liftover
GCF_000005845.2,b4191,ulaR,GCF_003697165.2,EAS44_RS21910,ulaR,comparable,6,8,0,8,0,0,0,0,0,6,unresolved_liftover
GCF_000005845.2,b4192,ulaG,GCF_003697165.2,EAS44_RS21905,ulaG,comparable,25,60,0,60,0,0,0,0,0,25,unresolved_liftover
GCF_000005845.2,b4193,ulaA,GCF_003697165.2,EAS44_RS21900,ulaA,comparable,43,51,0,51,0,0,0,0,0,43,unresolved_liftover
GCF_000005845.2,b4194,ulaB,GCF_003697165.2,EAS44_RS21895,ulaB,comparable,4,13,0,13,0,0,0,0,0,4,unresolved_liftover
GCF_000005845.2,b4195,ulaC,GCF_003697165.2,EAS44_RS21890,ulaC,comparable,25,22,0,22,0,0,0,0,0,25,unresolved_liftover
GCF_000005845.2,b4196,ulaD,GCF_003697165.2,EAS44_RS21885,ulaD,comparable,29,30,0,30,0,0,0,0,0,29,unresolved_liftover
GCF_000005845.2,b4197,ulaE,GCF_003697165.2,EAS44_RS21880,ulaE,comparable,18,28,0,28,0,0,0,0,0,18,unresolved_liftover
GCF_000005845.2,b4198,ulaF,GCF_003697165.2,EAS44_RS21875,ulaF,comparable,20,38,0,38,0,0,0,0,0,20,unresolved_liftover
GCF_000005845.2,b4199,yjfY,GCF_003697165.2,EAS44_RS21870,yjfY,comparable,5,8,0,8,0,0,0,0,0,5,unresolved_liftover
GCF_000005845.2,b4200,rpsF,GCF_003697165.2,EAS44_RS21865,rpsF,comparable,6,5,0,5,0,0,0,0,0,6,unresolved_liftover
GCF_000005845.2,b4201,priB,GCF_003697165.2,EAS44_RS21860,priB,comparable,3,2,0,2,0,0,0,0,0,3,unresolved_liftover
GCF_000005845.2,b4202,rpsR,GCF_003697165.2,EAS44_RS21855,rpsR,comparable,0,0,0,0,0,0,0,0,0,0,same_exact_variants
GCF_000005845.2,b4203,rplI,GCF_003697165.2,EAS44_RS21850,rplI,comparable,1,1,0,1,0,0,0,0,0,1,unresolved_liftover
GCF_000005845.2,b4206,ytfB,GCF_003697165.2,EAS44_RS21795,ytfB,comparable,6,0,0,0,0,0,6,0,0,0,reference_allele_difference
GCF_000005845.2,b4207,fklB,GCF_003697165.2,EAS44_RS21785,fklB,comparable,16,0,0,0,0,0,16,0,0,0,reference_allele_difference
GCF_000005845.2,b4208,cycA,GCF_003697165.2,EAS44_RS21780,cycA,comparable,25,0,0,0,0,0,25,0,0,0,reference_allele_difference
GCF_000005845.2,b4209,ytfE,GCF_003697165.2,EAS44_RS21775,ytfE,comparable,11,0,0,0,0,0,11,0,0,0,reference_allele_difference
GCF_000005845.2,b4210,ytfF,GCF_003697165.2,EAS44_RS21770,ytfF,comparable,28,0,0,0,0,0,28,0,0,0,reference_allele_difference
GCF_000005845.2,b4211,qorB,GCF_003697165.2,EAS44_RS21765,qorB,comparable,30,0,0,0,0,0,30,0,0,0,reference_allele_difference
GCF_000005845.2,b4212,ytfH,GCF_003697165.2,EAS44_RS21760,ytfH,comparable,1,0,0,0,0,0,1,0,0,0,reference_allele_difference
GCF_000005845.2,b4213,cpdB,GCF_003697165.2,EAS44_RS21755,cpdB,comparable,48,1,0,1,0,0,48,0,0,0,reference_allele_difference
GCF_000005845.2,b4214,cysQ,GCF_003697165.2,EAS44_RS21750,cysQ,comparable,12,0,0,0,0,0,12,0,0,0,reference_allele_difference
GCF_000005845.2,b4216,ytfJ,GCF_003697165.2,EAS44_RS21745,ytfJ,comparable,4,0,0,0,0,0,4,0,0,0,reference_allele_difference
GCF_000005845.2,b4217,ytfK,GCF_003697165.2,EAS44_RS21740,ytfK,comparable,1,0,0,0,0,0,1,0,0,0,reference_allele_difference
GCF_000005845.2,b4218,paeA,GCF_003697165.2,EAS44_RS21735,paeA,comparable,6,0,0,0,0,0,6,0,0,0,reference_allele_difference
GCF_000005845.2,b4219,msrA,GCF_003697165.2,EAS44_RS21730,msrA,comparable,3,0,0,0,0,0,3,0,0,0,reference_allele_difference
GCF_000005845.2,b4220,tamA,GCF_003697165.2,EAS44_RS21725,tamA,comparable,18,1,1,0,1,0,17,0,0,0,partially_shared_variants
GCF_000005845.2,b4221,tamB,GCF_003697165.2,EAS44_RS21720,tamB,comparable,52,5,1,4,1,0,51,0,0,0,partially_shared_variants
GCF_000005845.2,b4222,ytfP,GCF_003697165.2,EAS44_RS21715,ytfP,comparable,1,1,0,1,0,0,1,0,0,0,reference_allele_difference
GCF_000005845.2,b4226,ppa,GCF_003697165.2,EAS44_RS21710,ppa,comparable,10,0,0,0,0,0,10,0,0,0,reference_allele_difference
GCF_000005845.2,b4227,ytfQ,GCF_003697165.2,EAS44_RS21705,ytfQ,comparable,31,1,1,0,1,0,30,0,0,0,partially_shared_variants
GCF_000005845.2,b4485,ytfR,GCF_003697165.2,EAS44_RS21700,ytfR,comparable,17,2,1,1,1,0,16,0,0,0,partially_shared_variants
GCF_000005845.2,b4230,ytfT,GCF_003697165.2,EAS44_RS21695,ytfT,comparable,45,1,0,1,0,0,45,0,0,0,reference_allele_difference
GCF_000005845.2,b4231,yjfF,GCF_003697165.2,EAS44_RS21690,yjfF,comparable,21,1,0,1,0,0,21,0,0,0,reference_allele_difference
GCF_000005845.2,b4232,fbp,GCF_003697165.2,EAS44_RS21685,fbp,comparable,5,5,2,3,2,0,3,0,0,0,partially_shared_variants
GCF_000005845.2,b4233,mpl,GCF_003697165.2,EAS44_RS21680,mpl,comparable,16,17,4,13,4,0,12,0,0,0,partially_shared_variants
GCF_000005845.2,b4234,yjgA,GCF_003697165.2,EAS44_RS21675,yjgA,comparable,7,2,1,1,1,0,6,0,0,0,partially_shared_variants
GCF_000005845.2,b4235,tldE,GCF_003697165.2,EAS44_RS21670,pmbA,comparable,23,23,11,12,11,0,11,1,0,0,partially_shared_variants
GCF_000005845.2,b4237,nrdG,GCF_003697165.2,EAS44_RS21660,nrdG,comparable,6,7,3,4,3,0,3,0,0,0,partially_shared_variants
GCF_000005845.2,b4238,nrdD,GCF_003697165.2,EAS44_RS21655,nrdD,comparable,22,30,9,21,9,0,13,0,0,0,partially_shared_variants
GCF_000005845.2,b4239,treC,GCF_003697165.2,EAS44_RS21650,treC,comparable,18,17,9,8,9,0,9,0,0,0,partially_shared_variants
GCF_000005845.2,b4240,treB,GCF_003697165.2,EAS44_RS21645,treB,comparable,24,22,16,6,16,0,8,0,0,0,partially_shared_variants
GCF_000005845.2,b4241,treR,GCF_003697165.2,EAS44_RS21640,treR,comparable,19,14,9,5,9,0,10,0,0,0,partially_shared_variants
GCF_000005845.2,b4702,mgtL,GCF_003697165.2,EAS44_RS21635,mgtL,comparable,0,0,0,0,0,0,0,0,0,0,same_exact_variants
GCF_000005845.2,b4242,mgtA,GCF_003697165.2,EAS44_RS21630,mgtA,comparable,39,30,21,9,21,0,18,0,0,0,partially_shared_variants
GCF_000005845.2,b4243,ridA,GCF_003697165.2,EAS44_RS21625,ridA,comparable,10,7,4,3,4,0,6,0,0,0,partially_shared_variants
GCF_000005845.2,b4244,pyrI,GCF_003697165.2,EAS44_RS21620,pyrI,comparable,6,5,2,3,2,0,4,0,0,0,partially_shared_variants
GCF_000005845.2,b4245,pyrB,GCF_003697165.2,EAS44_RS21615,pyrB,comparable,8,8,5,3,5,0,3,0,0,0,partially_shared_variants
GCF_000005845.2,b4246,pyrL,GCF_003697165.2,EAS44_RS21610,pyrL,comparable,0,0,0,0,0,0,0,0,0,0,same_exact_variants
GCF_000005845.2,b4248,yjgH,GCF_003697165.2,EAS44_RS21605,yjgH,comparable,5,6,4,2,4,0,1,0,0,0,partially_shared_variants
GCF_000005845.2,b4249,bdcA,GCF_003697165.2,EAS44_RS21600,bdcA,comparable,11,7,2,5,2,0,9,0,0,0,partially_shared_variants
GCF_000005845.2,b4251,bdcR,GCF_003697165.2,EAS44_RS21595,bdcR,comparable,15,3,3,0,3,0,12,0,0,0,partially_shared_variants
GCF_000005845.2,b4254,argI,GCF_003697165.2,EAS44_RS21580,argF,comparable,35,28,16,12,16,0,19,0,0,0,partially_shared_variants
GCF_000005845.2,b4255,rraB,GCF_003697165.2,EAS44_RS21575,rraB,comparable,4,4,1,3,1,0,3,0,0,0,partially_shared_variants
GCF_000005845.2,b4256,yjgM,GCF_003697165.2,EAS44_RS21570,yjgM,comparable,24,26,13,13,13,0,11,0,0,0,partially_shared_variants
GCF_000005845.2,b4257,yjgN,GCF_003697165.2,EAS44_RS21565,yjgN,comparable,24,9,5,4,5,0,19,0,0,0,partially_shared_variants
GCF_000005845.2,b4258,valS,GCF_003697165.2,EAS44_RS21560,valS,comparable,59,43,19,24,19,0,40,0,0,0,partially_shared_variants
GCF_000005845.2,b4259,holC,GCF_003697165.2,EAS44_RS21555,holC,comparable,7,3,3,0,3,0,4,0,0,0,partially_shared_variants
GCF_000005845.2,b4260,pepA,GCF_003697165.2,EAS44_RS21550,pepA,comparable,11,27,9,18,9,0,2,0,0,0,partially_shared_variants
GCF_000005845.2,b4800,ytgA,GCF_003697165.2,EAS44_RS25430,ytgA,comparable,0,0,0,0,0,0,0,0,0,0,same_exact_variants
GCF_000005845.2,b4261,lptF,GCF_003697165.2,EAS44_RS21545,lptF,comparable,4,6,1,5,1,0,3,0,0,0,partially_shared_variants
GCF_000005845.2,b4262,lptG,GCF_003697165.2,EAS44_RS21540,lptG,comparable,0,12,0,12,0,0,0,0,0,0,different_variants_in_same_gene
GCF_000005845.2,b4263,yjgR,GCF_003697165.2,EAS44_RS21535,yjgR,comparable,0,60,0,60,0,0,0,0,0,0,different_variants_in_same_gene
GCF_000005845.2,b4287,fecE,GCF_003697165.2,EAS44_RS21485,fecE,comparable,0,1,0,1,0,0,0,0,0,0,different_variants_in_same_gene
GCF_000005845.2,b4304,sgcC,GCF_003697165.2,EAS44_RS21190,sgcC,comparable,0,0,0,0,0,0,0,0,0,0,same_exact_variants
GCF_000005845.2,b4306,yjhP,GCF_003697165.2,EAS44_RS21170,yjhP,comparable,0,0,0,0,0,0,0,0,0,0,same_exact_variants
GCF_000005845.2,b4566,topAI,GCF_003697165.2,EAS44_RS21160,topAI,comparable,0,0,0,0,0,0,0,0,0,0,same_exact_variants
GCF_000005845.2,b4310,nanM,GCF_003697165.2,EAS44_RS21140,nanM,comparable,0,13,0,13,0,0,0,0,0,0,different_variants_in_same_gene
GCF_000005845.2,b4311,nanC,GCF_003697165.2,EAS44_RS21135,nanC,comparable,0,3,0,3,0,0,0,0,0,0,different_variants_in_same_gene
GCF_000005845.2,b4320,fimH,GCF_003697165.2,EAS44_RS21090,fimH,comparable,1,15,0,15,0,0,0,0,0,1,unresolved_liftover
GCF_000005845.2,b4321,gntP,GCF_003697165.2,EAS44_RS21085,gntP,comparable,0,29,0,29,0,0,0,0,0,0,different_variants_in_same_gene
GCF_000005845.2,b4322,uxuA,GCF_003697165.2,EAS44_RS21080,uxuA,comparable,0,27,0,27,0,0,0,0,0,0,different_variants_in_same_gene
GCF_000005845.2,b4323,uxuB,GCF_003697165.2,EAS44_RS21075,uxuB,comparable,1,30,0,30,0,0,0,0,0,1,unresolved_liftover
GCF_000005845.2,b4324,uxuR,GCF_003697165.2,EAS44_RS21070,uxuR,comparable,0,18,0,18,0,0,0,0,0,0,different_variants_in_same_gene
GCF_000005845.2,b4721,ytiD,GCF_003697165.2,EAS44_RS25805,ytiD,comparable,0,3,0,3,0,0,0,0,0,0,different_variants_in_same_gene
GCF_000005845.2,b4722,idlP,GCF_003697165.2,EAS44_RS21060,idlP,comparable,1,1,0,1,0,0,0,0,0,1,unresolved_liftover
GCF_000005845.2,b4326,iraD,GCF_003697165.2,EAS44_RS21055,iraD,comparable,0,12,0,12,0,0,0,0,0,0,different_variants_in_same_gene
GCF_000005845.2,b4327,hypT,GCF_003697165.2,EAS44_RS21050,hypT,comparable,0,18,0,18,0,0,0,0,0,0,different_variants_in_same_gene
GCF_000005845.2,b4328,iadA,GCF_003697165.2,EAS44_RS21045,iadA,comparable,0,35,0,35,0,0,0,0,0,0,different_variants_in_same_gene
GCF_000005845.2,b4329,yjiG,GCF_003697165.2,EAS44_RS21040,yjiG,comparable,0,6,0,6,0,0,0,0,0,0,different_variants_in_same_gene
GCF_000005845.2,b4330,yjiH,GCF_003697165.2,EAS44_RS21035,yjiH,comparable,1,11,0,11,0,0,0,0,0,1,unresolved_liftover
GCF_000005845.2,b4331,kptA,GCF_003697165.2,EAS44_RS21030,kptA,comparable,0,3,0,3,0,0,0,0,0,0,different_variants_in_same_gene
GCF_000005845.2,b4334,yjiL,GCF_003697165.2,EAS44_RS20995,yjiL,comparable,1,22,0,22,0,0,0,0,0,1,unresolved_liftover
GCF_000005845.2,b4335,yjiM,GCF_003697165.2,EAS44_RS20990,yjiM,comparable,0,14,0,14,0,0,0,0,0,0,different_variants_in_same_gene
GCF_000005845.2,b4336,yjiN,GCF_003697165.2,EAS44_RS20985,yjiN,comparable,0,44,0,44,0,0,0,0,0,0,different_variants_in_same_gene
GCF_000005845.2,b4337,mdtM,GCF_003697165.2,EAS44_RS20980,mdtM,comparable,0,36,0,36,0,0,0,0,0,0,different_variants_in_same_gene
GCF_000005845.2,b4353,yjiX,GCF_003697165.2,EAS44_RS20910,yjiX,comparable,0,0,0,0,0,0,0,0,0,0,same_exact_variants
GCF_000005845.2,b4354,btsT,GCF_003697165.2,EAS44_RS20905,btsT,comparable,22,18,18,0,18,0,4,0,0,0,partially_shared_variants
GCF_000005845.2,b4355,tsr,GCF_003697165.2,EAS44_RS20900,tsr,comparable,6,6,6,0,6,0,0,0,0,0,same_exact_variants
GCF_000005845.2,b4357,lgoR,GCF_003697165.2,EAS44_RS20890,lgoR,comparable,1,1,1,0,1,0,0,0,0,0,same_exact_variants
GCF_000005845.2,b4359,opgB,GCF_003697165.2,EAS44_RS20880,opgB,comparable,0,0,0,0,0,0,0,0,0,0,same_exact_variants
GCF_000005845.2,b4360,yjjA,GCF_003697165.2,EAS44_RS20875,yjjA,comparable,0,0,0,0,0,0,0,0,0,0,same_exact_variants
GCF_000005845.2,b4362,dnaT,GCF_003697165.2,EAS44_RS20865,dnaT,comparable,0,0,0,0,0,0,0,0,0,0,same_exact_variants
GCF_000005845.2,b4363,yjjB,GCF_003697165.2,EAS44_RS20860,yjjB,comparable,0,0,0,0,0,0,0,0,0,0,same_exact_variants
GCF_000005845.2,b4364,yjjP,GCF_003697165.2,EAS44_RS20855,yjjP,comparable,0,0,0,0,0,0,0,0,0,0,same_exact_variants
GCF_000005845.2,b4365,yjjQ,GCF_003697165.2,EAS44_RS20850,yjjQ,comparable,0,0,0,0,0,0,0,0,0,0,same_exact_variants
GCF_000005845.2,b4366,bglJ,GCF_003697165.2,EAS44_RS20845,bglJ,comparable,0,0,0,0,0,0,0,0,0,0,same_exact_variants
GCF_000005845.2,b4367,fhuF,GCF_003697165.2,EAS44_RS20840,fhuF,comparable,0,0,0,0,0,0,0,0,0,0,same_exact_variants
GCF_000005845.2,b4567,yjjZ,GCF_003697165.2,EAS44_RS20835,yjjZ,comparable,0,0,0,0,0,0,0,0,0,0,same_exact_variants
GCF_000005845.2,b4371,rsmC,GCF_003697165.2,EAS44_RS20815,rsmC,comparable,0,0,0,0,0,0,0,0,0,0,same_exact_variants
GCF_000005845.2,b4372,holD,GCF_003697165.2,EAS44_RS20810,holD,comparable,0,0,0,0,0,0,0,0,0,0,same_exact_variants
GCF_000005845.2,b4373,rimI,GCF_003697165.2,EAS44_RS20805,rimI,comparable,0,0,0,0,0,0,0,0,0,0,same_exact_variants
GCF_000005845.2,b4374,yjjG,GCF_003697165.2,EAS44_RS20800,yjjG,comparable,0,0,0,0,0,0,0,0,0,0,same_exact_variants
GCF_000005845.2,b4375,prfC,GCF_003697165.2,EAS44_RS20795,prfC,comparable,0,0,0,0,0,0,0,0,0,0,same_exact_variants
GCF_000005845.2,b4376,osmY,GCF_003697165.2,EAS44_RS20790,osmY,comparable,0,0,0,0,0,0,0,0,0,0,same_exact_variants
GCF_000005845.2,b4568,ytjA,GCF_003697165.2,EAS44_RS20785,ytjA,comparable,0,0,0,0,0,0,0,0,0,0,same_exact_variants
GCF_000005845.2,b4377,yjjU,GCF_003697165.2,EAS44_RS20780,yjjU,comparable,0,0,0,0,0,0,0,0,0,0,same_exact_variants
GCF_000005845.2,b4379,yjjW,GCF_003697165.2,EAS44_RS20770,yjjW,comparable,0,0,0,0,0,0,0,0,0,0,same_exact_variants
GCF_000005845.2,b4380,yjjI,GCF_003697165.2,EAS44_RS20765,yjjI,comparable,7,7,7,0,7,0,0,0,0,0,same_exact_variants
GCF_000005845.2,b4381,deoC,GCF_003697165.2,EAS44_RS20760,deoC,comparable,16,16,16,0,16,0,0,0,0,0,same_exact_variants
GCF_000005845.2,b4382,deoA,GCF_003697165.2,EAS44_RS20755,deoA,comparable,17,18,17,1,17,0,0,0,0,0,partially_shared_variants
GCF_000005845.2,b4383,deoB,GCF_003697165.2,EAS44_RS20750,deoB,comparable,22,22,22,0,22,0,0,0,0,0,same_exact_variants
GCF_000005845.2,b4384,deoD,GCF_003697165.2,EAS44_RS20745,deoD,comparable,10,10,10,0,10,0,0,0,0,0,same_exact_variants
GCF_000005845.2,b4386,lplA,GCF_003697165.2,EAS44_RS20735,lplA,comparable,25,26,17,9,17,0,8,0,0,0,partially_shared_variants
GCF_000005845.2,b4387,ytjB,GCF_003697165.2,EAS44_RS20730,ytjB,comparable,13,22,7,15,7,0,6,0,0,0,partially_shared_variants
GCF_000005845.2,b4388,serB,GCF_003697165.2,EAS44_RS20725,serB,comparable,9,21,5,16,5,0,4,0,0,0,partially_shared_variants
GCF_000005845.2,b4389,radA,GCF_003697165.2,EAS44_RS20720,radA,comparable,29,52,15,37,15,0,14,0,0,0,partially_shared_variants
GCF_000005845.2,b4390,nadR,GCF_003697165.2,EAS44_RS20715,nadR,comparable,44,57,20,37,20,0,24,0,0,0,partially_shared_variants
GCF_000005845.2,b4391,ettA,GCF_003697165.2,EAS44_RS20700,ettA,comparable,30,44,20,24,20,0,10,0,0,0,partially_shared_variants
GCF_000005845.2,b4392,slt,GCF_003697165.2,EAS44_RS20695,sltY,comparable,32,42,20,22,20,0,12,0,0,0,partially_shared_variants
GCF_000005845.2,b4393,trpR,GCF_003697165.2,EAS44_RS20690,trpR,comparable,2,4,1,3,1,0,1,0,0,0,partially_shared_variants
GCF_000005845.2,b4394,yjjX,GCF_003697165.2,EAS44_RS20685,yjjX,comparable,5,13,5,8,5,0,0,0,0,0,partially_shared_variants
GCF_000005845.2,b4395,ytjC,GCF_003697165.2,EAS44_RS20680,gpmB,comparable,1,14,1,13,1,0,0,0,0,0,partially_shared_variants
GCF_000005845.2,b4396,rob,GCF_003697165.2,EAS44_RS20675,robA,comparable,10,25,5,20,5,0,5,0,0,0,partially_shared_variants
GCF_000005845.2,b4397,creA,GCF_003697165.2,EAS44_RS20670,creA,comparable,4,9,2,7,2,0,2,0,0,0,partially_shared_variants
GCF_000005845.2,b4398,creB,GCF_003697165.2,EAS44_RS20665,creB,comparable,20,20,8,12,8,0,12,0,0,0,partially_shared_variants
GCF_000005845.2,b4399,creC,GCF_003697165.2,EAS44_RS20660,creC,comparable,39,35,22,13,22,0,17,0,0,0,partially_shared_variants
GCF_000005845.2,b4400,creD,GCF_003697165.2,EAS44_RS20655,creD,comparable,27,29,11,18,11,0,16,0,0,0,partially_shared_variants
GCF_000005845.2,b4401,arcA,GCF_003697165.2,EAS44_RS20650,arcA,comparable,5,6,4,2,4,0,1,0,0,0,partially_shared_variants
GCF_000005845.2,b4402,yjjY,GCF_003697165.2,EAS44_RS20645,yjjY,comparable,0,1,0,1,0,0,0,0,0,0,different_variants_in_same_gene
GCF_000005845.2,b4403,yjtD,GCF_003697165.2,EAS44_RS20640,yjtD,comparable,15,17,6,11,6,0,9,0,0,0,partially_shared_variants
GCF_000005845.2,b0001,thrL,GCF_036503815.1,AABJ99_RS19890,thrL,comparable,0,0,0,0,0,0,0,0,0,0,same_exact_variants
GCF_000005845.2,b0002,thrA,GCF_036503815.1,AABJ99_RS19885,thrA,comparable,38,103,0,103,0,0,0,0,0,38,unresolved_liftover
GCF_000005845.2,b0003,thrB,GCF_036503815.1,AABJ99_RS19880,thrB,comparable,14,31,0,31,0,0,0,0,0,14,unresolved_liftover
GCF_000005845.2,b0004,thrC,GCF_036503815.1,AABJ99_RS19875,thrC,comparable,12,44,0,44,0,0,0,0,0,12,unresolved_liftover
GCF_000005845.2,b0006,yaaA,GCF_036503815.1,AABJ99_RS19865,yaaA,comparable,6,20,0,20,0,0,0,0,0,6,unresolved_liftover
GCF_000005845.2,b0007,yaaJ,GCF_036503815.1,AABJ99_RS19860,yaaJ,comparable,25,34,0,34,0,0,0,0,0,25,unresolved_liftover
GCF_000005845.2,b0008,talB,GCF_036503815.1,AABJ99_RS19855,tal,comparable,4,15,0,15,0,0,0,0,0,4,unresolved_liftover
GCF_000005845.2,b0009,mog,GCF_036503815.1,AABJ99_RS19850,mog,comparable,7,21,0,21,0,0,0,0,0,7,unresolved_liftover
GCF_000005845.2,b0010,satP,GCF_036503815.1,AABJ99_RS19845,satP,comparable,6,12,0,12,0,0,0,0,0,6,unresolved_liftover
GCF_000005845.2,b0013,yaaI,GCF_036503815.1,AABJ99_RS19835,yaaI,comparable,4,14,0,14,0,0,0,0,0,4,unresolved_liftover
GCF_000005845.2,b0014,dnaK,GCF_036503815.1,AABJ99_RS19830,dnaK,comparable,14,25,0,25,0,0,0,0,0,14,unresolved_liftover
GCF_000005845.2,b0019,nhaA,GCF_036503815.1,AABJ99_RS19795,nhaA,comparable,12,41,0,41,0,0,0,0,0,12,unresolved_liftover
GCF_000005845.2,b0020,nhaR,GCF_036503815.1,AABJ99_RS19790,nhaR,comparable,3,38,0,38,0,0,0,0,0,3,unresolved_liftover
GCF_000005845.2,b0023,rpsT,GCF_036503815.1,AABJ99_RS19760,rpsT,comparable,0,0,0,0,0,0,0,0,0,0,same_exact_variants
GCF_000005845.2,b0024,yaaY,GCF_036503815.1,AABJ99_RS19755,yaaY,comparable,0,5,0,5,0,0,0,0,0,0,different_variants_in_same_gene
GCF_000005845.2,b0025,ribF,GCF_036503815.1,AABJ99_RS19750,ribF,comparable,9,14,3,11,3,0,6,0,0,0,partially_shared_variants
GCF_000005845.2,b0026,ileS,GCF_036503815.1,AABJ99_RS19745,ileS,comparable,37,64,15,49,15,0,22,0,0,0,partially_shared_variants
GCF_000005845.2,b0027,lspA,GCF_036503815.1,AABJ99_RS19740,lspA,comparable,3,9,2,7,2,0,1,0,0,0,partially_shared_variants
GCF_000005845.2,b0028,fkpB,GCF_036503815.1,AABJ99_RS19735,fkpB,comparable,0,9,0,9,0,0,0,0,0,0,different_variants_in_same_gene
GCF_000005845.2,b0029,ispH,GCF_036503815.1,AABJ99_RS19730,ispH,comparable,11,52,3,49,3,0,8,0,0,0,partially_shared_variants
GCF_000005845.2,b0030,rihC,GCF_036503815.1,AABJ99_RS19725,rihC,comparable,50,53,24,29,24,0,25,0,1,0,partially_shared_variants
GCF_000005845.2,b0031,dapB,GCF_036503815.1,AABJ99_RS19720,dapB,comparable,18,15,2,13,2,0,16,0,0,0,partially_shared_variants
GCF_000005845.2,b0032,carA,GCF_036503815.1,AABJ99_RS19715,carA,comparable,18,45,11,34,11,0,7,0,0,0,partially_shared_variants
GCF_000005845.2,b0033,carB,GCF_036503815.1,AABJ99_RS19710,carB,comparable,60,142,37,105,37,1,22,0,0,0,partially_shared_variants
GCF_000005845.2,b0034,caiF,GCF_036503815.1,AABJ99_RS19705,caiF,comparable,2,3,0,3,0,0,2,0,0,0,reference_allele_difference
GCF_000005845.2,b0035,caiE,GCF_036503815.1,AABJ99_RS19700,caiE,comparable,10,23,4,19,4,0,6,0,0,0,partially_shared_variants
GCF_000005845.2,b0036,caiD,GCF_036503815.1,AABJ99_RS19695,caiD,comparable,11,30,7,23,7,0,4,0,0,0,partially_shared_variants
GCF_000005845.2,b0037,caiC,GCF_036503815.1,AABJ99_RS19690,caiC,comparable,30,83,16,67,16,0,14,0,0,0,partially_shared_variants
GCF_000005845.2,b0038,caiB,GCF_036503815.1,AABJ99_RS19685,caiB,comparable,8,38,3,35,3,0,5,0,0,0,partially_shared_variants
GCF_000005845.2,b0039,caiA,GCF_036503815.1,AABJ99_RS19680,caiA,comparable,5,36,0,36,0,0,5,0,0,0,reference_allele_difference
GCF_000005845.2,b0040,caiT,GCF_036503815.1,AABJ99_RS19675,caiT,comparable,12,50,6,44,6,0,6,0,0,0,partially_shared_variants
GCF_000005845.2,b0041,fixA,GCF_036503815.1,AABJ99_RS19670,fixA,comparable,6,31,5,26,5,0,1,0,0,0,partially_shared_variants
GCF_000005845.2,b0042,fixB,GCF_036503815.1,AABJ99_RS19665,fixB,comparable,1,29,0,29,0,0,1,0,0,0,reference_allele_difference
GCF_000005845.2,b0045,yaaU,GCF_036503815.1,AABJ99_RS19650,yaaU,comparable,15,48,7,41,7,0,7,0,1,0,partially_shared_variants
GCF_000005845.2,b0046,kefF,GCF_036503815.1,AABJ99_RS19645,kefF,comparable,1,17,0,17,0,0,1,0,0,0,reference_allele_difference
GCF_000005845.2,b0047,kefC,GCF_036503815.1,AABJ99_RS19640,kefC,comparable,1,100,0,100,0,0,1,0,0,0,reference_allele_difference
GCF_000005845.2,b0048,folA,GCF_036503815.1,AABJ99_RS19635,folA,comparable,0,10,0,10,0,0,0,0,0,0,different_variants_in_same_gene
GCF_000005845.2,b0049,apaH,GCF_036503815.1,AABJ99_RS19620,apaH,comparable,10,25,6,19,6,0,4,0,0,0,partially_shared_variants
GCF_000005845.2,b0050,apaG,GCF_036503815.1,AABJ99_RS19615,apaG,comparable,1,1,0,1,0,0,1,0,0,0,reference_allele_difference
GCF_000005845.2,b0051,rsmA,GCF_036503815.1,AABJ99_RS19610,rsmA,comparable,7,18,3,15,3,0,4,0,0,0,partially_shared_variants
GCF_000005845.2,b0052,pdxA,GCF_036503815.1,AABJ99_RS19605,pdxA,comparable,0,25,0,25,0,0,0,0,0,0,different_variants_in_same_gene
GCF_000005845.2,b0053,surA,GCF_036503815.1,AABJ99_RS19600,surA,comparable,3,35,2,33,2,0,1,0,0,0,partially_shared_variants
GCF_000005845.2,b0054,lptD,GCF_036503815.1,AABJ99_RS19595,lptD,comparable,2,51,2,49,2,0,0,0,0,0,partially_shared_variants
GCF_000005845.2,b0055,djlA,GCF_036503815.1,AABJ99_RS19590,djlA,comparable,1,20,1,19,1,0,0,0,0,0,partially_shared_variants
GCF_000005845.2,b0058,rluA,GCF_036503815.1,AABJ99_RS19585,rluA,comparable,1,13,0,13,0,0,1,0,0,0,reference_allele_difference
GCF_000005845.2,b0059,rapA,GCF_036503815.1,AABJ99_RS19580,rapA,comparable,1,103,1,102,1,0,0,0,0,0,partially_shared_variants
GCF_000005845.2,b0060,polB,GCF_036503815.1,AABJ99_RS19575,polB,comparable,33,101,16,85,16,0,17,0,0,0,partially_shared_variants
GCF_000005845.2,b0062,araA,GCF_036503815.1,AABJ99_RS19565,araA,comparable,21,53,11,42,11,0,10,0,0,0,partially_shared_variants
GCF_000005845.2,b0063,araB,GCF_036503815.1,AABJ99_RS19560,araB,comparable,22,53,9,44,9,0,13,0,0,0,partially_shared_variants
GCF_000005845.2,b0064,araC,GCF_036503815.1,AABJ99_RS19555,araC,comparable,9,25,4,21,4,0,5,0,0,0,partially_shared_variants
GCF_000005845.2,b0065,yabI,GCF_036503815.1,AABJ99_RS19550,yabI,comparable,29,34,10,24,10,5,14,0,0,0,partially_shared_variants
GCF_000005845.2,b0066,thiQ,GCF_036503815.1,AABJ99_RS19545,thiQ,comparable,26,23,12,11,12,0,14,0,0,0,partially_shared_variants
GCF_000005845.2,b0067,thiP,GCF_036503815.1,AABJ99_RS19540,thiP,comparable,42,59,20,39,20,0,22,0,0,0,partially_shared_variants
GCF_000005845.2,b0068,thiB,GCF_036503815.1,AABJ99_RS19535,thiB,comparable,0,44,0,44,0,0,0,0,0,0,different_variants_in_same_gene
GCF_000005845.2,b0069,sgrR,GCF_036503815.1,AABJ99_RS19530,sgrR,comparable,41,68,11,57,11,1,29,0,0,0,partially_shared_variants
GCF_000005845.2,b0071,leuD,GCF_036503815.1,AABJ99_RS19520,leuD,comparable,1,18,0,18,0,0,1,0,0,0,reference_allele_difference
GCF_000005845.2,b0072,leuC,GCF_036503815.1,AABJ99_RS19515,leuC,comparable,1,72,1,71,1,0,0,0,0,0,partially_shared_variants
GCF_000005845.2,b0073,leuB,GCF_036503815.1,AABJ99_RS19510,leuB,comparable,0,58,0,58,0,0,0,0,0,0,different_variants_in_same_gene
GCF_000005845.2,b0074,leuA,GCF_036503815.1,AABJ99_RS19505,leuA,comparable,13,57,8,49,8,0,5,0,0,0,partially_shared_variants
GCF_000005845.2,b0075,leuL,GCF_036503815.1,AABJ99_RS19500,leuL,comparable,0,2,0,2,0,0,0,0,0,0,different_variants_in_same_gene
GCF_000005845.2,b0076,leuO,GCF_036503815.1,AABJ99_RS19495,leuO,comparable,1,28,0,28,0,0,1,0,0,0,reference_allele_difference
GCF_000005845.2,b0077,ilvI,GCF_036503815.1,AABJ99_RS19485,ilvI,comparable,5,81,2,79,2,0,3,0,0,0,partially_shared_variants
GCF_000005845.2,b0078,ilvH,GCF_036503815.1,AABJ99_RS19480,ilvN,comparable,1,26,1,25,1,0,0,0,0,0,partially_shared_variants
GCF_000005845.2,b0080,cra,GCF_036503815.1,AABJ99_RS19470,cra,comparable,0,24,0,24,0,0,0,0,0,0,different_variants_in_same_gene
GCF_000005845.2,b0081,mraZ,GCF_036503815.1,AABJ99_RS19465,mraZ,comparable,2,5,1,4,1,0,1,0,0,0,partially_shared_variants
GCF_000005845.2,b0082,rsmH,GCF_036503815.1,AABJ99_RS19460,rsmH,comparable,2,18,1,17,1,0,1,0,0,0,partially_shared_variants
GCF_000005845.2,b0083,ftsL,GCF_036503815.1,AABJ99_RS19455,ftsL,comparable,0,1,0,1,0,0,0,0,0,0,different_variants_in_same_gene
GCF_000005845.2,b0085,murE,GCF_036503815.1,AABJ99_RS19445,murE,comparable,15,58,9,49,9,0,6,0,0,0,partially_shared_variants
GCF_000005845.2,b0086,murF,GCF_036503815.1,AABJ99_RS19440,murF,comparable,1,62,0,62,0,0,1,0,0,0,reference_allele_difference
GCF_000005845.2,b0087,mraY,GCF_036503815.1,AABJ99_RS19435,mraY,comparable,0,47,0,47,0,0,0,0,0,0,different_variants_in_same_gene
GCF_000005845.2,b0088,murD,GCF_036503815.1,AABJ99_RS19430,murD,comparable,0,52,0,52,0,0,0,0,0,0,different_variants_in_same_gene
GCF_000005845.2,b0089,ftsW,GCF_036503815.1,AABJ99_RS19425,ftsW,comparable,0,47,0,47,0,0,0,0,0,0,different_variants_in_same_gene
GCF_000005845.2,b0090,murG,GCF_036503815.1,AABJ99_RS19420,murG,comparable,0,37,0,37,0,0,0,0,0,0,different_variants_in_same_gene
GCF_000005845.2,b0091,murC,GCF_036503815.1,AABJ99_RS19415,murC,comparable,20,36,11,25,11,0,9,0,0,0,partially_shared_variants
GCF_000005845.2,b0092,ddlB,GCF_036503815.1,AABJ99_RS19410,ddlB,comparable,10,27,5,22,5,0,5,0,0,0,partially_shared_variants
GCF_000005845.2,b0093,ftsQ,GCF_036503815.1,AABJ99_RS19405,ftsQ,comparable,6,6,3,3,3,0,3,0,0,0,partially_shared_variants
GCF_000005845.2,b0094,ftsA,GCF_036503815.1,AABJ99_RS19400,ftsA,comparable,3,18,3,15,3,0,0,0,0,0,partially_shared_variants
GCF_000005845.2,b0095,ftsZ,GCF_036503815.1,AABJ99_RS19395,ftsZ,comparable,0,27,0,27,0,0,0,0,0,0,different_variants_in_same_gene
GCF_000005845.2,b0096,lpxC,GCF_036503815.1,AABJ99_RS19390,lpxC,comparable,0,11,0,11,0,0,0,0,0,0,different_variants_in_same_gene
GCF_000005845.2,b0097,secM,GCF_036503815.1,AABJ99_RS19385,secM,comparable,0,8,0,8,0,0,0,0,0,0,different_variants_in_same_gene
GCF_000005845.2,b0098,secA,GCF_036503815.1,AABJ99_RS19380,secA,comparable,0,91,0,91,0,0,0,0,0,0,different_variants_in_same_gene
GCF_000005845.2,b0099,mutT,GCF_036503815.1,AABJ99_RS19375,mutT,comparable,0,15,0,15,0,0,0,0,0,0,different_variants_in_same_gene
GCF_000005845.2,b0101,yacG,GCF_036503815.1,AABJ99_RS19370,yacG,comparable,0,3,0,3,0,0,0,0,0,0,different_variants_in_same_gene
GCF_000005845.2,b0102,zapD,GCF_036503815.1,AABJ99_RS19365,zapD,comparable,0,13,0,13,0,0,0,0,0,0,different_variants_in_same_gene
GCF_000005845.2,b0103,coaE,GCF_036503815.1,AABJ99_RS19360,coaE,comparable,1,9,0,9,0,0,1,0,0,0,reference_allele_difference
GCF_000005845.2,b0104,guaC,GCF_036503815.1,AABJ99_RS19350,guaC,comparable,1,20,1,19,1,0,0,0,0,0,partially_shared_variants
GCF_000005845.2,b0106,hofC,GCF_036503815.1,AABJ99_RS19345,hofC,comparable,1,65,1,64,1,0,0,0,0,0,partially_shared_variants
GCF_000005845.2,b0107,hofB,GCF_036503815.1,AABJ99_RS19340,gspE,comparable,0,48,0,48,0,0,0,0,0,0,different_variants_in_same_gene
GCF_000005845.2,b0108,ppdD,GCF_036503815.1,AABJ99_RS19335,ppdD,comparable,0,1,0,1,0,0,0,0,0,0,different_variants_in_same_gene
GCF_000005845.2,b0109,nadC,GCF_036503815.1,AABJ99_RS19330,nadC,comparable,0,18,0,18,0,0,0,0,0,0,different_variants_in_same_gene
GCF_000005845.2,b0110,ampD,GCF_036503815.1,AABJ99_RS19325,ampD,comparable,0,8,0,8,0,0,0,0,0,0,different_variants_in_same_gene
GCF_000005845.2,b0111,ampE,GCF_036503815.1,AABJ99_RS19320,ampE,comparable,1,26,1,25,1,0,0,0,0,0,partially_shared_variants
GCF_000005845.2,b0112,aroP,GCF_036503815.1,AABJ99_RS19315,aroP,comparable,0,31,0,31,0,0,0,0,0,0,different_variants_in_same_gene
GCF_000005845.2,b0113,pdhR,GCF_036503815.1,AABJ99_RS19310,pdhR,comparable,0,17,0,17,0,0,0,0,0,0,different_variants_in_same_gene
GCF_000005845.2,b0114,aceE,GCF_036503815.1,AABJ99_RS19305,aceE,comparable,0,51,0,51,0,0,0,0,0,0,different_variants_in_same_gene
GCF_000005845.2,b0115,aceF,GCF_036503815.1,AABJ99_RS19300,aceF,comparable,0,50,0,50,0,0,0,0,0,0,different_variants_in_same_gene
GCF_000005845.2,b0116,lpd,GCF_036503815.1,AABJ99_RS19295,lpdA,comparable,0,22,0,22,0,0,0,0,0,0,different_variants_in_same_gene
GCF_000005845.2,b0118,acnB,GCF_036503815.1,AABJ99_RS19285,acnB,comparable,0,100,0,100,0,0,0,0,0,0,different_variants_in_same_gene
GCF_000005845.2,b0119,yacL,GCF_036503815.1,AABJ99_RS19280,yacL,comparable,0,20,0,20,0,0,0,0,0,0,different_variants_in_same_gene
GCF_000005845.2,b0120,speD,GCF_036503815.1,AABJ99_RS19270,speD,comparable,0,26,0,26,0,0,0,0,0,0,different_variants_in_same_gene
GCF_000005845.2,b0121,speE,GCF_036503815.1,AABJ99_RS19265,speE,comparable,0,29,0,29,0,0,0,0,0,0,different_variants_in_same_gene
GCF_000005845.2,b0122,yacC,GCF_036503815.1,AABJ99_RS19260,yacC,comparable,0,9,0,9,0,0,0,0,0,0,different_variants_in_same_gene
GCF_000005845.2,b0124,gcd,GCF_036503815.1,AABJ99_RS19250,gcd,comparable,0,127,0,127,0,0,0,0,0,0,different_variants_in_same_gene
GCF_000005845.2,b0125,hpt,GCF_036503815.1,AABJ99_RS19245,hpt,comparable,0,12,0,12,0,0,0,0,0,0,different_variants_in_same_gene
GCF_000005845.2,b0126,can,GCF_036503815.1,AABJ99_RS19240,can,comparable,0,13,0,13,0,0,0,0,0,0,different_variants_in_same_gene
GCF_000005845.2,b0127,yadG,GCF_036503815.1,AABJ99_RS19235,yadG,comparable,0,36,0,36,0,0,0,0,0,0,different_variants_in_same_gene
GCF_000005845.2,b0128,yadH,GCF_036503815.1,AABJ99_RS19230,yadH,comparable,0,39,0,39,0,0,0,0,0,0,different_variants_in_same_gene
GCF_000005845.2,b0131,panD,GCF_036503815.1,AABJ99_RS19215,panD,comparable,0,15,0,15,0,0,0,0,0,0,different_variants_in_same_gene
GCF_000005845.2,b0132,rpnC,GCF_036503815.1,AABJ99_RS19210,rpnC,comparable,0,38,0,38,0,0,0,0,0,0,different_variants_in_same_gene
GCF_000005845.2,b0133,panC,GCF_036503815.1,AABJ99_RS19205,panC,comparable,0,47,0,47,0,0,0,0,0,0,different_variants_in_same_gene
GCF_000005845.2,b0143,pcnB,GCF_036503815.1,AABJ99_RS19155,pcnB,comparable,0,50,0,50,0,0,0,0,0,0,different_variants_in_same_gene
GCF_000005845.2,b0145,dksA,GCF_036503815.1,AABJ99_RS19145,dksA,comparable,0,6,0,6,0,0,0,0,0,0,different_variants_in_same_gene
GCF_000005845.2,b0146,sfsA,GCF_036503815.1,AABJ99_RS19140,sfsA,comparable,0,16,0,16,0,0,0,0,0,0,different_variants_in_same_gene
GCF_000005845.2,b0147,thpR,GCF_036503815.1,AABJ99_RS19135,thpR,comparable,0,24,0,24,0,0,0,0,0,0,different_variants_in_same_gene
GCF_000005845.2,b0149,mrcB,GCF_036503815.1,AABJ99_RS19125,mrcB,comparable,0,105,0,105,0,0,0,0,0,0,different_variants_in_same_gene
GCF_000005845.2,b0150,fhuA,GCF_036503815.1,AABJ99_RS19100,fhuA,comparable,8,70,3,67,3,0,5,0,0,0,partially_shared_variants
GCF_000005845.2,b0151,fhuC,GCF_036503815.1,AABJ99_RS19095,fhuC,comparable,0,27,0,27,0,0,0,0,0,0,different_variants_in_same_gene
GCF_000005845.2,b0152,fhuD,GCF_036503815.1,AABJ99_RS19090,fhuD,comparable,0,31,0,31,0,0,0,0,0,0,different_variants_in_same_gene
GCF_000005845.2,b0153,fhuB,GCF_036503815.1,AABJ99_RS19085,fhuB,comparable,0,106,0,106,0,0,0,0,0,0,different_variants_in_same_gene
GCF_000005845.2,b0154,hemL,GCF_036503815.1,AABJ99_RS19080,hemL,comparable,0,45,0,45,0,0,0,0,0,0,different_variants_in_same_gene
GCF_000005845.2,b4765,yadX,GCF_036503815.1,AABJ99_RS19075,yadX,comparable,0,0,0,0,0,0,0,0,0,0,same_exact_variants
GCF_000005845.2,b0155,clcA,GCF_036503815.1,AABJ99_RS19070,clcA,comparable,0,55,0,55,0,0,0,0,0,0,different_variants_in_same_gene
GCF_000005845.2,b4728,yadW,GCF_036503815.1,AABJ99_RS19065,yadW,comparable,0,0,0,0,0,0,0,0,0,0,same_exact_variants
GCF_000005845.2,b0156,erpA,GCF_036503815.1,AABJ99_RS19060,erpA,comparable,0,8,0,8,0,0,0,0,0,0,different_variants_in_same_gene
GCF_000005845.2,b0157,yadS,GCF_036503815.1,AABJ99_RS19055,yadS,comparable,2,6,1,5,1,0,1,0,0,0,partially_shared_variants
GCF_000005845.2,b0158,btuF,GCF_036503815.1,AABJ99_RS19050,btuF,comparable,5,24,2,22,2,0,3,0,0,0,partially_shared_variants
GCF_000005845.2,b0159,mtn,GCF_036503815.1,AABJ99_RS19045,mtnN,comparable,4,21,2,19,2,0,2,0,0,0,partially_shared_variants
GCF_000005845.2,b0160,dgt,GCF_036503815.1,AABJ99_RS19040,dgt,comparable,9,37,6,31,6,0,3,0,0,0,partially_shared_variants
GCF_000005845.2,b0161,degP,GCF_036503815.1,AABJ99_RS19035,degP,comparable,9,35,7,28,7,0,2,0,0,0,partially_shared_variants
GCF_000005845.2,b0162,cdaR,GCF_036503815.1,AABJ99_RS19030,cdaR,comparable,5,48,3,45,3,0,2,0,0,0,partially_shared_variants
GCF_000005845.2,b0163,yaeH,GCF_036503815.1,AABJ99_RS19025,yaeH,comparable,0,3,0,3,0,0,0,0,0,0,different_variants_in_same_gene
GCF_000005845.2,b0166,dapD,GCF_036503815.1,AABJ99_RS19015,dapD,comparable,26,43,20,23,20,0,6,0,0,0,partially_shared_variants
GCF_000005845.2,b0167,glnD,GCF_036503815.1,AABJ99_RS19010,glnD,comparable,30,115,24,91,24,0,6,0,0,0,partially_shared_variants
GCF_000005845.2,b0168,map,GCF_036503815.1,AABJ99_RS19005,map,comparable,0,22,0,22,0,0,0,0,0,0,different_variants_in_same_gene
GCF_000005845.2,b0169,rpsB,GCF_036503815.1,AABJ99_RS19000,rpsB,comparable,0,0,0,0,0,0,0,0,0,0,same_exact_variants
GCF_000005845.2,b0170,tsf,GCF_036503815.1,AABJ99_RS18995,tsf,comparable,2,8,2,6,2,0,0,0,0,0,partially_shared_variants
GCF_000005845.2,b0171,pyrH,GCF_036503815.1,AABJ99_RS18990,pyrH,comparable,0,4,0,4,0,0,0,0,0,0,different_variants_in_same_gene
GCF_000005845.2,b0172,frr,GCF_036503815.1,AABJ99_RS18985,frr,comparable,0,6,0,6,0,0,0,0,0,0,different_variants_in_same_gene
GCF_000005845.2,b0173,dxr,GCF_036503815.1,AABJ99_RS18980,ispC,comparable,0,31,0,31,0,0,0,0,0,0,different_variants_in_same_gene
GCF_000005845.2,b0174,ispU,GCF_036503815.1,AABJ99_RS18975,ispU,comparable,1,11,0,11,0,0,1,0,0,0,reference_allele_difference
GCF_000005845.2,b0175,cdsA,GCF_036503815.1,AABJ99_RS18970,cdsA,comparable,0,7,0,7,0,0,0,0,0,0,different_variants_in_same_gene
GCF_000005845.2,b0176,rseP,GCF_036503815.1,AABJ99_RS18965,rseP,comparable,5,22,5,17,5,0,0,0,0,0,partially_shared_variants
GCF_000005845.2,b0177,bamA,GCF_036503815.1,AABJ99_RS18960,bamA,comparable,3,27,2,25,2,0,1,0,0,0,partially_shared_variants
GCF_000005845.2,b0178,skp,GCF_036503815.1,AABJ99_RS18955,skp,comparable,0,7,0,7,0,0,0,0,0,0,different_variants_in_same_gene
GCF_000005845.2,b0179,lpxD,GCF_036503815.1,AABJ99_RS18950,lpxD,comparable,1,10,1,9,1,0,0,0,0,0,partially_shared_variants
GCF_000005845.2,b0180,fabZ,GCF_036503815.1,AABJ99_RS18945,fabZ,comparable,0,8,0,8,0,0,0,0,0,0,different_variants_in_same_gene
GCF_000005845.2,b0181,lpxA,GCF_036503815.1,AABJ99_RS18940,lpxA,comparable,0,18,0,18,0,0,0,0,0,0,different_variants_in_same_gene
GCF_000005845.2,b0182,lpxB,GCF_036503815.1,AABJ99_RS18935,lpxB,comparable,1,49,1,48,1,0,0,0,0,0,partially_shared_variants
GCF_000005845.2,b0183,rnhB,GCF_036503815.1,AABJ99_RS18930,rnhB,comparable,17,25,7,18,7,0,10,0,0,0,partially_shared_variants
GCF_000005845.2,b0184,dnaE,GCF_036503815.1,AABJ99_RS18925,dnaE,comparable,46,92,19,73,19,0,27,0,0,0,partially_shared_variants
GCF_000005845.2,b0185,accA,GCF_036503815.1,AABJ99_RS18920,accA,comparable,18,25,6,19,6,0,12,0,0,0,partially_shared_variants
GCF_000005845.2,b0186,ldcC,GCF_036503815.1,AABJ99_RS18915,ldcC,comparable,35,95,19,76,19,1,15,0,0,0,partially_shared_variants
GCF_000005845.2,b0187,yaeR,GCF_036503815.1,AABJ99_RS18910,yaeR,comparable,7,13,2,11,2,0,5,0,0,0,partially_shared_variants
GCF_000005845.2,b0189,rof,GCF_036503815.1,AABJ99_RS18900,rof,comparable,6,8,1,7,1,0,5,0,0,0,partially_shared_variants
GCF_000005845.2,b4406,yaeP,GCF_036503815.1,AABJ99_RS18895,yaeP,comparable,0,1,0,1,0,0,0,0,0,0,different_variants_in_same_gene
GCF_000005845.2,b0190,yaeQ,GCF_036503815.1,AABJ99_RS18890,yaeQ,comparable,3,24,2,22,2,0,1,0,0,0,partially_shared_variants
GCF_000005845.2,b0191,arfB,GCF_036503815.1,AABJ99_RS18885,arfB,comparable,9,29,4,25,4,0,5,0,0,0,partially_shared_variants
GCF_000005845.2,b0193,yaeF,GCF_036503815.1,AABJ99_RS18875,yaeF,comparable,17,31,5,26,5,0,12,0,0,0,partially_shared_variants
GCF_000005845.2,b0194,proS,GCF_036503815.1,AABJ99_RS18870,proS,comparable,20,81,9,72,9,0,11,0,0,0,partially_shared_variants
GCF_000005845.2,b0195,trmO,GCF_036503815.1,AABJ99_RS18865,tsaA,comparable,14,37,11,26,11,0,3,0,0,0,partially_shared_variants
GCF_000005845.2,b0196,rcsF,GCF_036503815.1,AABJ99_RS18860,rcsF,comparable,4,8,2,6,2,0,2,0,0,0,partially_shared_variants
GCF_000005845.2,b0198,metI,GCF_036503815.1,AABJ99_RS18850,metI,comparable,11,21,6,15,6,0,5,0,0,0,partially_shared_variants
GCF_000005845.2,b0199,metN,GCF_036503815.1,AABJ99_RS18845,metN,comparable,13,36,8,28,8,0,5,0,0,0,partially_shared_variants
GCF_000005845.2,b0200,gmhB,GCF_036503815.1,AABJ99_RS18840,gmhB,comparable,5,11,3,8,3,0,2,0,0,0,partially_shared_variants
GCF_000005845.2,b0207,dkgB,GCF_036503815.1,AABJ99_RS18805,dkgB,comparable,11,26,8,18,8,0,3,0,0,0,partially_shared_variants
GCF_000005845.2,b0208,yafC,GCF_036503815.1,AABJ99_RS18800,yafC,comparable,3,10,2,8,2,0,1,0,0,0,partially_shared_variants
GCF_000005845.2,b0209,yafD,GCF_036503815.1,AABJ99_RS18795,yafD,comparable,1,9,0,9,0,0,1,0,0,0,reference_allele_difference
GCF_000005845.2,b0211,mltD,GCF_036503815.1,AABJ99_RS18785,mltD,comparable,9,19,7,12,7,0,2,0,0,0,partially_shared_variants
GCF_000005845.2,b0212,gloB,GCF_036503815.1,AABJ99_RS18780,gloB,comparable,2,10,2,8,2,0,0,0,0,0,partially_shared_variants
GCF_000005845.2,b0213,yafS,GCF_036503815.1,AABJ99_RS18775,yafS,comparable,13,18,8,10,8,0,5,0,0,0,partially_shared_variants
GCF_000005845.2,b0214,rnhA,GCF_036503815.1,AABJ99_RS18770,rnhA,comparable,7,14,6,8,6,0,1,0,0,0,partially_shared_variants
GCF_000005845.2,b0215,dnaQ,GCF_036503815.1,AABJ99_RS18765,dnaQ,comparable,12,17,5,12,5,0,7,0,0,0,partially_shared_variants
GCF_000005845.2,b0219,yafV,GCF_036503815.1,AABJ99_RS18675,yafV,comparable,1,25,0,25,0,0,0,0,0,1,unresolved_liftover
GCF_000005845.2,b0220,ivy,GCF_036503815.1,AABJ99_RS18670,ivy,comparable,0,11,0,11,0,0,0,0,0,0,different_variants_in_same_gene
GCF_000005845.2,b0221,fadE,GCF_036503815.1,AABJ99_RS18665,fadE,comparable,9,90,0,90,0,0,0,0,0,9,unresolved_liftover
GCF_000005845.2,b0222,gmhA,GCF_036503815.1,AABJ99_RS18660,lpcA,comparable,1,16,0,16,0,0,0,0,0,1,unresolved_liftover
GCF_000005845.2,b0223,yafJ,GCF_036503815.1,AABJ99_RS18655,yafJ,comparable,13,18,0,18,0,0,0,0,0,13,unresolved_liftover
GCF_000005845.2,b0224,dpaA,GCF_036503815.1,AABJ99_RS18650,dpaA,comparable,13,25,0,25,0,0,0,0,0,13,unresolved_liftover
GCF_000005845.2,b0234,yafP,GCF_036503815.1,AABJ99_RS18620,yafP,comparable,16,22,0,22,0,0,0,0,0,16,unresolved_liftover
GCF_000005845.2,b0237,pepD,GCF_036503815.1,AABJ99_RS18595,pepD,comparable,28,38,0,38,0,0,0,0,0,28,unresolved_liftover
GCF_000005845.2,b0238,gpt,GCF_036503815.1,AABJ99_RS18590,gpt,comparable,1,7,0,7,0,0,0,0,0,1,unresolved_liftover
GCF_000005845.2,b0239,frsA,GCF_036503815.1,AABJ99_RS18585,frsA,comparable,16,43,0,43,0,0,0,0,0,16,unresolved_liftover
GCF_000005845.2,b0241,phoE,GCF_036503815.1,AABJ99_RS18575,phoE,comparable,12,43,0,43,0,0,0,0,0,12,unresolved_liftover
GCF_000005845.2,b0242,proB,GCF_036503815.1,AABJ99_RS18570,proB,comparable,4,37,0,37,0,0,0,0,0,4,unresolved_liftover
GCF_000005845.2,b0243,proA,GCF_036503815.1,AABJ99_RS18565,proA,comparable,16,75,0,75,0,0,0,0,0,16,unresolved_liftover
GCF_000005845.2,b0287,yagU,GCF_036503815.1,AABJ99_RS18380,yagU,comparable,9,9,0,9,0,0,0,0,0,9,unresolved_liftover
GCF_000005845.2,b0288,ykgJ,GCF_036503815.1,AABJ99_RS18370,ykgJ,comparable,1,5,0,5,0,0,0,0,0,1,unresolved_liftover
GCF_000005845.2,b0289,ecpE,GCF_036503815.1,AABJ99_RS18365,ecpE,comparable,7,21,0,21,0,0,0,0,0,7,unresolved_liftover
GCF_000005845.2,b0290,ecpD,GCF_036503815.1,AABJ99_RS18360,ecpD,comparable,12,41,0,41,0,0,0,0,0,12,unresolved_liftover
GCF_000005845.2,b0291,ecpC,GCF_036503815.1,AABJ99_RS18355,ecpC,comparable,32,59,0,59,0,0,0,0,0,32,unresolved_liftover
GCF_000005845.2,b0292,ecpB,GCF_036503815.1,AABJ99_RS18350,ecpB,comparable,10,11,0,11,0,0,0,0,0,10,unresolved_liftover
GCF_000005845.2,b0293,ecpA,GCF_036503815.1,AABJ99_RS18345,ecpA,comparable,1,9,0,9,0,0,0,0,0,1,unresolved_liftover
GCF_000005845.2,b4506,ykgO,GCF_036503815.1,AABJ99_RS18330,ykgO,comparable,0,2,0,2,0,0,0,0,0,0,different_variants_in_same_gene
GCF_000005845.2,b0296,ykgM,GCF_036503815.1,AABJ99_RS18325,ykgM,comparable,0,7,0,7,0,0,0,0,0,0,different_variants_in_same_gene
GCF_000005845.2,b4671,ykgR,GCF_036503815.1,AABJ99_RS18320,ykgR,comparable,0,0,0,0,0,0,0,0,0,0,same_exact_variants
GCF_000005845.2,b0301,rclC,GCF_036503815.1,AABJ99_RS18275,rclC,comparable,1,7,0,7,0,0,1,0,0,0,reference_allele_difference
GCF_000005845.2,b0303,rclB,GCF_036503815.1,AABJ99_RS18270,rclB,comparable,3,3,2,1,2,0,1,0,0,0,partially_shared_variants
GCF_000005845.2,b0304,rclA,GCF_036503815.1,AABJ99_RS18265,rclA,comparable,1,26,1,25,1,0,0,0,0,0,partially_shared_variants
GCF_000005845.2,b0305,rclR,GCF_036503815.1,AABJ99_RS18260,rclR,comparable,0,6,0,6,0,0,0,0,0,0,different_variants_in_same_gene
GCF_000005845.2,b0306,ykgE,GCF_036503815.1,AABJ99_RS18255,ykgE,comparable,0,13,0,13,0,0,0,0,0,0,different_variants_in_same_gene
GCF_000005845.2,b0307,ykgF,GCF_036503815.1,AABJ99_RS18250,ykgF,comparable,0,26,0,26,0,0,0,0,0,0,different_variants_in_same_gene
GCF_000005845.2,b0308,ykgG,GCF_036503815.1,AABJ99_RS18245,ykgG,comparable,0,39,0,39,0,0,0,0,0,0,different_variants_in_same_gene
GCF_000005845.2,b0312,betB,GCF_036503815.1,AABJ99_RS18230,betB,comparable,19,73,9,64,9,0,10,0,0,0,partially_shared_variants
GCF_000005845.2,b0316,yahB,GCF_036503815.1,AABJ99_RS18205,yahB,comparable,3,38,0,38,0,0,0,0,0,3,unresolved_liftover
GCF_000005845.2,b0317,yahC,GCF_036503815.1,AABJ99_RS18200,yahC,comparable,5,26,0,26,0,0,0,0,0,5,unresolved_liftover
GCF_000005845.2,b0318,yahD,GCF_036503815.1,AABJ99_RS18195,yahD,comparable,0,25,0,25,0,0,0,0,0,0,different_variants_in_same_gene
GCF_000005845.2,b0319,yahE,GCF_036503815.1,AABJ99_RS18190,yahE,comparable,22,44,0,44,0,0,0,0,0,22,unresolved_liftover
GCF_000005845.2,b0320,yahF,GCF_036503815.1,AABJ99_RS18185,fdrA,comparable,47,69,0,69,0,0,0,0,0,47,unresolved_liftover
GCF_000005845.2,b0321,yahG,GCF_036503815.1,AABJ99_RS18180,yahG,comparable,17,58,0,58,0,0,0,0,0,17,unresolved_liftover
GCF_000005845.2,b0323,yahI,GCF_036503815.1,AABJ99_RS18175,yahI,comparable,2,46,0,46,0,0,0,0,0,2,unresolved_liftover
GCF_000005845.2,b0324,yahJ,GCF_036503815.1,AABJ99_RS18170,yahJ,comparable,6,75,0,75,0,0,0,0,0,6,unresolved_liftover
GCF_000005845.2,b0328,yahN,GCF_036503815.1,AABJ99_RS18125,yahN,comparable,3,30,0,30,0,0,0,0,0,3,unresolved_liftover
GCF_000005845.2,b0329,yahO,GCF_036503815.1,AABJ99_RS18120,yahO,comparable,4,15,0,15,0,0,0,0,0,4,unresolved_liftover
GCF_000005845.2,b0330,prpR,GCF_036503815.1,AABJ99_RS18115,prpR,comparable,46,82,0,82,0,0,0,0,0,46,unresolved_liftover
GCF_000005845.2,b0331,prpB,GCF_036503815.1,AABJ99_RS18110,prpB,comparable,0,48,0,48,0,0,0,0,0,0,different_variants_in_same_gene
GCF_000005845.2,b0333,prpC,GCF_036503815.1,AABJ99_RS18105,prpC,comparable,18,45,0,45,0,0,0,0,0,18,unresolved_liftover
GCF_000005845.2,b0334,prpD,GCF_036503815.1,AABJ99_RS18100,prpD,comparable,3,54,0,54,0,0,0,0,0,3,unresolved_liftover
GCF_000005845.2,b0335,prpE,GCF_036503815.1,AABJ99_RS18095,prpE,comparable,13,85,0,85,0,0,0,0,0,13,unresolved_liftover
GCF_000005845.2,b0336,codB,GCF_036503815.1,AABJ99_RS18090,codB,comparable,0,38,0,38,0,0,0,0,0,0,different_variants_in_same_gene
GCF_000005845.2,b0337,codA,GCF_036503815.1,AABJ99_RS18085,codA,comparable,0,47,0,47,0,0,0,0,0,0,different_variants_in_same_gene
GCF_000005845.2,b0339,cynT,GCF_036503815.1,AABJ99_RS18070,cynT,comparable,0,17,0,17,0,0,0,0,0,0,different_variants_in_same_gene
GCF_000005845.2,b0340,cynS,GCF_036503815.1,AABJ99_RS18065,cynS,comparable,1,19,1,18,1,0,0,0,0,0,partially_shared_variants
GCF_000005845.2,b0345,lacI,GCF_036503815.1,AABJ99_RS18040,lacI,comparable,0,60,0,60,0,0,0,0,0,0,different_variants_in_same_gene
GCF_000005845.2,b0346,mhpR,GCF_036503815.1,AABJ99_RS18025,mhpR,comparable,0,35,0,35,0,0,0,0,0,0,different_variants_in_same_gene
GCF_000005845.2,b0348,mhpB,GCF_036503815.1,AABJ99_RS18015,mhpB,comparable,8,42,5,37,5,0,3,0,0,0,partially_shared_variants
GCF_000005845.2,b0349,mhpC,GCF_036503815.1,AABJ99_RS18010,mhpC,comparable,7,38,3,35,3,0,4,0,0,0,partially_shared_variants
GCF_000005845.2,b0350,mhpD,GCF_036503815.1,AABJ99_RS18005,mhpD,comparable,7,46,2,44,2,0,5,0,0,0,partially_shared_variants
GCF_000005845.2,b0351,mhpF,GCF_036503815.1,AABJ99_RS18000,mhpF,comparable,1,49,0,49,0,0,1,0,0,0,reference_allele_difference
GCF_000005845.2,b0352,mhpE,GCF_036503815.1,AABJ99_RS17995,mhpE,comparable,18,45,8,37,8,0,10,0,0,0,partially_shared_variants
GCF_000005845.2,b0354,yaiL,GCF_036503815.1,AABJ99_RS17985,yaiL,comparable,0,23,0,23,0,0,0,0,0,0,different_variants_in_same_gene
GCF_000005845.2,b0355,frmB,GCF_036503815.1,AABJ99_RS17980,fghA,comparable,4,27,2,25,2,0,2,0,0,0,partially_shared_variants
GCF_000005845.2,b0356,frmA,GCF_036503815.1,AABJ99_RS17975,frmA,comparable,19,28,8,20,8,0,11,0,0,0,partially_shared_variants
GCF_000005845.2,b0365,tauA,GCF_036503815.1,AABJ99_RS17935,tauA,comparable,16,54,0,54,0,0,0,0,0,16,unresolved_liftover
GCF_000005845.2,b0366,tauB,GCF_036503815.1,AABJ99_RS17930,tauB,comparable,20,44,0,44,0,0,0,0,0,20,unresolved_liftover
GCF_000005845.2,b0367,tauC,GCF_036503815.1,AABJ99_RS17925,tauC,comparable,41,41,0,41,0,0,0,0,0,41,unresolved_liftover
GCF_000005845.2,b0368,tauD,GCF_036503815.1,AABJ99_RS17920,tauD,comparable,22,47,0,47,0,0,0,0,0,22,unresolved_liftover
GCF_000005845.2,b0369,hemB,GCF_036503815.1,AABJ99_RS17915,hemB,comparable,18,23,0,23,0,0,0,0,0,18,unresolved_liftover
GCF_000005845.2,b0375,iprA,GCF_036503815.1,AABJ99_RS17905,iprA,comparable,1,16,0,16,0,0,0,0,0,1,unresolved_liftover
GCF_000005845.2,b0376,ampH,GCF_036503815.1,AABJ99_RS17900,ampH,comparable,9,47,0,47,0,0,0,0,0,9,unresolved_liftover
GCF_000005845.2,b0377,sbmA,GCF_036503815.1,AABJ99_RS17895,sbmA,comparable,10,46,0,46,0,0,0,0,0,10,unresolved_liftover
GCF_000005845.2,b0378,yaiW,GCF_036503815.1,AABJ99_RS17890,yaiW,comparable,12,58,0,58,0,0,0,0,0,12,unresolved_liftover
GCF_000005845.2,b0379,yaiY,GCF_036503815.1,AABJ99_RS17885,yaiY,comparable,1,11,0,11,0,0,0,0,0,1,unresolved_liftover
GCF_000005845.2,b0380,yaiZ,GCF_036503815.1,AABJ99_RS17880,yaiZ,comparable,0,6,0,6,0,0,0,0,0,0,different_variants_in_same_gene
GCF_000005845.2,b0381,ddlA,GCF_036503815.1,AABJ99_RS17875,ddlA,comparable,13,40,0,40,0,0,0,0,0,13,unresolved_liftover
GCF_000005845.2,b0382,iraP,GCF_036503815.1,AABJ99_RS17865,iraP,comparable,0,7,0,7,0,0,0,0,0,0,different_variants_in_same_gene
GCF_000005845.2,b0383,phoA,GCF_036503815.1,AABJ99_RS17860,phoA,comparable,36,34,0,34,0,0,0,0,0,36,unresolved_liftover
GCF_000005845.2,b0384,psiF,GCF_036503815.1,AABJ99_RS17855,psiF,comparable,7,2,0,2,0,0,0,0,0,7,unresolved_liftover
GCF_000005845.2,b0385,dgcC,GCF_036503815.1,AABJ99_RS17850,adrA,comparable,9,22,0,22,0,0,0,0,0,9,unresolved_liftover
GCF_000005845.2,b0386,proC,GCF_036503815.1,AABJ99_RS17845,proC,comparable,4,21,0,21,0,0,0,0,0,4,unresolved_liftover
GCF_000005845.2,b0387,yaiI,GCF_036503815.1,AABJ99_RS17840,yaiI,comparable,0,11,0,11,0,0,0,0,0,0,different_variants_in_same_gene
GCF_000005845.2,b0388,aroL,GCF_036503815.1,AABJ99_RS17835,aroL,comparable,1,10,0,10,0,0,0,0,0,1,unresolved_liftover
GCF_000005845.2,b0389,yaiA,GCF_036503815.1,AABJ99_RS17830,yaiA,comparable,1,1,0,1,0,0,0,0,0,1,unresolved_liftover
GCF_000005845.2,b0390,aroM,GCF_036503815.1,AABJ99_RS17825,aroM,comparable,5,15,0,15,0,0,0,0,0,5,unresolved_liftover
GCF_000005845.2,b0391,ppnP,GCF_036503815.1,AABJ99_RS17820,ppnP,comparable,0,6,0,6,0,0,0,0,0,0,different_variants_in_same_gene
GCF_000005845.2,b0393,rdgC,GCF_036503815.1,AABJ99_RS17805,rdgC,comparable,0,27,0,27,0,0,0,0,0,0,different_variants_in_same_gene
GCF_000005845.2,b0394,mak,GCF_036503815.1,AABJ99_RS17800,mak,comparable,0,54,0,54,0,0,0,0,0,0,different_variants_in_same_gene
GCF_000005845.2,b0396,araJ,GCF_036503815.1,AABJ99_RS17795,araJ,comparable,1,48,0,48,0,0,0,0,0,1,unresolved_liftover
GCF_000005845.2,b0397,sbcC,GCF_036503815.1,AABJ99_RS17790,sbcC,comparable,11,148,0,148,0,0,0,0,0,11,unresolved_liftover
GCF_000005845.2,b0398,sbcD,GCF_036503815.1,AABJ99_RS17785,sbcD,comparable,13,47,0,47,0,0,0,0,0,13,unresolved_liftover
GCF_000005845.2,b0399,phoB,GCF_036503815.1,AABJ99_RS17780,phoB,comparable,5,22,0,22,0,0,0,0,0,5,unresolved_liftover
GCF_000005845.2,b0400,phoR,GCF_036503815.1,AABJ99_RS17775,phoR,comparable,14,40,0,40,0,0,0,0,0,14,unresolved_liftover
GCF_000005845.2,b0401,brnQ,GCF_036503815.1,AABJ99_RS17770,brnQ,comparable,3,48,0,48,0,0,0,0,0,3,unresolved_liftover
GCF_000005845.2,b0402,proY,GCF_036503815.1,AABJ99_RS17765,proY,comparable,3,62,0,62,0,0,0,0,0,3,unresolved_liftover
GCF_000005845.2,b0403,malZ,GCF_036503815.1,AABJ99_RS17760,malZ,comparable,10,75,0,75,0,0,0,0,0,10,unresolved_liftover
GCF_000005845.2,b0404,acpH,GCF_036503815.1,AABJ99_RS17750,acpH,comparable,0,24,0,24,0,0,0,0,0,0,different_variants_in_same_gene
GCF_000005845.2,b0405,queA,GCF_036503815.1,AABJ99_RS17745,queA,comparable,0,55,0,55,0,0,0,0,0,0,different_variants_in_same_gene
GCF_000005845.2,b0406,tgt,GCF_036503815.1,AABJ99_RS17740,tgt,comparable,1,29,0,29,0,0,0,0,0,1,unresolved_liftover
GCF_000005845.2,b0407,yajC,GCF_036503815.1,AABJ99_RS17735,yajC,comparable,0,0,0,0,0,0,0,0,0,0,same_exact_variants
GCF_000005845.2,b0408,secD,GCF_036503815.1,AABJ99_RS17730,secD,comparable,0,50,0,50,0,0,0,0,0,0,different_variants_in_same_gene
GCF_000005845.2,b0409,secF,GCF_036503815.1,AABJ99_RS17725,secF,comparable,0,20,0,20,0,0,0,0,0,0,different_variants_in_same_gene
GCF_000005845.2,b0410,yajD,GCF_036503815.1,AABJ99_RS17720,yajD,comparable,0,11,0,11,0,0,0,0,0,0,different_variants_in_same_gene
GCF_000005845.2,b0411,tsx,GCF_036503815.1,AABJ99_RS17710,tsx,comparable,1,11,0,11,0,0,0,0,0,1,unresolved_liftover
GCF_000005845.2,b0412,yajI,GCF_036503815.1,AABJ99_RS17705,yajI,comparable,7,13,0,13,0,0,0,0,0,7,unresolved_liftover
GCF_000005845.2,b0413,nrdR,GCF_036503815.1,AABJ99_RS17700,nrdR,comparable,0,7,0,7,0,0,0,0,0,0,different_variants_in_same_gene
GCF_000005845.2,b0415,ribE,GCF_036503815.1,AABJ99_RS17690,ribH,comparable,0,4,0,4,0,0,0,0,0,0,different_variants_in_same_gene
GCF_000005845.2,b0416,nusB,GCF_036503815.1,AABJ99_RS17685,nusB,comparable,0,5,0,5,0,0,0,0,0,0,different_variants_in_same_gene
GCF_000005845.2,b0417,thiL,GCF_036503815.1,AABJ99_RS17680,thiL,comparable,7,40,0,40,0,0,0,0,0,7,unresolved_liftover
GCF_000005845.2,b0418,pgpA,GCF_036503815.1,AABJ99_RS17675,pgpA,comparable,14,16,0,16,0,0,0,0,0,14,unresolved_liftover
GCF_000005845.2,b0419,yajO,GCF_036503815.1,AABJ99_RS17665,yajO,comparable,35,35,0,35,0,0,0,0,0,35,unresolved_liftover
GCF_000005845.2,b0420,dxs,GCF_036503815.1,AABJ99_RS17660,dxs,comparable,29,89,0,89,0,0,0,0,0,29,unresolved_liftover
GCF_000005845.2,b0421,ispA,GCF_036503815.1,AABJ99_RS17655,ispA,comparable,15,30,0,30,0,0,0,0,0,15,unresolved_liftover
GCF_000005845.2,b0422,xseB,GCF_036503815.1,AABJ99_RS17650,xseB,comparable,0,3,0,3,0,0,0,0,0,0,different_variants_in_same_gene
GCF_000005845.2,b0423,thiI,GCF_036503815.1,AABJ99_RS17645,thiI,comparable,27,71,0,71,0,0,0,0,0,27,unresolved_liftover
GCF_000005845.2,b0424,yajL,GCF_036503815.1,AABJ99_RS17640,yajL,comparable,16,24,0,24,0,0,0,0,0,16,unresolved_liftover
GCF_000005845.2,b0425,panE,GCF_036503815.1,AABJ99_RS17635,panE,comparable,19,37,0,37,0,0,0,0,0,19,unresolved_liftover
GCF_000005845.2,b0426,yajQ,GCF_036503815.1,AABJ99_RS17630,yajQ,comparable,10,6,0,6,0,0,0,0,0,10,unresolved_liftover
GCF_000005845.2,b0427,yajR,GCF_036503815.1,AABJ99_RS17625,yajR,comparable,25,70,0,70,0,0,0,0,0,25,unresolved_liftover
GCF_000005845.2,b0428,cyoE,GCF_036503815.1,AABJ99_RS17605,cyoE,comparable,9,26,0,26,0,0,0,0,0,9,unresolved_liftover
GCF_000005845.2,b0429,cyoD,GCF_036503815.1,AABJ99_RS17600,cyoD,comparable,1,1,0,1,0,0,0,0,0,1,unresolved_liftover
GCF_000005845.2,b0430,cyoC,GCF_036503815.1,AABJ99_RS17595,cyoC,comparable,5,10,0,10,0,0,0,0,0,5,unresolved_liftover
GCF_000005845.2,b0431,cyoB,GCF_036503815.1,AABJ99_RS17590,cyoB,comparable,13,32,0,32,0,0,0,0,0,13,unresolved_liftover
GCF_000005845.2,b0432,cyoA,GCF_036503815.1,AABJ99_RS17585,cyoA,comparable,11,8,0,8,0,0,0,0,0,11,unresolved_liftover
GCF_000005845.2,b0433,ampG,GCF_036503815.1,AABJ99_RS17580,ampG,comparable,24,43,0,43,0,0,0,0,0,24,unresolved_liftover
GCF_000005845.2,b0434,yajG,GCF_036503815.1,AABJ99_RS17575,yajG,comparable,1,7,0,7,0,0,0,0,0,1,unresolved_liftover
GCF_000005845.2,b0435,bolA,GCF_036503815.1,AABJ99_RS17570,bolA,comparable,0,0,0,0,0,0,0,0,0,0,same_exact_variants
GCF_000005845.2,b0436,tig,GCF_036503815.1,AABJ99_RS17565,tig,comparable,0,9,0,9,0,0,0,0,0,0,different_variants_in_same_gene
GCF_000005845.2,b0437,clpP,GCF_036503815.1,AABJ99_RS17560,clpP,comparable,1,11,0,11,0,0,0,0,0,1,unresolved_liftover
GCF_000005845.2,b0438,clpX,GCF_036503815.1,AABJ99_RS17555,clpX,comparable,0,30,0,30,0,0,0,0,0,0,different_variants_in_same_gene
GCF_000005845.2,b0439,lon,GCF_036503815.1,AABJ99_RS17550,lon,comparable,4,54,0,54,0,0,0,0,0,4,unresolved_liftover
GCF_000005845.2,b0440,hupB,GCF_036503815.1,AABJ99_RS17545,hupB,comparable,0,1,0,1,0,0,0,0,0,0,different_variants_in_same_gene
GCF_000005845.2,b0441,ppiD,GCF_036503815.1,AABJ99_RS17540,ppiD,comparable,4,41,0,41,0,0,0,0,0,4,unresolved_liftover
GCF_000005845.2,b0442,ybaV,GCF_036503815.1,AABJ99_RS17535,ybaV,comparable,9,8,0,8,0,0,0,0,0,9,unresolved_liftover
GCF_000005845.2,b0443,fadM,GCF_036503815.1,AABJ99_RS17530,fadM,comparable,1,5,0,5,0,0,0,0,0,1,unresolved_liftover
GCF_000005845.2,b0444,queC,GCF_036503815.1,AABJ99_RS17525,queC,comparable,14,18,0,18,0,0,0,0,0,14,unresolved_liftover
GCF_000005845.2,b0445,ybaE,GCF_036503815.1,AABJ99_RS17520,ybaE,comparable,25,69,0,69,0,0,0,0,0,25,unresolved_liftover
GCF_000005845.2,b0446,cof,GCF_036503815.1,AABJ99_RS17515,cof,comparable,5,21,0,21,0,0,0,0,0,5,unresolved_liftover
GCF_000005845.2,b0447,decR,GCF_036503815.1,AABJ99_RS17510,decR,comparable,2,16,0,16,0,0,0,0,0,2,unresolved_liftover
GCF_000005845.2,b0448,mdlA,GCF_036503815.1,AABJ99_RS17505,mdlA,comparable,33,46,0,46,0,0,0,0,0,33,unresolved_liftover
GCF_000005845.2,b0449,mdlB,GCF_036503815.1,AABJ99_RS17500,mdlB,comparable,19,86,0,86,0,0,0,0,0,19,unresolved_liftover
GCF_000005845.2,b0450,glnK,GCF_036503815.1,AABJ99_RS17495,glnK,comparable,0,4,0,4,0,0,0,0,0,0,different_variants_in_same_gene
GCF_000005845.2,b0451,amtB,GCF_036503815.1,AABJ99_RS17490,amtB,comparable,26,53,0,53,0,0,0,0,0,26,unresolved_liftover
GCF_000005845.2,b0452,tesB,GCF_036503815.1,AABJ99_RS17485,tesB,comparable,8,36,0,36,0,0,0,0,0,8,unresolved_liftover
GCF_000005845.2,b0453,ybaY,GCF_036503815.1,AABJ99_RS17480,ybaY,comparable,10,16,0,16,0,0,0,0,0,10,unresolved_liftover
GCF_000005845.2,b0454,ybaZ,GCF_036503815.1,AABJ99_RS17475,AABJ99_RS17475,comparable,0,13,0,13,0,0,0,0,0,0,different_variants_in_same_gene
GCF_000005845.2,b0456,ybaA,GCF_036503815.1,AABJ99_RS17465,ybaA,comparable,0,3,0,3,0,0,0,0,0,0,different_variants_in_same_gene
GCF_000005845.2,b0457,pdeB,GCF_036503815.1,AABJ99_RS17460,pdeB,comparable,14,36,0,36,0,0,0,0,0,14,unresolved_liftover
GCF_000005845.2,b0458,ylaC,GCF_036503815.1,AABJ99_RS17455,ylaC,comparable,0,3,0,3,0,0,0,0,0,0,different_variants_in_same_gene
GCF_000005845.2,b0459,maa,GCF_036503815.1,AABJ99_RS17450,maa,comparable,0,14,0,14,0,0,0,0,0,0,different_variants_in_same_gene
GCF_000005845.2,b0461,tomB,GCF_036503815.1,AABJ99_RS17440,tomB,comparable,0,4,0,4,0,0,0,0,0,0,different_variants_in_same_gene
GCF_000005845.2,b0462,acrB,GCF_036503815.1,AABJ99_RS17435,acrB,comparable,0,46,0,46,0,0,0,0,0,0,different_variants_in_same_gene
GCF_000005845.2,b0463,acrA,GCF_036503815.1,AABJ99_RS17430,acrA,comparable,0,30,0,30,0,0,0,0,0,0,different_variants_in_same_gene
GCF_000005845.2,b0464,acrR,GCF_036503815.1,AABJ99_RS17425,acrR,comparable,0,2,0,2,0,0,0,0,0,0,different_variants_in_same_gene
GCF_000005845.2,b0465,mscK,GCF_036503815.1,AABJ99_RS17420,mscK,comparable,2,148,0,148,0,0,0,0,0,2,unresolved_liftover
GCF_000005845.2,b0466,ybaM,GCF_036503815.1,AABJ99_RS17415,rsmS,comparable,0,7,0,7,0,0,0,0,0,0,different_variants_in_same_gene
GCF_000005845.2,b0467,priC,GCF_036503815.1,AABJ99_RS17410,priC,comparable,0,23,0,23,0,0,0,0,0,0,different_variants_in_same_gene
GCF_000005845.2,b0468,ybaN,GCF_036503815.1,AABJ99_RS17405,ybaN,comparable,0,1,0,1,0,0,0,0,0,0,different_variants_in_same_gene
GCF_000005845.2,b0469,apt,GCF_036503815.1,AABJ99_RS17400,apt,comparable,0,8,0,8,0,0,0,0,0,0,different_variants_in_same_gene
GCF_000005845.2,b0470,dnaX,GCF_036503815.1,AABJ99_RS17395,dnaX,comparable,0,63,0,63,0,0,0,0,0,0,different_variants_in_same_gene
GCF_000005845.2,b0471,ybaB,GCF_036503815.1,AABJ99_RS17390,ybaB,comparable,0,3,0,3,0,0,0,0,0,0,different_variants_in_same_gene
GCF_000005845.2,b0472,recR,GCF_036503815.1,AABJ99_RS17385,recR,comparable,5,6,0,6,0,0,0,0,0,5,unresolved_liftover
GCF_000005845.2,b0473,htpG,GCF_036503815.1,AABJ99_RS17380,htpG,comparable,6,34,0,34,0,0,0,0,0,6,unresolved_liftover
GCF_000005845.2,b0474,adk,GCF_036503815.1,AABJ99_RS17375,adk,comparable,10,8,0,8,0,0,0,0,0,10,unresolved_liftover
GCF_000005845.2,b0475,hemH,GCF_036503815.1,AABJ99_RS17365,hemH,comparable,12,25,0,25,0,0,0,0,0,12,unresolved_liftover
GCF_000005845.2,b0476,aes,GCF_036503815.1,AABJ99_RS17360,aes,comparable,8,41,0,41,0,0,0,0,0,8,unresolved_liftover
GCF_000005845.2,b0477,gsk,GCF_036503815.1,AABJ99_RS17355,gsk,comparable,18,55,0,55,0,0,0,0,0,18,unresolved_liftover
GCF_000005845.2,b0480,ushA,GCF_036503815.1,AABJ99_RS17330,ushA,comparable,0,63,0,63,0,0,0,0,0,0,different_variants_in_same_gene
GCF_000005845.2,b0481,ybaK,GCF_036503815.1,AABJ99_RS17325,ybaK,comparable,0,23,0,23,0,0,0,0,0,0,different_variants_in_same_gene
GCF_000005845.2,b0482,ybaP,GCF_036503815.1,AABJ99_RS17320,ybaP,comparable,0,39,0,39,0,0,0,0,0,0,different_variants_in_same_gene
GCF_000005845.2,b0485,glsA,GCF_036503815.1,AABJ99_RS17310,glsA,comparable,0,30,0,30,0,0,0,0,0,0,different_variants_in_same_gene
GCF_000005845.2,b0486,ybaT,GCF_036503815.1,AABJ99_RS17305,ybaT,comparable,17,38,0,38,0,0,0,0,0,17,unresolved_liftover
GCF_000005845.2,b0487,cueR,GCF_036503815.1,AABJ99_RS17280,cueR,comparable,1,15,0,15,0,0,0,0,0,1,unresolved_liftover
GCF_000005845.2,b0488,ybbJ,GCF_036503815.1,AABJ99_RS17270,ybbJ,comparable,3,12,0,12,0,0,0,0,0,3,unresolved_liftover
GCF_000005845.2,b0489,qmcA,GCF_036503815.1,AABJ99_RS17265,qmcA,comparable,12,30,0,30,0,0,0,0,0,12,unresolved_liftover
GCF_000005845.2,b0490,fetA,GCF_036503815.1,AABJ99_RS17260,fetA,comparable,10,21,0,21,0,0,0,0,0,10,unresolved_liftover
GCF_000005845.2,b0491,fetB,GCF_036503815.1,AABJ99_RS17255,fetB,comparable,1,26,0,26,0,0,0,0,0,1,unresolved_liftover
GCF_000005845.2,b0492,cnoX,GCF_036503815.1,AABJ99_RS17250,cnoX,comparable,5,31,0,31,0,0,0,0,0,5,unresolved_liftover
GCF_000005845.2,b0493,ybbO,GCF_036503815.1,AABJ99_RS17245,ybbO,comparable,9,24,0,24,0,0,0,0,0,9,unresolved_liftover
GCF_000005845.2,b0494,tesA,GCF_036503815.1,AABJ99_RS17240,tesA,comparable,0,5,0,5,0,0,0,0,0,0,different_variants_in_same_gene
GCF_000005845.2,b0495,ybbA,GCF_036503815.1,AABJ99_RS17235,ybbA,comparable,0,20,0,20,0,0,0,0,0,0,different_variants_in_same_gene
GCF_000005845.2,b0496,ybbP,GCF_036503815.1,AABJ99_RS17230,ybbP,comparable,7,89,0,89,0,0,0,0,0,7,unresolved_liftover
GCF_000005845.2,b0503,selU,GCF_036503815.1,AABJ99_RS17215,mnmH,comparable,0,35,0,35,0,0,0,0,0,0,different_variants_in_same_gene
GCF_000005845.2,b0504,allS,GCF_036503815.1,AABJ99_RS17210,allS,comparable,0,20,0,20,0,0,0,0,0,0,different_variants_in_same_gene
GCF_000005845.2,b0505,allA,GCF_036503815.1,AABJ99_RS17205,allA,comparable,1,10,0,10,0,0,0,0,0,1,unresolved_liftover
GCF_000005845.2,b0506,allR,GCF_036503815.1,AABJ99_RS17200,allR,comparable,0,8,0,8,0,0,0,0,0,0,different_variants_in_same_gene
GCF_000005845.2,b0507,gcl,GCF_036503815.1,AABJ99_RS17195,gcl,comparable,1,71,0,71,0,0,0,0,0,1,unresolved_liftover
GCF_000005845.2,b0508,hyi,GCF_036503815.1,AABJ99_RS17190,hyi,comparable,0,20,0,20,0,0,0,0,0,0,different_variants_in_same_gene
GCF_000005845.2,b0511,allW,GCF_036503815.1,AABJ99_RS17180,allW,comparable,0,65,0,65,0,0,0,0,0,0,different_variants_in_same_gene
GCF_000005845.2,b0512,allB,GCF_036503815.1,AABJ99_RS17175,allB,comparable,8,45,0,45,0,0,0,0,0,8,unresolved_liftover
GCF_000005845.2,b0513,ybbY,GCF_036503815.1,AABJ99_RS17170,ybbY,comparable,20,55,0,55,0,0,0,0,0,20,unresolved_liftover
GCF_000005845.2,b0515,allE,GCF_036503815.1,AABJ99_RS17160,allE,comparable,14,44,0,44,0,0,0,0,0,14,unresolved_liftover
GCF_000005845.2,b0516,allC,GCF_036503815.1,AABJ99_RS17155,allC,comparable,12,52,0,52,0,0,0,0,0,12,unresolved_liftover
GCF_000005845.2,b0517,allD,GCF_036503815.1,AABJ99_RS17150,allD,comparable,11,50,0,50,0,0,0,0,0,11,unresolved_liftover
GCF_000005845.2,b0518,fdrA,GCF_036503815.1,AABJ99_RS17145,fdrA,comparable,42,64,0,64,0,0,0,0,0,42,unresolved_liftover
GCF_000005845.2,b0520,ylbF,GCF_036503815.1,AABJ99_RS17135,ylbF,comparable,16,29,0,29,0,0,0,0,0,16,unresolved_liftover
GCF_000005845.2,b0522,purK,GCF_036503815.1,AABJ99_RS17125,purK,comparable,27,40,0,40,0,0,0,0,0,27,unresolved_liftover
GCF_000005845.2,b0523,purE,GCF_036503815.1,AABJ99_RS17120,purE,comparable,5,9,0,9,0,0,0,0,0,5,unresolved_liftover
GCF_000005845.2,b0524,lpxH,GCF_036503815.1,AABJ99_RS17115,lpxH,comparable,16,30,0,30,0,0,0,0,0,16,unresolved_liftover
GCF_000005845.2,b0525,ppiB,GCF_036503815.1,AABJ99_RS17110,ppiB,comparable,0,12,0,12,0,0,0,0,0,0,different_variants_in_same_gene
GCF_000005845.2,b0526,cysS,GCF_036503815.1,AABJ99_RS17105,cysS,comparable,10,33,0,33,0,0,0,0,0,10,unresolved_liftover
GCF_000005845.2,b0527,ybcI,GCF_036503815.1,AABJ99_RS17100,ybcI,comparable,12,16,0,16,0,0,0,0,0,12,unresolved_liftover
GCF_000005845.2,b0528,ybcJ,GCF_036503815.1,AABJ99_RS17095,ybcJ,comparable,0,5,0,5,0,0,0,0,0,0,different_variants_in_same_gene
GCF_000005845.2,b0529,folD,GCF_036503815.1,AABJ99_RS17090,folD,comparable,0,31,0,31,0,0,0,0,0,0,different_variants_in_same_gene
GCF_000005845.2,b0555,rrrD,GCF_036503815.1,AABJ99_RS12050,rrrD,comparable,20,2,0,2,0,0,0,0,0,20,unresolved_liftover
GCF_000005845.2,b0557,borD,GCF_036503815.1,AABJ99_RS12060,iss,comparable,2,0,0,0,0,0,0,0,0,2,unresolved_liftover
GCF_000005845.2,b0571,cusR,GCF_036503815.1,AABJ99_RS17010,cusR,comparable,22,34,0,34,0,0,0,0,0,22,unresolved_liftover
GCF_000005845.2,b0576,pheP,GCF_036503815.1,AABJ99_RS16985,pheP,comparable,7,71,0,71,0,0,0,0,0,7,unresolved_liftover
GCF_000005845.2,b0577,ybdG,GCF_036503815.1,AABJ99_RS16980,ybdG,comparable,6,37,0,37,0,0,0,0,0,6,unresolved_liftover
GCF_000005845.2,b0578,nfsB,GCF_036503815.1,AABJ99_RS16975,nfsB,comparable,12,31,0,31,0,0,0,0,0,12,unresolved_liftover
GCF_000005845.2,b0579,ybdF,GCF_036503815.1,AABJ99_RS16970,ybdF,comparable,2,17,0,17,0,0,0,0,0,2,unresolved_liftover
GCF_000005845.2,b0580,ybdJ,GCF_036503815.1,AABJ99_RS16965,ybdJ,comparable,5,9,0,9,0,0,0,0,0,5,unresolved_liftover
GCF_000005845.2,b0581,ybdK,GCF_036503815.1,AABJ99_RS16960,ybdK,comparable,15,52,0,52,0,0,0,0,0,15,unresolved_liftover
GCF_000005845.2,b0583,entD,GCF_036503815.1,AABJ99_RS16915,entD,comparable,0,31,0,31,0,0,0,0,0,0,different_variants_in_same_gene
GCF_000005845.2,b0584,fepA,GCF_036503815.1,AABJ99_RS16905,fepA,comparable,1,90,0,90,0,0,0,0,0,1,unresolved_liftover
GCF_000005845.2,b0585,fes,GCF_036503815.1,AABJ99_RS16900,fes,comparable,1,54,0,54,0,0,0,0,0,1,unresolved_liftover
GCF_000005845.2,b4511,ybdZ,GCF_036503815.1,AABJ99_RS16895,ybdZ,comparable,0,15,0,15,0,0,0,0,0,0,different_variants_in_same_gene
GCF_000005845.2,b0588,fepC,GCF_036503815.1,AABJ99_RS16880,fepC,comparable,21,48,0,48,0,0,0,0,0,21,unresolved_liftover
GCF_000005845.2,b0590,fepD,GCF_036503815.1,AABJ99_RS16870,fepD,comparable,27,25,0,25,0,0,0,0,0,27,unresolved_liftover
GCF_000005845.2,b0591,entS,GCF_036503815.1,AABJ99_RS16865,entS,comparable,34,55,0,55,0,0,0,0,0,34,unresolved_liftover
GCF_000005845.2,b0592,fepB,GCF_036503815.1,AABJ99_RS16860,fepB,comparable,25,49,0,49,0,0,0,0,0,25,unresolved_liftover
GCF_000005845.2,b0593,entC,GCF_036503815.1,AABJ99_RS16855,entC,comparable,26,45,0,45,0,0,0,0,0,26,unresolved_liftover
GCF_000005845.2,b0594,entE,GCF_036503815.1,AABJ99_RS16850,entE,comparable,30,79,0,79,0,0,0,0,0,30,unresolved_liftover
GCF_000005845.2,b0595,entB,GCF_036503815.1,AABJ99_RS16845,entB,comparable,15,32,0,32,0,0,0,0,0,15,unresolved_liftover
GCF_000005845.2,b0596,entA,GCF_036503815.1,AABJ99_RS16840,entA,comparable,12,38,0,38,0,0,0,0,0,12,unresolved_liftover
GCF_000005845.2,b0597,entH,GCF_036503815.1,AABJ99_RS16835,entH,comparable,19,18,0,18,0,0,0,0,0,19,unresolved_liftover
GCF_000005845.2,b0598,cstA,GCF_036503815.1,AABJ99_RS16830,cstA,comparable,47,99,0,99,0,0,0,0,0,47,unresolved_liftover
GCF_000005845.2,b4512,ybdD,GCF_036503815.1,AABJ99_RS16825,ybdD,comparable,1,5,0,5,0,0,0,0,0,1,unresolved_liftover
GCF_000005845.2,b0599,hcxA,GCF_036503815.1,AABJ99_RS16820,hcxA,comparable,36,66,0,66,0,0,0,0,0,36,unresolved_liftover
GCF_000005845.2,b0604,dsbG,GCF_036503815.1,AABJ99_RS16795,dsbG,comparable,5,32,0,32,0,0,0,0,0,5,unresolved_liftover
GCF_000005845.2,b0605,ahpC,GCF_036503815.1,AABJ99_RS16790,ahpC,comparable,0,3,0,3,0,0,0,0,0,0,different_variants_in_same_gene
GCF_000005845.2,b0606,ahpF,GCF_036503815.1,AABJ99_RS16785,ahpF,comparable,3,38,0,38,0,0,0,0,0,3,unresolved_liftover
GCF_000005845.2,b0607,uspG,GCF_036503815.1,AABJ99_RS16780,uspG,comparable,1,14,0,14,0,0,0,0,0,1,unresolved_liftover
GCF_000005845.2,b0610,rnk,GCF_036503815.1,AABJ99_RS16775,rnk,comparable,0,5,0,5,0,0,0,0,0,0,different_variants_in_same_gene
GCF_000005845.2,b0611,rna,GCF_036503815.1,AABJ99_RS16770,rna,comparable,0,40,0,40,0,0,0,0,0,0,different_variants_in_same_gene
GCF_000005845.2,b0613,citG,GCF_036503815.1,AABJ99_RS16760,citG,comparable,7,25,5,20,5,0,2,0,0,0,partially_shared_variants
GCF_000005845.2,b0614,citX,GCF_036503815.1,AABJ99_RS16755,citX,comparable,1,7,0,7,0,0,1,0,0,0,reference_allele_difference
GCF_000005845.2,b0615,citF,GCF_036503815.1,AABJ99_RS16750,citF,comparable,5,31,2,29,2,0,3,0,0,0,partially_shared_variants
GCF_000005845.2,b0616,citE,GCF_036503815.1,AABJ99_RS16745,citE,comparable,6,15,4,11,4,0,2,0,0,0,partially_shared_variants
GCF_000005845.2,b0617,citD,GCF_036503815.1,AABJ99_RS16740,citD,comparable,0,4,0,4,0,0,0,0,0,0,different_variants_in_same_gene
GCF_000005845.2,b0618,citC,GCF_036503815.1,AABJ99_RS16735,citC,comparable,8,13,5,8,5,0,3,0,0,0,partially_shared_variants
GCF_000005845.2,b0619,dpiB,GCF_036503815.1,AABJ99_RS16730,dpiB,comparable,12,53,8,45,8,0,4,0,0,0,partially_shared_variants
GCF_000005845.2,b0620,dpiA,GCF_036503815.1,AABJ99_RS16725,dpiA,comparable,9,11,4,7,4,0,5,0,0,0,partially_shared_variants
GCF_000005845.2,b0621,dcuC,GCF_036503815.1,AABJ99_RS16720,dcuC,comparable,13,27,4,23,4,0,9,0,0,0,partially_shared_variants
GCF_000005845.2,b0622,pagP,GCF_036503815.1,AABJ99_RS16715,pagP,comparable,0,11,0,11,0,0,0,0,0,0,different_variants_in_same_gene
GCF_000005845.2,b0623,cspE,GCF_036503815.1,AABJ99_RS16710,cspE,comparable,0,0,0,0,0,0,0,0,0,0,same_exact_variants
GCF_000005845.2,b0624,crcB,GCF_036503815.1,AABJ99_RS16705,crcB,comparable,6,5,2,3,2,0,4,0,0,0,partially_shared_variants
GCF_000005845.2,b0627,tatE,GCF_036503815.1,AABJ99_RS16695,tatE,comparable,1,1,1,0,1,0,0,0,0,0,same_exact_variants
GCF_000005845.2,b0628,lipA,GCF_036503815.1,AABJ99_RS16690,lipA,comparable,11,19,9,10,9,0,2,0,0,0,partially_shared_variants
GCF_000005845.2,b0630,lipB,GCF_036503815.1,AABJ99_RS16680,lipB,comparable,3,17,1,16,1,0,2,0,0,0,partially_shared_variants
GCF_000005845.2,b0631,ybeD,GCF_036503815.1,AABJ99_RS16675,ybeD,comparable,0,1,0,1,0,0,0,0,0,0,different_variants_in_same_gene
GCF_000005845.2,b0632,dacA,GCF_036503815.1,AABJ99_RS16670,dacA,comparable,15,21,6,15,6,0,9,0,0,0,partially_shared_variants
GCF_000005845.2,b0633,rlpA,GCF_036503815.1,AABJ99_RS16665,rlpA,comparable,19,24,9,15,9,0,10,0,0,0,partially_shared_variants
GCF_000005845.2,b0634,mrdB,GCF_036503815.1,AABJ99_RS16660,mrdB,comparable,4,31,3,28,3,0,1,0,0,0,partially_shared_variants
GCF_000005845.2,b0635,mrdA,GCF_036503815.1,AABJ99_RS16655,mrdA,comparable,13,33,5,28,5,0,8,0,0,0,partially_shared_variants
GCF_000005845.2,b0636,rlmH,GCF_036503815.1,AABJ99_RS16650,rlmH,comparable,0,9,0,9,0,0,0,0,0,0,different_variants_in_same_gene
GCF_000005845.2,b0637,rsfS,GCF_036503815.1,AABJ99_RS16645,rsfS,comparable,0,3,0,3,0,0,0,0,0,0,different_variants_in_same_gene
GCF_000005845.2,b0638,cobC,GCF_036503815.1,AABJ99_RS16640,cobC,comparable,22,20,14,6,14,0,8,0,0,0,partially_shared_variants
GCF_000005845.2,b0639,nadD,GCF_036503815.1,AABJ99_RS16635,nadD,comparable,3,10,2,8,2,0,1,0,0,0,partially_shared_variants
GCF_000005845.2,b0640,holA,GCF_036503815.1,AABJ99_RS16630,holA,comparable,10,28,5,23,5,0,5,0,0,0,partially_shared_variants
GCF_000005845.2,b0641,lptE,GCF_036503815.1,AABJ99_RS16625,lptE,comparable,3,16,1,15,1,0,2,0,0,0,partially_shared_variants
GCF_000005845.2,b0642,leuS,GCF_036503815.1,AABJ99_RS16620,leuS,comparable,13,79,4,75,4,0,9,0,0,0,partially_shared_variants
GCF_000005845.2,b0643,ybeL,GCF_036503815.1,AABJ99_RS16615,ybeL,comparable,4,20,1,19,1,0,3,0,0,0,partially_shared_variants
GCF_000005845.2,b0644,ybeQ,GCF_036503815.1,AABJ99_RS16610,ybeQ,comparable,38,48,21,27,21,0,17,0,0,0,partially_shared_variants
GCF_000005845.2,b0645,ybeR,GCF_036503815.1,AABJ99_RS16605,ybeR,comparable,20,27,8,19,8,5,2,5,0,0,partially_shared_variants
GCF_000005845.2,b0651,rihA,GCF_036503815.1,AABJ99_RS16575,rihA,comparable,8,33,5,28,5,0,3,0,0,0,partially_shared_variants
GCF_000005845.2,b0652,gltL,GCF_036503815.1,AABJ99_RS16570,gltL,comparable,0,19,0,19,0,0,0,0,0,0,different_variants_in_same_gene
GCF_000005845.2,b0653,gltK,GCF_036503815.1,AABJ99_RS16565,gltK,comparable,10,31,5,26,5,0,5,0,0,0,partially_shared_variants
GCF_000005845.2,b0654,gltJ,GCF_036503815.1,AABJ99_RS16560,gltJ,comparable,11,29,4,25,4,0,7,0,0,0,partially_shared_variants
GCF_000005845.2,b0655,gltI,GCF_036503815.1,AABJ99_RS16555,gltI,comparable,15,22,7,15,7,0,8,0,0,0,partially_shared_variants
GCF_000005845.2,b0657,lnt,GCF_036503815.1,AABJ99_RS16550,lnt,comparable,25,45,13,32,13,0,12,0,0,0,partially_shared_variants
GCF_000005845.2,b0658,ybeX,GCF_036503815.1,AABJ99_RS16545,corC,comparable,5,9,0,9,0,0,5,0,0,0,reference_allele_difference
GCF_000005845.2,b0659,ybeY,GCF_036503815.1,AABJ99_RS16540,ybeY,comparable,3,8,1,7,1,0,2,0,0,0,partially_shared_variants
GCF_000005845.2,b0660,ybeZ,GCF_036503815.1,AABJ99_RS16535,ybeZ,comparable,13,42,8,34,8,0,5,0,0,0,partially_shared_variants
GCF_000005845.2,b0661,miaB,GCF_036503815.1,AABJ99_RS16530,miaB,comparable,15,44,13,31,13,0,2,0,0,0,partially_shared_variants
GCF_000005845.2,b0662,ubiF,GCF_036503815.1,AABJ99_RS16525,ubiF,comparable,1,67,1,66,1,0,0,0,0,0,partially_shared_variants
GCF_000005845.2,b0674,asnB,GCF_036503815.1,AABJ99_RS16480,asnB,comparable,42,74,18,56,18,0,24,0,0,0,partially_shared_variants
GCF_000005845.2,b0675,umpH,GCF_036503815.1,AABJ99_RS16470,nagD,comparable,15,33,7,26,7,1,7,0,0,0,partially_shared_variants
GCF_000005845.2,b0676,nagC,GCF_036503815.1,AABJ99_RS16465,nagC,comparable,20,52,14,38,14,0,6,0,0,0,partially_shared_variants
GCF_000005845.2,b0677,nagA,GCF_036503815.1,AABJ99_RS16460,nagA,comparable,14,45,7,38,7,0,7,0,0,0,partially_shared_variants
GCF_000005845.2,b0678,nagB,GCF_036503815.1,AABJ99_RS16455,nagB,comparable,11,17,7,10,7,0,4,0,0,0,partially_shared_variants
GCF_000005845.2,b0679,nagE,GCF_036503815.1,AABJ99_RS16450,nagE,comparable,41,63,20,43,20,0,21,0,0,0,partially_shared_variants
GCF_000005845.2,b0680,glnS,GCF_036503815.1,AABJ99_RS16445,glnS,comparable,0,43,0,43,0,0,0,0,0,0,different_variants_in_same_gene
GCF_000005845.2,b0681,chiP,GCF_036503815.1,AABJ99_RS16440,chiP,comparable,22,43,10,33,10,0,12,0,0,0,partially_shared_variants
GCF_000005845.2,b0682,chiQ,GCF_036503815.1,AABJ99_RS16435,chiQ,comparable,8,7,5,2,5,0,3,0,0,0,partially_shared_variants
GCF_000005845.2,b0683,fur,GCF_036503815.1,AABJ99_RS16430,fur,comparable,2,3,0,3,0,0,2,0,0,0,reference_allele_difference
GCF_000005845.2,b4637,uof,GCF_036503815.1,AABJ99_RS16425,uof,comparable,0,0,0,0,0,0,0,0,0,0,same_exact_variants
GCF_000005845.2,b0684,fldA,GCF_036503815.1,AABJ99_RS16420,fldA,comparable,1,5,0,5,0,0,1,0,0,0,reference_allele_difference
GCF_000005845.2,b0685,ybfE,GCF_036503815.1,AABJ99_RS16415,ybfE,comparable,2,2,1,1,1,0,1,0,0,0,partially_shared_variants
GCF_000005845.2,b0686,ybfF,GCF_036503815.1,AABJ99_RS16410,ybfF,comparable,17,35,10,25,10,0,7,0,0,0,partially_shared_variants
GCF_000005845.2,b0687,seqA,GCF_036503815.1,AABJ99_RS16405,seqA,comparable,2,7,2,5,2,0,0,0,0,0,partially_shared_variants
GCF_000005845.2,b0688,pgm,GCF_036503815.1,AABJ99_RS16400,pgm,comparable,23,58,16,42,16,0,7,0,0,0,partially_shared_variants
GCF_000005845.2,b0689,ybfP,GCF_036503815.1,AABJ99_RS16395,AABJ99_RS16395,comparable,0,21,0,21,0,0,0,0,0,0,different_variants_in_same_gene
GCF_000005845.2,b0692,potE,GCF_036503815.1,AABJ99_RS16380,potE,comparable,2,63,2,61,2,0,0,0,0,0,partially_shared_variants
GCF_000005845.2,b0694,kdpE,GCF_036503815.1,AABJ99_RS16360,kdpE,comparable,1,33,0,33,0,0,0,0,0,1,unresolved_liftover
GCF_000005845.2,b0695,kdpD,GCF_036503815.1,AABJ99_RS16355,kdpD,comparable,49,105,0,105,0,0,0,0,0,49,unresolved_liftover
GCF_000005845.2,b0696,kdpC,GCF_036503815.1,AABJ99_RS16350,kdpC,comparable,13,25,0,25,0,0,0,0,0,13,unresolved_liftover
GCF_000005845.2,b0697,kdpB,GCF_036503815.1,AABJ99_RS16345,kdpB,comparable,31,89,0,89,0,0,0,0,0,31,unresolved_liftover
GCF_000005845.2,b0698,kdpA,GCF_036503815.1,AABJ99_RS16340,kdpA,comparable,1,72,0,72,0,0,0,0,0,1,unresolved_liftover
GCF_000005845.2,b4513,kdpF,GCF_036503815.1,AABJ99_RS16335,kdpF,comparable,0,1,0,1,0,0,0,0,0,0,different_variants_in_same_gene
GCF_000005845.2,b0699,ybfA,GCF_036503815.1,AABJ99_RS16330,ybfA,comparable,0,2,0,2,0,0,0,0,0,0,different_variants_in_same_gene
GCF_000005845.2,b0709,dtpD,GCF_036503815.1,AABJ99_RS16290,dtpD,comparable,4,66,3,63,3,0,1,0,0,0,partially_shared_variants
GCF_000005845.2,b0710,ybgI,GCF_036503815.1,AABJ99_RS16285,ybgI,comparable,3,22,3,19,3,0,0,0,0,0,partially_shared_variants
GCF_000005845.2,b0711,pxpB,GCF_036503815.1,AABJ99_RS16280,pxpB,comparable,0,13,0,13,0,0,0,0,0,0,different_variants_in_same_gene
GCF_000005845.2,b0712,pxpC,GCF_036503815.1,AABJ99_RS16275,pxpC,comparable,2,30,1,29,1,0,1,0,0,0,partially_shared_variants
GCF_000005845.2,b0713,pxpA,GCF_036503815.1,AABJ99_RS16270,pxpA,comparable,14,22,7,15,7,0,7,0,0,0,partially_shared_variants
GCF_000005845.2,b0714,nei,GCF_036503815.1,AABJ99_RS16265,nei,comparable,12,30,9,21,9,0,3,0,0,0,partially_shared_variants
GCF_000005845.2,b0715,abrB,GCF_036503815.1,AABJ99_RS16260,abrB,comparable,25,49,9,40,9,0,16,0,0,0,partially_shared_variants
GCF_000005845.2,b0720,gltA,GCF_036503815.1,AABJ99_RS16235,gltA,comparable,13,46,9,37,9,0,4,0,0,0,partially_shared_variants
GCF_000005845.2,b4735,ybgU,GCF_036503815.1,AABJ99_RS16230,AABJ99_RS16230,comparable,0,1,0,1,0,0,0,0,0,0,different_variants_in_same_gene
GCF_000005845.2,b0721,sdhC,GCF_036503815.1,AABJ99_RS16225,sdhC,comparable,0,1,0,1,0,0,0,0,0,0,different_variants_in_same_gene
GCF_000005845.2,b0722,sdhD,GCF_036503815.1,AABJ99_RS16220,sdhD,comparable,0,3,0,3,0,0,0,0,0,0,different_variants_in_same_gene
GCF_000005845.2,b0723,sdhA,GCF_036503815.1,AABJ99_RS16215,sdhA,comparable,34,67,18,49,18,0,16,0,0,0,partially_shared_variants
GCF_000005845.2,b0724,sdhB,GCF_036503815.1,AABJ99_RS16210,sdhB,comparable,8,8,3,5,3,0,5,0,0,0,partially_shared_variants
GCF_000005845.2,b0726,sucA,GCF_036503815.1,AABJ99_RS16205,sucA,comparable,22,77,16,61,16,0,6,0,0,0,partially_shared_variants
GCF_000005845.2,b0727,sucB,GCF_036503815.1,AABJ99_RS16200,odhB,comparable,4,36,3,33,3,0,1,0,0,0,partially_shared_variants
GCF_000005845.2,b0728,sucC,GCF_036503815.1,AABJ99_RS16195,sucC,comparable,0,33,0,33,0,0,0,0,0,0,different_variants_in_same_gene
GCF_000005845.2,b0729,sucD,GCF_036503815.1,AABJ99_RS16190,sucD,comparable,15,26,8,18,8,0,7,0,0,0,partially_shared_variants
GCF_000005845.2,b0733,cydA,GCF_036503815.1,AABJ99_RS16120,cydA,comparable,0,34,0,34,0,0,0,0,0,0,different_variants_in_same_gene
GCF_000005845.2,b0734,cydB,GCF_036503815.1,AABJ99_RS16115,cydB,comparable,1,36,1,35,1,0,0,0,0,0,partially_shared_variants
GCF_000005845.2,b4515,cydX,GCF_036503815.1,AABJ99_RS16110,cydX,comparable,0,1,0,1,0,0,0,0,0,0,different_variants_in_same_gene
GCF_000005845.2,b0735,ybgE,GCF_036503815.1,AABJ99_RS16105,ybgE,comparable,0,8,0,8,0,0,0,0,0,0,different_variants_in_same_gene
GCF_000005845.2,b0736,ybgC,GCF_036503815.1,AABJ99_RS16100,ybgC,comparable,0,2,0,2,0,0,0,0,0,0,different_variants_in_same_gene
GCF_000005845.2,b0737,tolQ,GCF_036503815.1,AABJ99_RS16095,tolQ,comparable,0,18,0,18,0,0,0,0,0,0,different_variants_in_same_gene
GCF_000005845.2,b0738,tolR,GCF_036503815.1,AABJ99_RS16090,tolR,comparable,2,5,2,3,2,0,0,0,0,0,partially_shared_variants
GCF_000005845.2,b0740,tolB,GCF_036503815.1,AABJ99_RS16080,tolB,comparable,0,21,0,21,0,0,0,0,0,0,different_variants_in_same_gene
GCF_000005845.2,b0741,pal,GCF_036503815.1,AABJ99_RS16075,pal,comparable,0,1,0,1,0,0,0,0,0,0,different_variants_in_same_gene
GCF_000005845.2,b0742,cpoB,GCF_036503815.1,AABJ99_RS16070,cpoB,comparable,4,12,3,9,3,0,1,0,0,0,partially_shared_variants
GCF_000005845.2,b0750,nadA,GCF_036503815.1,AABJ99_RS16020,nadA,comparable,0,22,0,22,0,0,0,0,0,0,different_variants_in_same_gene
GCF_000005845.2,b0751,pnuC,GCF_036503815.1,AABJ99_RS16015,pnuC,comparable,5,12,3,9,3,0,2,0,0,0,partially_shared_variants
GCF_000005845.2,b0752,zitB,GCF_036503815.1,AABJ99_RS16010,zitB,comparable,2,19,1,18,1,0,1,0,0,0,partially_shared_variants
GCF_000005845.2,b0753,ybgS,GCF_036503815.1,AABJ99_RS16005,ybgS,comparable,0,11,0,11,0,0,0,0,0,0,different_variants_in_same_gene
GCF_000005845.2,b0754,aroG,GCF_036503815.1,AABJ99_RS16000,aroG,comparable,0,39,0,39,0,0,0,0,0,0,different_variants_in_same_gene
GCF_000005845.2,b0755,gpmA,GCF_036503815.1,AABJ99_RS15995,gpmA,comparable,1,20,1,19,1,0,0,0,0,0,partially_shared_variants
GCF_000005845.2,b0772,ybhC,GCF_036503815.1,AABJ99_RS15910,ybhC,comparable,1,61,1,60,1,0,0,0,0,0,partially_shared_variants
GCF_000005845.2,b0773,ybhB,GCF_036503815.1,AABJ99_RS15905,ybhB,comparable,0,11,0,11,0,0,0,0,0,0,different_variants_in_same_gene
GCF_000005845.2,b0774,bioA,GCF_036503815.1,AABJ99_RS15900,bioA,comparable,13,58,5,53,5,0,7,0,1,0,partially_shared_variants
GCF_000005845.2,b0775,bioB,GCF_036503815.1,AABJ99_RS15895,bioB,comparable,7,46,3,43,3,0,4,0,0,0,partially_shared_variants
GCF_000005845.2,b0776,bioF,GCF_036503815.1,AABJ99_RS15890,bioF,comparable,23,52,10,42,10,0,13,0,0,0,partially_shared_variants
GCF_000005845.2,b0777,bioC,GCF_036503815.1,AABJ99_RS15885,bioC,comparable,0,26,0,26,0,0,0,0,0,0,different_variants_in_same_gene
GCF_000005845.2,b0778,bioD,GCF_036503815.1,AABJ99_RS15880,bioD,comparable,2,21,1,20,1,0,1,0,0,0,partially_shared_variants
GCF_000005845.2,b0779,uvrB,GCF_036503815.1,AABJ99_RS15875,uvrB,comparable,0,91,0,91,0,0,0,0,0,0,different_variants_in_same_gene
GCF_000005845.2,b0781,moaA,GCF_036503815.1,AABJ99_RS15855,moaA,comparable,24,45,0,45,0,0,0,0,0,24,unresolved_liftover
GCF_000005845.2,b0782,moaB,GCF_036503815.1,AABJ99_RS15850,moaB,comparable,8,26,0,26,0,0,0,0,0,8,unresolved_liftover
GCF_000005845.2,b0783,moaC,GCF_036503815.1,AABJ99_RS15845,moaC,comparable,3,14,0,14,0,0,0,0,0,3,unresolved_liftover
GCF_000005845.2,b0784,moaD,GCF_036503815.1,AABJ99_RS15840,moaD,comparable,6,2,0,2,0,0,0,0,0,6,unresolved_liftover
GCF_000005845.2,b0785,moaE,GCF_036503815.1,AABJ99_RS15835,moaE,comparable,12,6,0,6,0,0,0,0,0,12,unresolved_liftover
GCF_000005845.2,b0786,ybhL,GCF_036503815.1,AABJ99_RS15830,ybhL,comparable,7,26,0,26,0,0,0,0,0,7,unresolved_liftover
GCF_000005845.2,b0788,ybhN,GCF_036503815.1,AABJ99_RS15805,ybhN,comparable,20,45,9,36,9,0,11,0,0,0,partially_shared_variants
GCF_000005845.2,b0789,clsB,GCF_036503815.1,AABJ99_RS15800,clsB,comparable,22,60,12,48,12,0,10,0,0,0,partially_shared_variants
GCF_000005845.2,b0790,ybhP,GCF_036503815.1,AABJ99_RS15795,ybhP,comparable,11,30,8,22,8,0,3,0,0,0,partially_shared_variants
GCF_000005845.2,b0791,ybhQ,GCF_036503815.1,AABJ99_RS15790,ybhQ,comparable,0,4,0,4,0,0,0,0,0,0,different_variants_in_same_gene
GCF_000005845.2,b0792,ybhR,GCF_036503815.1,AABJ99_RS15785,ybhR,comparable,16,34,9,25,9,0,7,0,0,0,partially_shared_variants
GCF_000005845.2,b0793,ybhS,GCF_036503815.1,AABJ99_RS15780,ybhS,comparable,8,61,5,56,5,0,3,0,0,0,partially_shared_variants
GCF_000005845.2,b0794,ybhF,GCF_036503815.1,AABJ99_RS15775,ybhF,comparable,25,86,8,78,8,3,14,0,0,0,partially_shared_variants
GCF_000005845.2,b0795,ybhG,GCF_036503815.1,AABJ99_RS15770,hlyD,comparable,1,48,0,48,0,0,1,0,0,0,reference_allele_difference
GCF_000005845.2,b0796,cecR,GCF_036503815.1,AABJ99_RS15765,cecR,comparable,0,22,0,22,0,0,0,0,0,0,different_variants_in_same_gene
GCF_000005845.2,b0797,rhlE,GCF_036503815.1,AABJ99_RS15760,rhlE,comparable,0,49,0,49,0,0,0,0,0,0,different_variants_in_same_gene
GCF_000005845.2,b0799,dinG,GCF_036503815.1,AABJ99_RS15740,dinG,comparable,0,75,0,75,0,0,0,0,0,0,different_variants_in_same_gene
GCF_000005845.2,b0800,ybiB,GCF_036503815.1,AABJ99_RS15735,ybiB,comparable,0,19,0,19,0,0,0,0,0,0,different_variants_in_same_gene
GCF_000005845.2,b0801,hcxB,GCF_036503815.1,AABJ99_RS15730,hcxB,comparable,0,51,0,51,0,0,0,0,0,0,different_variants_in_same_gene
GCF_000005845.2,b4769,ybiE,GCF_036503815.1,AABJ99_RS15725,ybiE,comparable,0,0,0,0,0,0,0,0,0,0,same_exact_variants
GCF_000005845.2,b0802,ybiJ,GCF_036503815.1,AABJ99_RS15720,ybiJ,comparable,0,10,0,10,0,0,0,0,0,0,different_variants_in_same_gene
GCF_000005845.2,b0804,ybiX,GCF_036503815.1,AABJ99_RS15710,ybiX,comparable,1,14,1,13,1,0,0,0,0,0,partially_shared_variants
GCF_000005845.2,b0805,fiu,GCF_036503815.1,AABJ99_RS15705,fiu,comparable,22,86,12,74,12,0,10,0,0,0,partially_shared_variants
GCF_000005845.2,b0806,mcbA,GCF_036503815.1,AABJ99_RS15700,mcbA,comparable,0,3,0,3,0,0,0,0,0,0,different_variants_in_same_gene
GCF_000005845.2,b0807,rlmF,GCF_036503815.1,AABJ99_RS15695,rlmF,comparable,1,36,1,35,1,0,0,0,0,0,partially_shared_variants
GCF_000005845.2,b0808,ybiO,GCF_036503815.1,AABJ99_RS15690,ybiO,comparable,0,62,0,62,0,0,0,0,0,0,different_variants_in_same_gene
GCF_000005845.2,b0809,glnQ,GCF_036503815.1,AABJ99_RS15685,glnQ,comparable,1,14,0,14,0,0,1,0,0,0,reference_allele_difference
GCF_000005845.2,b0810,glnP,GCF_036503815.1,AABJ99_RS15680,glnP,comparable,0,12,0,12,0,0,0,0,0,0,different_variants_in_same_gene
GCF_000005845.2,b0811,glnH,GCF_036503815.1,AABJ99_RS15675,glnH,comparable,0,8,0,8,0,0,0,0,0,0,different_variants_in_same_gene
GCF_000005845.2,b0812,dps,GCF_036503815.1,AABJ99_RS15670,dps,comparable,0,2,0,2,0,0,0,0,0,0,different_variants_in_same_gene
GCF_000005845.2,b0813,rhtA,GCF_036503815.1,AABJ99_RS15665,rhtA,comparable,0,8,0,8,0,0,0,0,0,0,different_variants_in_same_gene
GCF_000005845.2,b4736,yliM,GCF_036503815.1,AABJ99_RS15660,AABJ99_RS15660,comparable,0,1,0,1,0,0,0,0,0,0,different_variants_in_same_gene
GCF_000005845.2,b0814,ompX,GCF_036503815.1,AABJ99_RS15655,ompX,comparable,0,4,0,4,0,0,0,0,0,0,different_variants_in_same_gene
GCF_000005845.2,b0815,opgE,GCF_036503815.1,AABJ99_RS15650,opgE,comparable,0,55,0,55,0,0,0,0,0,0,different_variants_in_same_gene
GCF_000005845.2,b4705,mntS,GCF_036503815.1,AABJ99_RS15645,mntS,comparable,0,1,0,1,0,0,0,0,0,0,different_variants_in_same_gene
GCF_000005845.2,b0817,mntR,GCF_036503815.1,AABJ99_RS15640,mntR,comparable,0,8,0,8,0,0,0,0,0,0,different_variants_in_same_gene
GCF_000005845.2,b0819,ldtB,GCF_036503815.1,AABJ99_RS15630,ldtB,comparable,1,25,1,24,1,0,0,0,0,0,partially_shared_variants
GCF_000005845.2,b0820,ybiT,GCF_036503815.1,AABJ99_RS15625,ybiT,comparable,15,44,10,34,10,0,5,0,0,0,partially_shared_variants
GCF_000005845.2,b0822,ybiV,GCF_036503815.1,AABJ99_RS15615,ybiV,comparable,0,29,0,29,0,0,0,0,0,0,different_variants_in_same_gene
GCF_000005845.2,b0823,ybiW,GCF_036503815.1,AABJ99_RS15610,ybiW,comparable,29,113,14,99,14,0,15,0,0,0,partially_shared_variants
GCF_000005845.2,b0824,ybiY,GCF_036503815.1,AABJ99_RS15605,ybiY,comparable,10,34,6,28,6,0,4,0,0,0,partially_shared_variants
GCF_000005845.2,b0825,fsaA,GCF_036503815.1,AABJ99_RS15600,fsa,comparable,11,40,5,35,5,2,4,0,0,0,partially_shared_variants
GCF_000005845.2,b0826,moeB,GCF_036503815.1,AABJ99_RS15595,moeB,comparable,31,39,7,32,7,0,24,0,0,0,partially_shared_variants
GCF_000005845.2,b0827,moeA,GCF_036503815.1,AABJ99_RS15590,moeA,comparable,35,51,17,34,17,0,18,0,0,0,partially_shared_variants
GCF_000005845.2,b0828,iaaA,GCF_036503815.1,AABJ99_RS15585,iaaA,comparable,2,28,1,27,1,0,1,0,0,0,partially_shared_variants
GCF_000005845.2,b0829,gsiA,GCF_036503815.1,AABJ99_RS15580,gsiA,comparable,0,51,0,51,0,0,0,0,0,0,different_variants_in_same_gene
GCF_000005845.2,b0830,gsiB,GCF_036503815.1,AABJ99_RS15575,gsiB,comparable,0,47,0,47,0,0,0,0,0,0,different_variants_in_same_gene
GCF_000005845.2,b0832,gsiD,GCF_036503815.1,AABJ99_RS15565,gsiD,comparable,0,30,0,30,0,0,0,0,0,0,different_variants_in_same_gene
GCF_000005845.2,b0833,pdeI,GCF_036503815.1,AABJ99_RS15560,pdeI,comparable,15,35,7,28,7,0,8,0,0,0,partially_shared_variants
GCF_000005845.2,b0834,dgcI,GCF_036503815.1,AABJ99_RS15555,dgcI,comparable,0,53,0,53,0,0,0,0,0,0,different_variants_in_same_gene
GCF_000005845.2,b0835,rimO,GCF_036503815.1,AABJ99_RS15550,rimO,comparable,4,27,2,25,2,0,2,0,0,0,partially_shared_variants
GCF_000005845.2,b0836,bssR,GCF_036503815.1,AABJ99_RS15545,bssR,comparable,0,2,0,2,0,0,0,0,0,0,different_variants_in_same_gene
GCF_000005845.2,b0837,yliI,GCF_036503815.1,AABJ99_RS15540,yliI,comparable,8,60,7,53,7,0,1,0,0,0,partially_shared_variants
GCF_000005845.2,b0838,gstB,GCF_036503815.1,AABJ99_RS15535,gstB,comparable,3,16,2,14,2,0,1,0,0,0,partially_shared_variants
GCF_000005845.2,b0839,dacC,GCF_036503815.1,AABJ99_RS15530,dacC,comparable,9,29,4,25,4,0,5,0,0,0,partially_shared_variants
GCF_000005845.2,b0840,deoR,GCF_036503815.1,AABJ99_RS15525,deoR,comparable,0,19,0,19,0,0,0,0,0,0,different_variants_in_same_gene
GCF_000005845.2,b0841,ybjG,GCF_036503815.1,AABJ99_RS15520,ybjG,comparable,0,28,0,28,0,0,0,0,0,0,different_variants_in_same_gene
GCF_000005845.2,b0842,mdfA,GCF_036503815.1,AABJ99_RS15515,mdfA,comparable,0,48,0,48,0,0,0,0,0,0,different_variants_in_same_gene
GCF_000005845.2,b0843,ybjH,GCF_036503815.1,AABJ99_RS15510,ybjH,comparable,0,4,0,4,0,0,0,0,0,0,different_variants_in_same_gene
GCF_000005845.2,b0844,ybjI,GCF_036503815.1,AABJ99_RS15505,ybjI,comparable,0,34,0,34,0,0,0,0,0,0,different_variants_in_same_gene
GCF_000005845.2,b0845,ybjJ,GCF_036503815.1,AABJ99_RS15500,ybjJ,comparable,0,30,0,30,0,0,0,0,0,0,different_variants_in_same_gene
GCF_000005845.2,b0846,rcdA,GCF_036503815.1,AABJ99_RS15495,rcdA,comparable,0,5,0,5,0,0,0,0,0,0,different_variants_in_same_gene
GCF_000005845.2,b0847,ybjL,GCF_036503815.1,AABJ99_RS15490,ybjL,comparable,0,42,0,42,0,0,0,0,0,0,different_variants_in_same_gene
GCF_000005845.2,b0848,ybjM,GCF_036503815.1,AABJ99_RS15485,ybjM,comparable,0,15,0,15,0,0,0,0,0,0,different_variants_in_same_gene
GCF_000005845.2,b0849,grxA,GCF_036503815.1,AABJ99_RS15480,grxA,comparable,0,6,0,6,0,0,0,0,0,0,different_variants_in_same_gene
GCF_000005845.2,b0850,ybjC,GCF_036503815.1,AABJ99_RS15475,ybjC,comparable,0,13,0,13,0,0,0,0,0,0,different_variants_in_same_gene
GCF_000005845.2,b0851,nfsA,GCF_036503815.1,AABJ99_RS15470,nfsA,comparable,0,15,0,15,0,0,0,0,0,0,different_variants_in_same_gene
GCF_000005845.2,b0852,rimK,GCF_036503815.1,AABJ99_RS15465,rimK,comparable,0,16,0,16,0,0,0,0,0,0,different_variants_in_same_gene
GCF_000005845.2,b0853,ybjN,GCF_036503815.1,AABJ99_RS15460,ybjN,comparable,0,7,0,7,0,0,0,0,0,0,different_variants_in_same_gene
GCF_000005845.2,b0854,potF,GCF_036503815.1,AABJ99_RS15455,potF,comparable,23,54,10,44,10,4,9,0,0,0,partially_shared_variants
GCF_000005845.2,b0855,potG,GCF_036503815.1,AABJ99_RS15450,potG,comparable,28,64,12,52,12,0,16,0,0,0,partially_shared_variants
GCF_000005845.2,b0856,potH,GCF_036503815.1,AABJ99_RS15445,potH,comparable,15,41,8,33,8,0,7,0,0,0,partially_shared_variants
GCF_000005845.2,b0857,potI,GCF_036503815.1,AABJ99_RS15440,potI,comparable,32,44,15,29,15,0,17,0,0,0,partially_shared_variants
GCF_000005845.2,b0858,ybjO,GCF_036503815.1,AABJ99_RS15435,ybjO,comparable,5,14,4,10,4,0,1,0,0,0,partially_shared_variants
GCF_000005845.2,b0859,rlmC,GCF_036503815.1,AABJ99_RS15430,rlmC,comparable,40,43,15,28,15,3,22,0,0,0,partially_shared_variants
GCF_000005845.2,b0861,artM,GCF_036503815.1,AABJ99_RS15420,artM,comparable,0,40,0,40,0,0,0,0,0,0,different_variants_in_same_gene
GCF_000005845.2,b0862,artQ,GCF_036503815.1,AABJ99_RS15415,artQ,comparable,0,41,0,41,0,0,0,0,0,0,different_variants_in_same_gene
GCF_000005845.2,b0863,artI,GCF_036503815.1,AABJ99_RS15410,artI,comparable,0,39,0,39,0,0,0,0,0,0,different_variants_in_same_gene
GCF_000005845.2,b0864,artP,GCF_036503815.1,AABJ99_RS15405,artP,comparable,0,27,0,27,0,0,0,0,0,0,different_variants_in_same_gene
GCF_000005845.2,b0866,ybjQ,GCF_036503815.1,AABJ99_RS15390,ybjQ,comparable,0,19,0,19,0,0,0,0,0,0,different_variants_in_same_gene
GCF_000005845.2,b0867,amiD,GCF_036503815.1,AABJ99_RS15385,amiD,comparable,6,38,4,34,4,0,2,0,0,0,partially_shared_variants
GCF_000005845.2,b0868,ybjS,GCF_036503815.1,AABJ99_RS15380,ybjS,comparable,0,47,0,47,0,0,0,0,0,0,different_variants_in_same_gene
GCF_000005845.2,b0869,ybjT,GCF_036503815.1,AABJ99_RS15375,ybjT,comparable,14,74,4,70,4,0,10,0,0,0,partially_shared_variants
GCF_000005845.2,b0870,ltaE,GCF_036503815.1,AABJ99_RS15370,ltaE,comparable,25,50,13,37,13,0,12,0,0,0,partially_shared_variants
GCF_000005845.2,b0873,hcp,GCF_036503815.1,AABJ99_RS15355,hcp,comparable,7,87,6,81,6,0,1,0,0,0,partially_shared_variants
GCF_000005845.2,b0874,lysO,GCF_036503815.1,AABJ99_RS15350,lysO,comparable,1,20,0,20,0,0,1,0,0,0,reference_allele_difference
GCF_000005845.2,b0875,aqpZ,GCF_036503815.1,AABJ99_RS15345,aqpZ,comparable,2,34,2,32,2,0,0,0,0,0,partially_shared_variants
GCF_000005845.2,b0876,ybjD,GCF_036503815.1,AABJ99_RS15340,ybjD,comparable,1,45,0,45,0,0,1,0,0,0,reference_allele_difference
GCF_000005845.2,b0877,ybjX,GCF_036503815.1,AABJ99_RS15335,ybjX,comparable,2,25,1,24,1,0,1,0,0,0,partially_shared_variants
GCF_000005845.2,b0878,macA,GCF_036503815.1,AABJ99_RS15330,macA,comparable,7,32,3,29,3,0,4,0,0,0,partially_shared_variants
GCF_000005845.2,b0879,macB,GCF_036503815.1,AABJ99_RS15325,macB,comparable,12,59,3,56,3,0,9,0,0,0,partially_shared_variants
GCF_000005845.2,b0880,cspD,GCF_036503815.1,AABJ99_RS15320,cspD,comparable,0,0,0,0,0,0,0,0,0,0,same_exact_variants
GCF_000005845.2,b4770,yljB,GCF_036503815.1,AABJ99_RS15315,yljB,comparable,0,0,0,0,0,0,0,0,0,0,same_exact_variants
GCF_000005845.2,b0881,clpS,GCF_036503815.1,AABJ99_RS15310,clpS,comparable,0,0,0,0,0,0,0,0,0,0,same_exact_variants
GCF_000005845.2,b0882,clpA,GCF_036503815.1,AABJ99_RS15305,clpA,comparable,26,52,15,37,15,0,11,0,0,0,partially_shared_variants
GCF_000005845.2,b0884,infA,GCF_036503815.1,AABJ99_RS15295,infA,comparable,0,4,0,4,0,0,0,0,0,0,different_variants_in_same_gene
GCF_000005845.2,b0885,aat,GCF_036503815.1,AABJ99_RS15290,aat,comparable,4,23,3,20,3,0,1,0,0,0,partially_shared_variants
GCF_000005845.2,b0886,cydC,GCF_036503815.1,AABJ99_RS15285,cydC,comparable,14,73,4,69,4,0,10,0,0,0,partially_shared_variants
GCF_000005845.2,b0887,cydD,GCF_036503815.1,AABJ99_RS15280,cydD,comparable,17,75,9,66,9,0,8,0,0,0,partially_shared_variants
GCF_000005845.2,b0888,trxB,GCF_036503815.1,AABJ99_RS15275,trxB,comparable,0,34,0,34,0,0,0,0,0,0,different_variants_in_same_gene
GCF_000005845.2,b0889,lrp,GCF_036503815.1,AABJ99_RS15270,lrp,comparable,0,6,0,6,0,0,0,0,0,0,different_variants_in_same_gene
GCF_000005845.2,b0890,ftsK,GCF_036503815.1,AABJ99_RS15265,ftsK,comparable,21,123,13,110,13,1,7,0,0,0,partially_shared_variants
GCF_000005845.2,b0891,lolA,GCF_036503815.1,AABJ99_RS15260,lolA,comparable,0,11,0,11,0,0,0,0,0,0,different_variants_in_same_gene
GCF_000005845.2,b0892,rarA,GCF_036503815.1,AABJ99_RS15255,rarA,comparable,0,50,0,50,0,0,0,0,0,0,different_variants_in_same_gene
GCF_000005845.2,b0893,serS,GCF_036503815.1,AABJ99_RS15250,serS,comparable,0,25,0,25,0,0,0,0,0,0,different_variants_in_same_gene
GCF_000005845.2,b0897,ycaC,GCF_036503815.1,AABJ99_RS15230,ycaC,comparable,0,29,0,29,0,0,0,0,0,0,different_variants_in_same_gene
GCF_000005845.2,b0898,ycaD,GCF_036503815.1,AABJ99_RS15225,ycaD,comparable,0,12,0,12,0,0,0,0,0,0,different_variants_in_same_gene
GCF_000005845.2,b0899,ycaM,GCF_036503815.1,AABJ99_RS15220,ycaM,comparable,1,40,0,40,0,0,1,0,0,0,reference_allele_difference
GCF_000005845.2,b0902,pflA,GCF_036503815.1,AABJ99_RS15205,pflA,comparable,1,7,0,7,0,0,1,0,0,0,reference_allele_difference
GCF_000005845.2,b0904,focA,GCF_036503815.1,AABJ99_RS15195,focA,comparable,1,16,1,15,1,0,0,0,0,0,partially_shared_variants
GCF_000005845.2,b0905,ycaO,GCF_036503815.1,AABJ99_RS15190,ycaO,comparable,0,86,0,86,0,0,0,0,0,0,different_variants_in_same_gene
GCF_000005845.2,b0906,ycaP,GCF_036503815.1,AABJ99_RS15185,ycaP,comparable,0,30,0,30,0,0,0,0,0,0,different_variants_in_same_gene
GCF_000005845.2,b0907,serC,GCF_036503815.1,AABJ99_RS15180,serC,comparable,9,53,3,50,3,0,6,0,0,0,partially_shared_variants
GCF_000005845.2,b0908,aroA,GCF_036503815.1,AABJ99_RS15175,aroA,comparable,8,23,5,18,5,0,3,0,0,0,partially_shared_variants
GCF_000005845.2,b0909,ycaL,GCF_036503815.1,AABJ99_RS15170,ycaL,comparable,1,18,0,18,0,0,1,0,0,0,reference_allele_difference
GCF_000005845.2,b0910,cmk,GCF_036503815.1,AABJ99_RS15165,cmk,comparable,0,10,0,10,0,0,0,0,0,0,different_variants_in_same_gene
GCF_000005845.2,b0911,rpsA,GCF_036503815.1,AABJ99_RS15160,rpsA,comparable,2,5,0,5,0,0,2,0,0,0,reference_allele_difference
GCF_000005845.2,b0912,ihfB,GCF_036503815.1,AABJ99_RS15155,ihfB,comparable,0,1,0,1,0,0,0,0,0,0,different_variants_in_same_gene
GCF_000005845.2,b0913,ycaI,GCF_036503815.1,AABJ99_RS15150,ycaI,comparable,1,107,1,106,1,0,0,0,0,0,partially_shared_variants
GCF_000005845.2,b0914,msbA,GCF_036503815.1,AABJ99_RS15145,msbA,comparable,0,48,0,48,0,0,0,0,0,0,different_variants_in_same_gene
GCF_000005845.2,b0915,lpxK,GCF_036503815.1,AABJ99_RS15140,lpxK,comparable,0,27,0,27,0,0,0,0,0,0,different_variants_in_same_gene
GCF_000005845.2,b0916,ycaQ,GCF_036503815.1,AABJ99_RS15135,ycaQ,comparable,0,28,0,28,0,0,0,0,0,0,different_variants_in_same_gene
GCF_000005845.2,b0917,ycaR,GCF_036503815.1,AABJ99_RS15130,ycaR,comparable,0,2,0,2,0,0,0,0,0,0,different_variants_in_same_gene
GCF_000005845.2,b0918,kdsB,GCF_036503815.1,AABJ99_RS15125,kdsB,comparable,0,21,0,21,0,0,0,0,0,0,different_variants_in_same_gene
GCF_000005845.2,b0919,ycbJ,GCF_036503815.1,AABJ99_RS15120,ycbJ,comparable,0,13,0,13,0,0,0,0,0,0,different_variants_in_same_gene
GCF_000005845.2,b0920,elyC,GCF_036503815.1,AABJ99_RS15115,elyC,comparable,0,16,0,16,0,0,0,0,0,0,different_variants_in_same_gene
GCF_000005845.2,b0921,cmoM,GCF_036503815.1,AABJ99_RS15110,cmoM,comparable,3,10,1,9,1,0,2,0,0,0,partially_shared_variants
GCF_000005845.2,b0922,mukF,GCF_036503815.1,AABJ99_RS15105,mukF,comparable,0,23,0,23,0,0,0,0,0,0,different_variants_in_same_gene
GCF_000005845.2,b0923,mukE,GCF_036503815.1,AABJ99_RS15100,mukE,comparable,5,10,1,9,1,0,4,0,0,0,partially_shared_variants
GCF_000005845.2,b0924,mukB,GCF_036503815.1,AABJ99_RS15095,mukB,comparable,16,188,7,181,7,0,9,0,0,0,partially_shared_variants
GCF_000005845.2,b0925,ldtD,GCF_036503815.1,AABJ99_RS15090,ldtD,comparable,2,61,0,61,0,0,2,0,0,0,reference_allele_difference
GCF_000005845.2,b0926,mepK,GCF_036503815.1,AABJ99_RS15085,mepK,comparable,1,8,0,8,0,0,1,0,0,0,reference_allele_difference
GCF_000005845.2,b0927,gloC,GCF_036503815.1,AABJ99_RS15080,gloC,comparable,0,11,0,11,0,0,0,0,0,0,different_variants_in_same_gene
GCF_000005845.2,b0928,aspC,GCF_036503815.1,AABJ99_RS15075,aspC,comparable,0,13,0,13,0,0,0,0,0,0,different_variants_in_same_gene
GCF_000005845.2,b0929,ompF,GCF_036503815.1,AABJ99_RS15070,ompF,comparable,9,14,6,8,6,0,3,0,0,0,partially_shared_variants
GCF_000005845.2,b0930,asnS,GCF_036503815.1,AABJ99_RS15065,asnS,comparable,2,24,1,23,1,0,1,0,0,0,partially_shared_variants
GCF_000005845.2,b0931,pncB,GCF_036503815.1,AABJ99_RS15060,pncB,comparable,5,39,4,35,4,0,1,0,0,0,partially_shared_variants
GCF_000005845.2,b0932,pepN,GCF_036503815.1,AABJ99_RS15055,pepN,comparable,11,115,6,109,6,1,4,0,0,0,partially_shared_variants
GCF_000005845.2,b0933,ssuB,GCF_036503815.1,AABJ99_RS15050,ssuB,comparable,0,29,0,29,0,0,0,0,0,0,different_variants_in_same_gene
GCF_000005845.2,b0934,ssuC,GCF_036503815.1,AABJ99_RS15045,ssuC,comparable,0,30,0,30,0,0,0,0,0,0,different_variants_in_same_gene
GCF_000005845.2,b0937,ssuE,GCF_036503815.1,AABJ99_RS15030,ssuE,comparable,9,32,7,25,7,0,2,0,0,0,partially_shared_variants
GCF_000005845.2,b0945,pyrD,GCF_036503815.1,AABJ99_RS15025,pyrD,comparable,0,16,0,16,0,0,0,0,0,0,different_variants_in_same_gene
GCF_000005845.2,b0946,zapC,GCF_036503815.1,AABJ99_RS15020,zapC,comparable,0,15,0,15,0,0,0,0,0,0,different_variants_in_same_gene
GCF_000005845.2,b0947,ycbX,GCF_036503815.1,AABJ99_RS15015,ycbX,comparable,0,39,0,39,0,0,0,0,0,0,different_variants_in_same_gene
GCF_000005845.2,b0948,rlmL,GCF_036503815.1,AABJ99_RS15010,rlmKL,comparable,1,57,1,56,1,0,0,0,0,0,partially_shared_variants
GCF_000005845.2,b0949,uup,GCF_036503815.1,AABJ99_RS15005,uup,comparable,0,67,0,67,0,0,0,0,0,0,different_variants_in_same_gene
GCF_000005845.2,b0950,pqiA,GCF_036503815.1,AABJ99_RS15000,pqiA,comparable,1,34,1,33,1,0,0,0,0,0,partially_shared_variants
GCF_000005845.2,b0951,pqiB,GCF_036503815.1,AABJ99_RS14995,pqiB,comparable,1,45,0,45,0,0,1,0,0,0,reference_allele_difference
GCF_000005845.2,b0952,pqiC,GCF_036503815.1,AABJ99_RS14990,pqiC,comparable,1,13,1,12,1,0,0,0,0,0,partially_shared_variants
GCF_000005845.2,b0953,rmf,GCF_036503815.1,AABJ99_RS14985,rmf,comparable,1,1,1,0,1,0,0,0,0,0,same_exact_variants
GCF_000005845.2,b0954,fabA,GCF_036503815.1,AABJ99_RS14980,fabA,comparable,0,8,0,8,0,0,0,0,0,0,different_variants_in_same_gene
GCF_000005845.2,b0955,ycbZ,GCF_036503815.1,AABJ99_RS14975,ycbZ,comparable,3,35,1,34,1,0,2,0,0,0,partially_shared_variants
GCF_000005845.2,b0956,matP,GCF_036503815.1,AABJ99_RS14970,matP,comparable,0,7,0,7,0,0,0,0,0,0,different_variants_in_same_gene
GCF_000005845.2,b0957,ompA,GCF_036503815.1,AABJ99_RS14965,ompA,comparable,1,25,0,25,0,0,1,0,0,0,reference_allele_difference
GCF_000005845.2,b0958,sulA,GCF_036503815.1,AABJ99_RS14960,sulA,comparable,0,2,0,2,0,0,0,0,0,0,different_variants_in_same_gene
GCF_000005845.2,b0959,sxy,GCF_036503815.1,AABJ99_RS14955,sxy,comparable,0,4,0,4,0,0,0,0,0,0,different_variants_in_same_gene
GCF_000005845.2,b0960,yccS,GCF_036503815.1,AABJ99_RS14950,yccS,comparable,0,43,0,43,0,0,0,0,0,0,different_variants_in_same_gene
GCF_000005845.2,b0961,yccF,GCF_036503815.1,AABJ99_RS14945,yccF,comparable,0,3,0,3,0,0,0,0,0,0,different_variants_in_same_gene
GCF_000005845.2,b0962,helD,GCF_036503815.1,AABJ99_RS14940,helD,comparable,0,74,0,74,0,0,0,0,0,0,different_variants_in_same_gene
GCF_000005845.2,b0963,mgsA,GCF_036503815.1,AABJ99_RS14935,mgsA,comparable,0,8,0,8,0,0,0,0,0,0,different_variants_in_same_gene
GCF_000005845.2,b0964,csgI,GCF_036503815.1,AABJ99_RS14930,csgI,comparable,0,8,0,8,0,0,0,0,0,0,different_variants_in_same_gene
GCF_000005845.2,b0965,yccU,GCF_036503815.1,AABJ99_RS14925,yccU,comparable,2,8,1,7,1,0,1,0,0,0,partially_shared_variants
GCF_000005845.2,b0966,hspQ,GCF_036503815.1,AABJ99_RS14920,hspQ,comparable,0,2,0,2,0,0,0,0,0,0,different_variants_in_same_gene
GCF_000005845.2,b0967,rlmI,GCF_036503815.1,AABJ99_RS14915,rlmI,comparable,0,42,0,42,0,0,0,0,0,0,different_variants_in_same_gene
GCF_000005845.2,b0968,yccX,GCF_036503815.1,AABJ99_RS14910,yccX,comparable,0,13,0,13,0,0,0,0,0,0,different_variants_in_same_gene
GCF_000005845.2,b0969,tusE,GCF_036503815.1,AABJ99_RS14905,tusE,comparable,2,7,2,5,2,0,0,0,0,0,partially_shared_variants
GCF_000005845.2,b0970,yccA,GCF_036503815.1,AABJ99_RS14900,yccA,comparable,1,11,1,10,1,0,0,0,0,0,partially_shared_variants
GCF_000005845.2,b0972,hyaA,GCF_036503815.1,AABJ99_RS14890,hyaA,comparable,0,42,0,42,0,0,0,0,0,0,different_variants_in_same_gene
GCF_000005845.2,b0973,hyaB,GCF_036503815.1,AABJ99_RS14885,hyaB,comparable,0,75,0,75,0,0,0,0,0,0,different_variants_in_same_gene
GCF_000005845.2,b0974,hyaC,GCF_036503815.1,AABJ99_RS14880,hyaC,comparable,0,27,0,27,0,0,0,0,0,0,different_variants_in_same_gene
GCF_000005845.2,b0975,hyaD,GCF_036503815.1,AABJ99_RS14875,hyaD,comparable,0,35,0,35,0,0,0,0,0,0,different_variants_in_same_gene
GCF_000005845.2,b0976,hyaE,GCF_036503815.1,AABJ99_RS14870,hyaE,comparable,0,22,0,22,0,0,0,0,0,0,different_variants_in_same_gene
GCF_000005845.2,b0977,hyaF,GCF_036503815.1,AABJ99_RS14865,hyaF,comparable,0,43,0,43,0,0,0,0,0,0,different_variants_in_same_gene
GCF_000005845.2,b0978,appC,GCF_036503815.1,AABJ99_RS14860,appC,comparable,1,23,0,23,0,0,1,0,0,0,reference_allele_difference
GCF_000005845.2,b0979,appB,GCF_036503815.1,AABJ99_RS14855,appB,comparable,0,26,0,26,0,0,0,0,0,0,different_variants_in_same_gene
GCF_000005845.2,b4592,appX,GCF_036503815.1,AABJ99_RS14850,cbdX,comparable,0,0,0,0,0,0,0,0,0,0,same_exact_variants
GCF_000005845.2,b0980,appA,GCF_036503815.1,AABJ99_RS14845,appA,comparable,5,38,3,35,3,0,2,0,0,0,partially_shared_variants
GCF_000005845.2,b0982,etp,GCF_036503815.1,AABJ99_RS14835,etp,comparable,4,6,2,4,2,0,2,0,0,0,partially_shared_variants
GCF_000005845.2,b0991,ymcE,GCF_036503815.1,AABJ99_RS14820,ymcE,comparable,0,3,0,3,0,0,0,0,0,0,different_variants_in_same_gene
GCF_000005845.2,b0992,yccM,GCF_036503815.1,AABJ99_RS14810,yccM,comparable,4,27,3,24,3,0,1,0,0,0,partially_shared_variants
GCF_000005845.2,b0994,torT,GCF_036503815.1,AABJ99_RS14700,torT,comparable,3,46,2,44,2,0,1,0,0,0,partially_shared_variants
GCF_000005845.2,b0995,torR,GCF_036503815.1,AABJ99_RS14695,torR,comparable,1,30,0,30,0,0,1,0,0,0,reference_allele_difference
GCF_000005845.2,b0996,torC,GCF_036503815.1,AABJ99_RS14690,torC,comparable,1,42,1,41,1,0,0,0,0,0,partially_shared_variants
GCF_000005845.2,b0997,torA,GCF_036503815.1,AABJ99_RS14685,torA,comparable,2,95,2,93,2,0,0,0,0,0,partially_shared_variants
GCF_000005845.2,b0998,torD,GCF_036503815.1,AABJ99_RS14680,torD,comparable,5,33,3,30,3,1,1,0,0,0,partially_shared_variants
GCF_000005845.2,b0999,cbpM,GCF_036503815.1,AABJ99_RS14675,cbpM,comparable,0,8,0,8,0,0,0,0,0,0,different_variants_in_same_gene
GCF_000005845.2,b1000,cbpA,GCF_036503815.1,AABJ99_RS14670,cbpA,comparable,0,27,0,27,0,0,0,0,0,0,different_variants_in_same_gene
GCF_000005845.2,b1002,agp,GCF_036503815.1,AABJ99_RS14660,agp,comparable,19,79,11,68,11,0,8,0,0,0,partially_shared_variants
GCF_000005845.2,b1003,yccJ,GCF_036503815.1,AABJ99_RS14655,yccJ,comparable,4,3,3,0,3,0,1,0,0,0,partially_shared_variants
GCF_000005845.2,b1004,wrbA,GCF_036503815.1,AABJ99_RS14650,wrbA,comparable,9,11,7,4,7,0,2,0,0,0,partially_shared_variants
GCF_000005845.2,b1006,rutG,GCF_036503815.1,AABJ99_RS14635,rutG,comparable,23,45,10,35,10,0,13,0,0,0,partially_shared_variants
GCF_000005845.2,b1007,rutF,GCF_036503815.1,AABJ99_RS14630,rutF,comparable,9,6,3,3,3,0,6,0,0,0,partially_shared_variants
GCF_000005845.2,b1008,rutE,GCF_036503815.1,AABJ99_RS14625,rutE,comparable,18,31,12,19,12,0,6,0,0,0,partially_shared_variants
GCF_000005845.2,b1010,rutC,GCF_036503815.1,AABJ99_RS14615,rutC,comparable,0,12,0,12,0,0,0,0,0,0,different_variants_in_same_gene
GCF_000005845.2,b1011,rutB,GCF_036503815.1,AABJ99_RS14610,rutB,comparable,11,33,8,25,8,0,3,0,0,0,partially_shared_variants
GCF_000005845.2,b1012,rutA,GCF_036503815.1,AABJ99_RS14605,rutA,comparable,19,41,9,32,11,0,8,0,0,0,partially_shared_variants
GCF_000005845.2,b1013,rutR,GCF_036503815.1,AABJ99_RS14600,rutR,comparable,2,25,1,24,1,0,1,0,0,0,partially_shared_variants
GCF_000005845.2,b1014,putA,GCF_036503815.1,AABJ99_RS14595,putA,comparable,75,198,36,162,36,4,34,0,1,0,partially_shared_variants
GCF_000005845.2,b1015,putP,GCF_036503815.1,AABJ99_RS14585,putP,comparable,38,69,19,50,19,0,19,0,0,0,partially_shared_variants
GCF_000005845.2,b1018,efeO,GCF_036503815.1,AABJ99_RS14575,efeO,comparable,0,46,0,46,0,0,0,0,0,0,different_variants_in_same_gene
GCF_000005845.2,b1019,efeB,GCF_036503815.1,AABJ99_RS14570,efeB,comparable,1,62,1,61,1,0,0,0,0,0,partially_shared_variants
GCF_000005845.2,b1020,phoH,GCF_036503815.1,AABJ99_RS14565,phoH,comparable,0,15,0,15,0,0,0,0,0,0,different_variants_in_same_gene
GCF_000005845.2,b1021,pgaD,GCF_036503815.1,AABJ99_RS14560,pgaD,comparable,0,5,0,5,0,0,0,0,0,0,different_variants_in_same_gene
GCF_000005845.2,b1023,pgaB,GCF_036503815.1,AABJ99_RS14550,pgaB,comparable,0,22,0,22,0,0,0,0,0,0,different_variants_in_same_gene
GCF_000005845.2,b1024,pgaA,GCF_036503815.1,AABJ99_RS14545,pgaA,comparable,0,54,0,54,0,0,0,0,0,0,different_variants_in_same_gene
GCF_000005845.2,b1033,ghrA,GCF_036503815.1,AABJ99_RS14525,ghrA,comparable,2,21,2,19,2,0,0,0,0,0,partially_shared_variants
GCF_000005845.2,b1034,ycdX,GCF_036503815.1,AABJ99_RS14520,ycdX,comparable,7,30,5,25,5,0,2,0,0,0,partially_shared_variants
GCF_000005845.2,b1035,ycdY,GCF_036503815.1,AABJ99_RS14515,ycdY,comparable,14,12,6,6,6,0,8,0,0,0,partially_shared_variants
GCF_000005845.2,b1036,ycdZ,GCF_036503815.1,AABJ99_RS14510,ycdZ,comparable,0,11,0,11,0,0,0,0,0,0,different_variants_in_same_gene
GCF_000005845.2,b1037,csgG,GCF_036503815.1,AABJ99_RS14505,csgG,comparable,0,22,0,22,0,0,0,0,0,0,different_variants_in_same_gene
GCF_000005845.2,b1038,csgF,GCF_036503815.1,AABJ99_RS14500,csgF,comparable,0,14,0,14,0,0,0,0,0,0,different_variants_in_same_gene
GCF_000005845.2,b1039,csgE,GCF_036503815.1,AABJ99_RS14495,csgE,comparable,0,8,0,8,0,0,0,0,0,0,different_variants_in_same_gene
GCF_000005845.2,b1040,csgD,GCF_036503815.1,AABJ99_RS14490,csgD,comparable,2,7,1,6,1,0,1,0,0,0,partially_shared_variants
GCF_000005845.2,b1041,csgB,GCF_036503815.1,AABJ99_RS14485,csgB,comparable,0,1,0,1,0,0,0,0,0,0,different_variants_in_same_gene
GCF_000005845.2,b1042,csgA,GCF_036503815.1,AABJ99_RS14480,csgA,comparable,0,26,0,26,0,0,0,0,0,0,different_variants_in_same_gene
GCF_000005845.2,b1043,csgC,GCF_036503815.1,AABJ99_RS14475,csgC,comparable,2,4,1,3,1,0,1,0,0,0,partially_shared_variants
GCF_000005845.2,b1044,ymdA,GCF_036503815.1,AABJ99_RS14470,ymdA,comparable,1,8,1,7,1,0,0,0,0,0,partially_shared_variants
GCF_000005845.2,b1045,ymdB,GCF_036503815.1,AABJ99_RS14465,ymdB,comparable,1,8,1,7,1,0,0,0,0,0,partially_shared_variants
GCF_000005845.2,b1046,clsC,GCF_036503815.1,AABJ99_RS14460,clsC,comparable,0,37,0,37,0,0,0,0,0,0,different_variants_in_same_gene
GCF_000005845.2,b1047,opgC,GCF_036503815.1,AABJ99_RS14455,mdoC,comparable,0,27,0,27,0,0,0,0,0,0,different_variants_in_same_gene
GCF_000005845.2,b1048,opgG,GCF_036503815.1,AABJ99_RS14450,mdoG,comparable,1,27,1,26,1,0,0,0,0,0,partially_shared_variants
GCF_000005845.2,b1049,opgH,GCF_036503815.1,AABJ99_RS14445,mdoH,comparable,0,63,0,63,0,0,0,0,0,0,different_variants_in_same_gene
GCF_000005845.2,b1050,yceK,GCF_036503815.1,AABJ99_RS14440,yceK,comparable,0,7,0,7,0,0,0,0,0,0,different_variants_in_same_gene
GCF_000005845.2,b1051,msyB,GCF_036503815.1,AABJ99_RS14435,msyB,comparable,0,4,0,4,0,0,0,0,0,0,different_variants_in_same_gene
GCF_000005845.2,b1053,mdtG,GCF_036503815.1,AABJ99_RS14430,mdtG,comparable,0,43,0,43,0,0,0,0,0,0,different_variants_in_same_gene
GCF_000005845.2,b1054,lpxL,GCF_036503815.1,AABJ99_RS14425,lpxL,comparable,0,24,0,24,0,0,0,0,0,0,different_variants_in_same_gene
GCF_000005845.2,b1055,trhO,GCF_036503815.1,AABJ99_RS14420,trhO,comparable,1,39,1,38,1,0,0,0,0,0,partially_shared_variants
GCF_000005845.2,b1056,yceI,GCF_036503815.1,AABJ99_RS14415,yceI,comparable,0,20,0,20,0,0,0,0,0,0,different_variants_in_same_gene
GCF_000005845.2,b1057,yceJ,GCF_036503815.1,AABJ99_RS14410,yceJ,comparable,0,11,0,11,0,0,0,0,0,0,different_variants_in_same_gene
GCF_000005845.2,b1058,yceO,GCF_036503815.1,AABJ99_RS14405,AABJ99_RS14405,comparable,0,3,0,3,0,0,0,0,0,0,different_variants_in_same_gene
GCF_000005845.2,b1059,solA,GCF_036503815.1,AABJ99_RS14400,solA,comparable,1,36,1,35,1,0,0,0,0,0,partially_shared_variants
GCF_000005845.2,b1060,bssS,GCF_036503815.1,AABJ99_RS14395,bssS,comparable,1,1,0,1,0,0,1,0,0,0,reference_allele_difference
GCF_000005845.2,b1061,dinI,GCF_036503815.1,AABJ99_RS14390,dinI,comparable,2,0,0,0,0,0,2,0,0,0,reference_allele_difference
GCF_000005845.2,b1062,pyrC,GCF_036503815.1,AABJ99_RS14385,pyrC,comparable,16,39,9,30,9,0,7,0,0,0,partially_shared_variants
GCF_000005845.2,b1063,yceB,GCF_036503815.1,AABJ99_RS14380,yceB,comparable,4,14,2,12,2,0,2,0,0,0,partially_shared_variants
GCF_000005845.2,b1064,grxB,GCF_036503815.1,AABJ99_RS14375,grxB,comparable,5,14,3,11,3,0,2,0,0,0,partially_shared_variants
GCF_000005845.2,b1065,mdtH,GCF_036503815.1,AABJ99_RS14370,mdtH,comparable,25,64,12,52,12,0,13,0,0,0,partially_shared_variants
GCF_000005845.2,b1066,rimJ,GCF_036503815.1,AABJ99_RS14365,rimJ,comparable,0,11,0,11,0,0,0,0,0,0,different_variants_in_same_gene
GCF_000005845.2,b1067,yceH,GCF_036503815.1,AABJ99_RS14360,yceH,comparable,0,21,0,21,0,0,0,0,0,0,different_variants_in_same_gene
GCF_000005845.2,b1068,yceM,GCF_036503815.1,AABJ99_RS14355,yceM,comparable,0,42,0,42,0,0,0,0,0,0,different_variants_in_same_gene
GCF_000005845.2,b1069,murJ,GCF_036503815.1,AABJ99_RS14350,murJ,comparable,2,56,2,54,2,0,0,0,0,0,partially_shared_variants
GCF_000005845.2,b1070,flgN,GCF_036503815.1,AABJ99_RS14345,flgN,comparable,0,20,0,20,0,0,0,0,0,0,different_variants_in_same_gene
GCF_000005845.2,b1071,flgM,GCF_036503815.1,AABJ99_RS14340,flgM,comparable,0,9,0,9,0,0,0,0,0,0,different_variants_in_same_gene
GCF_000005845.2,b1072,flgA,GCF_036503815.1,AABJ99_RS14335,flgA,comparable,0,34,0,34,0,0,0,0,0,0,different_variants_in_same_gene
GCF_000005845.2,b1073,flgB,GCF_036503815.1,AABJ99_RS14330,flgB,comparable,3,9,3,6,3,0,0,0,0,0,partially_shared_variants
GCF_000005845.2,b1074,flgC,GCF_036503815.1,AABJ99_RS14325,flgC,comparable,5,10,2,8,2,0,3,0,0,0,partially_shared_variants
GCF_000005845.2,b1075,flgD,GCF_036503815.1,AABJ99_RS14320,flgD,comparable,2,17,1,16,1,0,1,0,0,0,partially_shared_variants
GCF_000005845.2,b1076,flgE,GCF_036503815.1,AABJ99_RS14315,flgE,comparable,6,28,3,25,3,0,3,0,0,0,partially_shared_variants
GCF_000005845.2,b1077,flgF,GCF_036503815.1,AABJ99_RS14310,flgF,comparable,0,32,0,32,0,0,0,0,0,0,different_variants_in_same_gene
GCF_000005845.2,b1078,flgG,GCF_036503815.1,AABJ99_RS14305,flgG,comparable,0,23,0,23,0,0,0,0,0,0,different_variants_in_same_gene
GCF_000005845.2,b1079,flgH,GCF_036503815.1,AABJ99_RS14300,flgH,comparable,3,14,3,11,3,0,0,0,0,0,partially_shared_variants
GCF_000005845.2,b1080,flgI,GCF_036503815.1,AABJ99_RS14295,flgI,comparable,0,30,0,30,0,0,0,0,0,0,different_variants_in_same_gene
GCF_000005845.2,b1081,flgJ,GCF_036503815.1,AABJ99_RS14290,flgJ,comparable,0,25,0,25,0,0,0,0,0,0,different_variants_in_same_gene
GCF_000005845.2,b1082,flgK,GCF_036503815.1,AABJ99_RS14285,flgK,comparable,3,43,0,43,0,0,3,0,0,0,reference_allele_difference
GCF_000005845.2,b1083,flgL,GCF_036503815.1,AABJ99_RS14280,flgL,comparable,23,38,11,27,11,0,12,0,0,0,partially_shared_variants
GCF_000005845.2,b1084,rne,GCF_036503815.1,AABJ99_RS14275,rne,comparable,30,122,16,106,16,0,14,0,0,0,partially_shared_variants
GCF_000005845.2,b1086,rluC,GCF_036503815.1,AABJ99_RS14270,rluC,comparable,0,23,0,23,0,0,0,0,0,0,different_variants_in_same_gene
GCF_000005845.2,b1087,yceF,GCF_036503815.1,AABJ99_RS14265,yceF,comparable,0,6,0,6,0,0,0,0,0,0,different_variants_in_same_gene
GCF_000005845.2,b1088,yceD,GCF_036503815.1,AABJ99_RS14260,yceD,comparable,0,0,0,0,0,0,0,0,0,0,same_exact_variants
GCF_000005845.2,b1089,rpmF,GCF_036503815.1,AABJ99_RS14255,rpmF,comparable,0,0,0,0,0,0,0,0,0,0,same_exact_variants
GCF_000005845.2,b1090,plsX,GCF_036503815.1,AABJ99_RS14250,plsX,comparable,4,6,1,5,1,0,3,0,0,0,partially_shared_variants
GCF_000005845.2,b1091,fabH,GCF_036503815.1,AABJ99_RS14245,fabH,comparable,12,23,3,20,3,0,9,0,0,0,partially_shared_variants
GCF_000005845.2,b1092,fabD,GCF_036503815.1,AABJ99_RS14240,fabD,comparable,5,27,2,25,2,0,3,0,0,0,partially_shared_variants
GCF_000005845.2,b1093,fabG,GCF_036503815.1,AABJ99_RS14235,fabG,comparable,3,8,3,5,3,0,0,0,0,0,partially_shared_variants
GCF_000005845.2,b1094,acpP,GCF_036503815.1,AABJ99_RS14230,acpP,comparable,0,0,0,0,0,0,0,0,0,0,same_exact_variants
GCF_000005845.2,b1095,fabF,GCF_036503815.1,AABJ99_RS14225,fabF,comparable,8,27,5,22,5,0,3,0,0,0,partially_shared_variants
GCF_000005845.2,b1096,pabC,GCF_036503815.1,AABJ99_RS14220,pabC,comparable,11,22,6,16,6,0,5,0,0,0,partially_shared_variants
GCF_000005845.2,b1097,mltG,GCF_036503815.1,AABJ99_RS14215,yceG,comparable,18,20,12,8,12,0,6,0,0,0,partially_shared_variants
GCF_000005845.2,b1098,tmk,GCF_036503815.1,AABJ99_RS14210,tmk,comparable,5,9,2,7,2,0,3,0,0,0,partially_shared_variants
GCF_000005845.2,b1099,holB,GCF_036503815.1,AABJ99_RS14205,holB,comparable,13,28,5,23,5,0,8,0,0,0,partially_shared_variants
GCF_000005845.2,b1100,ycfH,GCF_036503815.1,AABJ99_RS14200,ycfH,comparable,6,18,5,13,5,0,1,0,0,0,partially_shared_variants
GCF_000005845.2,b1101,ptsG,GCF_036503815.1,AABJ99_RS14195,ptsG,comparable,1,15,1,14,1,0,0,0,0,0,partially_shared_variants
GCF_000005845.2,b1102,fhuE,GCF_036503815.1,AABJ99_RS14190,fhuE,comparable,8,39,5,34,5,0,3,0,0,0,partially_shared_variants
GCF_000005845.2,b1103,hinT,GCF_036503815.1,AABJ99_RS14185,hinT,comparable,3,7,1,6,1,0,2,0,0,0,partially_shared_variants
GCF_000005845.2,b1104,ycfL,GCF_036503815.1,AABJ99_RS14180,ycfL,comparable,3,7,1,6,1,0,2,0,0,0,partially_shared_variants
GCF_000005845.2,b1105,lpoB,GCF_036503815.1,AABJ99_RS14175,lpoB,comparable,5,17,2,15,2,0,3,0,0,0,partially_shared_variants
GCF_000005845.2,b1106,thiK,GCF_036503815.1,AABJ99_RS14170,thiK,comparable,5,16,4,12,4,0,1,0,0,0,partially_shared_variants
GCF_000005845.2,b1107,nagZ,GCF_036503815.1,AABJ99_RS14165,nagZ,comparable,5,43,2,41,2,0,3,0,0,0,partially_shared_variants
GCF_000005845.2,b1108,ycfP,GCF_036503815.1,AABJ99_RS14160,ycfP,comparable,5,17,2,15,2,0,3,0,0,0,partially_shared_variants
GCF_000005845.2,b1109,ndh,GCF_036503815.1,AABJ99_RS14155,ndh,comparable,10,36,7,29,7,0,3,0,0,0,partially_shared_variants
GCF_000005845.2,b1110,ycfJ,GCF_036503815.1,AABJ99_RS14150,ycfJ,comparable,4,9,2,7,2,0,2,0,0,0,partially_shared_variants
GCF_000005845.2,b1111,comR,GCF_036503815.1,AABJ99_RS14145,comR,comparable,2,15,1,14,1,0,1,0,0,0,partially_shared_variants
GCF_000005845.2,b1112,bhsA,GCF_036503815.1,AABJ99_RS14140,bhsA,comparable,1,3,1,2,1,0,0,0,0,0,partially_shared_variants
GCF_000005845.2,b1113,ldtC,GCF_036503815.1,AABJ99_RS14135,ldtC,comparable,7,34,4,30,4,0,3,0,0,0,partially_shared_variants
GCF_000005845.2,b1114,mfd,GCF_036503815.1,AABJ99_RS14130,mfd,comparable,48,124,24,100,24,1,23,0,0,0,partially_shared_variants
GCF_000005845.2,b1115,ycfT,GCF_036503815.1,AABJ99_RS14125,ycfT,comparable,13,58,8,50,8,0,5,0,0,0,partially_shared_variants
GCF_000005845.2,b1116,lolC,GCF_036503815.1,AABJ99_RS14120,lolC,comparable,19,38,7,31,7,0,12,0,0,0,partially_shared_variants
GCF_000005845.2,b1117,lolD,GCF_036503815.1,AABJ99_RS14115,lolD,comparable,25,22,9,13,9,0,16,0,0,0,partially_shared_variants
GCF_000005845.2,b1118,lolE,GCF_036503815.1,AABJ99_RS14110,lolE,comparable,29,40,20,20,20,0,9,0,0,0,partially_shared_variants
GCF_000005845.2,b1119,nagK,GCF_036503815.1,AABJ99_RS14105,nagK,comparable,3,15,1,14,1,0,2,0,0,0,partially_shared_variants
GCF_000005845.2,b1120,cobB,GCF_036503815.1,AABJ99_RS14100,cobB,comparable,1,15,1,14,1,0,0,0,0,0,partially_shared_variants
GCF_000005845.2,b1123,potD,GCF_036503815.1,AABJ99_RS14095,potD,comparable,15,27,7,20,7,0,8,0,0,0,partially_shared_variants
GCF_000005845.2,b1124,potC,GCF_036503815.1,AABJ99_RS14090,potC,comparable,5,23,4,19,4,0,1,0,0,0,partially_shared_variants
GCF_000005845.2,b1125,potB,GCF_036503815.1,AABJ99_RS14085,potB,comparable,14,15,4,11,4,0,10,0,0,0,partially_shared_variants
GCF_000005845.2,b1126,potA,GCF_036503815.1,AABJ99_RS14080,potA,comparable,17,33,15,18,15,0,2,0,0,0,partially_shared_variants
GCF_000005845.2,b1127,pepT,GCF_036503815.1,AABJ99_RS14075,pepT,comparable,14,30,10,20,10,0,4,0,0,0,partially_shared_variants
GCF_000005845.2,b1128,roxA,GCF_036503815.1,AABJ99_RS14070,roxA,comparable,27,34,10,24,10,0,17,0,0,0,partially_shared_variants
GCF_000005845.2,b1129,phoQ,GCF_036503815.1,AABJ99_RS14065,phoQ,comparable,10,35,8,27,8,0,2,0,0,0,partially_shared_variants
GCF_000005845.2,b1130,phoP,GCF_036503815.1,AABJ99_RS14060,phoP,comparable,6,19,1,18,1,0,5,0,0,0,partially_shared_variants
GCF_000005845.2,b1131,purB,GCF_036503815.1,AABJ99_RS14055,purB,comparable,25,52,15,37,15,0,10,0,0,0,partially_shared_variants
GCF_000005845.2,b1132,hflD,GCF_036503815.1,AABJ99_RS14050,hflD,comparable,5,24,0,24,0,0,5,0,0,0,reference_allele_difference
GCF_000005845.2,b1133,mnmA,GCF_036503815.1,AABJ99_RS14045,mnmA,comparable,1,41,1,40,1,0,0,0,0,0,partially_shared_variants
GCF_000005845.2,b1134,nudJ,GCF_036503815.1,AABJ99_RS14040,nudJ,comparable,11,28,8,20,8,0,3,0,0,0,partially_shared_variants
GCF_000005845.2,b1135,rluE,GCF_036503815.1,AABJ99_RS14035,rluE,comparable,15,33,9,24,9,0,6,0,0,0,partially_shared_variants
GCF_000005845.2,b1136,icd,GCF_036503815.1,AABJ99_RS14030,icd,comparable,11,48,5,43,5,0,6,0,0,0,partially_shared_variants
GCF_000005845.2,b1163,bluF,GCF_036503815.1,AABJ99_RS13990,bluF,comparable,10,68,0,68,0,0,0,0,0,10,unresolved_liftover
GCF_000005845.2,b1167,ymgC,GCF_036503815.1,AABJ99_RS13970,AABJ99_RS13970,comparable,0,12,0,12,0,0,0,0,0,0,different_variants_in_same_gene
GCF_000005845.2,b4520,ymgF,GCF_036503815.1,AABJ99_RS13960,ymgF,comparable,0,6,0,6,0,0,0,0,0,0,different_variants_in_same_gene
GCF_000005845.2,b1171,ymgD,GCF_036503815.1,AABJ99_RS13955,ymgD,comparable,1,5,0,5,0,0,0,0,0,1,unresolved_liftover
GCF_000005845.2,b1172,ymgG,GCF_036503815.1,AABJ99_RS13950,ymgG,comparable,0,15,0,15,0,0,0,0,0,0,different_variants_in_same_gene
GCF_000005845.2,b4593,ymgI,GCF_036503815.1,AABJ99_RS13945,AABJ99_RS13945,comparable,0,3,0,3,0,0,0,0,0,0,different_variants_in_same_gene
GCF_000005845.2,b1174,minE,GCF_036503815.1,AABJ99_RS13930,minE,comparable,0,5,0,5,0,0,0,0,0,0,different_variants_in_same_gene
GCF_000005845.2,b1175,minD,GCF_036503815.1,AABJ99_RS13925,minD,comparable,0,9,0,9,0,0,0,0,0,0,different_variants_in_same_gene
GCF_000005845.2,b1176,minC,GCF_036503815.1,AABJ99_RS13920,minC,comparable,0,10,0,10,0,0,0,0,0,0,different_variants_in_same_gene
GCF_000005845.2,b1177,ycgJ,GCF_036503815.1,AABJ99_RS13915,ycgJ,comparable,7,9,0,9,0,0,0,0,0,7,unresolved_liftover
GCF_000005845.2,b1178,pliG,GCF_036503815.1,AABJ99_RS13910,pliG,comparable,5,12,0,12,0,0,0,0,0,5,unresolved_liftover
GCF_000005845.2,b1179,ycgL,GCF_036503815.1,AABJ99_RS13905,AABJ99_RS13905,comparable,3,8,0,8,0,0,0,0,0,3,unresolved_liftover
GCF_000005845.2,b1180,ycgM,GCF_036503815.1,AABJ99_RS13900,ycgM,comparable,4,19,0,19,0,0,0,0,0,4,unresolved_liftover
GCF_000005845.2,b1181,ycgN,GCF_036503815.1,AABJ99_RS13895,ycgN,comparable,3,11,0,11,0,0,0,0,0,3,unresolved_liftover
GCF_000005845.2,b1183,umuD,GCF_036503815.1,AABJ99_RS13885,umuD,comparable,2,8,0,8,0,0,0,0,0,2,unresolved_liftover
GCF_000005845.2,b1184,umuC,GCF_036503815.1,AABJ99_RS13880,umuC,comparable,6,28,0,28,0,0,0,0,0,6,unresolved_liftover
GCF_000005845.2,b1185,dsbB,GCF_036503815.1,AABJ99_RS13875,dsbB,comparable,0,13,0,13,0,0,0,0,0,0,different_variants_in_same_gene
GCF_000005845.2,b1187,fadR,GCF_036503815.1,AABJ99_RS13865,fadR,comparable,0,11,0,11,0,0,0,0,0,0,different_variants_in_same_gene
GCF_000005845.2,b1188,ycgB,GCF_036503815.1,AABJ99_RS13860,ycgB,comparable,14,54,0,54,0,0,0,0,0,14,unresolved_liftover
GCF_000005845.2,b1189,dadA,GCF_036503815.1,AABJ99_RS13855,dadA,comparable,0,55,0,55,0,0,0,0,0,0,different_variants_in_same_gene
GCF_000005845.2,b1190,dadX,GCF_036503815.1,AABJ99_RS13850,dadX,comparable,2,53,0,53,0,0,0,0,0,2,unresolved_liftover
GCF_000005845.2,b4740,ymgM,GCF_036503815.1,AABJ99_RS25035,AABJ99_RS25035,comparable,0,1,0,1,0,0,0,0,0,0,different_variants_in_same_gene
GCF_000005845.2,b1192,ldcA,GCF_036503815.1,AABJ99_RS13830,ldcA,comparable,1,41,0,41,0,0,0,0,0,1,unresolved_liftover
GCF_000005845.2,b1193,emtA,GCF_036503815.1,AABJ99_RS13825,emtA,comparable,0,13,0,13,0,0,0,0,0,0,different_variants_in_same_gene
GCF_000005845.2,b1194,ycgR,GCF_036503815.1,AABJ99_RS13820,ycgR,comparable,0,19,0,19,0,0,0,0,0,0,different_variants_in_same_gene
GCF_000005845.2,b1195,ymgE,GCF_036503815.1,AABJ99_RS13815,ymgE,comparable,1,7,0,7,0,0,0,0,0,1,unresolved_liftover
GCF_000005845.2,b1197,treA,GCF_036503815.1,AABJ99_RS13780,treA,comparable,0,35,0,35,0,0,0,0,0,0,different_variants_in_same_gene
GCF_000005845.2,b1198,dhaM,GCF_036503815.1,AABJ99_RS13775,dhaM,comparable,0,67,0,67,0,0,0,0,0,0,different_variants_in_same_gene
GCF_000005845.2,b1199,dhaL,GCF_036503815.1,AABJ99_RS13770,dhaL,comparable,0,26,0,26,0,0,0,0,0,0,different_variants_in_same_gene
GCF_000005845.2,b1201,dhaR,GCF_036503815.1,AABJ99_RS13760,dhaR,comparable,1,55,0,55,0,0,1,0,0,0,reference_allele_difference
GCF_000005845.2,b1203,ychF,GCF_036503815.1,AABJ99_RS13750,ychF,comparable,1,26,1,25,1,0,0,0,0,0,partially_shared_variants
GCF_000005845.2,b1204,pth,GCF_036503815.1,AABJ99_RS13745,pth,comparable,0,12,0,12,0,0,0,0,0,0,different_variants_in_same_gene
GCF_000005845.2,b1205,ychH,GCF_036503815.1,AABJ99_RS13740,ychH,comparable,1,1,1,0,1,0,0,0,0,0,same_exact_variants
GCF_000005845.2,b1206,dauA,GCF_036503815.1,AABJ99_RS13735,dauA,comparable,13,59,7,52,7,0,6,0,0,0,partially_shared_variants
GCF_000005845.2,b1207,prs,GCF_036503815.1,AABJ99_RS13730,prs,comparable,1,7,0,7,0,0,1,0,0,0,reference_allele_difference
GCF_000005845.2,b1208,ispE,GCF_036503815.1,AABJ99_RS13725,ispE,comparable,13,30,8,22,8,0,5,0,0,0,partially_shared_variants
GCF_000005845.2,b1209,lolB,GCF_036503815.1,AABJ99_RS13720,lolB,comparable,9,26,2,24,2,0,7,0,0,0,partially_shared_variants
GCF_000005845.2,b1210,hemA,GCF_036503815.1,AABJ99_RS13715,hemA,comparable,13,57,8,49,8,1,4,0,0,0,partially_shared_variants
GCF_000005845.2,b1211,prfA,GCF_036503815.1,AABJ99_RS13710,prfA,comparable,10,23,5,18,5,0,5,0,0,0,partially_shared_variants
GCF_000005845.2,b1212,prmC,GCF_036503815.1,AABJ99_RS13705,prmC,comparable,12,22,8,14,8,0,4,0,0,0,partially_shared_variants
GCF_000005845.2,b1213,ychQ,GCF_036503815.1,AABJ99_RS13700,sirB2,comparable,3,9,2,7,2,0,1,0,0,0,partially_shared_variants
GCF_000005845.2,b1214,ychA,GCF_036503815.1,AABJ99_RS13695,sirB1,comparable,3,9,1,8,1,0,2,0,0,0,partially_shared_variants
GCF_000005845.2,b1215,kdsA,GCF_036503815.1,AABJ99_RS13690,kdsA,comparable,5,19,2,17,2,0,3,0,0,0,partially_shared_variants
GCF_000005845.2,b1216,chaA,GCF_036503815.1,AABJ99_RS13675,chaA,comparable,10,13,4,9,4,0,6,0,0,0,partially_shared_variants
GCF_000005845.2,b1217,chaB,GCF_036503815.1,AABJ99_RS13670,chaB,comparable,2,4,2,2,2,0,0,0,0,0,partially_shared_variants
GCF_000005845.2,b1219,ychN,GCF_036503815.1,AABJ99_RS13660,ychN,comparable,2,4,2,2,2,0,0,0,0,0,partially_shared_variants
GCF_000005845.2,b1220,ychO,GCF_036503815.1,AABJ99_RS13655,ychO,comparable,21,46,8,38,8,0,13,0,0,0,partially_shared_variants
GCF_000005845.2,b1221,narL,GCF_036503815.1,AABJ99_RS13650,narL,comparable,0,8,0,8,0,0,0,0,0,0,different_variants_in_same_gene
GCF_000005845.2,b1222,narX,GCF_036503815.1,AABJ99_RS13645,narX,comparable,17,42,8,34,8,0,9,0,0,0,partially_shared_variants
GCF_000005845.2,b1226,narJ,GCF_036503815.1,AABJ99_RS13625,narJ,comparable,17,29,6,23,6,1,10,0,0,0,partially_shared_variants
GCF_000005845.2,b1232,purU,GCF_036503815.1,AABJ99_RS13600,purU,comparable,3,39,1,38,1,0,2,0,0,0,partially_shared_variants
GCF_000005845.2,b1234,rssA,GCF_036503815.1,AABJ99_RS13590,rssA,comparable,0,23,0,23,0,0,0,0,0,0,different_variants_in_same_gene
GCF_000005845.2,b1235,rssB,GCF_036503815.1,AABJ99_RS13585,rssB,comparable,2,17,1,16,1,0,1,0,0,0,partially_shared_variants
GCF_000005845.2,b1236,galU,GCF_036503815.1,AABJ99_RS13580,galU,comparable,12,8,4,4,4,0,8,0,0,0,partially_shared_variants
GCF_000005845.2,b1237,hns,GCF_036503815.1,AABJ99_RS13575,hns,comparable,1,4,0,4,0,0,1,0,0,0,reference_allele_difference
GCF_000005845.2,b1238,tdk,GCF_036503815.1,AABJ99_RS13570,tdk,comparable,3,6,1,5,1,0,2,0,0,0,partially_shared_variants
GCF_000005845.2,b1241,adhE,GCF_036503815.1,AABJ99_RS13565,adhE,comparable,3,70,1,69,1,0,2,0,0,0,partially_shared_variants
GCF_000005845.2,b1242,ychE,GCF_036503815.1,AABJ99_RS13560,ychE,comparable,5,17,1,16,1,0,4,0,0,0,partially_shared_variants
GCF_000005845.2,b1243,oppA,GCF_036503815.1,AABJ99_RS13550,oppA,comparable,5,20,0,20,0,0,5,0,0,0,reference_allele_difference
GCF_000005845.2,b1244,oppB,GCF_036503815.1,AABJ99_RS13545,oppB,comparable,0,34,0,34,0,0,0,0,0,0,different_variants_in_same_gene
GCF_000005845.2,b1245,oppC,GCF_036503815.1,AABJ99_RS13540,oppC,comparable,0,18,0,18,0,0,0,0,0,0,different_variants_in_same_gene
GCF_000005845.2,b1246,oppD,GCF_036503815.1,AABJ99_RS13535,oppD,comparable,12,34,6,28,6,0,6,0,0,0,partially_shared_variants
GCF_000005845.2,b1247,oppF,GCF_036503815.1,AABJ99_RS13530,oppF,comparable,9,25,3,22,3,0,6,0,0,0,partially_shared_variants
GCF_000005845.2,b1248,yciU,GCF_036503815.1,AABJ99_RS13525,yciU,comparable,2,3,0,3,0,0,2,0,0,0,reference_allele_difference
GCF_000005845.2,b1249,clsA,GCF_036503815.1,AABJ99_RS13520,cls,comparable,13,40,8,32,8,0,5,0,0,0,partially_shared_variants
GCF_000005845.2,b4595,yciY,GCF_036503815.1,AABJ99_RS13515,yciY,comparable,0,1,0,1,0,0,0,0,0,0,different_variants_in_same_gene
GCF_000005845.2,b1251,yciI,GCF_036503815.1,AABJ99_RS13505,yciI,comparable,0,4,0,4,0,0,0,0,0,0,different_variants_in_same_gene
GCF_000005845.2,b1252,tonB,GCF_036503815.1,AABJ99_RS13500,tonB,comparable,2,15,0,15,0,0,2,0,0,0,reference_allele_difference
GCF_000005845.2,b1253,yciA,GCF_036503815.1,AABJ99_RS13495,yciA,comparable,2,7,1,6,1,0,1,0,0,0,partially_shared_variants
GCF_000005845.2,b1254,yciB,GCF_036503815.1,AABJ99_RS13490,yciB,comparable,2,11,2,9,2,0,0,0,0,0,partially_shared_variants
GCF_000005845.2,b1255,yciC,GCF_036503815.1,AABJ99_RS13485,yciC,comparable,9,19,8,11,8,0,1,0,0,0,partially_shared_variants
GCF_000005845.2,b1256,ompW,GCF_036503815.1,AABJ99_RS13475,ompW,comparable,0,4,0,4,0,0,0,0,0,0,different_variants_in_same_gene
GCF_000005845.2,b1257,yciE,GCF_036503815.1,AABJ99_RS13470,yciE,comparable,0,8,0,8,0,0,0,0,0,0,different_variants_in_same_gene
GCF_000005845.2,b1258,yciF,GCF_036503815.1,AABJ99_RS13465,yciF,comparable,0,23,0,23,0,0,0,0,0,0,different_variants_in_same_gene
GCF_000005845.2,b1261,trpB,GCF_036503815.1,AABJ99_RS13450,trpB,comparable,1,61,1,60,1,0,0,0,0,0,partially_shared_variants
GCF_000005845.2,b1262,trpC,GCF_036503815.1,AABJ99_RS13445,trpCF,comparable,10,70,7,63,7,0,3,0,0,0,partially_shared_variants
GCF_000005845.2,b1263,trpD,GCF_036503815.1,AABJ99_RS13440,trpD,comparable,20,71,9,62,9,0,11,0,0,0,partially_shared_variants
GCF_000005845.2,b1265,trpL,GCF_036503815.1,AABJ99_RS13430,trpL,comparable,0,1,0,1,0,0,0,0,0,0,different_variants_in_same_gene
GCF_000005845.2,b1266,rnm,GCF_036503815.1,AABJ99_RS13425,rnm,comparable,11,32,5,27,5,0,6,0,0,0,partially_shared_variants
GCF_000005845.2,b1267,yciO,GCF_036503815.1,AABJ99_RS13420,yciO,comparable,13,19,4,15,4,0,9,0,0,0,partially_shared_variants
GCF_000005845.2,b1269,rluB,GCF_036503815.1,AABJ99_RS13415,rluB,comparable,14,32,7,25,7,0,7,0,0,0,partially_shared_variants
GCF_000005845.2,b1271,yciK,GCF_036503815.1,AABJ99_RS13395,yciK,comparable,0,16,0,16,0,0,0,0,0,0,different_variants_in_same_gene
GCF_000005845.2,b1272,sohB,GCF_036503815.1,AABJ99_RS13390,sohB,comparable,0,22,0,22,0,0,0,0,0,0,different_variants_in_same_gene
GCF_000005845.2,b1273,yciN,GCF_036503815.1,AABJ99_RS13385,yciN,comparable,0,5,0,5,0,0,0,0,0,0,different_variants_in_same_gene
GCF_000005845.2,b1274,topA,GCF_036503815.1,AABJ99_RS13380,topA,comparable,2,53,1,52,1,0,1,0,0,0,partially_shared_variants
GCF_000005845.2,b1275,cysB,GCF_036503815.1,AABJ99_RS13375,cysB,comparable,0,24,0,24,0,0,0,0,0,0,different_variants_in_same_gene
GCF_000005845.2,b4522,ymiA,GCF_036503815.1,AABJ99_RS13370,ymiA,comparable,0,5,0,5,0,0,0,0,0,0,different_variants_in_same_gene
GCF_000005845.2,b4523,yciX,GCF_036503815.1,AABJ99_RS13365,yciX,comparable,0,4,0,4,0,0,0,0,0,0,different_variants_in_same_gene
GCF_000005845.2,b4741,ymiC,GCF_036503815.1,AABJ99_RS13360,ymiC,comparable,0,1,0,1,0,0,0,0,0,0,different_variants_in_same_gene
GCF_000005845.2,b1276,acnA,GCF_036503815.1,AABJ99_RS13355,acnA,comparable,5,88,4,84,4,0,1,0,0,0,partially_shared_variants
GCF_000005845.2,b1277,ribA,GCF_036503815.1,AABJ99_RS13350,ribA,comparable,0,7,0,7,0,0,0,0,0,0,different_variants_in_same_gene
GCF_000005845.2,b1278,pgpB,GCF_036503815.1,AABJ99_RS13345,pgpB,comparable,0,24,0,24,0,0,0,0,0,0,different_variants_in_same_gene
GCF_000005845.2,b1279,lapA,GCF_036503815.1,AABJ99_RS13340,lapA,comparable,0,4,0,4,0,0,0,0,0,0,different_variants_in_same_gene
GCF_000005845.2,b1280,lapB,GCF_036503815.1,AABJ99_RS13335,lapB,comparable,2,33,1,32,1,0,1,0,0,0,partially_shared_variants
GCF_000005845.2,b1281,pyrF,GCF_036503815.1,AABJ99_RS13330,pyrF,comparable,3,24,2,22,2,0,1,0,0,0,partially_shared_variants
GCF_000005845.2,b1282,yciH,GCF_036503815.1,AABJ99_RS13325,yciH,comparable,0,9,0,9,0,0,0,0,0,0,different_variants_in_same_gene
GCF_000005845.2,b1283,osmB,GCF_036503815.1,AABJ99_RS13320,osmB,comparable,1,9,0,9,0,0,1,0,0,0,reference_allele_difference
GCF_000005845.2,b1284,yciT,GCF_036503815.1,AABJ99_RS13315,yciT,comparable,1,17,0,17,0,0,1,0,0,0,reference_allele_difference
GCF_000005845.2,b4596,yciZ,GCF_036503815.1,AABJ99_RS13310,yciZ,comparable,0,0,0,0,0,0,0,0,0,0,same_exact_variants
GCF_000005845.2,b4772,ymiD,GCF_036503815.1,AABJ99_RS13305,AABJ99_RS13305,comparable,0,7,0,7,0,0,0,0,0,0,different_variants_in_same_gene
GCF_000005845.2,b1285,pdeR,GCF_036503815.1,AABJ99_RS13300,pdeR,comparable,22,55,13,42,13,0,9,0,0,0,partially_shared_variants
GCF_000005845.2,b4672,ymiB,GCF_036503815.1,AABJ99_RS13295,AABJ99_RS13295,comparable,0,2,0,2,0,0,0,0,0,0,different_variants_in_same_gene
GCF_000005845.2,b1286,rnb,GCF_036503815.1,AABJ99_RS13290,rnb,comparable,18,38,12,26,12,0,6,0,0,0,partially_shared_variants
GCF_000005845.2,b1287,yciW,GCF_036503815.1,AABJ99_RS13285,yciW,comparable,35,51,21,30,21,0,14,0,0,0,partially_shared_variants
GCF_000005845.2,b1288,fabI,GCF_036503815.1,AABJ99_RS13280,fabI,comparable,3,5,1,4,1,0,2,0,0,0,partially_shared_variants
GCF_000005845.2,b1291,sapD,GCF_036503815.1,AABJ99_RS13265,sapD,comparable,2,20,1,19,1,0,1,0,0,0,partially_shared_variants
GCF_000005845.2,b1292,sapC,GCF_036503815.1,AABJ99_RS13260,sapC,comparable,0,32,0,32,0,0,0,0,0,0,different_variants_in_same_gene
GCF_000005845.2,b1293,sapB,GCF_036503815.1,AABJ99_RS13255,sapB,comparable,0,32,0,32,0,0,0,0,0,0,different_variants_in_same_gene
GCF_000005845.2,b1294,sapA,GCF_036503815.1,AABJ99_RS13250,sapA,comparable,5,55,3,52,3,0,2,0,0,0,partially_shared_variants
GCF_000005845.2,b1295,ymjA,GCF_036503815.1,AABJ99_RS13245,ymjA,comparable,2,1,1,0,1,0,1,0,0,0,partially_shared_variants
GCF_000005845.2,b4742,ymjE,GCF_036503815.1,AABJ99_RS13235,AABJ99_RS13235,comparable,1,0,0,0,0,0,1,0,0,0,reference_allele_difference
GCF_000005845.2,b1297,puuA,GCF_036503815.1,AABJ99_RS13230,puuA,comparable,42,57,26,31,26,0,16,0,0,0,partially_shared_variants
GCF_000005845.2,b1298,puuD,GCF_036503815.1,AABJ99_RS13225,puuD,comparable,4,10,3,7,3,0,1,0,0,0,partially_shared_variants
GCF_000005845.2,b1299,puuR,GCF_036503815.1,AABJ99_RS13220,puuR,comparable,0,5,0,5,0,0,0,0,0,0,different_variants_in_same_gene
GCF_000005845.2,b1301,puuB,GCF_036503815.1,AABJ99_RS13210,puuB,comparable,45,67,25,42,25,0,20,0,0,0,partially_shared_variants
GCF_000005845.2,b1302,puuE,GCF_036503815.1,AABJ99_RS13205,puuE,comparable,4,47,2,45,2,0,2,0,0,0,partially_shared_variants
GCF_000005845.2,b1303,pspF,GCF_036503815.1,AABJ99_RS13200,pspF,comparable,1,25,0,25,0,0,1,0,0,0,reference_allele_difference
GCF_000005845.2,b1304,pspA,GCF_036503815.1,AABJ99_RS13195,pspA,comparable,0,16,0,16,0,0,0,0,0,0,different_variants_in_same_gene
GCF_000005845.2,b1305,pspB,GCF_036503815.1,AABJ99_RS13190,pspB,comparable,0,2,0,2,0,0,0,0,0,0,different_variants_in_same_gene
GCF_000005845.2,b1306,pspC,GCF_036503815.1,AABJ99_RS13185,pspC,comparable,1,4,1,3,1,0,0,0,0,0,partially_shared_variants
GCF_000005845.2,b1307,pspD,GCF_036503815.1,AABJ99_RS13180,pspD,comparable,0,8,0,8,0,0,0,0,0,0,different_variants_in_same_gene
GCF_000005845.2,b1308,pspE,GCF_036503815.1,AABJ99_RS13175,pspE,comparable,0,5,0,5,0,0,0,0,0,0,different_variants_in_same_gene
GCF_000005845.2,b1311,ycjO,GCF_036503815.1,AABJ99_RS13160,ycjO,comparable,1,32,1,31,1,0,0,0,0,0,partially_shared_variants
GCF_000005845.2,b1312,ycjP,GCF_036503815.1,AABJ99_RS13155,ycjP,comparable,0,43,0,43,0,0,0,0,0,0,different_variants_in_same_gene
GCF_000005845.2,b1319,ompG,GCF_036503815.1,AABJ99_RS13120,ompG,comparable,0,48,0,48,0,0,0,0,0,0,different_variants_in_same_gene
GCF_000005845.2,b1320,ycjW,GCF_036503815.1,AABJ99_RS13115,ycjW,comparable,0,43,0,43,0,0,0,0,0,0,different_variants_in_same_gene
GCF_000005845.2,b1322,ycjF,GCF_036503815.1,AABJ99_RS13105,ycjF,comparable,2,57,1,56,1,0,1,0,0,0,partially_shared_variants
GCF_000005845.2,b1323,tyrR,GCF_036503815.1,AABJ99_RS13100,tyrR,comparable,1,54,1,53,1,0,0,0,0,0,partially_shared_variants
GCF_000005845.2,b1324,tpx,GCF_036503815.1,AABJ99_RS13090,tpx,comparable,2,3,0,3,0,0,0,0,0,2,unresolved_liftover
GCF_000005845.2,b1325,ycjG,GCF_036503815.1,AABJ99_RS13085,ycjG,comparable,0,57,0,57,0,0,0,0,0,0,different_variants_in_same_gene
GCF_000005845.2,b1326,mpaA,GCF_036503815.1,AABJ99_RS13080,mpaA,comparable,0,34,0,34,0,0,0,0,0,0,different_variants_in_same_gene
GCF_000005845.2,b1329,mppA,GCF_036503815.1,AABJ99_RS13075,mppA,comparable,0,63,0,63,0,0,0,0,0,0,different_variants_in_same_gene
GCF_000005845.2,b1330,ynaI,GCF_036503815.1,AABJ99_RS13070,ynaI,comparable,0,42,0,42,0,0,0,0,0,0,different_variants_in_same_gene
GCF_000005845.2,b1332,ynaJ,GCF_036503815.1,AABJ99_RS13065,ynaJ,comparable,1,3,0,3,0,0,0,0,0,1,unresolved_liftover
GCF_000005845.2,b1333,uspE,GCF_036503815.1,AABJ99_RS13060,uspE,comparable,5,18,0,18,0,0,0,0,0,5,unresolved_liftover
GCF_000005845.2,b1334,fnr,GCF_036503815.1,AABJ99_RS13055,fnr,comparable,7,12,0,12,0,0,0,0,0,7,unresolved_liftover
GCF_000005845.2,b1335,ogt,GCF_036503815.1,AABJ99_RS13050,ogt,comparable,8,24,0,24,0,0,0,0,0,8,unresolved_liftover
GCF_000005845.2,b1338,abgA,GCF_036503815.1,AABJ99_RS13035,abgA,comparable,0,46,0,46,0,0,0,0,0,0,different_variants_in_same_gene
GCF_000005845.2,b1340,smrA,GCF_036503815.1,AABJ99_RS13025,smrA,comparable,0,11,0,11,0,0,0,0,0,0,different_variants_in_same_gene
GCF_000005845.2,b1341,dgcM,GCF_036503815.1,AABJ99_RS13020,dgcM,comparable,1,28,0,28,0,0,0,0,0,1,unresolved_liftover
GCF_000005845.2,b4773,ynaN,GCF_036503815.1,AABJ99_RS13015,ydaN,comparable,0,0,0,0,0,0,0,0,0,0,same_exact_variants
GCF_000005845.2,b1342,zntB,GCF_036503815.1,AABJ99_RS13010,zntB,comparable,0,32,0,32,0,0,0,0,0,0,different_variants_in_same_gene
GCF_000005845.2,b4743,ynaL,GCF_036503815.1,AABJ99_RS13005,ynaL,comparable,0,4,0,4,0,0,0,0,0,0,different_variants_in_same_gene
GCF_000005845.2,b1343,dbpA,GCF_036503815.1,AABJ99_RS13000,dbpA,comparable,1,48,0,48,0,0,0,0,0,1,unresolved_liftover
GCF_000005845.2,b1344,ttcA,GCF_036503815.1,AABJ99_RS12995,ttcA,comparable,1,22,0,22,0,0,0,0,0,1,unresolved_liftover
GCF_000005845.2,b1376,uspF,GCF_036503815.1,AABJ99_RS12990,uspF,comparable,0,4,0,4,0,0,0,0,0,0,different_variants_in_same_gene
GCF_000005845.2,b1378,ydbK,GCF_036503815.1,AABJ99_RS12980,nifJ,comparable,25,144,0,144,0,0,0,0,0,25,unresolved_liftover
GCF_000005845.2,b4529,ydbJ,GCF_036503815.1,AABJ99_RS12975,ydbJ,comparable,2,3,0,3,0,0,0,0,0,2,unresolved_liftover
GCF_000005845.2,b1379,hslJ,GCF_036503815.1,AABJ99_RS12970,hslJ,comparable,1,6,0,6,0,0,0,0,0,1,unresolved_liftover
GCF_000005845.2,b1380,ldhA,GCF_036503815.1,AABJ99_RS12965,ldhA,comparable,4,26,0,26,0,0,0,0,0,4,unresolved_liftover
GCF_000005845.2,b1381,ydbH,GCF_036503815.1,AABJ99_RS12960,ydbH,comparable,45,82,0,82,0,0,0,0,0,45,unresolved_liftover
GCF_000005845.2,b1382,ynbE,GCF_036503815.1,AABJ99_RS12955,ynbE,comparable,0,0,0,0,0,0,0,0,0,0,same_exact_variants
GCF_000005845.2,b1408,ynbA,GCF_036503815.1,AABJ99_RS12930,ynbA,comparable,9,24,5,19,5,0,4,0,0,0,partially_shared_variants
GCF_000005845.2,b1409,ynbB,GCF_036503815.1,AABJ99_RS12925,ynbB,comparable,2,34,2,32,2,0,0,0,0,0,partially_shared_variants
GCF_000005845.2,b1410,ynbC,GCF_036503815.1,AABJ99_RS12920,ynbC,comparable,1,73,1,72,1,0,0,0,0,0,partially_shared_variants
GCF_000005845.2,b1411,ynbD,GCF_036503815.1,AABJ99_RS12915,ynbD,comparable,16,60,5,55,5,2,4,0,5,0,partially_shared_variants
GCF_000005845.2,b1412,azoR,GCF_036503815.1,AABJ99_RS12910,azoR,comparable,12,22,5,17,5,0,7,0,0,0,partially_shared_variants
GCF_000005845.2,b1414,ydcF,GCF_036503815.1,AABJ99_RS12895,ydcF,comparable,10,43,8,35,8,0,2,0,0,0,partially_shared_variants
GCF_000005845.2,b1415,aldA,GCF_036503815.1,AABJ99_RS12890,aldA,comparable,10,54,6,48,6,0,4,0,0,0,partially_shared_variants
GCF_000005845.2,b1418,cybB,GCF_036503815.1,AABJ99_RS12880,cybB,comparable,0,22,0,22,0,0,0,0,0,0,different_variants_in_same_gene
GCF_000005845.2,b1419,ydcA,GCF_036503815.1,AABJ99_RS12875,AABJ99_RS12875,comparable,0,3,0,3,0,0,0,0,0,0,different_variants_in_same_gene
GCF_000005845.2,b1421,trg,GCF_036503815.1,AABJ99_RS12860,trg,comparable,0,60,0,60,0,0,0,0,0,0,different_variants_in_same_gene
GCF_000005845.2,b1422,ydcI,GCF_036503815.1,AABJ99_RS12855,ydcI,comparable,0,43,0,43,0,0,0,0,0,0,different_variants_in_same_gene
GCF_000005845.2,b1423,ydcJ,GCF_036503815.1,AABJ99_RS12850,hglS,comparable,0,33,0,33,0,0,0,0,0,0,different_variants_in_same_gene
GCF_000005845.2,b1424,opgD,GCF_036503815.1,AABJ99_RS12845,opgD,comparable,0,30,0,30,0,0,0,0,0,0,different_variants_in_same_gene
GCF_000005845.2,b1426,ydcH,GCF_036503815.1,AABJ99_RS12840,ydcH,comparable,0,0,0,0,0,0,0,0,0,0,same_exact_variants
GCF_000005845.2,b1427,rimL,GCF_036503815.1,AABJ99_RS12835,rimL,comparable,0,14,0,14,0,0,0,0,0,0,different_variants_in_same_gene
GCF_000005845.2,b1428,ydcK,GCF_036503815.1,AABJ99_RS12830,ydcK,comparable,9,29,5,24,5,0,4,0,0,0,partially_shared_variants
GCF_000005845.2,b1429,tehA,GCF_036503815.1,AABJ99_RS12825,tehA,comparable,3,29,2,27,2,0,1,0,0,0,partially_shared_variants
GCF_000005845.2,b1430,tehB,GCF_036503815.1,AABJ99_RS12820,tehB,comparable,13,17,8,9,8,0,5,0,0,0,partially_shared_variants
GCF_000005845.2,b1431,ydcL,GCF_036503815.1,AABJ99_RS12815,ydcL,comparable,1,20,0,20,0,0,1,0,0,0,reference_allele_difference
GCF_000005845.2,b1433,ydcO,GCF_036503815.1,AABJ99_RS12810,ydcO,comparable,0,50,0,50,0,0,0,0,0,0,different_variants_in_same_gene
GCF_000005845.2,b1434,sutR,GCF_036503815.1,AABJ99_RS12805,sutR,comparable,0,25,0,25,0,0,0,0,0,0,different_variants_in_same_gene
GCF_000005845.2,b1436,yncJ,GCF_036503815.1,AABJ99_RS12795,yncJ,comparable,2,4,1,3,1,0,1,0,0,0,partially_shared_variants
GCF_000005845.2,b1439,ydcR,GCF_036503815.1,AABJ99_RS12785,ydcR,comparable,2,42,1,41,1,0,1,0,0,0,partially_shared_variants
GCF_000005845.2,b1440,ydcS,GCF_036503815.1,AABJ99_RS12780,ydcS,comparable,1,35,1,34,1,0,0,0,0,0,partially_shared_variants
GCF_000005845.2,b1443,ydcV,GCF_036503815.1,AABJ99_RS12765,ydcV,comparable,0,24,0,24,0,0,0,0,0,0,different_variants_in_same_gene
GCF_000005845.2,b1444,patD,GCF_036503815.1,AABJ99_RS12760,patD,comparable,1,68,0,68,0,0,1,0,0,0,reference_allele_difference
GCF_000005845.2,b4598,yncL,GCF_036503815.1,AABJ99_RS12750,yncL,comparable,1,0,0,0,0,0,1,0,0,0,reference_allele_difference
GCF_000005845.2,b1446,ydcY,GCF_036503815.1,AABJ99_RS12740,ydcY,comparable,0,2,0,2,0,0,0,0,0,0,different_variants_in_same_gene
GCF_000005845.2,b1447,ydcZ,GCF_036503815.1,AABJ99_RS12735,ydcZ,comparable,1,24,1,23,1,0,0,0,0,0,partially_shared_variants
GCF_000005845.2,b1448,mnaT,GCF_036503815.1,AABJ99_RS12730,mnaT,comparable,20,15,7,8,7,0,13,0,0,0,partially_shared_variants
GCF_000005845.2,b1450,mcbR,GCF_036503815.1,AABJ99_RS12720,mcbR,comparable,2,29,2,27,2,0,0,0,0,0,partially_shared_variants
GCF_000005845.2,b1451,pqqU,GCF_036503815.1,AABJ99_RS12715,pqqU,comparable,20,88,14,74,14,0,6,0,0,0,partially_shared_variants
GCF_000005845.2,b1452,yncE,GCF_036503815.1,AABJ99_RS12710,yncE,comparable,7,12,1,11,1,0,6,0,0,0,partially_shared_variants
GCF_000005845.2,b1453,ansP,GCF_036503815.1,AABJ99_RS12705,ansP,comparable,12,43,4,39,4,0,8,0,0,0,partially_shared_variants
GCF_000005845.2,b1454,yncG,GCF_036503815.1,AABJ99_RS12700,yncG,comparable,5,14,1,13,1,0,4,0,0,0,partially_shared_variants
GCF_000005845.2,b1466,narW,GCF_036503815.1,AABJ99_RS12540,narW,comparable,1,40,0,40,0,0,0,0,0,1,unresolved_liftover
GCF_000005845.2,b1474,fdnG,GCF_036503815.1,AABJ99_RS12500,fdnG,comparable,39,89,0,89,0,0,0,0,0,39,unresolved_liftover
GCF_000005845.2,b1475,fdnH,GCF_036503815.1,AABJ99_RS12495,fdnH,comparable,1,19,0,19,0,0,0,0,0,1,unresolved_liftover
GCF_000005845.2,b1476,fdnI,GCF_036503815.1,AABJ99_RS12490,fdnI,comparable,1,22,0,22,0,0,0,0,0,1,unresolved_liftover
GCF_000005845.2,b1477,yddM,GCF_036503815.1,AABJ99_RS12485,yddM,comparable,0,14,0,14,0,0,0,0,0,0,different_variants_in_same_gene
GCF_000005845.2,b1478,adhP,GCF_036503815.1,AABJ99_RS12480,adhP,comparable,0,50,0,50,0,0,0,0,0,0,different_variants_in_same_gene
GCF_000005845.2,b1479,maeA,GCF_036503815.1,AABJ99_RS12475,maeA,comparable,3,82,2,80,2,0,1,0,0,0,partially_shared_variants
GCF_000005845.2,b1480,sra,GCF_036503815.1,AABJ99_RS12470,sra,comparable,0,4,0,4,0,0,0,0,0,0,different_variants_in_same_gene
GCF_000005845.2,b1481,bdm,GCF_036503815.1,AABJ99_RS12465,bdm,comparable,1,5,1,4,1,0,0,0,0,0,partially_shared_variants
GCF_000005845.2,b1482,osmC,GCF_036503815.1,AABJ99_RS12460,osmC,comparable,0,18,0,18,0,0,0,0,0,0,different_variants_in_same_gene
GCF_000005845.2,b1487,ddpA,GCF_036503815.1,AABJ99_RS12435,ddpA,comparable,18,59,13,46,13,0,5,0,0,0,partially_shared_variants
GCF_000005845.2,b1489,dosP,GCF_036503815.1,AABJ99_RS12425,dosP,comparable,17,60,7,53,7,0,10,0,0,0,partially_shared_variants
GCF_000005845.2,b1490,dosC,GCF_036503815.1,AABJ99_RS12420,dosC,comparable,16,60,9,51,9,0,6,0,1,0,partially_shared_variants
GCF_000005845.2,b1491,digH,GCF_036503815.1,AABJ99_RS12415,digH,comparable,18,49,9,40,9,0,9,0,0,0,partially_shared_variants
GCF_000005845.2,b1492,gadC,GCF_036503815.1,AABJ99_RS12410,gadC,comparable,2,52,1,51,1,0,1,0,0,0,partially_shared_variants
GCF_000005845.2,b1494,pqqL,GCF_036503815.1,AABJ99_RS12400,pqqL,comparable,11,118,6,112,6,0,5,0,0,0,partially_shared_variants
GCF_000005845.2,b1495,yddB,GCF_036503815.1,AABJ99_RS12395,yddB,comparable,4,80,2,78,2,0,2,0,0,0,partially_shared_variants
GCF_000005845.2,b1496,yddA,GCF_036503815.1,AABJ99_RS12390,yddA,comparable,13,41,9,32,9,0,4,0,0,0,partially_shared_variants
GCF_000005845.2,b4747,yneP,GCF_036503815.1,AABJ99_RS12385,AABJ99_RS12385,comparable,0,7,0,7,0,0,0,0,0,0,different_variants_in_same_gene
GCF_000005845.2,b1497,ydeM,GCF_036503815.1,AABJ99_RS12380,ydeM,comparable,4,13,1,12,1,0,3,0,0,0,partially_shared_variants
GCF_000005845.2,b1498,ydeN,GCF_036503815.1,AABJ99_RS12375,ydeN,comparable,13,73,8,65,8,0,5,0,0,0,partially_shared_variants
GCF_000005845.2,b1499,ydeO,GCF_036503815.1,AABJ99_RS12370,ydeO,comparable,7,40,3,37,3,1,3,0,0,0,partially_shared_variants
GCF_000005845.2,b1500,safA,GCF_036503815.1,AABJ99_RS12365,safA,comparable,0,3,0,3,0,0,0,0,0,0,different_variants_in_same_gene
GCF_000005845.2,b1501,ydeP,GCF_036503815.1,AABJ99_RS12360,ydeP,comparable,1,88,0,88,0,0,1,0,0,0,reference_allele_difference
GCF_000005845.2,b1507,hipA,GCF_036503815.1,AABJ99_RS12280,hipA,comparable,0,43,0,43,0,0,0,0,0,0,different_variants_in_same_gene
GCF_000005845.2,b1517,lsrF,GCF_036503815.1,AABJ99_RS12235,lsrF,comparable,11,27,7,20,7,0,4,0,0,0,partially_shared_variants
GCF_000005845.2,b1518,lsrG,GCF_036503815.1,AABJ99_RS12230,lsrG,comparable,0,3,0,3,0,0,0,0,0,0,different_variants_in_same_gene
GCF_000005845.2,b1519,tam,GCF_036503815.1,AABJ99_RS12210,tam,comparable,2,30,1,29,1,0,1,0,0,0,partially_shared_variants
GCF_000005845.2,b1520,yneE,GCF_036503815.1,AABJ99_RS12205,yneE,comparable,11,28,5,23,5,0,6,0,0,0,partially_shared_variants
GCF_000005845.2,b1521,uxaB,GCF_036503815.1,AABJ99_RS12200,uxaB,comparable,2,49,2,47,2,0,0,0,0,0,partially_shared_variants
GCF_000005845.2,b1522,dgcF,GCF_036503815.1,AABJ99_RS12195,AABJ99_RS12195,comparable,1,24,0,24,0,0,1,0,0,0,reference_allele_difference
GCF_000005845.2,b1523,yneG,GCF_036503815.1,AABJ99_RS12190,yneG,comparable,0,13,0,13,0,0,0,0,0,0,different_variants_in_same_gene
GCF_000005845.2,b1524,glsB,GCF_036503815.1,AABJ99_RS12185,glsB,comparable,2,25,1,24,1,0,1,0,0,0,partially_shared_variants
GCF_000005845.2,b1525,sad,GCF_036503815.1,AABJ99_RS12180,sad,comparable,0,53,0,53,0,0,0,0,0,0,different_variants_in_same_gene
GCF_000005845.2,b1528,ydeA,GCF_036503815.1,AABJ99_RS12165,ydeA,comparable,0,57,0,57,0,0,0,0,0,0,different_variants_in_same_gene
GCF_000005845.2,b1529,marC,GCF_036503815.1,AABJ99_RS12160,marC,comparable,0,15,0,15,0,0,0,0,0,0,different_variants_in_same_gene
GCF_000005845.2,b1530,marR,GCF_036503815.1,AABJ99_RS12155,marR,comparable,4,9,2,7,2,0,2,0,0,0,partially_shared_variants
GCF_000005845.2,b1531,marA,GCF_036503815.1,AABJ99_RS12150,marA,comparable,0,2,0,2,0,0,0,0,0,0,different_variants_in_same_gene
GCF_000005845.2,b1534,ydeE,GCF_036503815.1,AABJ99_RS12135,ydeE,comparable,17,19,7,12,7,0,10,0,0,0,partially_shared_variants
GCF_000005845.2,b4599,mgtS,GCF_036503815.1,AABJ99_RS12130,mgtS,comparable,0,0,0,0,0,0,0,0,0,0,same_exact_variants
GCF_000005845.2,b4775,mgtT,GCF_036503815.1,AABJ99_RS12125,mgtT,comparable,0,1,0,1,0,0,0,0,0,0,different_variants_in_same_gene
GCF_000005845.2,b1535,dgcZ,GCF_036503815.1,AABJ99_RS12120,dgcZ,comparable,11,11,7,4,7,0,4,0,0,0,partially_shared_variants
GCF_000005845.2,b1536,ydeI,GCF_036503815.1,AABJ99_RS12115,ydeI,comparable,2,5,1,4,1,0,1,0,0,0,partially_shared_variants
GCF_000005845.2,b1537,ydeJ,GCF_036503815.1,AABJ99_RS12110,ydeJ,comparable,0,6,0,6,0,0,0,0,0,0,different_variants_in_same_gene
GCF_000005845.2,b1538,dcp,GCF_036503815.1,AABJ99_RS12105,dcp,comparable,5,82,3,79,3,0,2,0,0,0,partially_shared_variants
GCF_000005845.2,b1539,ydfG,GCF_036503815.1,AABJ99_RS12100,ydfG,comparable,3,29,1,28,1,0,2,0,0,0,partially_shared_variants
GCF_000005845.2,b1540,rspR,GCF_036503815.1,AABJ99_RS12095,rspR,comparable,7,8,5,3,5,0,2,0,0,0,partially_shared_variants
GCF_000005845.2,b1541,ydfZ,GCF_036503815.1,AABJ99_RS12090,ydfZ,comparable,0,0,0,0,0,0,0,0,0,0,same_exact_variants
GCF_000005845.2,b1542,ydfI,GCF_036503815.1,AABJ99_RS12085,ydfI,comparable,31,46,16,30,16,0,15,0,0,0,partially_shared_variants
GCF_000005845.2,b1561,rem,GCF_036503815.1,AABJ99_RS09630,rem,comparable,10,12,0,12,0,0,0,0,0,10,unresolved_liftover
GCF_000005845.2,b1580,rspB,GCF_036503815.1,AABJ99_RS11900,rspB,comparable,3,27,2,25,2,0,1,0,0,0,partially_shared_variants
GCF_000005845.2,b1581,rspA,GCF_036503815.1,AABJ99_RS11895,rspA,comparable,2,13,0,13,0,0,2,0,0,0,reference_allele_difference
GCF_000005845.2,b1582,ynfA,GCF_036503815.1,AABJ99_RS11890,ynfA,comparable,1,8,0,8,0,0,1,0,0,0,reference_allele_difference
GCF_000005845.2,b1583,ynfB,GCF_036503815.1,AABJ99_RS11885,ynfB,comparable,0,7,0,7,0,0,0,0,0,0,different_variants_in_same_gene
GCF_000005845.2,b1584,speG,GCF_036503815.1,AABJ99_RS11880,speG,comparable,0,18,0,18,0,0,0,0,0,0,different_variants_in_same_gene
GCF_000005845.2,b1585,ynfC,GCF_036503815.1,AABJ99_RS11875,ynfC,comparable,0,16,0,16,0,0,0,0,0,0,different_variants_in_same_gene
GCF_000005845.2,b1586,ynfD,GCF_036503815.1,AABJ99_RS11870,ynfD,comparable,0,16,0,16,0,0,0,0,0,0,different_variants_in_same_gene
GCF_000005845.2,b1591,dmsD,GCF_036503815.1,AABJ99_RS11845,dmsD,comparable,0,13,0,13,0,0,0,0,0,0,different_variants_in_same_gene
GCF_000005845.2,b1592,clcB,GCF_036503815.1,AABJ99_RS11840,clcB,comparable,2,65,0,65,0,0,2,0,0,0,reference_allele_difference
GCF_000005845.2,b1593,bidA,GCF_036503815.1,AABJ99_RS11835,bioD,comparable,0,14,0,14,0,0,0,0,0,0,different_variants_in_same_gene
GCF_000005845.2,b1594,mlc,GCF_036503815.1,AABJ99_RS11830,mlc,comparable,0,26,0,26,0,0,0,0,0,0,different_variants_in_same_gene
GCF_000005845.2,b1595,ynfL,GCF_036503815.1,AABJ99_RS11825,ynfL,comparable,1,19,1,18,1,0,0,0,0,0,partially_shared_variants
GCF_000005845.2,b1596,ynfM,GCF_036503815.1,AABJ99_RS11820,ynfM,comparable,3,27,1,26,1,0,2,0,0,0,partially_shared_variants
GCF_000005845.2,b1597,asr,GCF_036503815.1,AABJ99_RS11815,asr,comparable,6,4,4,0,4,0,2,0,0,0,partially_shared_variants
GCF_000005845.2,b4601,ydgU,GCF_036503815.1,AABJ99_RS11810,AABJ99_RS11810,comparable,2,1,0,1,0,0,2,0,0,0,reference_allele_difference
GCF_000005845.2,b1598,ydgD,GCF_036503815.1,AABJ99_RS11805,ydgD,comparable,4,28,1,27,1,0,3,0,0,0,partially_shared_variants
GCF_000005845.2,b1600,mdtJ,GCF_036503815.1,AABJ99_RS11795,mdtJ,comparable,2,16,1,15,1,0,1,0,0,0,partially_shared_variants
GCF_000005845.2,b4777,mdtU,GCF_036503815.1,AABJ99_RS25000,AABJ99_RS25000,comparable,1,2,1,1,1,0,0,0,0,0,partially_shared_variants
GCF_000005845.2,b1601,tqsA,GCF_036503815.1,AABJ99_RS11790,tqsA,comparable,10,31,4,27,4,0,6,0,0,0,partially_shared_variants
GCF_000005845.2,b1602,pntB,GCF_036503815.1,AABJ99_RS11785,pntB,comparable,0,40,0,40,0,0,0,0,0,0,different_variants_in_same_gene
GCF_000005845.2,b1603,pntA,GCF_036503815.1,AABJ99_RS11780,pntA,comparable,1,34,1,33,1,0,0,0,0,0,partially_shared_variants
GCF_000005845.2,b1604,ydgH,GCF_036503815.1,AABJ99_RS11775,ydgH,comparable,1,48,0,48,0,0,1,0,0,0,reference_allele_difference
GCF_000005845.2,b1605,ydgI,GCF_036503815.1,AABJ99_RS11770,ydgI,comparable,0,57,0,57,0,0,0,0,0,0,different_variants_in_same_gene
GCF_000005845.2,b1606,folM,GCF_036503815.1,AABJ99_RS11765,folM,comparable,0,31,0,31,0,0,0,0,0,0,different_variants_in_same_gene
GCF_000005845.2,b1607,ydgC,GCF_036503815.1,AABJ99_RS11760,ydgC,comparable,0,13,0,13,0,0,0,0,0,0,different_variants_in_same_gene
GCF_000005845.2,b1608,rstA,GCF_036503815.1,AABJ99_RS11755,rstA,comparable,2,28,1,27,1,0,1,0,0,0,partially_shared_variants
GCF_000005845.2,b1609,rstB,GCF_036503815.1,AABJ99_RS11750,rstB,comparable,13,40,8,32,8,0,5,0,0,0,partially_shared_variants
GCF_000005845.2,b1610,tus,GCF_036503815.1,AABJ99_RS11745,tus,comparable,18,38,4,34,4,0,14,0,0,0,partially_shared_variants
GCF_000005845.2,b1611,fumC,GCF_036503815.1,AABJ99_RS11740,fumC,comparable,3,41,3,38,3,0,0,0,0,0,partially_shared_variants
GCF_000005845.2,b1612,fumA,GCF_036503815.1,AABJ99_RS11735,fumB,comparable,1,35,1,34,1,0,0,0,0,0,partially_shared_variants
GCF_000005845.2,b1614,ydgA,GCF_036503815.1,AABJ99_RS11725,ydgA,comparable,1,57,1,56,1,0,0,0,0,0,partially_shared_variants
GCF_000005845.2,b1615,uidC,GCF_036503815.1,AABJ99_RS11720,uidC,comparable,6,15,3,12,3,0,3,0,0,0,partially_shared_variants
GCF_000005845.2,b1617,uidA,GCF_036503815.1,AABJ99_RS11710,uidA,comparable,16,30,7,23,7,0,9,0,0,0,partially_shared_variants
GCF_000005845.2,b1618,uidR,GCF_036503815.1,AABJ99_RS11705,uidR,comparable,0,7,0,7,0,0,0,0,0,0,different_variants_in_same_gene
GCF_000005845.2,b1619,hdhA,GCF_036503815.1,AABJ99_RS11700,hdhA,comparable,1,18,1,17,1,0,0,0,0,0,partially_shared_variants
GCF_000005845.2,b1620,malI,GCF_036503815.1,AABJ99_RS11695,malI,comparable,12,34,5,29,5,0,7,0,0,0,partially_shared_variants
GCF_000005845.2,b1621,malX,GCF_036503815.1,AABJ99_RS11690,malX,comparable,32,42,24,18,24,0,8,0,0,0,partially_shared_variants
GCF_000005845.2,b1622,malY,GCF_036503815.1,AABJ99_RS11685,malY,comparable,25,36,11,25,11,0,14,0,0,0,partially_shared_variants
GCF_000005845.2,b1623,add,GCF_036503815.1,AABJ99_RS11680,add,comparable,0,15,0,15,0,0,0,0,0,0,different_variants_in_same_gene
GCF_000005845.2,b1624,ydgJ,GCF_036503815.1,AABJ99_RS11675,ydgJ,comparable,1,22,0,22,0,0,1,0,0,0,reference_allele_difference
GCF_000005845.2,b4409,blr,GCF_036503815.1,AABJ99_RS11670,blr,comparable,0,1,0,1,0,0,0,0,0,0,different_variants_in_same_gene
GCF_000005845.2,b1625,cnu,GCF_036503815.1,AABJ99_RS11665,ydgT,comparable,0,0,0,0,0,0,0,0,0,0,same_exact_variants
GCF_000005845.2,b1626,ydgK,GCF_036503815.1,AABJ99_RS11660,ydgK,comparable,1,7,0,7,0,0,1,0,0,0,reference_allele_difference
GCF_000005845.2,b1627,rsxA,GCF_036503815.1,AABJ99_RS11655,rsxA,comparable,0,6,0,6,0,0,0,0,0,0,different_variants_in_same_gene
GCF_000005845.2,b1628,rsxB,GCF_036503815.1,AABJ99_RS11650,rsxB,comparable,0,9,0,9,0,0,0,0,0,0,different_variants_in_same_gene
GCF_000005845.2,b1630,rsxD,GCF_036503815.1,AABJ99_RS11640,rsxD,comparable,10,20,4,16,4,0,6,0,0,0,partially_shared_variants
GCF_000005845.2,b1631,rsxG,GCF_036503815.1,AABJ99_RS11635,rsxG,comparable,6,16,5,11,5,0,1,0,0,0,partially_shared_variants
GCF_000005845.2,b1632,rsxE,GCF_036503815.1,AABJ99_RS11630,rsxE,comparable,7,19,6,13,6,0,1,0,0,0,partially_shared_variants
GCF_000005845.2,b1633,nth,GCF_036503815.1,AABJ99_RS11625,nth,comparable,1,23,0,23,0,0,1,0,0,0,reference_allele_difference
GCF_000005845.2,b1634,dtpA,GCF_036503815.1,AABJ99_RS11620,dtpA,comparable,0,22,0,22,0,0,0,0,0,0,different_variants_in_same_gene
GCF_000005845.2,b1635,gstA,GCF_036503815.1,AABJ99_RS11615,gstA,comparable,0,12,0,12,0,0,0,0,0,0,different_variants_in_same_gene
GCF_000005845.2,b1636,pdxY,GCF_036503815.1,AABJ99_RS11610,pdxY,comparable,0,17,0,17,0,0,0,0,0,0,different_variants_in_same_gene
GCF_000005845.2,b1637,tyrS,GCF_036503815.1,AABJ99_RS11605,tyrS,comparable,1,21,1,20,1,0,0,0,0,0,partially_shared_variants
GCF_000005845.2,b1638,pdxH,GCF_036503815.1,AABJ99_RS11600,pdxH,comparable,0,11,0,11,0,0,0,0,0,0,different_variants_in_same_gene
GCF_000005845.2,b1639,mliC,GCF_036503815.1,AABJ99_RS11595,mliC,comparable,1,19,1,18,1,0,0,0,0,0,partially_shared_variants
GCF_000005845.2,b1640,anmK,GCF_036503815.1,AABJ99_RS11590,anmK,comparable,1,22,0,22,0,0,1,0,0,0,reference_allele_difference
GCF_000005845.2,b1641,slyB,GCF_036503815.1,AABJ99_RS11585,slyB,comparable,0,3,0,3,0,0,0,0,0,0,different_variants_in_same_gene
GCF_000005845.2,b1642,slyA,GCF_036503815.1,AABJ99_RS11580,slyA,comparable,0,3,0,3,0,0,0,0,0,0,different_variants_in_same_gene
GCF_000005845.2,b1643,ydhI,GCF_036503815.1,AABJ99_RS11575,ydhI,comparable,1,3,0,3,0,0,1,0,0,0,reference_allele_difference
GCF_000005845.2,b1644,ydhJ,GCF_036503815.1,AABJ99_RS11570,ydhJ,comparable,13,17,10,7,10,0,3,0,0,0,partially_shared_variants
GCF_000005845.2,b1645,ydhK,GCF_036503815.1,AABJ99_RS11565,ydhK,comparable,9,99,8,91,8,0,1,0,0,0,partially_shared_variants
GCF_000005845.2,b1646,sodC,GCF_036503815.1,AABJ99_RS11560,sodC,comparable,0,16,0,16,0,0,0,0,0,0,different_variants_in_same_gene
GCF_000005845.2,b1647,ydhF,GCF_036503815.1,AABJ99_RS11555,ydhF,comparable,0,39,0,39,0,0,0,0,0,0,different_variants_in_same_gene
GCF_000005845.2,b1648,ydhL,GCF_036503815.1,AABJ99_RS11550,ydhL,comparable,0,7,0,7,0,0,0,0,0,0,different_variants_in_same_gene
GCF_000005845.2,b1649,nemR,GCF_036503815.1,AABJ99_RS11545,nemR,comparable,0,8,0,8,0,0,0,0,0,0,different_variants_in_same_gene
GCF_000005845.2,b1650,nemA,GCF_036503815.1,AABJ99_RS11540,nemA,comparable,2,63,1,62,1,0,1,0,0,0,partially_shared_variants
GCF_000005845.2,b1651,gloA,GCF_036503815.1,AABJ99_RS11535,gloA,comparable,0,8,0,8,0,0,0,0,0,0,different_variants_in_same_gene
GCF_000005845.2,b1652,rnt,GCF_036503815.1,AABJ99_RS11530,rnt,comparable,1,6,0,6,0,0,1,0,0,0,reference_allele_difference
GCF_000005845.2,b1653,lhr,GCF_036503815.1,AABJ99_RS11525,lhr,comparable,3,129,0,129,0,0,3,0,0,0,reference_allele_difference
GCF_000005845.2,b1654,grxD,GCF_036503815.1,AABJ99_RS11520,grxD,comparable,0,4,0,4,0,0,0,0,0,0,different_variants_in_same_gene
GCF_000005845.2,b1655,mepH,GCF_036503815.1,AABJ99_RS11515,mepH,comparable,0,14,0,14,0,0,0,0,0,0,different_variants_in_same_gene
GCF_000005845.2,b1656,sodB,GCF_036503815.1,AABJ99_RS11510,sodB,comparable,0,8,0,8,0,0,0,0,0,0,different_variants_in_same_gene
GCF_000005845.2,b4602,cydH,GCF_036503815.1,AABJ99_RS11500,cydH,comparable,0,1,0,1,0,0,0,0,0,0,different_variants_in_same_gene
GCF_000005845.2,b1658,purR,GCF_036503815.1,AABJ99_RS11495,purR,comparable,11,17,5,12,5,0,6,0,0,0,partially_shared_variants
GCF_000005845.2,b1659,punR,GCF_036503815.1,AABJ99_RS11490,punR,comparable,4,14,2,12,2,0,2,0,0,0,partially_shared_variants
GCF_000005845.2,b1660,punC,GCF_036503815.1,AABJ99_RS11485,punC,comparable,16,50,9,41,9,0,7,0,0,0,partially_shared_variants
GCF_000005845.2,b1661,cfa,GCF_036503815.1,AABJ99_RS11480,cfa,comparable,5,24,4,20,4,0,1,0,0,0,partially_shared_variants
GCF_000005845.2,b1662,ribC,GCF_036503815.1,AABJ99_RS11475,ribC,comparable,4,17,0,17,0,0,4,0,0,0,reference_allele_difference
GCF_000005845.2,b1663,mdtK,GCF_036503815.1,AABJ99_RS11470,mdtK,comparable,13,59,7,52,7,0,6,0,0,0,partially_shared_variants
GCF_000005845.2,b1664,ydhQ,GCF_036503815.1,AABJ99_RS11465,ydhQ,comparable,23,48,14,34,14,0,9,0,0,0,partially_shared_variants
GCF_000005845.2,b1667,ydhR,GCF_036503815.1,AABJ99_RS11450,ydhR,comparable,7,5,5,0,5,0,2,0,0,0,partially_shared_variants
GCF_000005845.2,b1668,ydhS,GCF_036503815.1,AABJ99_RS11445,ydhS,comparable,0,53,0,53,0,0,0,0,0,0,different_variants_in_same_gene
GCF_000005845.2,b1669,ydhT,GCF_036503815.1,AABJ99_RS11440,ydhT,comparable,0,15,0,15,0,0,0,0,0,0,different_variants_in_same_gene
GCF_000005845.2,b1670,ydhU,GCF_036503815.1,AABJ99_RS11435,phsC,comparable,0,14,0,14,0,0,0,0,0,0,different_variants_in_same_gene
GCF_000005845.2,b1671,ydhX,GCF_036503815.1,AABJ99_RS11430,ydhX,comparable,0,14,0,14,0,0,0,0,0,0,different_variants_in_same_gene
GCF_000005845.2,b1672,ydhW,GCF_036503815.1,AABJ99_RS11425,ydhW,comparable,0,15,0,15,0,0,0,0,0,0,different_variants_in_same_gene
GCF_000005845.2,b1673,ydhV,GCF_036503815.1,AABJ99_RS11420,ydhV,comparable,0,53,0,53,0,0,0,0,0,0,different_variants_in_same_gene
GCF_000005845.2,b1674,ydhY,GCF_036503815.1,AABJ99_RS11415,ydhY,comparable,0,13,0,13,0,0,0,0,0,0,different_variants_in_same_gene
GCF_000005845.2,b1675,fumD,GCF_036503815.1,AABJ99_RS11410,fumD,comparable,0,2,0,2,0,0,0,0,0,0,different_variants_in_same_gene
GCF_000005845.2,b4817,ynhH,GCF_036503815.1,AABJ99_RS11405,AABJ99_RS11405,comparable,0,3,0,3,0,0,0,0,0,0,different_variants_in_same_gene
GCF_000005845.2,b1676,pykF,GCF_036503815.1,AABJ99_RS11400,pykF,comparable,0,19,0,19,0,0,0,0,0,0,different_variants_in_same_gene
GCF_000005845.2,b1678,ldtE,GCF_036503815.1,AABJ99_RS11390,ldtE,comparable,0,24,0,24,0,0,0,0,0,0,different_variants_in_same_gene
GCF_000005845.2,b1679,sufE,GCF_036503815.1,AABJ99_RS11385,sufE,comparable,0,10,0,10,0,0,0,0,0,0,different_variants_in_same_gene
GCF_000005845.2,b1680,sufS,GCF_036503815.1,AABJ99_RS11380,sufS,comparable,14,62,7,55,7,0,7,0,0,0,partially_shared_variants
GCF_000005845.2,b1681,sufD,GCF_036503815.1,AABJ99_RS11375,sufD,comparable,33,44,15,29,15,0,18,0,0,0,partially_shared_variants
GCF_000005845.2,b1682,sufC,GCF_036503815.1,AABJ99_RS11370,sufC,comparable,19,23,11,12,11,0,8,0,0,0,partially_shared_variants
GCF_000005845.2,b1685,ydiH,GCF_036503815.1,AABJ99_RS11355,ydiH,comparable,0,5,0,5,0,0,0,0,0,0,different_variants_in_same_gene
GCF_000005845.2,b1686,menI,GCF_036503815.1,AABJ99_RS11350,menI,comparable,0,17,0,17,0,0,0,0,0,0,different_variants_in_same_gene
GCF_000005845.2,b1687,ydiJ,GCF_036503815.1,AABJ99_RS11345,ydiJ,comparable,31,119,16,103,16,1,12,0,2,0,partially_shared_variants
GCF_000005845.2,b1688,ydiK,GCF_036503815.1,AABJ99_RS11340,ydiK,comparable,7,41,4,37,4,0,3,0,0,0,partially_shared_variants
GCF_000005845.2,b1689,ydiL,GCF_036503815.1,AABJ99_RS11330,ydiL,comparable,6,13,4,9,4,0,2,0,0,0,partially_shared_variants
GCF_000005845.2,b1690,ydiM,GCF_036503815.1,AABJ99_RS11325,ydiM,comparable,5,36,3,33,3,0,1,1,0,0,partially_shared_variants
GCF_000005845.2,b1691,ydiN,GCF_036503815.1,AABJ99_RS11320,ydiN,comparable,10,27,7,20,7,0,3,0,0,0,partially_shared_variants
GCF_000005845.2,b1692,ydiB,GCF_036503815.1,AABJ99_RS11315,ydiB,comparable,19,14,11,3,11,0,8,0,0,0,partially_shared_variants
GCF_000005845.2,b1693,aroD,GCF_036503815.1,AABJ99_RS11310,aroD,comparable,15,13,8,5,8,0,7,0,0,0,partially_shared_variants
GCF_000005845.2,b1694,ydiF,GCF_036503815.1,AABJ99_RS11305,ydiF,comparable,11,18,5,13,5,0,6,0,0,0,partially_shared_variants
GCF_000005845.2,b1695,ydiO,GCF_036503815.1,AABJ99_RS11300,ydiO,comparable,14,45,10,35,10,0,4,0,0,0,partially_shared_variants
GCF_000005845.2,b1696,ydiP,GCF_036503815.1,AABJ99_RS11295,ydiP,comparable,23,25,14,11,14,0,9,0,0,0,partially_shared_variants
GCF_000005845.2,b1697,ydiQ,GCF_036503815.1,AABJ99_RS11290,ydiQ,comparable,6,20,4,16,4,0,2,0,0,0,partially_shared_variants
GCF_000005845.2,b1698,ydiR,GCF_036503815.1,AABJ99_RS11285,ydiR,comparable,7,11,2,9,2,0,5,0,0,0,partially_shared_variants
GCF_000005845.2,b1702,ppsA,GCF_036503815.1,AABJ99_RS11265,ppsA,comparable,23,66,14,52,14,0,9,0,0,0,partially_shared_variants
GCF_000005845.2,b1703,ppsR,GCF_036503815.1,AABJ99_RS11260,ppsR,comparable,3,13,2,11,2,0,1,0,0,0,partially_shared_variants
GCF_000005845.2,b1704,aroH,GCF_036503815.1,AABJ99_RS11255,aroH,comparable,2,16,1,15,1,0,1,0,0,0,partially_shared_variants
GCF_000005845.2,b1705,ydiE,GCF_036503815.1,AABJ99_RS11250,hemP,comparable,0,3,0,3,0,0,0,0,0,0,different_variants_in_same_gene
GCF_000005845.2,b1706,selO,GCF_036503815.1,AABJ99_RS11245,selO,comparable,22,22,4,18,4,0,18,0,0,0,partially_shared_variants
GCF_000005845.2,b1707,rflP,GCF_036503815.1,AABJ99_RS11240,ydiV,comparable,5,24,2,22,2,0,2,1,0,0,partially_shared_variants
GCF_000005845.2,b1708,nlpC,GCF_036503815.1,AABJ99_RS11235,nlpC,comparable,0,7,0,7,0,0,0,0,0,0,different_variants_in_same_gene
GCF_000005845.2,b1709,btuD,GCF_036503815.1,AABJ99_RS11230,btuD,comparable,2,17,1,16,1,0,1,0,0,0,partially_shared_variants
GCF_000005845.2,b1710,btuE,GCF_036503815.1,AABJ99_RS11225,btuE,comparable,0,19,0,19,0,0,0,0,0,0,different_variants_in_same_gene
GCF_000005845.2,b1711,btuC,GCF_036503815.1,AABJ99_RS11220,btuC,comparable,0,19,0,19,0,0,0,0,0,0,different_variants_in_same_gene
GCF_000005845.2,b1712,ihfA,GCF_036503815.1,AABJ99_RS11215,ihfA,comparable,0,1,0,1,0,0,0,0,0,0,different_variants_in_same_gene
GCF_000005845.2,b1713,pheT,GCF_036503815.1,AABJ99_RS11210,pheT,comparable,1,66,1,65,1,0,0,0,0,0,partially_shared_variants
GCF_000005845.2,b1714,pheS,GCF_036503815.1,AABJ99_RS11205,pheS,comparable,1,19,0,19,0,0,1,0,0,0,reference_allele_difference
GCF_000005845.2,b1715,pheM,GCF_036503815.1,AABJ99_RS11200,pheM,comparable,0,0,0,0,0,0,0,0,0,0,same_exact_variants
GCF_000005845.2,b1716,rplT,GCF_036503815.1,AABJ99_RS11195,rplT,comparable,0,1,0,1,0,0,0,0,0,0,different_variants_in_same_gene
GCF_000005845.2,b1717,rpmI,GCF_036503815.1,AABJ99_RS11190,rpmI,comparable,0,0,0,0,0,0,0,0,0,0,same_exact_variants
GCF_000005845.2,b1718,infC,GCF_036503815.1,AABJ99_RS11185,infC,comparable,0,0,0,0,0,0,0,0,0,0,same_exact_variants
GCF_000005845.2,b1719,thrS,GCF_036503815.1,AABJ99_RS11180,thrS,comparable,0,26,0,26,0,0,0,0,0,0,different_variants_in_same_gene
GCF_000005845.2,b4535,yniD,GCF_036503815.1,AABJ99_RS11170,yniD,comparable,0,0,0,0,0,0,0,0,0,0,same_exact_variants
GCF_000005845.2,b1722,ydiY,GCF_036503815.1,AABJ99_RS11165,ydiY,comparable,0,11,0,11,0,0,0,0,0,0,different_variants_in_same_gene
GCF_000005845.2,b1723,pfkB,GCF_036503815.1,AABJ99_RS11160,pfkB,comparable,0,24,0,24,0,0,0,0,0,0,different_variants_in_same_gene
GCF_000005845.2,b1724,ydiZ,GCF_036503815.1,AABJ99_RS11155,ghoS,comparable,0,5,0,5,0,0,0,0,0,0,different_variants_in_same_gene
GCF_000005845.2,b1725,yniA,GCF_036503815.1,AABJ99_RS11150,yniA,comparable,0,14,0,14,0,0,0,0,0,0,different_variants_in_same_gene
GCF_000005845.2,b1726,yniB,GCF_036503815.1,AABJ99_RS11145,yniB,comparable,1,9,0,9,0,0,1,0,0,0,reference_allele_difference
GCF_000005845.2,b1727,hxpB,GCF_036503815.1,AABJ99_RS11140,hxpB,comparable,4,12,0,12,0,0,4,0,0,0,reference_allele_difference
GCF_000005845.2,b1728,ydjM,GCF_036503815.1,AABJ99_RS11135,ydjM,comparable,8,9,4,5,4,0,4,0,0,0,partially_shared_variants
GCF_000005845.2,b1729,tcyP,GCF_036503815.1,AABJ99_RS11130,tcyP,comparable,13,32,3,29,3,0,10,0,0,0,partially_shared_variants
GCF_000005845.2,b1731,cedA,GCF_036503815.1,AABJ99_RS11120,cedA,comparable,0,4,0,4,0,0,0,0,0,0,different_variants_in_same_gene
GCF_000005845.2,b1732,katE,GCF_036503815.1,AABJ99_RS11115,katE,comparable,32,74,20,54,20,1,11,0,0,0,partially_shared_variants
GCF_000005845.2,b1734,chbF,GCF_036503815.1,AABJ99_RS11105,celF,comparable,10,33,0,33,0,0,10,0,0,0,reference_allele_difference
GCF_000005845.2,b1735,chbR,GCF_036503815.1,AABJ99_RS11100,chbR,comparable,1,12,1,11,1,0,0,0,0,0,partially_shared_variants
GCF_000005845.2,b1737,chbC,GCF_036503815.1,AABJ99_RS11090,chbC,comparable,5,14,1,13,1,0,4,0,0,0,partially_shared_variants
GCF_000005845.2,b1738,chbB,GCF_036503815.1,AABJ99_RS11085,chbB,comparable,0,0,0,0,0,0,0,0,0,0,same_exact_variants
GCF_000005845.2,b1739,osmE,GCF_036503815.1,AABJ99_RS11080,osmE,comparable,1,1,0,1,0,0,1,0,0,0,reference_allele_difference
GCF_000005845.2,b1740,nadE,GCF_036503815.1,AABJ99_RS11075,nadE,comparable,7,23,5,18,5,0,2,0,0,0,partially_shared_variants
GCF_000005845.2,b1741,cho,GCF_036503815.1,AABJ99_RS11070,cho,comparable,6,47,0,47,0,0,6,0,0,0,reference_allele_difference
GCF_000005845.2,b1742,ves,GCF_036503815.1,AABJ99_RS11065,ves,comparable,0,33,0,33,0,0,0,0,0,0,different_variants_in_same_gene
GCF_000005845.2,b1743,spy,GCF_036503815.1,AABJ99_RS11060,spy,comparable,1,7,1,6,1,0,0,0,0,0,partially_shared_variants
GCF_000005845.2,b1744,astE,GCF_036503815.1,AABJ99_RS11055,astE,comparable,0,27,0,27,0,0,0,0,0,0,different_variants_in_same_gene
GCF_000005845.2,b1747,astA,GCF_036503815.1,AABJ99_RS11040,astA,comparable,9,44,7,37,7,0,2,0,0,0,partially_shared_variants
GCF_000005845.2,b1748,astC,GCF_036503815.1,AABJ99_RS11035,astC,comparable,3,62,2,60,2,0,1,0,0,0,partially_shared_variants
GCF_000005845.2,b1753,ynjA,GCF_036503815.1,AABJ99_RS11015,ynjA,comparable,0,12,0,12,0,0,0,0,0,0,different_variants_in_same_gene
GCF_000005845.2,b1756,ynjD,GCF_036503815.1,AABJ99_RS11000,ynjD,comparable,0,19,0,19,0,0,0,0,0,0,different_variants_in_same_gene
GCF_000005845.2,b1757,ynjE,GCF_036503815.1,AABJ99_RS10995,ynjE,comparable,1,62,0,62,0,0,0,0,0,1,unresolved_liftover
GCF_000005845.2,b1759,nudG,GCF_036503815.1,AABJ99_RS10985,nudG,comparable,0,14,0,14,0,0,0,0,0,0,different_variants_in_same_gene
GCF_000005845.2,b1760,ynjH,GCF_036503815.1,AABJ99_RS10980,ynjH,comparable,0,7,0,7,0,0,0,0,0,0,different_variants_in_same_gene
GCF_000005845.2,b1761,gdhA,GCF_036503815.1,AABJ99_RS10975,gdhA,comparable,7,48,0,48,0,0,0,0,0,7,unresolved_liftover
GCF_000005845.2,b1764,selD,GCF_036503815.1,AABJ99_RS10965,selD,comparable,5,34,3,31,3,0,2,0,0,0,partially_shared_variants
GCF_000005845.2,b1765,ydjA,GCF_036503815.1,AABJ99_RS10960,ydjA,comparable,0,18,0,18,0,0,0,0,0,0,different_variants_in_same_gene
GCF_000005845.2,b1766,sppA,GCF_036503815.1,AABJ99_RS10955,sppA,comparable,9,50,3,47,3,0,6,0,0,0,partially_shared_variants
GCF_000005845.2,b1767,ansA,GCF_036503815.1,AABJ99_RS10945,ansA,comparable,1,24,1,23,1,0,0,0,0,0,partially_shared_variants
GCF_000005845.2,b1768,pncA,GCF_036503815.1,AABJ99_RS10940,pncA,comparable,0,11,0,11,0,0,0,0,0,0,different_variants_in_same_gene
GCF_000005845.2,b1769,ydjE,GCF_036503815.1,AABJ99_RS10935,ydjE,comparable,11,52,4,48,4,0,7,0,0,0,partially_shared_variants
GCF_000005845.2,b1770,ydjF,GCF_036503815.1,AABJ99_RS10930,ydjF,comparable,6,9,1,8,1,0,5,0,0,0,partially_shared_variants
GCF_000005845.2,b1771,ydjG,GCF_036503815.1,AABJ99_RS10925,ydjG,comparable,11,17,5,12,5,0,6,0,0,0,partially_shared_variants
GCF_000005845.2,b1775,ydjK,GCF_036503815.1,AABJ99_RS10905,ydjK,comparable,7,28,4,24,4,0,3,0,0,0,partially_shared_variants
GCF_000005845.2,b1776,ydjL,GCF_036503815.1,AABJ99_RS10900,ydjL,comparable,2,21,2,19,2,0,0,0,0,0,partially_shared_variants
GCF_000005845.2,b1777,yeaC,GCF_036503815.1,AABJ99_RS10895,yeaC,comparable,6,15,4,11,4,0,2,0,0,0,partially_shared_variants
GCF_000005845.2,b1778,msrB,GCF_036503815.1,AABJ99_RS10890,msrB,comparable,1,6,1,5,1,0,0,0,0,0,partially_shared_variants
GCF_000005845.2,b1779,gapA,GCF_036503815.1,AABJ99_RS10885,gapA,comparable,0,8,0,8,0,0,0,0,0,0,different_variants_in_same_gene
GCF_000005845.2,b1780,yeaD,GCF_036503815.1,AABJ99_RS10880,yeaD,comparable,6,32,4,28,4,0,2,0,0,0,partially_shared_variants
GCF_000005845.2,b1781,yeaE,GCF_036503815.1,AABJ99_RS10875,yeaE,comparable,0,30,0,30,0,0,0,0,0,0,different_variants_in_same_gene
GCF_000005845.2,b1782,mipA,GCF_036503815.1,AABJ99_RS10870,mipA,comparable,0,15,0,15,0,0,0,0,0,0,different_variants_in_same_gene
GCF_000005845.2,b1783,yeaG,GCF_036503815.1,AABJ99_RS10865,yeaG,comparable,4,72,2,70,2,0,2,0,0,0,partially_shared_variants
GCF_000005845.2,b1784,yeaH,GCF_036503815.1,AABJ99_RS10860,yeaH,comparable,1,38,0,38,0,0,1,0,0,0,reference_allele_difference
GCF_000005845.2,b1785,cdgI,GCF_036503815.1,AABJ99_RS10855,cdgI,comparable,12,30,7,23,7,0,5,0,0,0,partially_shared_variants
GCF_000005845.2,b1786,dgcJ,GCF_036503815.1,AABJ99_RS10850,dgcJ,comparable,7,18,4,14,4,0,3,0,0,0,partially_shared_variants
GCF_000005845.2,b1787,yeaK,GCF_036503815.1,AABJ99_RS10845,yeaK,comparable,4,15,3,12,3,0,1,0,0,0,partially_shared_variants
GCF_000005845.2,b1788,yoaI,GCF_036503815.1,AABJ99_RS10840,yoaI,comparable,5,1,1,0,1,0,4,0,0,0,partially_shared_variants
GCF_000005845.2,b1789,yeaL,GCF_036503815.1,AABJ99_RS10835,yeaL,comparable,9,8,2,6,2,0,7,0,0,0,partially_shared_variants
GCF_000005845.2,b1790,nimR,GCF_036503815.1,AABJ99_RS10830,nimR,comparable,15,17,8,9,8,0,7,0,0,0,partially_shared_variants
GCF_000005845.2,b1792,yeaO,GCF_036503815.1,AABJ99_RS10820,yeaO,comparable,3,6,1,5,1,0,2,0,0,0,partially_shared_variants
GCF_000005845.2,b1793,yoaF,GCF_036503815.1,AABJ99_RS10815,yoaF,comparable,4,3,2,1,2,0,2,0,0,0,partially_shared_variants
GCF_000005845.2,b1794,dgcP,GCF_036503815.1,AABJ99_RS10810,dgcP,comparable,9,28,3,25,3,0,6,0,0,0,partially_shared_variants
GCF_000005845.2,b4676,yoaK,GCF_036503815.1,AABJ99_RS10805,yoaK,comparable,0,1,0,1,0,0,0,0,0,0,different_variants_in_same_gene
GCF_000005845.2,b4675,yoaJ,GCF_036503815.1,AABJ99_RS10800,yoaJ,comparable,0,0,0,0,0,0,0,0,0,0,same_exact_variants
GCF_000005845.2,b1795,yeaQ,GCF_036503815.1,AABJ99_RS10795,yeaQ,comparable,2,4,1,3,1,0,1,0,0,0,partially_shared_variants
GCF_000005845.2,b1796,yoaG,GCF_036503815.1,AABJ99_RS10790,yoaG,comparable,0,2,0,2,0,0,0,0,0,0,different_variants_in_same_gene
GCF_000005845.2,b1797,yeaR,GCF_036503815.1,AABJ99_RS10785,yeaR,comparable,3,8,0,8,0,2,1,0,0,0,reference_allele_difference
GCF_000005845.2,b1798,leuE,GCF_036503815.1,AABJ99_RS10780,leuE,comparable,6,24,2,22,2,0,4,0,0,0,partially_shared_variants
GCF_000005845.2,b1800,dmlA,GCF_036503815.1,AABJ99_RS10770,dmlA,comparable,5,15,2,13,2,0,3,0,0,0,partially_shared_variants
GCF_000005845.2,b1801,yeaV,GCF_036503815.1,AABJ99_RS10765,yeaV,comparable,7,42,4,38,4,0,3,0,0,0,partially_shared_variants
GCF_000005845.2,b1802,yeaW,GCF_036503815.1,AABJ99_RS10760,yeaW,comparable,0,32,0,32,0,0,0,0,0,0,different_variants_in_same_gene
GCF_000005845.2,b1803,yeaX,GCF_036503815.1,AABJ99_RS10755,yeaX,comparable,10,37,7,30,7,1,2,0,0,0,partially_shared_variants
GCF_000005845.2,b1804,rnd,GCF_036503815.1,AABJ99_RS10750,rnd,comparable,10,23,6,17,6,0,4,0,0,0,partially_shared_variants
GCF_000005845.2,b1805,fadD,GCF_036503815.1,AABJ99_RS10745,fadD,comparable,10,48,7,41,7,0,3,0,0,0,partially_shared_variants
GCF_000005845.2,b1806,yeaY,GCF_036503815.1,AABJ99_RS10740,yeaY,comparable,3,17,2,15,2,0,1,0,0,0,partially_shared_variants
GCF_000005845.2,b1807,tsaB,GCF_036503815.1,AABJ99_RS10735,tsaB,comparable,18,36,10,26,10,0,8,0,0,0,partially_shared_variants
GCF_000005845.2,b1808,yoaA,GCF_036503815.1,AABJ99_RS10730,yoaA,comparable,20,89,12,77,12,0,7,0,1,0,partially_shared_variants
GCF_000005845.2,b1809,yoaB,GCF_036503815.1,AABJ99_RS10725,yoaB,comparable,4,5,2,3,2,0,2,0,0,0,partially_shared_variants
GCF_000005845.2,b1811,yoaH,GCF_036503815.1,AABJ99_RS10710,yoaH,comparable,0,4,0,4,0,0,0,0,0,0,different_variants_in_same_gene
GCF_000005845.2,b1812,pabB,GCF_036503815.1,AABJ99_RS10705,pabB,comparable,21,24,6,18,6,0,15,0,0,0,partially_shared_variants
GCF_000005845.2,b1813,nudL,GCF_036503815.1,AABJ99_RS10700,nudL,comparable,9,23,6,17,6,0,3,0,0,0,partially_shared_variants
GCF_000005845.2,b1815,pdeD,GCF_036503815.1,AABJ99_RS10690,pdeD,comparable,8,27,4,23,4,0,4,0,0,0,partially_shared_variants
GCF_000005845.2,b1816,yoaE,GCF_036503815.1,AABJ99_RS10685,yoaE,comparable,11,40,5,35,5,0,6,0,0,0,partially_shared_variants
GCF_000005845.2,b4751,yoaL,GCF_036503815.1,AABJ99_RS10680,yoaL,comparable,1,5,1,4,1,0,0,0,0,0,partially_shared_variants
GCF_000005845.2,b1817,manX,GCF_036503815.1,AABJ99_RS10675,manX,comparable,1,13,1,12,1,0,0,0,0,0,partially_shared_variants
GCF_000005845.2,b1818,manY,GCF_036503815.1,AABJ99_RS10670,manY,comparable,0,9,0,9,0,0,0,0,0,0,different_variants_in_same_gene
GCF_000005845.2,b1819,manZ,GCF_036503815.1,AABJ99_RS10665,manZ,comparable,2,17,1,16,1,0,1,0,0,0,partially_shared_variants
GCF_000005845.2,b1820,yobD,GCF_036503815.1,AABJ99_RS10660,yobD,comparable,1,22,1,21,1,0,0,0,0,0,partially_shared_variants
GCF_000005845.2,b1821,mntP,GCF_036503815.1,AABJ99_RS10655,mntP,comparable,0,8,0,8,0,0,0,0,0,0,different_variants_in_same_gene
GCF_000005845.2,b1822,rlmA,GCF_036503815.1,AABJ99_RS10650,rlmA,comparable,9,25,6,19,6,0,3,0,0,0,partially_shared_variants
GCF_000005845.2,b1823,cspC,GCF_036503815.1,AABJ99_RS10645,cspE,comparable,1,0,0,0,0,0,1,0,0,0,reference_allele_difference
GCF_000005845.2,b1824,yobF,GCF_036503815.1,AABJ99_RS10640,yobF,comparable,0,0,0,0,0,0,0,0,0,0,same_exact_variants
GCF_000005845.2,b1825,yebO,GCF_036503815.1,AABJ99_RS10635,yebO,comparable,3,5,2,3,2,0,1,0,0,0,partially_shared_variants
GCF_000005845.2,b1826,mgrB,GCF_036503815.1,AABJ99_RS10630,mgrB,comparable,0,0,0,0,0,0,0,0,0,0,same_exact_variants
GCF_000005845.2,b4536,yobH,GCF_036503815.1,AABJ99_RS10625,yobH,comparable,3,8,2,6,2,0,1,0,0,0,partially_shared_variants
GCF_000005845.2,b1827,kdgR,GCF_036503815.1,AABJ99_RS10620,kdgR,comparable,2,13,0,13,0,0,2,0,0,0,reference_allele_difference
GCF_000005845.2,b1828,yebQ,GCF_036503815.1,AABJ99_RS10615,yebQ,comparable,14,38,9,29,9,0,5,0,0,0,partially_shared_variants
GCF_000005845.2,b1829,htpX,GCF_036503815.1,AABJ99_RS10610,htpX,comparable,6,32,4,28,4,0,2,0,0,0,partially_shared_variants
GCF_000005845.2,b1830,prc,GCF_036503815.1,AABJ99_RS10605,prc,comparable,23,66,15,51,15,0,8,0,0,0,partially_shared_variants
GCF_000005845.2,b1831,proQ,GCF_036503815.1,AABJ99_RS10600,proQ,comparable,5,15,2,13,2,0,3,0,0,0,partially_shared_variants
GCF_000005845.2,b1832,msrC,GCF_036503815.1,AABJ99_RS10595,msrC,comparable,6,30,3,27,3,0,3,0,0,0,partially_shared_variants
GCF_000005845.2,b1833,letA,GCF_036503815.1,AABJ99_RS10590,yebS,comparable,22,54,14,40,14,0,8,0,0,0,partially_shared_variants
GCF_000005845.2,b1834,letB,GCF_036503815.1,AABJ99_RS10585,yebT,comparable,39,99,20,79,20,0,19,0,0,0,partially_shared_variants
GCF_000005845.2,b1835,rsmF,GCF_036503815.1,AABJ99_RS10580,rsmF,comparable,33,52,10,42,10,0,23,0,0,0,partially_shared_variants
GCF_000005845.2,b1836,yebV,GCF_036503815.1,AABJ99_RS10575,yebV,comparable,2,3,1,2,1,0,1,0,0,0,partially_shared_variants
GCF_000005845.2,b1837,yebW,GCF_036503815.1,AABJ99_RS10570,yebW,comparable,3,3,2,1,2,0,1,0,0,0,partially_shared_variants
GCF_000005845.2,b1838,pphA,GCF_036503815.1,AABJ99_RS10565,pphA,comparable,4,17,2,15,2,0,2,0,0,0,partially_shared_variants
GCF_000005845.2,b1839,yebY,GCF_036503815.1,AABJ99_RS10560,yebY,comparable,10,20,8,12,8,0,2,0,0,0,partially_shared_variants
GCF_000005845.2,b1842,holE,GCF_036503815.1,AABJ99_RS10545,holE,comparable,0,2,0,2,0,0,0,0,0,0,different_variants_in_same_gene
GCF_000005845.2,b1843,yobB,GCF_036503815.1,AABJ99_RS10540,yobB,comparable,3,14,2,12,2,0,1,0,0,0,partially_shared_variants
GCF_000005845.2,b1844,exoX,GCF_036503815.1,AABJ99_RS10535,exoX,comparable,8,11,5,6,5,0,3,0,0,0,partially_shared_variants
GCF_000005845.2,b1845,ptrB,GCF_036503815.1,AABJ99_RS10530,ptrB,comparable,15,68,9,59,9,0,6,0,0,0,partially_shared_variants
GCF_000005845.2,b1846,yebE,GCF_036503815.1,AABJ99_RS10525,yebE,comparable,4,11,1,10,1,0,3,0,0,0,partially_shared_variants
GCF_000005845.2,b1847,yebF,GCF_036503815.1,AABJ99_RS10520,yebF,comparable,2,2,0,2,0,0,2,0,0,0,reference_allele_difference
GCF_000005845.2,b1848,yebG,GCF_036503815.1,AABJ99_RS10515,yebG,comparable,1,1,1,0,1,0,0,0,0,0,same_exact_variants
GCF_000005845.2,b1849,purT,GCF_036503815.1,AABJ99_RS10510,purT,comparable,15,53,4,49,4,0,11,0,0,0,partially_shared_variants
GCF_000005845.2,b1850,eda,GCF_036503815.1,AABJ99_RS10505,kdgA,comparable,2,11,2,9,2,0,0,0,0,0,partially_shared_variants
GCF_000005845.2,b1851,edd,GCF_036503815.1,AABJ99_RS10500,edd,comparable,6,47,3,44,3,0,3,0,0,0,partially_shared_variants
GCF_000005845.2,b1852,zwf,GCF_036503815.1,AABJ99_RS10495,zwf,comparable,12,43,7,36,7,0,5,0,0,0,partially_shared_variants
GCF_000005845.2,b1853,yebK,GCF_036503815.1,AABJ99_RS10490,hexR,comparable,2,10,0,10,0,0,2,0,0,0,reference_allele_difference
GCF_000005845.2,b1854,pykA,GCF_036503815.1,AABJ99_RS10485,pyk,comparable,1,46,1,45,1,0,0,0,0,0,partially_shared_variants
GCF_000005845.2,b1855,lpxM,GCF_036503815.1,AABJ99_RS10480,lpxM,comparable,0,19,0,19,0,0,0,0,0,0,different_variants_in_same_gene
GCF_000005845.2,b1857,znuA,GCF_036503815.1,AABJ99_RS10470,znuA,comparable,0,19,0,19,0,0,0,0,0,0,different_variants_in_same_gene
GCF_000005845.2,b1858,znuC,GCF_036503815.1,AABJ99_RS10465,znuC,comparable,2,21,1,20,1,0,1,0,0,0,partially_shared_variants
GCF_000005845.2,b1859,znuB,GCF_036503815.1,AABJ99_RS10460,znuB,comparable,14,26,8,18,8,0,6,0,0,0,partially_shared_variants
GCF_000005845.2,b1860,ruvB,GCF_036503815.1,AABJ99_RS10455,ruvB,comparable,11,41,7,34,7,0,4,0,0,0,partially_shared_variants
GCF_000005845.2,b1861,ruvA,GCF_036503815.1,AABJ99_RS10450,ruvA,comparable,15,26,11,15,11,0,4,0,0,0,partially_shared_variants
GCF_000005845.2,b1863,ruvC,GCF_036503815.1,AABJ99_RS10430,ruvC,comparable,11,30,6,24,6,0,5,0,0,0,partially_shared_variants
GCF_000005845.2,b1864,yebC,GCF_036503815.1,AABJ99_RS10425,yebC,comparable,8,23,3,20,3,0,5,0,0,0,partially_shared_variants
GCF_000005845.2,b1865,nudB,GCF_036503815.1,AABJ99_RS10420,nudB,comparable,0,17,0,17,0,0,0,0,0,0,different_variants_in_same_gene
GCF_000005845.2,b1866,aspS,GCF_036503815.1,AABJ99_RS10415,aspS,comparable,1,65,1,64,1,0,0,0,0,0,partially_shared_variants
GCF_000005845.2,b1868,yecE,GCF_036503815.1,AABJ99_RS10405,yecE,comparable,0,38,0,38,0,0,0,0,0,0,different_variants_in_same_gene
GCF_000005845.2,b1869,yecN,GCF_036503815.1,AABJ99_RS10400,yecN,comparable,1,6,0,6,0,0,1,0,0,0,reference_allele_difference
GCF_000005845.2,b1870,cmoA,GCF_036503815.1,AABJ99_RS10395,cmoA,comparable,4,27,2,25,2,0,2,0,0,0,partially_shared_variants
GCF_000005845.2,b1871,cmoB,GCF_036503815.1,AABJ99_RS10390,cmoB,comparable,11,56,8,48,8,0,3,0,0,0,partially_shared_variants
GCF_000005845.2,b1873,torY,GCF_036503815.1,AABJ99_RS10380,torY,comparable,12,30,5,25,5,0,7,0,0,0,partially_shared_variants
GCF_000005845.2,b1874,cutC,GCF_036503815.1,AABJ99_RS10375,cutC,comparable,7,21,4,17,4,0,3,0,0,0,partially_shared_variants
GCF_000005845.2,b1875,yecM,GCF_036503815.1,AABJ99_RS10370,yecM,comparable,1,19,0,19,0,0,1,0,0,0,reference_allele_difference
GCF_000005845.2,b1876,argS,GCF_036503815.1,AABJ99_RS10365,argS,comparable,11,58,7,51,7,0,4,0,0,0,partially_shared_variants
GCF_000005845.2,b4778,yecV,GCF_036503815.1,AABJ99_RS10360,yecV,comparable,0,0,0,0,0,0,0,0,0,0,same_exact_variants
GCF_000005845.2,b1877,yecT,GCF_036503815.1,AABJ99_RS10355,yecT,comparable,2,12,2,10,2,0,0,0,0,0,partially_shared_variants
GCF_000005845.2,b1880,flhB,GCF_036503815.1,AABJ99_RS10340,flhB,comparable,11,45,8,37,8,0,3,0,0,0,partially_shared_variants
GCF_000005845.2,b1881,cheZ,GCF_036503815.1,AABJ99_RS10335,cheZ,comparable,0,20,0,20,0,0,0,0,0,0,different_variants_in_same_gene
GCF_000005845.2,b1882,cheY,GCF_036503815.1,AABJ99_RS10330,cheY,comparable,0,5,0,5,0,0,0,0,0,0,different_variants_in_same_gene
GCF_000005845.2,b1883,cheB,GCF_036503815.1,AABJ99_RS10325,cheB,comparable,12,28,8,20,8,0,4,0,0,0,partially_shared_variants
GCF_000005845.2,b1884,cheR,GCF_036503815.1,AABJ99_RS10320,cheR,comparable,5,33,3,30,3,0,2,0,0,0,partially_shared_variants
GCF_000005845.2,b1886,tar,GCF_036503815.1,AABJ99_RS10310,tar,comparable,3,53,1,52,1,0,2,0,0,0,partially_shared_variants
GCF_000005845.2,b1887,cheW,GCF_036503815.1,AABJ99_RS10305,cheW,comparable,0,13,0,13,0,0,0,0,0,0,different_variants_in_same_gene
GCF_000005845.2,b1888,cheA,GCF_036503815.1,AABJ99_RS10300,cheA,comparable,2,56,1,55,1,0,1,0,0,0,partially_shared_variants
GCF_000005845.2,b1889,motB,GCF_036503815.1,AABJ99_RS10295,motB,comparable,0,26,0,26,0,0,0,0,0,0,different_variants_in_same_gene
GCF_000005845.2,b1890,motA,GCF_036503815.1,AABJ99_RS10290,motA,comparable,1,20,0,20,0,0,1,0,0,0,reference_allele_difference
GCF_000005845.2,b1891,flhC,GCF_036503815.1,AABJ99_RS10285,flhC,comparable,0,9,0,9,0,0,0,0,0,0,different_variants_in_same_gene
GCF_000005845.2,b1892,flhD,GCF_036503815.1,AABJ99_RS10280,flhD,comparable,0,5,0,5,0,0,0,0,0,0,different_variants_in_same_gene
GCF_000005845.2,b1895,uspC,GCF_036503815.1,AABJ99_RS10275,uspC,comparable,2,10,1,9,1,0,1,0,0,0,partially_shared_variants
GCF_000005845.2,b1896,otsA,GCF_036503815.1,AABJ99_RS10270,otsA,comparable,0,51,0,51,0,0,0,0,0,0,different_variants_in_same_gene
GCF_000005845.2,b1897,otsB,GCF_036503815.1,AABJ99_RS10265,otsB,comparable,0,29,0,29,0,0,0,0,0,0,different_variants_in_same_gene
GCF_000005845.2,b4460,araH,GCF_036503815.1,AABJ99_RS10260,araH,comparable,0,27,0,27,0,0,0,0,0,0,different_variants_in_same_gene
GCF_000005845.2,b1900,araG,GCF_036503815.1,AABJ99_RS10255,araG,comparable,0,38,0,38,0,0,0,0,0,0,different_variants_in_same_gene
GCF_000005845.2,b1901,araF,GCF_036503815.1,AABJ99_RS10250,araF,comparable,0,36,0,36,0,0,0,0,0,0,different_variants_in_same_gene
GCF_000005845.2,b1902,ftnB,GCF_036503815.1,AABJ99_RS10245,ftnB,comparable,0,14,0,14,0,0,0,0,0,0,different_variants_in_same_gene
GCF_000005845.2,b4537,yecJ,GCF_036503815.1,AABJ99_RS10240,yecJ,comparable,1,10,0,10,0,0,1,0,0,0,reference_allele_difference
GCF_000005845.2,b4663,azuC,GCF_036503815.1,AABJ99_RS10235,azuC,comparable,1,2,1,1,1,0,0,0,0,0,partially_shared_variants
GCF_000005845.2,b1904,yecR,GCF_036503815.1,AABJ99_RS10230,yecR,comparable,6,9,1,8,1,0,5,0,0,0,partially_shared_variants
GCF_000005845.2,b1905,ftnA,GCF_036503815.1,AABJ99_RS10225,ftnA,comparable,7,6,3,3,3,0,4,0,0,0,partially_shared_variants
GCF_000005845.2,b1906,yecH,GCF_036503815.1,AABJ99_RS10220,yecH,comparable,7,8,6,2,6,0,1,0,0,0,partially_shared_variants
GCF_000005845.2,b1907,tyrP,GCF_036503815.1,AABJ99_RS10215,tyrP,comparable,26,38,14,24,14,0,12,0,0,0,partially_shared_variants
GCF_000005845.2,b1908,yecA,GCF_036503815.1,AABJ99_RS10210,yecA,comparable,14,14,7,7,7,0,7,0,0,0,partially_shared_variants
GCF_000005845.2,b1912,pgsA,GCF_036503815.1,AABJ99_RS10190,pgsA,comparable,5,7,2,5,2,0,3,0,0,0,partially_shared_variants
GCF_000005845.2,b1913,uvrC,GCF_036503815.1,AABJ99_RS10185,uvrC,comparable,22,31,8,23,8,0,14,0,0,0,partially_shared_variants
GCF_000005845.2,b1971,msrP,GCF_036503815.1,AABJ99_RS09890,msrP,comparable,19,50,0,50,0,0,0,0,0,19,unresolved_liftover
GCF_000005845.2,b1972,msrQ,GCF_036503815.1,AABJ99_RS09885,msrQ,comparable,12,29,0,29,0,0,0,0,0,12,unresolved_liftover
GCF_000005845.2,b1973,zinT,GCF_036503815.1,AABJ99_RS09880,zinT,comparable,6,31,0,31,0,0,0,0,0,6,unresolved_liftover
GCF_000005845.2,b1976,mtfA,GCF_036503815.1,AABJ99_RS09535,mtfA,comparable,4,21,0,21,0,0,0,0,0,4,unresolved_liftover
GCF_000005845.2,b1981,shiA,GCF_036503815.1,AABJ99_RS09515,shiA,comparable,0,64,0,64,0,0,0,0,0,0,different_variants_in_same_gene
GCF_000005845.2,b1982,amn,GCF_036503815.1,AABJ99_RS09510,amn,comparable,0,44,0,44,0,0,0,0,0,0,different_variants_in_same_gene
GCF_000005845.2,b1983,yeeN,GCF_036503815.1,AABJ99_RS09505,yeeN,comparable,0,13,0,13,0,0,0,0,0,0,different_variants_in_same_gene
GCF_000005845.2,b1985,yeeO,GCF_036503815.1,AABJ99_RS09495,yeeO,comparable,0,29,0,29,0,0,0,0,0,0,different_variants_in_same_gene
GCF_000005845.2,b1987,cbl,GCF_036503815.1,AABJ99_RS09485,cbl,comparable,1,27,0,27,0,0,0,0,0,1,unresolved_liftover
GCF_000005845.2,b1990,ldtA,GCF_036503815.1,AABJ99_RS09265,ldtA,comparable,1,43,0,43,0,0,0,0,0,1,unresolved_liftover
GCF_000005845.2,b1991,cobT,GCF_036503815.1,AABJ99_RS09260,cobT,comparable,0,38,0,38,0,0,0,0,0,0,different_variants_in_same_gene
GCF_000005845.2,b1992,cobS,GCF_036503815.1,AABJ99_RS09255,cobS,comparable,1,16,0,16,0,0,0,0,0,1,unresolved_liftover
GCF_000005845.2,b1993,cobU,GCF_036503815.1,AABJ99_RS09250,cobU,comparable,0,11,0,11,0,0,0,0,0,0,different_variants_in_same_gene
GCF_000005845.2,b2007,tmaR,GCF_036503815.1,AABJ99_RS09235,tmaR,comparable,2,4,0,4,0,0,0,0,0,2,unresolved_liftover
GCF_000005845.2,b2008,yeeA,GCF_036503815.1,AABJ99_RS09230,yeeA,comparable,16,13,0,13,0,0,0,0,0,16,unresolved_liftover
GCF_000005845.2,b2009,sbmC,GCF_036503815.1,AABJ99_RS09225,sbmC,comparable,13,8,0,8,0,0,0,0,0,13,unresolved_liftover
GCF_000005845.2,b2010,dacD,GCF_036503815.1,AABJ99_RS09220,dacD,comparable,24,15,0,15,0,0,0,0,0,24,unresolved_liftover
GCF_000005845.2,b2011,sbcB,GCF_036503815.1,AABJ99_RS09215,sbcB,comparable,30,19,0,19,0,0,0,0,0,30,unresolved_liftover
GCF_000005845.2,b4678,yoeI,GCF_036503815.1,AABJ99_RS09205,yoeI,comparable,0,1,0,1,0,0,0,0,0,0,different_variants_in_same_gene
GCF_000005845.2,b2015,yeeY,GCF_036503815.1,AABJ99_RS09200,yeeY,comparable,28,21,0,21,0,0,0,0,0,28,unresolved_liftover
GCF_000005845.2,b2016,yeeZ,GCF_036503815.1,AABJ99_RS09195,yeeZ,comparable,9,30,0,30,0,0,0,0,0,9,unresolved_liftover
GCF_000005845.2,b2019,hisG,GCF_036503815.1,AABJ99_RS09185,hisG,comparable,25,22,15,7,15,0,10,0,0,0,partially_shared_variants
GCF_000005845.2,b2020,hisD,GCF_036503815.1,AABJ99_RS09180,hisD,comparable,40,64,21,43,21,0,19,0,0,0,partially_shared_variants
GCF_000005845.2,b2021,hisC,GCF_036503815.1,AABJ99_RS09175,hisC,comparable,28,33,15,18,15,0,13,0,0,0,partially_shared_variants
GCF_000005845.2,b2022,hisB,GCF_036503815.1,AABJ99_RS09170,hisB,comparable,53,45,29,16,29,0,24,0,0,0,partially_shared_variants
GCF_000005845.2,b2023,hisH,GCF_036503815.1,AABJ99_RS09165,hisH,comparable,17,21,10,11,10,0,7,0,0,0,partially_shared_variants
GCF_000005845.2,b2024,hisA,GCF_036503815.1,AABJ99_RS09160,hisA,comparable,31,22,11,11,11,0,20,0,0,0,partially_shared_variants
GCF_000005845.2,b2025,hisF,GCF_036503815.1,AABJ99_RS09155,hisF,comparable,24,39,17,22,17,0,7,0,0,0,partially_shared_variants
GCF_000005845.2,b2026,hisI,GCF_036503815.1,AABJ99_RS09150,hisIE,comparable,20,15,7,8,7,0,13,0,0,0,partially_shared_variants
GCF_000005845.2,b2028,ugd,GCF_036503815.1,AABJ99_RS09140,ugd,comparable,19,51,11,40,11,0,8,0,0,0,partially_shared_variants
GCF_000005845.2,b2029,gnd,GCF_036503815.1,AABJ99_RS09135,gndA,comparable,62,56,33,23,33,0,29,0,0,0,partially_shared_variants
GCF_000005845.2,b2042,galF,GCF_036503815.1,AABJ99_RS09085,galF,comparable,36,29,15,14,15,3,18,0,0,0,partially_shared_variants
GCF_000005845.2,b2045,wcaK,GCF_036503815.1,AABJ99_RS09070,wcaK,comparable,44,71,24,47,24,0,20,0,0,0,partially_shared_variants
GCF_000005845.2,b2046,wzxC,GCF_036503815.1,AABJ99_RS09065,wzxC,comparable,48,63,19,44,19,2,27,0,0,0,partially_shared_variants
GCF_000005845.2,b2047,wcaJ,GCF_036503815.1,AABJ99_RS09060,wcaJ,comparable,39,58,22,36,22,0,17,0,0,0,partially_shared_variants
GCF_000005845.2,b2050,wcaI,GCF_036503815.1,AABJ99_RS09035,wcaI,comparable,24,44,12,32,12,0,12,0,0,0,partially_shared_variants
GCF_000005845.2,b2051,gmm,GCF_036503815.1,AABJ99_RS09030,gmm,comparable,10,13,2,11,2,0,8,0,0,0,partially_shared_variants
GCF_000005845.2,b2052,fcl,GCF_036503815.1,AABJ99_RS09025,fcl,comparable,21,47,13,34,13,0,8,0,0,0,partially_shared_variants
GCF_000005845.2,b2053,gmd,GCF_036503815.1,AABJ99_RS09020,gmd,comparable,28,33,13,20,13,0,15,0,0,0,partially_shared_variants
GCF_000005845.2,b2054,wcaF,GCF_036503815.1,AABJ99_RS09015,wcaF,comparable,16,21,9,12,9,0,7,0,0,0,partially_shared_variants
GCF_000005845.2,b2055,wcaE,GCF_036503815.1,AABJ99_RS09010,wcaE,comparable,6,43,4,39,4,0,2,0,0,0,partially_shared_variants
GCF_000005845.2,b2056,wcaD,GCF_036503815.1,AABJ99_RS09005,wcaD,comparable,20,32,11,21,11,0,9,0,0,0,partially_shared_variants
GCF_000005845.2,b2057,wcaC,GCF_036503815.1,AABJ99_RS09000,wcaC,comparable,28,37,11,26,11,0,17,0,0,0,partially_shared_variants
GCF_000005845.2,b2058,wcaB,GCF_036503815.1,AABJ99_RS08995,wcaB,comparable,9,23,7,16,7,0,2,0,0,0,partially_shared_variants
GCF_000005845.2,b2059,wcaA,GCF_036503815.1,AABJ99_RS08990,wcaA,comparable,25,32,13,19,13,0,12,0,0,0,partially_shared_variants
GCF_000005845.2,b2063,yegH,GCF_036503815.1,AABJ99_RS08970,yegH,comparable,15,44,4,40,4,1,10,0,0,0,partially_shared_variants
GCF_000005845.2,b2064,asmA,GCF_036503815.1,AABJ99_RS08960,asmA,comparable,34,56,0,56,0,0,0,0,0,34,unresolved_liftover
GCF_000005845.2,b2065,dcd,GCF_036503815.1,AABJ99_RS08955,dcd,comparable,8,9,0,9,0,0,0,0,0,8,unresolved_liftover
GCF_000005845.2,b2066,udk,GCF_036503815.1,AABJ99_RS08950,udk,comparable,3,13,0,13,0,0,0,0,0,3,unresolved_liftover
GCF_000005845.2,b2067,dgcE,GCF_036503815.1,AABJ99_RS08945,dgcE,comparable,47,128,0,128,0,0,0,0,0,47,unresolved_liftover
GCF_000005845.2,b2068,alkA,GCF_036503815.1,AABJ99_RS08940,alkA,comparable,14,40,0,40,0,0,0,0,0,14,unresolved_liftover
GCF_000005845.2,b2070,yegI,GCF_036503815.1,AABJ99_RS08930,yegI,comparable,71,103,0,103,0,0,0,0,0,71,unresolved_liftover
GCF_000005845.2,b2073,yegL,GCF_036503815.1,AABJ99_RS08915,yegL,comparable,26,25,0,25,0,0,0,0,0,26,unresolved_liftover
GCF_000005845.2,b2074,mdtA,GCF_036503815.1,AABJ99_RS08890,mdtA,comparable,30,64,0,64,0,0,0,0,0,30,unresolved_liftover
GCF_000005845.2,b2075,mdtB,GCF_036503815.1,AABJ99_RS08885,mdtB,comparable,54,144,0,144,0,0,0,0,0,54,unresolved_liftover
GCF_000005845.2,b2076,mdtC,GCF_036503815.1,AABJ99_RS08880,mdtC,comparable,4,133,0,133,0,0,0,0,0,4,unresolved_liftover
GCF_000005845.2,b2077,mdtD,GCF_036503815.1,AABJ99_RS08875,mdtD,comparable,2,59,0,59,0,0,0,0,0,2,unresolved_liftover
GCF_000005845.2,b2079,baeR,GCF_036503815.1,AABJ99_RS08865,baeR,comparable,0,21,0,21,0,0,0,0,0,0,different_variants_in_same_gene
GCF_000005845.2,b2080,yegP,GCF_036503815.1,AABJ99_RS08860,yegP,comparable,1,8,0,8,0,0,0,0,0,1,unresolved_liftover
GCF_000005845.2,b2081,trhP,GCF_036503815.1,AABJ99_RS08840,yegQ,comparable,22,30,0,30,0,0,0,0,0,22,unresolved_liftover
GCF_000005845.2,b2091,gatD,GCF_036503815.1,AABJ99_RS08820,gatD,comparable,0,38,0,38,0,0,0,0,0,0,different_variants_in_same_gene
GCF_000005845.2,b2093,gatB,GCF_036503815.1,AABJ99_RS08810,gatB,comparable,1,14,0,14,0,0,0,0,0,1,unresolved_liftover
GCF_000005845.2,b2095,gatZ,GCF_036503815.1,AABJ99_RS08800,gatZ,comparable,14,61,0,61,0,0,0,0,0,14,unresolved_liftover
GCF_000005845.2,b2097,fbaB,GCF_036503815.1,AABJ99_RS08790,fbaB,comparable,25,28,0,28,0,0,0,0,0,25,unresolved_liftover
GCF_000005845.2,b2098,yegT,GCF_036503815.1,AABJ99_RS08785,yegT,comparable,11,29,0,29,0,0,0,0,0,11,unresolved_liftover
GCF_000005845.2,b2099,yegU,GCF_036503815.1,AABJ99_RS08780,yegU,comparable,15,41,0,41,0,0,0,0,0,15,unresolved_liftover
GCF_000005845.2,b2100,yegV,GCF_036503815.1,AABJ99_RS08775,yegV,comparable,1,49,0,49,0,0,0,0,0,1,unresolved_liftover
GCF_000005845.2,b2104,thiM,GCF_036503815.1,AABJ99_RS08735,thiM,comparable,0,42,0,42,0,0,0,0,0,0,different_variants_in_same_gene
GCF_000005845.2,b2114,metG,GCF_036503815.1,AABJ99_RS08685,metG,comparable,43,71,0,71,0,0,0,0,0,43,unresolved_liftover
GCF_000005845.2,b4541,yehK,GCF_036503815.1,AABJ99_RS08665,yehK,comparable,0,13,0,13,0,0,0,0,0,0,different_variants_in_same_gene
GCF_000005845.2,b2123,yehR,GCF_036503815.1,AABJ99_RS08635,yehR,comparable,5,23,5,18,5,0,0,0,0,0,partially_shared_variants
GCF_000005845.2,b2124,yehS,GCF_036503815.1,AABJ99_RS08630,yehS,comparable,2,20,0,20,0,0,2,0,0,0,reference_allele_difference
GCF_000005845.2,b2125,btsR,GCF_036503815.1,AABJ99_RS08625,btsR,comparable,0,31,0,31,0,0,0,0,0,0,different_variants_in_same_gene
GCF_000005845.2,b2126,btsS,GCF_036503815.1,AABJ99_RS08620,btsS,comparable,23,49,9,40,9,0,14,0,0,0,partially_shared_variants
GCF_000005845.2,b2127,mlrA,GCF_036503815.1,AABJ99_RS08615,mlrA,comparable,8,9,3,6,3,0,5,0,0,0,partially_shared_variants
GCF_000005845.2,b4542,yohO,GCF_036503815.1,AABJ99_RS08610,yohO,comparable,1,2,1,1,1,0,0,0,0,0,partially_shared_variants
GCF_000005845.2,b2128,yehW,GCF_036503815.1,AABJ99_RS08605,yehW,comparable,8,16,3,13,3,0,5,0,0,0,partially_shared_variants
GCF_000005845.2,b2129,yehX,GCF_036503815.1,AABJ99_RS08600,yehX,comparable,9,41,4,37,4,0,5,0,0,0,partially_shared_variants
GCF_000005845.2,b2130,yehY,GCF_036503815.1,AABJ99_RS08595,yehY,comparable,10,50,4,46,4,0,6,0,0,0,partially_shared_variants
GCF_000005845.2,b2132,bglX,GCF_036503815.1,AABJ99_RS08585,bglX,comparable,30,93,15,78,15,1,14,0,0,0,partially_shared_variants
GCF_000005845.2,b2133,dld,GCF_036503815.1,AABJ99_RS08580,dld,comparable,0,60,0,60,0,0,0,0,0,0,different_variants_in_same_gene
GCF_000005845.2,b2134,pbpG,GCF_036503815.1,AABJ99_RS08575,pbpG,comparable,0,22,0,22,0,0,0,0,0,0,different_variants_in_same_gene
GCF_000005845.2,b2135,yohC,GCF_036503815.1,AABJ99_RS08570,yohC,comparable,1,18,1,17,1,0,0,0,0,0,partially_shared_variants
GCF_000005845.2,b2136,yohD,GCF_036503815.1,AABJ99_RS08565,yohD,comparable,0,19,0,19,0,0,0,0,0,0,different_variants_in_same_gene
GCF_000005845.2,b4679,yohP,GCF_036503815.1,AABJ99_RS24985,yohP,comparable,0,1,0,1,0,0,0,0,0,0,different_variants_in_same_gene
GCF_000005845.2,b2140,dusC,GCF_036503815.1,AABJ99_RS08550,dusC,comparable,0,30,0,30,0,0,0,0,0,0,different_variants_in_same_gene
GCF_000005845.2,b2141,yohJ,GCF_036503815.1,AABJ99_RS08515,yohJ,comparable,0,6,0,6,0,0,0,0,0,0,different_variants_in_same_gene
GCF_000005845.2,b2142,yohK,GCF_036503815.1,AABJ99_RS08510,yohK,comparable,0,29,0,29,0,0,0,0,0,0,different_variants_in_same_gene
GCF_000005845.2,b2143,cdd,GCF_036503815.1,AABJ99_RS08505,cdd,comparable,0,20,0,20,0,0,0,0,0,0,different_variants_in_same_gene
GCF_000005845.2,b2144,sanA,GCF_036503815.1,AABJ99_RS08500,sanA,comparable,0,29,0,29,0,0,0,0,0,0,different_variants_in_same_gene
GCF_000005845.2,b2145,yeiS,GCF_036503815.1,AABJ99_RS08495,yeiS,comparable,0,6,0,6,0,0,0,0,0,0,different_variants_in_same_gene
GCF_000005845.2,b2147,preA,GCF_036503815.1,AABJ99_RS08485,preA,comparable,0,55,0,55,0,0,0,0,0,0,different_variants_in_same_gene
GCF_000005845.2,b2148,mglC,GCF_036503815.1,AABJ99_RS08480,mglC,comparable,0,33,0,33,0,0,0,0,0,0,different_variants_in_same_gene
GCF_000005845.2,b2149,mglA,GCF_036503815.1,AABJ99_RS08475,mglA,comparable,14,55,7,48,7,0,7,0,0,0,partially_shared_variants
GCF_000005845.2,b2150,mglB,GCF_036503815.1,AABJ99_RS08470,mglB,comparable,8,40,3,37,3,0,5,0,0,0,partially_shared_variants
GCF_000005845.2,b2151,galS,GCF_036503815.1,AABJ99_RS08465,galS,comparable,6,51,3,48,3,0,3,0,0,0,partially_shared_variants
GCF_000005845.2,b2152,yeiB,GCF_036503815.1,AABJ99_RS08460,yeiB,comparable,16,47,7,40,7,0,9,0,0,0,partially_shared_variants
GCF_000005845.2,b2153,folE,GCF_036503815.1,AABJ99_RS08455,folE,comparable,6,11,2,9,2,0,4,0,0,0,partially_shared_variants
GCF_000005845.2,b2155,cirA,GCF_036503815.1,AABJ99_RS08445,cirA,comparable,1,58,1,57,1,0,0,0,0,0,partially_shared_variants
GCF_000005845.2,b2157,yeiE,GCF_036503815.1,AABJ99_RS08435,yieE,comparable,12,20,6,14,6,0,6,0,0,0,partially_shared_variants
GCF_000005845.2,b2158,yeiH,GCF_036503815.1,AABJ99_RS08430,yeiH,comparable,2,9,1,8,1,0,1,0,0,0,partially_shared_variants
GCF_000005845.2,b2159,nfo,GCF_036503815.1,AABJ99_RS08425,nfo,comparable,15,16,10,6,10,0,5,0,0,0,partially_shared_variants
GCF_000005845.2,b2160,yeiI,GCF_036503815.1,AABJ99_RS08420,yeiI,comparable,6,43,2,41,2,0,4,0,0,0,partially_shared_variants
GCF_000005845.2,b2161,nupX,GCF_036503815.1,AABJ99_RS08415,nupX,comparable,61,70,37,33,37,0,24,0,0,0,partially_shared_variants
GCF_000005845.2,b2162,rihB,GCF_036503815.1,AABJ99_RS08410,rihB,comparable,21,42,13,29,13,0,8,0,0,0,partially_shared_variants
GCF_000005845.2,b2163,yeiL,GCF_036503815.1,AABJ99_RS08405,yeiL,comparable,10,31,7,24,7,0,3,0,0,0,partially_shared_variants
GCF_000005845.2,b2164,psuT,GCF_036503815.1,AABJ99_RS08400,psuT,comparable,20,54,13,41,13,1,6,0,0,0,partially_shared_variants
GCF_000005845.2,b2166,psuK,GCF_036503815.1,AABJ99_RS08390,psuK,comparable,10,23,9,14,9,0,1,0,0,0,partially_shared_variants
GCF_000005845.2,b2167,fruA,GCF_036503815.1,AABJ99_RS08385,fruA,comparable,22,34,12,22,12,0,10,0,0,0,partially_shared_variants
GCF_000005845.2,b2168,fruK,GCF_036503815.1,AABJ99_RS08380,fruK,comparable,5,5,1,4,1,0,4,0,0,0,partially_shared_variants
GCF_000005845.2,b2169,fruB,GCF_036503815.1,AABJ99_RS08375,fruB,comparable,2,33,2,31,2,0,0,0,0,0,partially_shared_variants
GCF_000005845.2,b4502,yeiW,GCF_036503815.1,AABJ99_RS08365,yeiW,comparable,0,3,0,3,0,0,0,0,0,0,different_variants_in_same_gene
GCF_000005845.2,b2171,yeiP,GCF_036503815.1,AABJ99_RS08360,yeiP,comparable,2,8,2,6,2,0,0,0,0,0,partially_shared_variants
GCF_000005845.2,b2172,yeiQ,GCF_036503815.1,AABJ99_RS08355,yeiQ,comparable,6,58,4,54,4,0,2,0,0,0,partially_shared_variants
GCF_000005845.2,b2173,yeiR,GCF_036503815.1,AABJ99_RS08350,yeiR,comparable,5,28,2,26,2,0,3,0,0,0,partially_shared_variants
GCF_000005845.2,b2174,lpxT,GCF_036503815.1,AABJ99_RS08345,lpxT,comparable,7,20,3,17,3,0,4,0,0,0,partially_shared_variants
GCF_000005845.2,b2175,mepS,GCF_036503815.1,AABJ99_RS08340,mepS,comparable,0,3,0,3,0,0,0,0,0,0,different_variants_in_same_gene
GCF_000005845.2,b2176,pdeN,GCF_036503815.1,AABJ99_RS08335,pdeN,comparable,4,65,1,64,1,0,3,0,0,0,partially_shared_variants
GCF_000005845.2,b2177,yejA,GCF_036503815.1,AABJ99_RS08330,yejA,comparable,21,42,7,35,7,0,14,0,0,0,partially_shared_variants
GCF_000005845.2,b2178,yejB,GCF_036503815.1,AABJ99_RS08325,yejB,comparable,9,20,6,14,6,0,3,0,0,0,partially_shared_variants
GCF_000005845.2,b2179,yejE,GCF_036503815.1,AABJ99_RS08320,yejE,comparable,5,32,3,29,3,0,2,0,0,0,partially_shared_variants
GCF_000005845.2,b2180,yejF,GCF_036503815.1,AABJ99_RS08315,yejF,comparable,2,51,2,49,2,0,0,0,0,0,partially_shared_variants
GCF_000005845.2,b2181,yejG,GCF_036503815.1,AABJ99_RS08310,yejG,comparable,1,5,1,4,1,0,0,0,0,0,partially_shared_variants
GCF_000005845.2,b2182,bcr,GCF_036503815.1,AABJ99_RS08305,bcr,comparable,0,43,0,43,0,0,0,0,0,0,different_variants_in_same_gene
GCF_000005845.2,b2183,rsuA,GCF_036503815.1,AABJ99_RS08300,rsuA,comparable,0,20,0,20,0,0,0,0,0,0,different_variants_in_same_gene
GCF_000005845.2,b2184,radD,GCF_036503815.1,AABJ99_RS08295,radD,comparable,0,81,0,81,0,0,0,0,0,0,different_variants_in_same_gene
GCF_000005845.2,b2185,rplY,GCF_036503815.1,AABJ99_RS08290,rplY,comparable,0,11,0,11,0,0,0,0,0,0,different_variants_in_same_gene
GCF_000005845.2,b2186,yejK,GCF_036503815.1,AABJ99_RS08285,yejK,comparable,1,48,1,47,1,0,0,0,0,0,partially_shared_variants
GCF_000005845.2,b2187,yejL,GCF_036503815.1,AABJ99_RS08280,yejL,comparable,0,1,0,1,0,0,0,0,0,0,different_variants_in_same_gene
GCF_000005845.2,b2188,lapC,GCF_036503815.1,AABJ99_RS08275,yejM,comparable,5,43,3,40,3,0,2,0,0,0,partially_shared_variants
GCF_000005845.2,b2193,narP,GCF_036503815.1,AABJ99_RS08260,narP,comparable,9,15,5,10,5,0,4,0,0,0,partially_shared_variants
GCF_000005845.2,b2195,ccmG,GCF_036503815.1,AABJ99_RS08250,dsbE,comparable,7,19,4,15,4,0,3,0,0,0,partially_shared_variants
GCF_000005845.2,b2196,ccmF,GCF_036503815.1,AABJ99_RS08245,ccmF,comparable,27,75,17,58,17,0,10,0,0,0,partially_shared_variants
GCF_000005845.2,b2197,ccmE,GCF_036503815.1,AABJ99_RS08240,ccmE,comparable,12,15,5,10,5,0,7,0,0,0,partially_shared_variants
GCF_000005845.2,b2198,ccmD,GCF_036503815.1,AABJ99_RS08235,ccmD,comparable,1,2,1,1,1,0,0,0,0,0,partially_shared_variants
GCF_000005845.2,b2199,ccmC,GCF_036503815.1,AABJ99_RS08230,ccmC,comparable,0,19,0,19,0,0,0,0,0,0,different_variants_in_same_gene
GCF_000005845.2,b2200,ccmB,GCF_036503815.1,AABJ99_RS08225,ccmB,comparable,3,13,2,11,2,0,1,0,0,0,partially_shared_variants
GCF_000005845.2,b2201,ccmA,GCF_036503815.1,AABJ99_RS08220,ccmA,comparable,1,20,0,20,0,0,1,0,0,0,reference_allele_difference
GCF_000005845.2,b2202,napC,GCF_036503815.1,AABJ99_RS08215,napC,comparable,0,14,0,14,0,0,0,0,0,0,different_variants_in_same_gene
GCF_000005845.2,b2203,napB,GCF_036503815.1,AABJ99_RS08210,napB,comparable,2,5,1,4,1,0,1,0,0,0,partially_shared_variants
GCF_000005845.2,b2204,napH,GCF_036503815.1,AABJ99_RS08205,napH,comparable,0,24,0,24,0,0,0,0,0,0,different_variants_in_same_gene
GCF_000005845.2,b2205,napG,GCF_036503815.1,AABJ99_RS08200,napG,comparable,3,23,1,22,1,0,2,0,0,0,partially_shared_variants
GCF_000005845.2,b2206,napA,GCF_036503815.1,AABJ99_RS08195,napA,comparable,35,75,16,59,16,0,19,0,0,0,partially_shared_variants
GCF_000005845.2,b2207,napD,GCF_036503815.1,AABJ99_RS08190,napD,comparable,0,1,0,1,0,0,0,0,0,0,different_variants_in_same_gene
GCF_000005845.2,b2208,napF,GCF_036503815.1,AABJ99_RS08185,napF,comparable,4,11,4,7,4,0,0,0,0,0,partially_shared_variants
GCF_000005845.2,b4604,yojO,GCF_036503815.1,AABJ99_RS08180,AABJ99_RS08180,comparable,1,5,0,5,0,0,1,0,0,0,reference_allele_difference
GCF_000005845.2,b2209,eco,GCF_036503815.1,AABJ99_RS08175,eco,comparable,1,15,1,14,1,0,0,0,0,0,partially_shared_variants
GCF_000005845.2,b2210,mqo,GCF_036503815.1,AABJ99_RS08165,mqo,comparable,24,73,0,73,0,0,0,0,0,24,unresolved_liftover
GCF_000005845.2,b2211,yojI,GCF_036503815.1,AABJ99_RS08160,yojI,comparable,15,83,0,83,0,0,0,0,0,15,unresolved_liftover
GCF_000005845.2,b2212,alkB,GCF_036503815.1,AABJ99_RS08155,alkB,comparable,6,27,0,27,0,0,0,0,0,6,unresolved_liftover
GCF_000005845.2,b2213,ada,GCF_036503815.1,AABJ99_RS08150,ada,comparable,22,51,0,51,0,0,0,0,0,22,unresolved_liftover
GCF_000005845.2,b2214,ftp,GCF_036503815.1,AABJ99_RS08145,apbE,comparable,0,26,0,26,0,0,0,0,0,0,different_variants_in_same_gene
GCF_000005845.2,b2218,rcsC,GCF_036503815.1,AABJ99_RS08125,rcsC,comparable,16,69,0,69,0,0,0,0,0,16,unresolved_liftover
GCF_000005845.2,b2225,yfaP,GCF_036503815.1,AABJ99_RS08115,yfaP,comparable,1,39,0,39,0,0,0,0,0,1,unresolved_liftover
GCF_000005845.2,b2226,yfaQ,GCF_036503815.1,AABJ99_RS08110,yfaQ,comparable,1,59,0,59,0,0,0,0,0,1,unresolved_liftover
GCF_000005845.2,b2229,yfaT,GCF_036503815.1,AABJ99_RS08100,yfaT,comparable,2,21,0,21,0,0,0,0,0,2,unresolved_liftover
GCF_000005845.2,b2230,yfaA,GCF_036503815.1,AABJ99_RS08095,yfaA,comparable,2,93,0,93,0,0,0,0,0,2,unresolved_liftover
GCF_000005845.2,b2231,gyrA,GCF_036503815.1,AABJ99_RS08090,gyrA,comparable,44,72,0,72,0,0,0,0,0,44,unresolved_liftover
GCF_000005845.2,b2232,ubiG,GCF_036503815.1,AABJ99_RS08085,ubiG,comparable,5,20,0,20,0,0,0,0,0,5,unresolved_liftover
GCF_000005845.2,b4605,ypaB,GCF_036503815.1,AABJ99_RS08075,ypaB,comparable,0,1,0,1,0,0,0,0,0,0,different_variants_in_same_gene
GCF_000005845.2,b2234,nrdA,GCF_036503815.1,AABJ99_RS08070,nrdA,comparable,0,55,0,55,0,0,0,0,0,0,different_variants_in_same_gene
GCF_000005845.2,b2235,nrdB,GCF_036503815.1,AABJ99_RS08060,nrdB,comparable,19,49,0,49,0,0,0,0,0,19,unresolved_liftover
GCF_000005845.2,b2236,yfaE,GCF_036503815.1,AABJ99_RS08055,yfaE,comparable,4,10,0,10,0,0,0,0,0,4,unresolved_liftover
GCF_000005845.2,b2237,inaA,GCF_036503815.1,AABJ99_RS08050,inaA,comparable,1,34,0,34,0,0,0,0,0,1,unresolved_liftover
GCF_000005845.2,b2239,glpQ,GCF_036503815.1,AABJ99_RS08030,glpQ,comparable,9,53,0,53,0,0,0,0,0,9,unresolved_liftover
GCF_000005845.2,b2240,glpT,GCF_036503815.1,AABJ99_RS08025,glpT,comparable,2,54,0,54,0,0,0,0,0,2,unresolved_liftover
GCF_000005845.2,b2243,glpC,GCF_036503815.1,AABJ99_RS08010,glpC,comparable,7,55,0,55,0,0,0,0,0,7,unresolved_liftover
GCF_000005845.2,b2245,yfaU,GCF_036503815.1,AABJ99_RS07995,yfaU,comparable,0,16,0,16,0,0,0,0,0,0,different_variants_in_same_gene
GCF_000005845.2,b2246,yfaV,GCF_036503815.1,AABJ99_RS07990,yfaV,comparable,2,37,0,37,0,0,0,0,0,2,unresolved_liftover
GCF_000005845.2,b2247,rhmD,GCF_036503815.1,AABJ99_RS07985,rhmD,comparable,0,20,0,20,0,0,0,0,0,0,different_variants_in_same_gene
GCF_000005845.2,b2248,yfaX,GCF_036503815.1,AABJ99_RS07980,yfaX,comparable,0,6,0,6,0,0,0,0,0,0,different_variants_in_same_gene
GCF_000005845.2,b2249,yfaY,GCF_036503815.1,AABJ99_RS07975,yfaY,comparable,0,48,0,48,0,0,0,0,0,0,different_variants_in_same_gene
GCF_000005845.2,b2250,yfaZ,GCF_036503815.1,AABJ99_RS07970,yfaZ,comparable,0,26,0,26,0,0,0,0,0,0,different_variants_in_same_gene
GCF_000005845.2,b2251,nudI,GCF_036503815.1,AABJ99_RS07965,nudI,comparable,0,9,0,9,0,0,0,0,0,0,different_variants_in_same_gene
GCF_000005845.2,b2252,ais,GCF_036503815.1,AABJ99_RS07960,ais,comparable,1,12,0,12,0,0,0,0,0,1,unresolved_liftover
GCF_000005845.2,b2253,arnB,GCF_036503815.1,AABJ99_RS07955,arnB,comparable,0,54,0,54,0,0,0,0,0,0,different_variants_in_same_gene
GCF_000005845.2,b2254,arnC,GCF_036503815.1,AABJ99_RS07950,arnC,comparable,0,27,0,27,0,0,0,0,0,0,different_variants_in_same_gene
GCF_000005845.2,b2255,arnA,GCF_036503815.1,AABJ99_RS07945,arnA,comparable,0,93,0,93,0,0,0,0,0,0,different_variants_in_same_gene
GCF_000005845.2,b2256,arnD,GCF_036503815.1,AABJ99_RS07940,arnD,comparable,0,26,0,26,0,0,0,0,0,0,different_variants_in_same_gene
GCF_000005845.2,b2257,arnT,GCF_036503815.1,AABJ99_RS07935,arnT,comparable,2,61,0,61,0,0,0,0,0,2,unresolved_liftover
GCF_000005845.2,b4544,arnE,GCF_036503815.1,AABJ99_RS07930,arnE,comparable,0,17,0,17,0,0,0,0,0,0,different_variants_in_same_gene
GCF_000005845.2,b2258,arnF,GCF_036503815.1,AABJ99_RS07925,arnF,comparable,0,18,0,18,0,0,0,0,0,0,different_variants_in_same_gene
GCF_000005845.2,b2259,pmrD,GCF_036503815.1,AABJ99_RS07920,pmrD,comparable,0,15,0,15,0,0,0,0,0,0,different_variants_in_same_gene
GCF_000005845.2,b2260,menE,GCF_036503815.1,AABJ99_RS07915,menE,comparable,0,80,0,80,0,0,0,0,0,0,different_variants_in_same_gene
GCF_000005845.2,b2261,menC,GCF_036503815.1,AABJ99_RS07910,menC,comparable,0,51,0,51,0,0,0,0,0,0,different_variants_in_same_gene
GCF_000005845.2,b2262,menB,GCF_036503815.1,AABJ99_RS07905,menB,comparable,0,34,0,34,0,0,0,0,0,0,different_variants_in_same_gene
GCF_000005845.2,b2263,menH,GCF_036503815.1,AABJ99_RS07900,menH,comparable,1,40,0,40,0,0,0,0,0,1,unresolved_liftover
GCF_000005845.2,b2264,menD,GCF_036503815.1,AABJ99_RS07895,menD,comparable,0,78,0,78,0,0,0,0,0,0,different_variants_in_same_gene
GCF_000005845.2,b2265,menF,GCF_036503815.1,AABJ99_RS07890,menF,comparable,0,58,0,58,0,0,0,0,0,0,different_variants_in_same_gene
GCF_000005845.2,b2266,elaB,GCF_036503815.1,AABJ99_RS07885,elaB,comparable,0,4,0,4,0,0,0,0,0,0,different_variants_in_same_gene
GCF_000005845.2,b2267,elaA,GCF_036503815.1,AABJ99_RS07880,elaA,comparable,0,5,0,5,0,0,0,0,0,0,different_variants_in_same_gene
GCF_000005845.2,b2268,rbn,GCF_036503815.1,AABJ99_RS07875,rbn,comparable,0,29,0,29,0,0,0,0,0,0,different_variants_in_same_gene
GCF_000005845.2,b2276,nuoN,GCF_036503815.1,AABJ99_RS07845,nuoN,comparable,5,37,0,37,0,0,0,0,0,5,unresolved_liftover
GCF_000005845.2,b2277,nuoM,GCF_036503815.1,AABJ99_RS07840,nuoM,comparable,19,51,0,51,0,0,0,0,0,19,unresolved_liftover
GCF_000005845.2,b2278,nuoL,GCF_036503815.1,AABJ99_RS07835,nuoL,comparable,13,46,7,39,7,0,6,0,0,0,partially_shared_variants
GCF_000005845.2,b2279,nuoK,GCF_036503815.1,AABJ99_RS07830,nuoK,comparable,0,6,0,6,0,0,0,0,0,0,different_variants_in_same_gene
GCF_000005845.2,b2280,nuoJ,GCF_036503815.1,AABJ99_RS07825,nuoJ,comparable,0,8,0,8,0,0,0,0,0,0,different_variants_in_same_gene
GCF_000005845.2,b2281,nuoI,GCF_036503815.1,AABJ99_RS07820,nuoI,comparable,0,3,0,3,0,0,0,0,0,0,different_variants_in_same_gene
GCF_000005845.2,b2282,nuoH,GCF_036503815.1,AABJ99_RS07815,nuoH,comparable,0,14,0,14,0,0,0,0,0,0,different_variants_in_same_gene
GCF_000005845.2,b2283,nuoG,GCF_036503815.1,AABJ99_RS07810,nuoG,comparable,30,100,18,82,18,0,12,0,0,0,partially_shared_variants
GCF_000005845.2,b2284,nuoF,GCF_036503815.1,AABJ99_RS07805,nuoF,comparable,26,50,17,33,17,0,9,0,0,0,partially_shared_variants
GCF_000005845.2,b2285,nuoE,GCF_036503815.1,AABJ99_RS07800,nuoE,comparable,4,30,1,29,1,0,3,0,0,0,partially_shared_variants
GCF_000005845.2,b2286,nuoC,GCF_036503815.1,AABJ99_RS07795,nuoC,comparable,13,57,6,51,6,0,7,0,0,0,partially_shared_variants
GCF_000005845.2,b2287,nuoB,GCF_036503815.1,AABJ99_RS07790,nuoB,comparable,1,7,1,6,1,0,0,0,0,0,partially_shared_variants
GCF_000005845.2,b2288,nuoA,GCF_036503815.1,AABJ99_RS07785,nuoA,comparable,0,3,0,3,0,0,0,0,0,0,different_variants_in_same_gene
GCF_000005845.2,b2289,lrhA,GCF_036503815.1,AABJ99_RS07780,lrhA,comparable,8,15,5,10,5,0,3,0,0,0,partially_shared_variants
GCF_000005845.2,b2290,alaA,GCF_036503815.1,AABJ99_RS07775,alaA,comparable,3,31,1,30,1,0,2,0,0,0,partially_shared_variants
GCF_000005845.2,b2291,yfbR,GCF_036503815.1,AABJ99_RS07770,yfbR,comparable,1,13,0,13,0,0,1,0,0,0,reference_allele_difference
GCF_000005845.2,b2292,yfbS,GCF_036503815.1,AABJ99_RS07765,yfbS,comparable,8,57,2,55,2,0,6,0,0,0,partially_shared_variants
GCF_000005845.2,b2293,hxpA,GCF_036503815.1,AABJ99_RS07760,hxpA,comparable,1,34,1,33,1,0,0,0,0,0,partially_shared_variants
GCF_000005845.2,b2294,yfbU,GCF_036503815.1,AABJ99_RS07755,yfbU,comparable,0,9,0,9,0,0,0,0,0,0,different_variants_in_same_gene
GCF_000005845.2,b2295,yfbV,GCF_036503815.1,AABJ99_RS07750,yfbV,comparable,4,13,2,11,2,0,2,0,0,0,partially_shared_variants
GCF_000005845.2,b2296,ackA,GCF_036503815.1,AABJ99_RS07745,ackA,comparable,2,36,1,35,1,0,1,0,0,0,partially_shared_variants
GCF_000005845.2,b2297,pta,GCF_036503815.1,AABJ99_RS07740,pta,comparable,1,65,0,65,0,0,1,0,0,0,reference_allele_difference
GCF_000005845.2,b2299,yfcD,GCF_036503815.1,AABJ99_RS07730,yfcD,comparable,4,6,1,5,1,0,3,0,0,0,partially_shared_variants
GCF_000005845.2,b2300,yfcE,GCF_036503815.1,AABJ99_RS07725,yfcE,comparable,1,8,1,7,1,0,0,0,0,0,partially_shared_variants
GCF_000005845.2,b2301,yfcF,GCF_036503815.1,AABJ99_RS07720,yfcF,comparable,2,9,1,8,1,0,1,0,0,0,partially_shared_variants
GCF_000005845.2,b2302,yfcG,GCF_036503815.1,AABJ99_RS07715,yfcG,comparable,1,44,1,43,1,0,0,0,0,0,partially_shared_variants
GCF_000005845.2,b2303,folX,GCF_036503815.1,AABJ99_RS07710,folX,comparable,0,8,0,8,0,0,0,0,0,0,different_variants_in_same_gene
GCF_000005845.2,b2304,yfcH,GCF_036503815.1,AABJ99_RS07705,yfcH,comparable,0,45,0,45,0,0,0,0,0,0,different_variants_in_same_gene
GCF_000005845.2,b2306,hisP,GCF_036503815.1,AABJ99_RS07695,hisP,comparable,1,29,1,28,1,0,0,0,0,0,partially_shared_variants
GCF_000005845.2,b2307,hisM,GCF_036503815.1,AABJ99_RS07690,hisM,comparable,0,42,0,42,0,0,0,0,0,0,different_variants_in_same_gene
GCF_000005845.2,b2308,hisQ,GCF_036503815.1,AABJ99_RS07685,hisQ,comparable,0,19,0,19,0,0,0,0,0,0,different_variants_in_same_gene
GCF_000005845.2,b2309,hisJ,GCF_036503815.1,AABJ99_RS07680,hisJ,comparable,1,27,1,26,1,0,0,0,0,0,partially_shared_variants
GCF_000005845.2,b2310,argT,GCF_036503815.1,AABJ99_RS07675,argT,comparable,0,41,0,41,0,0,0,0,0,0,different_variants_in_same_gene
GCF_000005845.2,b2311,ubiX,GCF_036503815.1,AABJ99_RS07670,ubiX,comparable,0,24,0,24,0,0,0,0,0,0,different_variants_in_same_gene
GCF_000005845.2,b2312,purF,GCF_036503815.1,AABJ99_RS07665,purF,comparable,0,75,0,75,0,0,0,0,0,0,different_variants_in_same_gene
GCF_000005845.2,b2313,cvpA,GCF_036503815.1,AABJ99_RS07660,cvpA,comparable,1,15,0,15,0,0,1,0,0,0,reference_allele_difference
GCF_000005845.2,b2314,dedD,GCF_036503815.1,AABJ99_RS07655,dedD,comparable,0,24,0,24,0,0,0,0,0,0,different_variants_in_same_gene
GCF_000005845.2,b2315,folC,GCF_036503815.1,AABJ99_RS07650,folC,comparable,0,32,0,32,0,0,0,0,0,0,different_variants_in_same_gene
GCF_000005845.2,b2316,accD,GCF_036503815.1,AABJ99_RS07645,accD,comparable,1,15,1,14,1,0,0,0,0,0,partially_shared_variants
GCF_000005845.2,b2318,truA,GCF_036503815.1,AABJ99_RS07635,truA,comparable,1,31,0,31,0,0,1,0,0,0,reference_allele_difference
GCF_000005845.2,b2319,usg,GCF_036503815.1,AABJ99_RS07630,usg,comparable,0,46,0,46,0,0,0,0,0,0,different_variants_in_same_gene
GCF_000005845.2,b2321,flk,GCF_036503815.1,AABJ99_RS07620,flk,comparable,0,39,0,39,0,0,0,0,0,0,different_variants_in_same_gene
GCF_000005845.2,b2322,yfcJ,GCF_036503815.1,AABJ99_RS07615,yfcJ,comparable,14,55,9,46,9,0,5,0,0,0,partially_shared_variants
GCF_000005845.2,b2323,fabB,GCF_036503815.1,AABJ99_RS07610,fabB,comparable,2,43,2,41,2,0,0,0,0,0,partially_shared_variants
GCF_000005845.2,b2325,yfcL,GCF_036503815.1,AABJ99_RS07600,yfcL,comparable,1,5,0,5,0,0,1,0,0,0,reference_allele_difference
GCF_000005845.2,b2326,epmC,GCF_036503815.1,AABJ99_RS07595,epmC,comparable,15,21,9,12,9,0,6,0,0,0,partially_shared_variants
GCF_000005845.2,b2328,mepA,GCF_036503815.1,AABJ99_RS07585,mepA,comparable,1,42,1,41,1,0,0,0,0,0,partially_shared_variants
GCF_000005845.2,b2329,aroC,GCF_036503815.1,AABJ99_RS07580,aroC,comparable,34,59,14,45,14,1,19,0,0,0,partially_shared_variants
GCF_000005845.2,b2330,prmB,GCF_036503815.1,AABJ99_RS07575,prmB,comparable,41,51,27,24,27,0,14,0,0,0,partially_shared_variants
GCF_000005845.2,b2343,yfcZ,GCF_036503815.1,AABJ99_RS07515,yfcZ,comparable,0,5,0,5,0,0,0,0,0,0,different_variants_in_same_gene
GCF_000005845.2,b2344,fadL,GCF_036503815.1,AABJ99_RS07510,fadL,comparable,1,54,1,53,1,0,0,0,0,0,partially_shared_variants
GCF_000005845.2,b2346,mlaA,GCF_036503815.1,AABJ99_RS07500,mlaA,comparable,8,31,5,26,5,0,3,0,0,0,partially_shared_variants
GCF_000005845.2,b2347,yfdC,GCF_036503815.1,AABJ99_RS07495,yfdC,comparable,2,35,0,35,0,0,2,0,0,0,reference_allele_difference
GCF_000005845.2,b2366,dsdA,GCF_036503815.1,AABJ99_RS07455,dsdA,comparable,7,30,4,26,4,0,3,0,0,0,partially_shared_variants
GCF_000005845.2,b2368,emrK,GCF_036503815.1,AABJ99_RS07445,emrK,comparable,2,64,1,63,1,0,1,0,0,0,partially_shared_variants
GCF_000005845.2,b2369,evgA,GCF_036503815.1,AABJ99_RS07440,evgA,comparable,0,12,0,12,0,0,0,0,0,0,different_variants_in_same_gene
GCF_000005845.2,b2371,yfdE,GCF_036503815.1,AABJ99_RS07430,yfdE,comparable,4,53,1,52,1,0,3,0,0,0,partially_shared_variants
GCF_000005845.2,b2372,yfdV,GCF_036503815.1,AABJ99_RS07425,yfdV,comparable,1,25,1,24,1,0,0,0,0,0,partially_shared_variants
GCF_000005845.2,b2373,oxc,GCF_036503815.1,AABJ99_RS07420,oxc,comparable,0,69,0,69,0,0,0,0,0,0,different_variants_in_same_gene
GCF_000005845.2,b2374,frc,GCF_036503815.1,AABJ99_RS07415,frc,comparable,0,27,0,27,0,0,0,0,0,0,different_variants_in_same_gene
GCF_000005845.2,b2375,yfdX,GCF_036503815.1,AABJ99_RS07410,yfdX,comparable,3,18,0,18,0,0,2,0,0,1,unresolved_liftover
GCF_000005845.2,b2376,ypdI,GCF_036503815.1,AABJ99_RS07405,ypdI,comparable,7,16,4,12,4,0,3,0,0,0,partially_shared_variants
GCF_000005845.2,b2377,yfdY,GCF_036503815.1,AABJ99_RS07400,yfdY,comparable,3,5,2,3,2,0,1,0,0,0,partially_shared_variants
GCF_000005845.2,b2378,lpxP,GCF_036503815.1,AABJ99_RS07395,lpxP,comparable,0,37,0,37,0,0,0,0,0,0,different_variants_in_same_gene
GCF_000005845.2,b4680,ypdK,GCF_036503815.1,AABJ99_RS07390,ypdK,comparable,1,1,1,0,1,0,0,0,0,0,same_exact_variants
GCF_000005845.2,b2379,alaC,GCF_036503815.1,AABJ99_RS07385,alaC,comparable,0,70,0,70,0,0,0,0,0,0,different_variants_in_same_gene
GCF_000005845.2,b2380,pyrS,GCF_036503815.1,AABJ99_RS07380,ypdA,comparable,30,75,16,59,16,0,14,0,0,0,partially_shared_variants
GCF_000005845.2,b2381,pyrR,GCF_036503815.1,AABJ99_RS07375,ypdB,comparable,8,28,4,24,4,0,4,0,0,0,partially_shared_variants
GCF_000005845.2,b2382,ypdC,GCF_036503815.1,AABJ99_RS07370,ypdC,comparable,14,35,9,26,9,0,5,0,0,0,partially_shared_variants
GCF_000005845.2,b2383,fryA,GCF_036503815.1,AABJ99_RS07365,ptsP,comparable,3,116,2,114,2,0,1,0,0,0,partially_shared_variants
GCF_000005845.2,b2384,ypdE,GCF_036503815.1,AABJ99_RS07360,ypdE,comparable,2,48,2,46,2,0,0,0,0,0,partially_shared_variants
GCF_000005845.2,b2385,ypdF,GCF_036503815.1,AABJ99_RS07355,ypdF,comparable,2,52,1,51,1,0,1,0,0,0,partially_shared_variants
GCF_000005845.2,b2386,fryC,GCF_036503815.1,AABJ99_RS07350,fryC,comparable,2,56,1,55,1,0,1,0,0,0,partially_shared_variants
GCF_000005845.2,b2387,fryB,GCF_036503815.1,AABJ99_RS07345,fryB,comparable,0,7,0,7,0,0,0,0,0,0,different_variants_in_same_gene
GCF_000005845.2,b2388,glk,GCF_036503815.1,AABJ99_RS07340,glk,comparable,0,22,0,22,0,0,0,0,0,0,different_variants_in_same_gene
GCF_000005845.2,b2389,yfeO,GCF_036503815.1,AABJ99_RS07335,yfeO,comparable,9,60,6,54,6,0,3,0,0,0,partially_shared_variants
GCF_000005845.2,b2390,ypeC,GCF_036503815.1,AABJ99_RS07330,ypeC,comparable,9,8,5,3,5,0,4,0,0,0,partially_shared_variants
GCF_000005845.2,b2392,mntH,GCF_036503815.1,AABJ99_RS07325,mntH,comparable,22,63,13,50,13,0,9,0,0,0,partially_shared_variants
GCF_000005845.2,b4819,ypeD,GCF_036503815.1,AABJ99_RS24980,AABJ99_RS24980,comparable,0,1,0,1,0,0,0,0,0,0,different_variants_in_same_gene
GCF_000005845.2,b2393,nupC,GCF_036503815.1,AABJ99_RS07320,nupC,comparable,15,28,6,22,6,0,9,0,0,0,partially_shared_variants
GCF_000005845.2,b2395,pdeA,GCF_036503815.1,AABJ99_RS07315,pdeA,comparable,2,83,1,82,1,0,1,0,0,0,partially_shared_variants
GCF_000005845.2,b2398,yfeC,GCF_036503815.1,AABJ99_RS07300,yfeC,comparable,0,14,0,14,0,0,0,0,0,0,different_variants_in_same_gene
GCF_000005845.2,b2400,gltX,GCF_036503815.1,AABJ99_RS07290,gltX,comparable,0,32,0,32,0,0,0,0,0,0,different_variants_in_same_gene
GCF_000005845.2,b2409,yfeR,GCF_036503815.1,AABJ99_RS07240,yfeR,comparable,2,11,1,10,1,0,1,0,0,0,partially_shared_variants
GCF_000005845.2,b2410,yfeH,GCF_036503815.1,AABJ99_RS07235,yfeH,comparable,0,35,0,35,0,0,0,0,0,0,different_variants_in_same_gene
GCF_000005845.2,b4546,ypeB,GCF_036503815.1,AABJ99_RS07230,ypeB,comparable,0,2,0,2,0,0,0,0,0,0,different_variants_in_same_gene
GCF_000005845.2,b2411,ligA,GCF_036503815.1,AABJ99_RS07225,ligA,comparable,18,76,12,64,12,0,6,0,0,0,partially_shared_variants
GCF_000005845.2,b2412,zipA,GCF_036503815.1,AABJ99_RS07220,zipA,comparable,2,12,0,12,0,0,2,0,0,0,reference_allele_difference
GCF_000005845.2,b2413,cysZ,GCF_036503815.1,AABJ99_RS07215,cysZ,comparable,12,15,3,12,3,0,9,0,0,0,partially_shared_variants
GCF_000005845.2,b2414,cysK,GCF_036503815.1,AABJ99_RS07210,cysK,comparable,6,25,4,21,4,0,2,0,0,0,partially_shared_variants
GCF_000005845.2,b2415,ptsH,GCF_036503815.1,AABJ99_RS07205,ptsH,comparable,0,1,0,1,0,0,0,0,0,0,different_variants_in_same_gene
GCF_000005845.2,b2416,ptsI,GCF_036503815.1,AABJ99_RS07200,ptsI,comparable,1,15,0,15,0,0,1,0,0,0,reference_allele_difference
GCF_000005845.2,b2417,crr,GCF_036503815.1,AABJ99_RS07195,crr,comparable,0,7,0,7,0,0,0,0,0,0,different_variants_in_same_gene
GCF_000005845.2,b2418,pdxK,GCF_036503815.1,AABJ99_RS07190,pdxK,comparable,0,39,0,39,0,0,0,0,0,0,different_variants_in_same_gene
GCF_000005845.2,b2423,cysW,GCF_036503815.1,AABJ99_RS07170,cysW,comparable,29,35,11,24,11,0,18,0,0,0,partially_shared_variants
GCF_000005845.2,b2425,cysP,GCF_036503815.1,AABJ99_RS07160,cysP,comparable,31,50,19,31,19,0,12,0,0,0,partially_shared_variants
GCF_000005845.2,b2426,ucpA,GCF_036503815.1,AABJ99_RS07155,ucpA,comparable,12,32,8,24,8,0,4,0,0,0,partially_shared_variants
GCF_000005845.2,b2427,murR,GCF_036503815.1,AABJ99_RS07150,murR,comparable,33,59,16,43,16,0,17,0,0,0,partially_shared_variants
GCF_000005845.2,b2428,murQ,GCF_036503815.1,AABJ99_RS07145,murQ,comparable,23,44,10,34,10,0,13,0,0,0,partially_shared_variants
GCF_000005845.2,b2429,murP,GCF_036503815.1,AABJ99_RS07140,murP,comparable,28,70,14,56,14,0,14,0,0,0,partially_shared_variants
GCF_000005845.2,b2431,yfeX,GCF_036503815.1,AABJ99_RS07130,yfeX,comparable,10,29,4,25,4,0,6,0,0,0,partially_shared_variants
GCF_000005845.2,b2432,yfeY,GCF_036503815.1,AABJ99_RS07125,yfeY,comparable,7,19,4,15,4,0,3,0,0,0,partially_shared_variants
GCF_000005845.2,b2433,yfeZ,GCF_036503815.1,AABJ99_RS07120,yfeZ,comparable,2,20,0,20,0,1,1,0,0,0,reference_allele_difference
GCF_000005845.2,b2434,ypeA,GCF_036503815.1,AABJ99_RS07115,ypeA,comparable,2,6,1,5,1,0,1,0,0,0,partially_shared_variants
GCF_000005845.2,b2435,amiA,GCF_036503815.1,AABJ99_RS07110,amiA,comparable,0,46,0,46,0,0,0,0,0,0,different_variants_in_same_gene
GCF_000005845.2,b2436,hemF,GCF_036503815.1,AABJ99_RS07105,hemF,comparable,16,40,7,33,7,2,7,0,0,0,partially_shared_variants
GCF_000005845.2,b2437,eutR,GCF_036503815.1,AABJ99_RS07075,eutR,comparable,0,45,0,45,0,0,0,0,0,0,different_variants_in_same_gene
GCF_000005845.2,b2438,eutK,GCF_036503815.1,AABJ99_RS07070,eutK,comparable,0,4,0,4,0,0,0,0,0,0,different_variants_in_same_gene
GCF_000005845.2,b2439,eutL,GCF_036503815.1,AABJ99_RS07065,eutL,comparable,37,29,19,10,19,0,18,0,0,0,partially_shared_variants
GCF_000005845.2,b2440,eutC,GCF_036503815.1,AABJ99_RS07060,eutC,comparable,14,46,9,37,9,0,5,0,0,0,partially_shared_variants
GCF_000005845.2,b2441,eutB,GCF_036503815.1,AABJ99_RS07055,eutB,comparable,0,39,0,39,0,0,0,0,0,0,different_variants_in_same_gene
GCF_000005845.2,b2451,eutA,GCF_036503815.1,AABJ99_RS07050,eutA,comparable,19,45,10,35,10,0,9,0,0,0,partially_shared_variants
GCF_000005845.2,b2452,eutH,GCF_036503815.1,AABJ99_RS07045,eutH,comparable,27,31,10,21,10,0,17,0,0,0,partially_shared_variants
GCF_000005845.2,b2454,eutJ,GCF_036503815.1,AABJ99_RS07035,eutJ,comparable,10,38,6,32,6,0,4,0,0,0,partially_shared_variants
GCF_000005845.2,b2455,eutE,GCF_036503815.1,AABJ99_RS07030,eutE,comparable,36,59,16,43,16,0,20,0,0,0,partially_shared_variants
GCF_000005845.2,b2456,eutN,GCF_036503815.1,AABJ99_RS07025,eutN,comparable,0,6,0,6,0,0,0,0,0,0,different_variants_in_same_gene
GCF_000005845.2,b2457,eutM,GCF_036503815.1,AABJ99_RS07020,eutM,comparable,0,11,0,11,0,0,0,0,0,0,different_variants_in_same_gene
GCF_000005845.2,b2459,eutT,GCF_036503815.1,AABJ99_RS07010,eutT,comparable,4,22,2,20,2,0,2,0,0,0,partially_shared_variants
GCF_000005845.2,b2460,eutQ,GCF_036503815.1,AABJ99_RS07005,eutQ,comparable,19,27,15,12,15,0,3,1,0,0,partially_shared_variants
GCF_000005845.2,b2461,eutP,GCF_036503815.1,AABJ99_RS07000,eutP,comparable,6,17,0,17,0,0,6,0,0,0,reference_allele_difference
GCF_000005845.2,b2462,eutS,GCF_036503815.1,AABJ99_RS06995,eutS,comparable,7,16,6,10,6,0,1,0,0,0,partially_shared_variants
GCF_000005845.2,b2463,maeB,GCF_036503815.1,AABJ99_RS06990,maeB,comparable,2,91,2,89,2,0,0,0,0,0,partially_shared_variants
GCF_000005845.2,b2464,talA,GCF_036503815.1,AABJ99_RS06985,tal,comparable,0,34,0,34,0,0,0,0,0,0,different_variants_in_same_gene
GCF_000005845.2,b2465,tktB,GCF_036503815.1,AABJ99_RS06980,tkt,comparable,0,103,0,103,0,0,0,0,0,0,different_variants_in_same_gene
GCF_000005845.2,b2466,ypfG,GCF_036503815.1,AABJ99_RS06975,ypfG,comparable,0,48,0,48,0,0,0,0,0,0,different_variants_in_same_gene
GCF_000005845.2,b2467,nudK,GCF_036503815.1,AABJ99_RS06970,nudK,comparable,0,24,0,24,0,0,0,0,0,0,different_variants_in_same_gene
GCF_000005845.2,b2469,narQ,GCF_036503815.1,AABJ99_RS06960,narQ,comparable,0,88,0,88,0,0,0,0,0,0,different_variants_in_same_gene
GCF_000005845.2,b2470,acrD,GCF_036503815.1,AABJ99_RS06955,acrD,comparable,7,119,6,113,6,0,1,0,0,0,partially_shared_variants
GCF_000005845.2,b4606,ypfM,GCF_036503815.1,AABJ99_RS06950,ypfM,comparable,0,0,0,0,0,0,0,0,0,0,same_exact_variants
GCF_000005845.2,b2471,yffB,GCF_036503815.1,AABJ99_RS06945,yffB,comparable,0,12,0,12,0,0,0,0,0,0,different_variants_in_same_gene
GCF_000005845.2,b2472,dapE,GCF_036503815.1,AABJ99_RS06940,dapE,comparable,0,42,0,42,0,0,0,0,0,0,different_variants_in_same_gene
GCF_000005845.2,b4547,ypfN,GCF_036503815.1,AABJ99_RS06935,ypfN,comparable,0,2,0,2,0,0,0,0,0,0,different_variants_in_same_gene
GCF_000005845.2,b2473,ypfH,GCF_036503815.1,AABJ99_RS06930,ypfH,comparable,0,34,0,34,0,0,0,0,0,0,different_variants_in_same_gene
GCF_000005845.2,b2474,tmcA,GCF_036503815.1,AABJ99_RS06925,tmcA,comparable,0,112,0,112,0,0,0,0,0,0,different_variants_in_same_gene
GCF_000005845.2,b2475,ypfJ,GCF_036503815.1,AABJ99_RS06920,ypfJ,comparable,0,23,0,23,0,0,0,0,0,0,different_variants_in_same_gene
GCF_000005845.2,b2476,purC,GCF_036503815.1,AABJ99_RS06915,purC,comparable,0,9,0,9,0,0,0,0,0,0,different_variants_in_same_gene
GCF_000005845.2,b2477,bamC,GCF_036503815.1,AABJ99_RS06910,bamC,comparable,0,15,0,15,0,0,0,0,0,0,different_variants_in_same_gene
GCF_000005845.2,b2478,dapA,GCF_036503815.1,AABJ99_RS06905,dapA,comparable,6,7,4,3,4,0,2,0,0,0,partially_shared_variants
GCF_000005845.2,b2479,gcvR,GCF_036503815.1,AABJ99_RS06900,gcvR,comparable,0,19,0,19,0,0,0,0,0,0,different_variants_in_same_gene
GCF_000005845.2,b2480,bcp,GCF_036503815.1,AABJ99_RS06895,bcp,comparable,0,3,0,3,0,0,0,0,0,0,different_variants_in_same_gene
GCF_000005845.2,b2481,hyfA,GCF_036503815.1,AABJ99_RS06890,hyfA,comparable,7,17,5,12,5,0,2,0,0,0,partially_shared_variants
GCF_000005845.2,b2482,hyfB,GCF_036503815.1,AABJ99_RS06885,hyfB,comparable,14,50,9,41,9,0,5,0,0,0,partially_shared_variants
GCF_000005845.2,b2483,hyfC,GCF_036503815.1,AABJ99_RS06880,hyfC,comparable,18,28,10,18,10,0,8,0,0,0,partially_shared_variants
GCF_000005845.2,b2484,hyfD,GCF_036503815.1,AABJ99_RS06875,hyfD,comparable,18,28,10,18,10,0,7,1,0,0,partially_shared_variants
GCF_000005845.2,b2485,hyfE,GCF_036503815.1,AABJ99_RS06870,hyfE,comparable,2,12,1,11,1,0,1,0,0,0,partially_shared_variants
GCF_000005845.2,b2486,hyfF,GCF_036503815.1,AABJ99_RS06865,hyfF,comparable,0,27,0,27,0,0,0,0,0,0,different_variants_in_same_gene
GCF_000005845.2,b2487,hyfG,GCF_036503815.1,AABJ99_RS06860,hyfG,comparable,0,30,0,30,0,0,0,0,0,0,different_variants_in_same_gene
GCF_000005845.2,b2488,hyfH,GCF_036503815.1,AABJ99_RS06855,hyfH,comparable,12,17,7,10,7,0,5,0,0,0,partially_shared_variants
GCF_000005845.2,b2489,hyfI,GCF_036503815.1,AABJ99_RS06850,hyfI,comparable,9,22,3,19,3,0,6,0,0,0,partially_shared_variants
GCF_000005845.2,b2490,hyfJ,GCF_036503815.1,AABJ99_RS06845,hyfJ,comparable,4,10,1,9,1,0,3,0,0,0,partially_shared_variants
GCF_000005845.2,b2491,hyfR,GCF_036503815.1,AABJ99_RS06840,hyfR,comparable,21,53,14,39,14,0,7,0,0,0,partially_shared_variants
GCF_000005845.2,b2493,yfgO,GCF_036503815.1,AABJ99_RS06830,yfgO,comparable,21,42,10,32,10,0,11,0,0,0,partially_shared_variants
GCF_000005845.2,b2494,bepA,GCF_036503815.1,AABJ99_RS06825,bepA,comparable,16,54,8,46,8,0,8,0,0,0,partially_shared_variants
GCF_000005845.2,b2495,yfgD,GCF_036503815.1,AABJ99_RS06820,arsC,comparable,2,6,1,5,1,0,1,0,0,0,partially_shared_variants
GCF_000005845.2,b2496,hda,GCF_036503815.1,AABJ99_RS06815,hda,comparable,0,8,0,8,0,0,0,0,0,0,different_variants_in_same_gene
GCF_000005845.2,b2497,uraA,GCF_036503815.1,AABJ99_RS06810,uraA,comparable,0,30,0,30,0,0,0,0,0,0,different_variants_in_same_gene
GCF_000005845.2,b2498,upp,GCF_036503815.1,AABJ99_RS06805,upp,comparable,0,8,0,8,0,0,0,0,0,0,different_variants_in_same_gene
GCF_000005845.2,b2499,purM,GCF_036503815.1,AABJ99_RS06800,purM,comparable,10,23,4,19,4,0,6,0,0,0,partially_shared_variants
GCF_000005845.2,b2500,purN,GCF_036503815.1,AABJ99_RS06795,purN,comparable,2,6,0,6,0,0,2,0,0,0,reference_allele_difference
GCF_000005845.2,b2501,ppk,GCF_036503815.1,AABJ99_RS06790,ppk1,comparable,38,69,29,40,29,0,9,0,0,0,partially_shared_variants
GCF_000005845.2,b2502,ppx,GCF_036503815.1,AABJ99_RS06785,ppx,comparable,2,75,0,75,0,0,2,0,0,0,reference_allele_difference
GCF_000005845.2,b2503,pdeF,GCF_036503815.1,AABJ99_RS06780,pdeF,comparable,1,69,1,68,1,0,0,0,0,0,partially_shared_variants
GCF_000005845.2,b2504,yfgG,GCF_036503815.1,AABJ99_RS06770,yfgG,comparable,0,1,0,1,0,0,0,0,0,0,different_variants_in_same_gene
GCF_000005845.2,b2505,yfgH,GCF_036503815.1,AABJ99_RS06765,yfgH,comparable,0,12,0,12,0,0,0,0,0,0,different_variants_in_same_gene
GCF_000005845.2,b2506,yfgI,GCF_036503815.1,AABJ99_RS06760,yfgI,comparable,0,7,0,7,0,0,0,0,0,0,different_variants_in_same_gene
GCF_000005845.2,b2507,guaA,GCF_036503815.1,AABJ99_RS06755,guaA,comparable,1,50,0,50,0,0,1,0,0,0,reference_allele_difference
GCF_000005845.2,b2512,bamB,GCF_036503815.1,AABJ99_RS06715,bamB,comparable,1,29,0,29,0,0,1,0,0,0,reference_allele_difference
GCF_000005845.2,b2513,yfgM,GCF_036503815.1,AABJ99_RS06710,yfgM,comparable,0,12,0,12,0,0,0,0,0,0,different_variants_in_same_gene
GCF_000005845.2,b2514,hisS,GCF_036503815.1,AABJ99_RS06705,hisS,comparable,1,42,0,42,0,0,1,0,0,0,reference_allele_difference
GCF_000005845.2,b2515,ispG,GCF_036503815.1,AABJ99_RS06700,ispG,comparable,0,43,0,43,0,0,0,0,0,0,different_variants_in_same_gene
GCF_000005845.2,b2516,rodZ,GCF_036503815.1,AABJ99_RS06695,rodZ,comparable,1,36,0,36,0,0,1,0,0,0,reference_allele_difference
GCF_000005845.2,b2517,rlmN,GCF_036503815.1,AABJ99_RS06690,rlmN,comparable,1,35,1,34,1,0,0,0,0,0,partially_shared_variants
GCF_000005845.2,b2518,ndk,GCF_036503815.1,AABJ99_RS06685,ndk,comparable,0,8,0,8,0,0,0,0,0,0,different_variants_in_same_gene
GCF_000005845.2,b2520,yfhM,GCF_036503815.1,AABJ99_RS06675,yfhM,comparable,11,221,4,217,4,1,6,0,0,0,partially_shared_variants
GCF_000005845.2,b2521,sseA,GCF_036503815.1,AABJ99_RS06670,sseA,comparable,0,37,0,37,0,0,0,0,0,0,different_variants_in_same_gene
GCF_000005845.2,b4812,timP,GCF_036503815.1,AABJ99_RS06665,timP,comparable,0,5,0,5,0,0,0,0,0,0,different_variants_in_same_gene
GCF_000005845.2,b2522,sseB,GCF_036503815.1,AABJ99_RS06660,sseB,comparable,0,30,0,30,0,0,0,0,0,0,different_variants_in_same_gene
GCF_000005845.2,b2524,iscX,GCF_036503815.1,AABJ99_RS06645,iscX,comparable,0,4,0,4,0,0,0,0,0,0,different_variants_in_same_gene
GCF_000005845.2,b2525,fdx,GCF_036503815.1,AABJ99_RS06640,fdx,comparable,5,11,2,9,2,0,3,0,0,0,partially_shared_variants
GCF_000005845.2,b2526,hscA,GCF_036503815.1,AABJ99_RS06635,hscA,comparable,6,87,5,82,5,0,1,0,0,0,partially_shared_variants
GCF_000005845.2,b2527,hscB,GCF_036503815.1,AABJ99_RS06630,hscB,comparable,0,9,0,9,0,0,0,0,0,0,different_variants_in_same_gene
GCF_000005845.2,b2528,iscA,GCF_036503815.1,AABJ99_RS06625,iscA,comparable,0,7,0,7,0,0,0,0,0,0,different_variants_in_same_gene
GCF_000005845.2,b2529,iscU,GCF_036503815.1,AABJ99_RS06620,iscU,comparable,1,4,0,4,0,0,1,0,0,0,reference_allele_difference
GCF_000005845.2,b2530,iscS,GCF_036503815.1,AABJ99_RS06615,iscS,comparable,14,31,8,23,8,0,6,0,0,0,partially_shared_variants
GCF_000005845.2,b2531,iscR,GCF_036503815.1,AABJ99_RS06610,iscR,comparable,0,6,0,6,0,0,0,0,0,0,different_variants_in_same_gene
GCF_000005845.2,b2532,trmJ,GCF_036503815.1,AABJ99_RS06605,trmJ,comparable,12,41,6,35,6,0,6,0,0,0,partially_shared_variants
GCF_000005845.2,b2533,suhB,GCF_036503815.1,AABJ99_RS06600,suhB,comparable,4,21,2,19,2,0,2,0,0,0,partially_shared_variants
GCF_000005845.2,b2534,yfhR,GCF_036503815.1,AABJ99_RS06595,yfhR,comparable,8,38,3,35,3,0,5,0,0,0,partially_shared_variants
GCF_000005845.2,b2535,csiE,GCF_036503815.1,AABJ99_RS06590,csiE,comparable,7,50,4,46,4,0,3,0,0,0,partially_shared_variants
GCF_000005845.2,b2536,hcaT,GCF_036503815.1,AABJ99_RS06585,hcaT,comparable,6,54,2,52,2,0,4,0,0,0,partially_shared_variants
GCF_000005845.2,b2537,hcaR,GCF_036503815.1,AABJ99_RS06580,hcaR,comparable,4,45,1,44,1,1,2,0,0,0,partially_shared_variants
GCF_000005845.2,b2538,hcaE,GCF_036503815.1,AABJ99_RS06575,hcaE,comparable,15,69,7,62,7,0,8,0,0,0,partially_shared_variants
GCF_000005845.2,b2539,hcaF,GCF_036503815.1,AABJ99_RS06570,hcaF,comparable,17,28,8,20,8,0,9,0,0,0,partially_shared_variants
GCF_000005845.2,b2540,hcaC,GCF_036503815.1,AABJ99_RS06565,hcaC,comparable,0,12,0,12,0,0,0,0,0,0,different_variants_in_same_gene
GCF_000005845.2,b2541,hcaB,GCF_036503815.1,AABJ99_RS06560,hcaB,comparable,3,12,0,12,0,0,3,0,0,0,reference_allele_difference
GCF_000005845.2,b2542,hcaD,GCF_036503815.1,AABJ99_RS06555,hcaD,comparable,0,34,0,34,0,0,0,0,0,0,different_variants_in_same_gene
GCF_000005845.2,b2543,yphA,GCF_036503815.1,AABJ99_RS06550,yphA,comparable,0,7,0,7,0,0,0,0,0,0,different_variants_in_same_gene
GCF_000005845.2,b2544,yphB,GCF_036503815.1,AABJ99_RS06545,yphB,comparable,3,44,2,42,2,0,1,0,0,0,partially_shared_variants
GCF_000005845.2,b2545,yphC,GCF_036503815.1,AABJ99_RS06540,yphC,comparable,17,45,11,34,11,0,6,0,0,0,partially_shared_variants
GCF_000005845.2,b2546,yphD,GCF_036503815.1,AABJ99_RS06535,yphD,comparable,2,48,2,46,2,0,0,0,0,0,partially_shared_variants
GCF_000005845.2,b2547,yphE,GCF_036503815.1,AABJ99_RS06530,yphE,comparable,1,59,1,58,1,0,0,0,0,0,partially_shared_variants
GCF_000005845.2,b2548,yphF,GCF_036503815.1,AABJ99_RS06525,yphF,comparable,9,39,1,38,1,0,8,0,0,0,partially_shared_variants
GCF_000005845.2,b2550,yphH,GCF_036503815.1,AABJ99_RS06515,yphH,comparable,20,55,8,47,8,0,12,0,0,0,partially_shared_variants
GCF_000005845.2,b2551,glyA,GCF_036503815.1,AABJ99_RS06505,glyA,comparable,7,35,6,29,6,0,1,0,0,0,partially_shared_variants
GCF_000005845.2,b2552,hmp,GCF_036503815.1,AABJ99_RS06500,hmpA,comparable,3,54,2,52,2,0,1,0,0,0,partially_shared_variants
GCF_000005845.2,b2553,glnB,GCF_036503815.1,AABJ99_RS06495,glnB,comparable,0,19,0,19,0,0,0,0,0,0,different_variants_in_same_gene
GCF_000005845.2,b2554,glrR,GCF_036503815.1,AABJ99_RS06490,glrR,comparable,8,71,4,67,4,2,2,0,0,0,partially_shared_variants
GCF_000005845.2,b2555,qseG,GCF_036503815.1,AABJ99_RS06485,qseG,comparable,1,25,0,25,0,0,1,0,0,0,reference_allele_difference
GCF_000005845.2,b2556,glrK,GCF_036503815.1,AABJ99_RS06480,qseE,comparable,25,46,16,30,16,0,9,0,0,0,partially_shared_variants
GCF_000005845.2,b2557,purL,GCF_036503815.1,AABJ99_RS06475,purL,comparable,67,196,37,159,37,3,27,0,0,0,partially_shared_variants
GCF_000005845.2,b2558,mltF,GCF_036503815.1,AABJ99_RS06470,mltF,comparable,0,60,0,60,0,0,0,0,0,0,different_variants_in_same_gene
GCF_000005845.2,b2559,tadA,GCF_036503815.1,AABJ99_RS06465,tadA,comparable,1,20,0,20,0,0,1,0,0,0,reference_allele_difference
GCF_000005845.2,b2560,pgpC,GCF_036503815.1,AABJ99_RS06460,yfhb,comparable,0,33,0,33,0,0,0,0,0,0,different_variants_in_same_gene
GCF_000005845.2,b2561,yfhH,GCF_036503815.1,AABJ99_RS06455,yfhH,comparable,0,27,0,27,0,0,0,0,0,0,different_variants_in_same_gene
GCF_000005845.2,b2562,yfhL,GCF_036503815.1,AABJ99_RS06450,yfhL,comparable,0,8,0,8,0,0,0,0,0,0,different_variants_in_same_gene
GCF_000005845.2,b4687,shoB,GCF_036503815.1,AABJ99_RS06445,shoB,comparable,0,4,0,4,0,0,0,0,0,0,different_variants_in_same_gene
GCF_000005845.2,b2563,acpS,GCF_036503815.1,AABJ99_RS06440,acpS,comparable,1,18,0,18,0,0,1,0,0,0,reference_allele_difference
GCF_000005845.2,b2564,pdxJ,GCF_036503815.1,AABJ99_RS06435,pdxJ,comparable,0,32,0,32,0,0,0,0,0,0,different_variants_in_same_gene
GCF_000005845.2,b2565,recO,GCF_036503815.1,AABJ99_RS06430,recO,comparable,1,20,1,19,1,0,0,0,0,0,partially_shared_variants
GCF_000005845.2,b2566,era,GCF_036503815.1,AABJ99_RS06425,era,comparable,4,23,1,22,1,0,3,0,0,0,partially_shared_variants
GCF_000005845.2,b2567,rnc,GCF_036503815.1,AABJ99_RS06420,rnc,comparable,8,18,6,12,6,0,2,0,0,0,partially_shared_variants
GCF_000005845.2,b2568,lepB,GCF_036503815.1,AABJ99_RS06415,lepB,comparable,5,27,2,25,2,0,3,0,0,0,partially_shared_variants
GCF_000005845.2,b2569,lepA,GCF_036503815.1,AABJ99_RS06410,lepA,comparable,16,76,14,62,14,0,2,0,0,0,partially_shared_variants
GCF_000005845.2,b2570,rseC,GCF_036503815.1,AABJ99_RS06405,rseC,comparable,6,29,2,27,2,0,4,0,0,0,partially_shared_variants
GCF_000005845.2,b2571,rseB,GCF_036503815.1,AABJ99_RS06400,rseB,comparable,6,24,5,19,5,0,1,0,0,0,partially_shared_variants
GCF_000005845.2,b2572,rseA,GCF_036503815.1,AABJ99_RS06395,rseA,comparable,2,14,1,13,1,0,1,0,0,0,partially_shared_variants
GCF_000005845.2,b2573,rpoE,GCF_036503815.1,AABJ99_RS06390,rpoE,comparable,1,3,1,2,1,0,0,0,0,0,partially_shared_variants
GCF_000005845.2,b4725,rseD,GCF_036503815.1,AABJ99_RS06385,rseD,comparable,0,0,0,0,0,0,0,0,0,0,same_exact_variants
GCF_000005845.2,b2574,nadB,GCF_036503815.1,AABJ99_RS06380,nadB,comparable,29,84,12,72,12,2,13,0,2,0,partially_shared_variants
GCF_000005845.2,b2576,srmB,GCF_036503815.1,AABJ99_RS06370,srmB,comparable,1,42,0,42,0,0,1,0,0,0,reference_allele_difference
GCF_000005845.2,b2577,yfiE,GCF_036503815.1,AABJ99_RS06360,yfiE,comparable,0,39,0,39,0,0,0,0,0,0,different_variants_in_same_gene
GCF_000005845.2,b2578,eamB,GCF_036503815.1,AABJ99_RS06355,eamB,comparable,1,41,1,40,1,0,0,0,0,0,partially_shared_variants
GCF_000005845.2,b2579,grcA,GCF_036503815.1,AABJ99_RS06350,grcA,comparable,2,8,1,7,1,0,1,0,0,0,partially_shared_variants
GCF_000005845.2,b2580,ung,GCF_036503815.1,AABJ99_RS06345,ung,comparable,17,38,12,26,12,0,5,0,0,0,partially_shared_variants
GCF_000005845.2,b2581,yfiF,GCF_036503815.1,AABJ99_RS06340,yfiF,comparable,22,45,9,36,9,0,13,0,0,0,partially_shared_variants
GCF_000005845.2,b2582,trxC,GCF_036503815.1,AABJ99_RS06335,trxC,comparable,1,16,0,16,0,0,1,0,0,0,reference_allele_difference
GCF_000005845.2,b2583,tapT,GCF_036503815.1,AABJ99_RS06330,tapT,comparable,8,35,2,33,2,0,6,0,0,0,partially_shared_variants
GCF_000005845.2,b2585,pssA,GCF_036503815.1,AABJ99_RS06315,pssA,comparable,11,32,6,26,6,0,5,0,0,0,partially_shared_variants
GCF_000005845.2,b2592,clpB,GCF_036503815.1,AABJ99_RS06280,clpB,comparable,15,66,7,59,7,0,8,0,0,0,partially_shared_variants
GCF_000005845.2,b2593,yfiH,GCF_036503815.1,AABJ99_RS06275,yfiH,comparable,21,30,12,18,12,0,9,0,0,0,partially_shared_variants
GCF_000005845.2,b2594,rluD,GCF_036503815.1,AABJ99_RS06270,rluD,comparable,0,30,0,30,0,0,0,0,0,0,different_variants_in_same_gene
GCF_000005845.2,b2595,bamD,GCF_036503815.1,AABJ99_RS06265,bamD,comparable,0,9,0,9,0,0,0,0,0,0,different_variants_in_same_gene
GCF_000005845.2,b2597,raiA,GCF_036503815.1,AABJ99_RS06255,raiA,comparable,0,1,0,1,0,0,0,0,0,0,different_variants_in_same_gene
GCF_000005845.2,b2598,pheL,GCF_036503815.1,AABJ99_RS06250,pheL,comparable,1,0,0,0,0,0,1,0,0,0,reference_allele_difference
GCF_000005845.2,b2599,pheA,GCF_036503815.1,AABJ99_RS06245,pheA,comparable,12,28,2,26,2,0,9,0,1,0,partially_shared_variants
GCF_000005845.2,b2600,tyrA,GCF_036503815.1,AABJ99_RS06240,tyrA,comparable,20,27,11,16,11,0,9,0,0,0,partially_shared_variants
GCF_000005845.2,b2601,aroF,GCF_036503815.1,AABJ99_RS06235,aroF,comparable,1,15,0,15,0,0,1,0,0,0,reference_allele_difference
GCF_000005845.2,b2602,yfiL,GCF_036503815.1,AABJ99_RS06230,yfiL,comparable,1,2,0,2,0,0,1,0,0,0,reference_allele_difference
GCF_000005845.2,b2603,yfiR,GCF_036503815.1,AABJ99_RS06225,yfiR,comparable,0,13,0,13,0,0,0,0,0,0,different_variants_in_same_gene
GCF_000005845.2,b2604,dgcN,GCF_036503815.1,AABJ99_RS06220,dgcN,comparable,10,51,5,46,5,1,4,0,0,0,partially_shared_variants
GCF_000005845.2,b2605,yfiB,GCF_036503815.1,AABJ99_RS06215,yfiB,comparable,2,16,0,16,0,0,2,0,0,0,reference_allele_difference
GCF_000005845.2,b2606,rplS,GCF_036503815.1,AABJ99_RS06210,rplS,comparable,0,0,0,0,0,0,0,0,0,0,same_exact_variants
GCF_000005845.2,b2607,trmD,GCF_036503815.1,AABJ99_RS06205,trmD,comparable,0,7,0,7,0,0,0,0,0,0,different_variants_in_same_gene
GCF_000005845.2,b2608,rimM,GCF_036503815.1,AABJ99_RS06200,rimM,comparable,0,1,0,1,0,0,0,0,0,0,different_variants_in_same_gene
GCF_000005845.2,b2609,rpsP,GCF_036503815.1,AABJ99_RS06195,rpsP,comparable,0,0,0,0,0,0,0,0,0,0,same_exact_variants
GCF_000005845.2,b2610,ffh,GCF_036503815.1,AABJ99_RS06190,ffh,comparable,22,52,11,41,11,0,11,0,0,0,partially_shared_variants
GCF_000005845.2,b2611,ypjD,GCF_036503815.1,AABJ99_RS06185,ypjD,comparable,6,24,4,20,4,0,2,0,0,0,partially_shared_variants
GCF_000005845.2,b4461,yfjD,GCF_036503815.1,AABJ99_RS06180,yfjD,comparable,3,62,3,59,3,0,0,0,0,0,partially_shared_variants
GCF_000005845.2,b2614,grpE,GCF_036503815.1,AABJ99_RS06170,grpE,comparable,8,13,4,9,4,0,3,1,0,0,partially_shared_variants
GCF_000005845.2,b2615,nadK,GCF_036503815.1,AABJ99_RS06165,nadK,comparable,0,34,0,34,0,0,0,0,0,0,different_variants_in_same_gene
GCF_000005845.2,b2616,recN,GCF_036503815.1,AABJ99_RS06160,recN,comparable,11,72,7,65,7,0,4,0,0,0,partially_shared_variants
GCF_000005845.2,b2617,bamE,GCF_036503815.1,AABJ99_RS06155,bamE,comparable,0,3,0,3,0,0,0,0,0,0,different_variants_in_same_gene
GCF_000005845.2,b2618,yfjF,GCF_036503815.1,AABJ99_RS06150,yfjF,comparable,0,8,0,8,0,0,0,0,0,0,different_variants_in_same_gene
GCF_000005845.2,b2619,ratA,GCF_036503815.1,AABJ99_RS06145,ratA,comparable,0,3,0,3,0,0,0,0,0,0,different_variants_in_same_gene
GCF_000005845.2,b2620,smpB,GCF_036503815.1,AABJ99_RS06140,smpB,comparable,0,10,0,10,0,0,0,0,0,0,different_variants_in_same_gene
GCF_000005845.2,b2659,glaH,GCF_036503815.1,AABJ99_RS05840,glaH,comparable,44,51,17,34,17,0,27,0,0,0,partially_shared_variants
GCF_000005845.2,b2660,lhgD,GCF_036503815.1,AABJ99_RS05835,lhgO,comparable,46,51,29,22,29,0,17,0,0,0,partially_shared_variants
GCF_000005845.2,b2661,gabD,GCF_036503815.1,AABJ99_RS05830,gabD,comparable,50,69,30,39,30,0,20,0,0,0,partially_shared_variants
GCF_000005845.2,b2662,gabT,GCF_036503815.1,AABJ99_RS05825,gabT,comparable,26,58,10,48,10,1,15,0,0,0,partially_shared_variants
GCF_000005845.2,b2663,gabP,GCF_036503815.1,AABJ99_RS05820,gabP,comparable,46,54,23,31,23,0,23,0,0,0,partially_shared_variants
GCF_000005845.2,b2664,glaR,GCF_036503815.1,AABJ99_RS05815,csiR,comparable,8,14,2,12,2,0,6,0,0,0,partially_shared_variants
GCF_000005845.2,b2665,kbp,GCF_036503815.1,AABJ99_RS05810,kbp,comparable,4,9,3,6,3,0,1,0,0,0,partially_shared_variants
GCF_000005845.2,b2666,yqaE,GCF_036503815.1,AABJ99_RS05805,yqaE,comparable,1,0,0,0,0,0,1,0,0,0,reference_allele_difference
GCF_000005845.2,b2667,ygaV,GCF_036503815.1,AABJ99_RS05800,ygaV,comparable,1,6,1,5,1,0,0,0,0,0,partially_shared_variants
GCF_000005845.2,b2668,ygaP,GCF_036503815.1,AABJ99_RS05795,ygaP,comparable,3,18,3,15,3,0,0,0,0,0,partially_shared_variants
GCF_000005845.2,b2670,alaE,GCF_036503815.1,AABJ99_RS05785,alaE,comparable,0,5,0,5,0,0,0,0,0,0,different_variants_in_same_gene
GCF_000005845.2,b2671,ygaC,GCF_036503815.1,AABJ99_RS05780,ygaC,comparable,0,8,0,8,0,0,0,0,0,0,different_variants_in_same_gene
GCF_000005845.2,b2672,ygaM,GCF_036503815.1,AABJ99_RS05775,ygaM,comparable,0,12,0,12,0,0,0,0,0,0,different_variants_in_same_gene
GCF_000005845.2,b2673,nrdH,GCF_036503815.1,AABJ99_RS05760,nrdH,comparable,0,6,0,6,0,0,0,0,0,0,different_variants_in_same_gene
GCF_000005845.2,b2674,nrdI,GCF_036503815.1,AABJ99_RS05755,nrdI,comparable,0,8,0,8,0,0,0,0,0,0,different_variants_in_same_gene
GCF_000005845.2,b2675,nrdE,GCF_036503815.1,AABJ99_RS05750,nrdE,comparable,1,111,0,111,0,0,1,0,0,0,reference_allele_difference
GCF_000005845.2,b2676,nrdF,GCF_036503815.1,AABJ99_RS05745,nrdF,comparable,2,40,2,38,2,0,0,0,0,0,partially_shared_variants
GCF_000005845.2,b2677,proV,GCF_036503815.1,AABJ99_RS05740,proV,comparable,0,44,0,44,0,0,0,0,0,0,different_variants_in_same_gene
GCF_000005845.2,b2678,proW,GCF_036503815.1,AABJ99_RS05735,proW,comparable,0,34,0,34,0,0,0,0,0,0,different_variants_in_same_gene
GCF_000005845.2,b2679,proX,GCF_036503815.1,AABJ99_RS05730,proX,comparable,12,27,6,21,6,0,6,0,0,0,partially_shared_variants
GCF_000005845.2,b2682,ygaZ,GCF_036503815.1,AABJ99_RS05720,ygaZ,comparable,0,4,0,4,0,0,0,0,0,0,different_variants_in_same_gene
GCF_000005845.2,b2683,ygaH,GCF_036503815.1,AABJ99_RS05715,ygaH,comparable,0,4,0,4,0,0,0,0,0,0,different_variants_in_same_gene
GCF_000005845.2,b2684,mprA,GCF_036503815.1,AABJ99_RS05710,emrR,comparable,0,3,0,3,0,0,0,0,0,0,different_variants_in_same_gene
GCF_000005845.2,b2685,emrA,GCF_036503815.1,AABJ99_RS05705,emrA,comparable,2,31,1,30,1,0,1,0,0,0,partially_shared_variants
GCF_000005845.2,b2687,luxS,GCF_036503815.1,AABJ99_RS05685,luxS,comparable,0,7,0,7,0,0,0,0,0,0,different_variants_in_same_gene
GCF_000005845.2,b2688,gshA,GCF_036503815.1,AABJ99_RS05680,gshA,comparable,0,43,0,43,0,0,0,0,0,0,different_variants_in_same_gene
GCF_000005845.2,b2689,yqaA,GCF_036503815.1,AABJ99_RS05675,yqaA,comparable,0,18,0,18,0,0,0,0,0,0,different_variants_in_same_gene
GCF_000005845.2,b2690,yqaB,GCF_036503815.1,AABJ99_RS05670,yqaB,comparable,0,27,0,27,0,0,0,0,0,0,different_variants_in_same_gene
GCF_000005845.2,b2696,csrA,GCF_036503815.1,AABJ99_RS05640,csrA,comparable,0,0,0,0,0,0,0,0,0,0,same_exact_variants
GCF_000005845.2,b2697,alaS,GCF_036503815.1,AABJ99_RS05635,alaS,comparable,1,57,1,56,1,0,0,0,0,0,partially_shared_variants
GCF_000005845.2,b2698,recX,GCF_036503815.1,AABJ99_RS05630,recX,comparable,0,10,0,10,0,0,0,0,0,0,different_variants_in_same_gene
GCF_000005845.2,b2699,recA,GCF_036503815.1,AABJ99_RS05625,recA,comparable,1,16,1,15,1,0,0,0,0,0,partially_shared_variants
GCF_000005845.2,b2700,pncC,GCF_036503815.1,AABJ99_RS05620,pncC,comparable,3,15,1,14,1,0,2,0,0,0,partially_shared_variants
GCF_000005845.2,b2702,srlA,GCF_036503815.1,AABJ99_RS05605,srlA,comparable,6,7,2,5,2,0,4,0,0,0,partially_shared_variants
GCF_000005845.2,b2703,srlE,GCF_036503815.1,AABJ99_RS05600,srlE,comparable,21,25,9,16,9,0,12,0,0,0,partially_shared_variants
GCF_000005845.2,b2704,srlB,GCF_036503815.1,AABJ99_RS05595,srlB,comparable,7,6,3,3,3,0,4,0,0,0,partially_shared_variants
GCF_000005845.2,b2705,srlD,GCF_036503815.1,AABJ99_RS05590,srlD,comparable,17,33,11,22,11,0,6,0,0,0,partially_shared_variants
GCF_000005845.2,b2706,gutM,GCF_036503815.1,AABJ99_RS05585,gutM,comparable,5,11,4,7,4,0,1,0,0,0,partially_shared_variants
GCF_000005845.2,b2707,srlR,GCF_036503815.1,AABJ99_RS05580,srlR,comparable,10,26,3,23,3,0,7,0,0,0,partially_shared_variants
GCF_000005845.2,b2708,gutQ,GCF_036503815.1,AABJ99_RS05575,gutQ,comparable,0,39,0,39,0,0,0,0,0,0,different_variants_in_same_gene
GCF_000005845.2,b2709,norR,GCF_036503815.1,AABJ99_RS05570,norR,comparable,0,65,0,65,0,0,0,0,0,0,different_variants_in_same_gene
GCF_000005845.2,b2710,norV,GCF_036503815.1,AABJ99_RS05565,norV,comparable,16,52,6,46,6,0,10,0,0,0,partially_shared_variants
GCF_000005845.2,b2711,norW,GCF_036503815.1,AABJ99_RS05560,norW,comparable,9,53,4,49,4,0,5,0,0,0,partially_shared_variants
GCF_000005845.2,b2712,hypF,GCF_036503815.1,AABJ99_RS05555,hypF,comparable,27,128,14,114,14,2,11,0,0,0,partially_shared_variants
GCF_000005845.2,b2713,hydN,GCF_036503815.1,AABJ99_RS05550,hydN,comparable,9,21,4,17,4,0,5,0,0,0,partially_shared_variants
GCF_000005845.2,b2715,ascF,GCF_036503815.1,AABJ99_RS05540,ascF,comparable,19,56,10,46,10,0,9,0,0,0,partially_shared_variants
GCF_000005845.2,b2717,hycI,GCF_036503815.1,AABJ99_RS05520,hycI,comparable,17,18,9,9,9,1,7,0,0,0,partially_shared_variants
GCF_000005845.2,b2718,hycH,GCF_036503815.1,AABJ99_RS05515,hycH,comparable,5,10,3,7,3,0,2,0,0,0,partially_shared_variants
GCF_000005845.2,b2719,hycG,GCF_036503815.1,AABJ99_RS05510,hycG,comparable,13,34,5,29,5,0,8,0,0,0,partially_shared_variants
GCF_000005845.2,b2720,hycF,GCF_036503815.1,AABJ99_RS05505,hycF,comparable,7,25,5,20,5,0,2,0,0,0,partially_shared_variants
GCF_000005845.2,b2721,hycE,GCF_036503815.1,AABJ99_RS05500,hycE,comparable,27,70,16,54,16,0,11,0,0,0,partially_shared_variants
GCF_000005845.2,b2722,hycD,GCF_036503815.1,AABJ99_RS05495,hycD,comparable,18,42,14,28,14,0,4,0,0,0,partially_shared_variants
GCF_000005845.2,b2723,hycC,GCF_036503815.1,AABJ99_RS05490,hycC,comparable,26,92,11,81,11,0,15,0,0,0,partially_shared_variants
GCF_000005845.2,b2724,hycB,GCF_036503815.1,AABJ99_RS05485,hycB,comparable,4,20,3,17,3,0,1,0,0,0,partially_shared_variants
GCF_000005845.2,b2725,hycA,GCF_036503815.1,AABJ99_RS05480,hycA,comparable,1,17,1,16,1,0,0,0,0,0,partially_shared_variants
GCF_000005845.2,b2726,hypA,GCF_036503815.1,AABJ99_RS05475,hypA,comparable,0,8,0,8,0,0,0,0,0,0,different_variants_in_same_gene
GCF_000005845.2,b2727,hypB,GCF_036503815.1,AABJ99_RS05470,hypB,comparable,1,20,0,20,0,0,1,0,0,0,reference_allele_difference
GCF_000005845.2,b2728,hypC,GCF_036503815.1,AABJ99_RS05465,hypC,comparable,0,7,0,7,0,0,0,0,0,0,different_variants_in_same_gene
GCF_000005845.2,b2729,hypD,GCF_036503815.1,AABJ99_RS05460,hypD,comparable,0,57,0,57,0,0,0,0,0,0,different_variants_in_same_gene
GCF_000005845.2,b2730,hypE,GCF_036503815.1,AABJ99_RS05455,hypE,comparable,0,57,0,57,0,0,0,0,0,0,different_variants_in_same_gene
GCF_000005845.2,b2731,fhlA,GCF_036503815.1,AABJ99_RS05450,flhA,comparable,1,79,0,79,0,0,1,0,0,0,reference_allele_difference
GCF_000005845.2,b2732,ygbA,GCF_036503815.1,AABJ99_RS05445,ygbA,comparable,0,9,0,9,0,0,0,0,0,0,different_variants_in_same_gene
GCF_000005845.2,b2733,mutS,GCF_036503815.1,AABJ99_RS05435,mutS,comparable,39,139,14,125,14,1,24,0,0,0,partially_shared_variants
GCF_000005845.2,b2741,rpoS,GCF_036503815.1,AABJ99_RS05400,rpoS,comparable,2,18,1,17,1,0,1,0,0,0,partially_shared_variants
GCF_000005845.2,b2742,nlpD,GCF_036503815.1,AABJ99_RS05395,nlpD,comparable,7,32,5,27,5,0,2,0,0,0,partially_shared_variants
GCF_000005845.2,b2743,pcm,GCF_036503815.1,AABJ99_RS05390,pcm,comparable,0,7,0,7,0,0,0,0,0,0,different_variants_in_same_gene
GCF_000005845.2,b2744,umpG,GCF_036503815.1,AABJ99_RS05385,surE,comparable,0,23,0,23,0,0,0,0,0,0,different_variants_in_same_gene
GCF_000005845.2,b2745,truD,GCF_036503815.1,AABJ99_RS05380,truD,comparable,1,36,1,35,1,0,0,0,0,0,partially_shared_variants
GCF_000005845.2,b2746,ispF,GCF_036503815.1,AABJ99_RS05375,ispF,comparable,0,23,0,23,0,0,0,0,0,0,different_variants_in_same_gene
GCF_000005845.2,b2747,ispD,GCF_036503815.1,AABJ99_RS05370,ispD,comparable,2,21,2,19,2,0,0,0,0,0,partially_shared_variants
GCF_000005845.2,b2748,ftsB,GCF_036503815.1,AABJ99_RS05365,ftsB,comparable,0,3,0,3,0,0,0,0,0,0,different_variants_in_same_gene
GCF_000005845.2,b2749,ygbE,GCF_036503815.1,AABJ99_RS05360,ygbE,comparable,0,8,0,8,0,0,0,0,0,0,different_variants_in_same_gene
GCF_000005845.2,b2750,cysC,GCF_036503815.1,AABJ99_RS05355,cysC,comparable,0,19,0,19,0,0,0,0,0,0,different_variants_in_same_gene
GCF_000005845.2,b2751,cysN,GCF_036503815.1,AABJ99_RS05350,cysN,comparable,25,61,11,50,11,0,14,0,0,0,partially_shared_variants
GCF_000005845.2,b2752,cysD,GCF_036503815.1,AABJ99_RS05345,cysD,comparable,10,37,6,31,6,0,4,0,0,0,partially_shared_variants
GCF_000005845.2,b2762,cysH,GCF_036503815.1,AABJ99_RS05285,cysH,comparable,26,29,10,19,10,0,16,0,0,0,partially_shared_variants
GCF_000005845.2,b2763,cysI,GCF_036503815.1,AABJ99_RS05280,cysI,comparable,16,88,6,82,6,0,10,0,0,0,partially_shared_variants
GCF_000005845.2,b2764,cysJ,GCF_036503815.1,AABJ99_RS05275,cysJ,comparable,24,84,12,72,12,0,12,0,0,0,partially_shared_variants
GCF_000005845.2,b2765,queD,GCF_036503815.1,AABJ99_RS05270,queD,comparable,0,13,0,13,0,0,0,0,0,0,different_variants_in_same_gene
GCF_000005845.2,b2766,ygcN,GCF_036503815.1,AABJ99_RS05265,ygcN,comparable,0,61,0,61,0,0,0,0,0,0,different_variants_in_same_gene
GCF_000005845.2,b2767,ygcO,GCF_036503815.1,AABJ99_RS05260,ygcO,comparable,1,15,0,15,0,0,1,0,0,0,reference_allele_difference
GCF_000005845.2,b2769,ygcQ,GCF_036503815.1,AABJ99_RS05250,ygcQ,comparable,0,31,0,31,0,0,0,0,0,0,different_variants_in_same_gene
GCF_000005845.2,b2771,ygcS,GCF_036503815.1,AABJ99_RS05240,ygcS,comparable,0,61,0,61,0,0,0,0,0,0,different_variants_in_same_gene
GCF_000005845.2,b4463,ygcU,GCF_036503815.1,AABJ99_RS05235,ygcU,comparable,0,66,0,66,0,0,0,0,0,0,different_variants_in_same_gene
GCF_000005845.2,b2774,ygcW,GCF_036503815.1,AABJ99_RS05230,ygcW,comparable,1,43,0,43,0,0,1,0,0,0,reference_allele_difference
GCF_000005845.2,b2775,yqcE,GCF_036503815.1,AABJ99_RS05225,yqcE,comparable,1,29,1,28,1,0,0,0,0,0,partially_shared_variants
GCF_000005845.2,b2776,ygcE,GCF_036503815.1,AABJ99_RS05220,ygcE,comparable,0,65,0,65,0,0,0,0,0,0,different_variants_in_same_gene
GCF_000005845.2,b2777,queE,GCF_036503815.1,AABJ99_RS05215,queE,comparable,0,19,0,19,0,0,0,0,0,0,different_variants_in_same_gene
GCF_000005845.2,b2779,eno,GCF_036503815.1,AABJ99_RS05195,eno,comparable,0,19,0,19,0,0,0,0,0,0,different_variants_in_same_gene
GCF_000005845.2,b2780,pyrG,GCF_036503815.1,AABJ99_RS05190,pyrG,comparable,0,23,0,23,0,0,0,0,0,0,different_variants_in_same_gene
GCF_000005845.2,b2781,mazG,GCF_036503815.1,AABJ99_RS05185,mazG,comparable,1,20,1,19,1,0,0,0,0,0,partially_shared_variants
GCF_000005845.2,b2784,relA,GCF_036503815.1,AABJ99_RS05180,relA,comparable,33,51,8,43,8,0,25,0,0,0,partially_shared_variants
GCF_000005845.2,b2785,rlmD,GCF_036503815.1,AABJ99_RS05175,rlmD,comparable,1,22,1,21,1,0,0,0,0,0,partially_shared_variants
GCF_000005845.2,b2786,barA,GCF_036503815.1,AABJ99_RS05170,barA,comparable,5,69,3,66,3,0,2,0,0,0,partially_shared_variants
GCF_000005845.2,b2787,gudD,GCF_036503815.1,AABJ99_RS05165,gudD,comparable,13,41,5,36,5,0,8,0,0,0,partially_shared_variants
GCF_000005845.2,b2788,gudX,GCF_036503815.1,AABJ99_RS05160,gudX,comparable,21,54,8,46,8,0,13,0,0,0,partially_shared_variants
GCF_000005845.2,b2790,yqcA,GCF_036503815.1,AABJ99_RS05150,yqcA,comparable,1,21,1,20,1,0,0,0,0,0,partially_shared_variants
GCF_000005845.2,b2791,truC,GCF_036503815.1,AABJ99_RS05145,truC,comparable,0,48,0,48,0,0,0,0,0,0,different_variants_in_same_gene
GCF_000005845.2,b2792,yqcC,GCF_036503815.1,AABJ99_RS05140,yqcC,comparable,1,8,1,7,1,0,0,0,0,0,partially_shared_variants
GCF_000005845.2,b2793,syd,GCF_036503815.1,AABJ99_RS05135,syd,comparable,1,13,0,13,0,0,1,0,0,0,reference_allele_difference
GCF_000005845.2,b2794,queF,GCF_036503815.1,AABJ99_RS05130,queF,comparable,1,13,0,13,0,0,1,0,0,0,reference_allele_difference
GCF_000005845.2,b2795,ppnN,GCF_036503815.1,AABJ99_RS05125,ppnN,comparable,11,41,9,32,9,0,2,0,0,0,partially_shared_variants
GCF_000005845.2,b2796,sdaC,GCF_036503815.1,AABJ99_RS05120,sdaC,comparable,1,26,0,26,0,0,1,0,0,0,reference_allele_difference
GCF_000005845.2,b2797,sdaB,GCF_036503815.1,AABJ99_RS05115,sdaB,comparable,20,65,13,52,13,0,7,0,0,0,partially_shared_variants
GCF_000005845.2,b2798,ygdG,GCF_036503815.1,AABJ99_RS05110,xni,comparable,1,37,1,36,1,0,0,0,0,0,partially_shared_variants
GCF_000005845.2,b2799,fucO,GCF_036503815.1,AABJ99_RS05105,fucO,comparable,10,27,6,21,6,0,4,0,0,0,partially_shared_variants
GCF_000005845.2,b2802,fucI,GCF_036503815.1,AABJ99_RS05090,fucI,comparable,20,57,11,46,11,0,9,0,0,0,partially_shared_variants
GCF_000005845.2,b2803,fucK,GCF_036503815.1,AABJ99_RS05085,fucK,comparable,15,31,9,22,9,0,6,0,0,0,partially_shared_variants
GCF_000005845.2,b2804,fucU,GCF_036503815.1,AABJ99_RS05080,fucU,comparable,2,7,1,6,1,0,1,0,0,0,partially_shared_variants
GCF_000005845.2,b2805,fucR,GCF_036503815.1,AABJ99_RS05075,fucR,comparable,2,11,1,10,1,0,1,0,0,0,partially_shared_variants
GCF_000005845.2,b2806,rlmM,GCF_036503815.1,AABJ99_RS05070,rlmM,comparable,9,25,5,20,5,0,4,0,0,0,partially_shared_variants
GCF_000005845.2,b2807,ygdD,GCF_036503815.1,AABJ99_RS05065,ygdD,comparable,4,6,2,4,2,0,2,0,0,0,partially_shared_variants
GCF_000005845.2,b2808,gcvA,GCF_036503815.1,AABJ99_RS05060,gcvA,comparable,7,24,2,22,2,0,5,0,0,0,partially_shared_variants
GCF_000005845.2,b2809,ygdI,GCF_036503815.1,AABJ99_RS05055,ygdI,comparable,0,1,0,1,0,0,0,0,0,0,different_variants_in_same_gene
GCF_000005845.2,b2810,csdA,GCF_036503815.1,AABJ99_RS05050,csdA,comparable,0,46,0,46,0,0,0,0,0,0,different_variants_in_same_gene
GCF_000005845.2,b2811,csdE,GCF_036503815.1,AABJ99_RS05045,csdE,comparable,0,29,0,29,0,0,0,0,0,0,different_variants_in_same_gene
GCF_000005845.2,b2812,tcdA,GCF_036503815.1,AABJ99_RS05040,tcdA,comparable,1,43,0,43,0,0,1,0,0,0,reference_allele_difference
GCF_000005845.2,b2813,mltA,GCF_036503815.1,AABJ99_RS05035,mltA,comparable,0,48,0,48,0,0,0,0,0,0,different_variants_in_same_gene
GCF_000005845.2,b2818,argA,GCF_036503815.1,AABJ99_RS04985,argA,comparable,15,63,11,52,11,0,4,0,0,0,partially_shared_variants
GCF_000005845.2,b2819,recD,GCF_036503815.1,AABJ99_RS04980,recD,comparable,35,63,17,46,17,0,18,0,0,0,partially_shared_variants
GCF_000005845.2,b2820,recB,GCF_036503815.1,AABJ99_RS04975,recB,comparable,23,105,10,95,10,0,13,0,0,0,partially_shared_variants
GCF_000005845.2,b2821,ptrA,GCF_036503815.1,AABJ99_RS04970,ptrA,comparable,29,104,17,87,17,0,12,0,0,0,partially_shared_variants
GCF_000005845.2,b2822,recC,GCF_036503815.1,AABJ99_RS04965,recC,comparable,29,110,17,93,17,0,12,0,0,0,partially_shared_variants
GCF_000005845.2,b2823,ppdC,GCF_036503815.1,AABJ99_RS04960,ppdC,comparable,0,3,0,3,0,0,0,0,0,0,different_variants_in_same_gene
GCF_000005845.2,b2824,ygdB,GCF_036503815.1,AABJ99_RS04955,ygdB,comparable,6,18,1,17,1,0,5,0,0,0,partially_shared_variants
GCF_000005845.2,b2825,ppdB,GCF_036503815.1,AABJ99_RS04950,ppdB,comparable,5,15,2,13,2,0,3,0,0,0,partially_shared_variants
GCF_000005845.2,b2826,ppdA,GCF_036503815.1,AABJ99_RS04945,ppdA,comparable,5,8,4,4,4,0,1,0,0,0,partially_shared_variants
GCF_000005845.2,b2827,thyA,GCF_036503815.1,AABJ99_RS04940,thyA,comparable,8,18,3,15,3,0,5,0,0,0,partially_shared_variants
GCF_000005845.2,b2828,lgt,GCF_036503815.1,AABJ99_RS04935,lgt,comparable,3,11,2,9,2,0,1,0,0,0,partially_shared_variants
GCF_000005845.2,b2829,ptsP,GCF_036503815.1,AABJ99_RS04930,ptsP,comparable,5,40,3,37,3,0,2,0,0,0,partially_shared_variants
GCF_000005845.2,b2830,rppH,GCF_036503815.1,AABJ99_RS04925,rppH,comparable,0,9,0,9,0,0,0,0,0,0,different_variants_in_same_gene
GCF_000005845.2,b4610,ygdT,GCF_036503815.1,AABJ99_RS04920,ygdT,comparable,0,1,0,1,0,0,0,0,0,0,different_variants_in_same_gene
GCF_000005845.2,b2831,mutH,GCF_036503815.1,AABJ99_RS04915,mutH,comparable,1,34,0,34,0,0,1,0,0,0,reference_allele_difference
GCF_000005845.2,b2832,ygdQ,GCF_036503815.1,AABJ99_RS04910,ygdQ,comparable,8,9,4,5,4,0,4,0,0,0,partially_shared_variants
GCF_000005845.2,b2833,ygdR,GCF_036503815.1,AABJ99_RS04905,ygdR,comparable,1,1,1,0,1,0,0,0,0,0,same_exact_variants
GCF_000005845.2,b2834,tas,GCF_036503815.1,AABJ99_RS04900,tas,comparable,1,26,1,25,1,0,0,0,0,0,partially_shared_variants
GCF_000005845.2,b2835,lplT,GCF_036503815.1,AABJ99_RS04890,lplT,comparable,0,24,0,24,0,0,0,0,0,0,different_variants_in_same_gene
GCF_000005845.2,b2836,aas,GCF_036503815.1,AABJ99_RS04885,aas,comparable,3,50,2,48,2,0,1,0,0,0,partially_shared_variants
GCF_000005845.2,b2837,galR,GCF_036503815.1,AABJ99_RS04880,galR,comparable,7,35,6,29,6,0,1,0,0,0,partially_shared_variants
GCF_000005845.2,b2838,lysA,GCF_036503815.1,AABJ99_RS04875,lysA,comparable,0,25,0,25,0,0,0,0,0,0,different_variants_in_same_gene
GCF_000005845.2,b2839,lysR,GCF_036503815.1,AABJ99_RS04870,lysR,comparable,1,15,0,15,0,0,1,0,0,0,reference_allele_difference
GCF_000005845.2,b2840,ygeA,GCF_036503815.1,AABJ99_RS04865,ygeA,comparable,2,26,0,26,0,0,2,0,0,0,reference_allele_difference
GCF_000005845.2,b2841,araE,GCF_036503815.1,AABJ99_RS04860,araE,comparable,16,32,10,22,10,0,6,0,0,0,partially_shared_variants
GCF_000005845.2,b2842,kduD,GCF_036503815.1,AABJ99_RS04855,kduD,comparable,10,14,4,10,4,0,6,0,0,0,partially_shared_variants
GCF_000005845.2,b2843,kduI,GCF_036503815.1,AABJ99_RS04850,kduI,comparable,8,22,6,16,6,0,2,0,0,0,partially_shared_variants
GCF_000005845.2,b2844,yqeF,GCF_036503815.1,AABJ99_RS04845,yqeF,comparable,13,46,10,36,10,0,3,0,0,0,partially_shared_variants
GCF_000005845.2,b2845,yqeG,GCF_036503815.1,AABJ99_RS04840,yqeG,comparable,16,23,11,12,11,0,5,0,0,0,partially_shared_variants
GCF_000005845.2,b2865,actS,GCF_036503815.1,AABJ99_RS04660,actS,comparable,0,12,0,12,0,0,0,0,0,0,different_variants_in_same_gene
GCF_000005845.2,b2869,ygeV,GCF_036503815.1,AABJ99_RS04640,ygeV,comparable,13,61,8,53,8,0,5,0,0,0,partially_shared_variants
GCF_000005845.2,b2870,ygeW,GCF_036503815.1,AABJ99_RS04635,ygeW,comparable,0,47,0,47,0,0,0,0,0,0,different_variants_in_same_gene
GCF_000005845.2,b2871,ygeX,GCF_036503815.1,AABJ99_RS04630,dpaL,comparable,7,61,4,57,4,0,2,0,1,0,partially_shared_variants
GCF_000005845.2,b2872,ygeY,GCF_036503815.1,AABJ99_RS04625,ygeY,comparable,18,46,7,39,7,0,11,0,0,0,partially_shared_variants
GCF_000005845.2,b2873,hyuA,GCF_036503815.1,AABJ99_RS04620,hyuA,comparable,6,66,2,64,2,0,4,0,0,0,partially_shared_variants
GCF_000005845.2,b2874,yqeA,GCF_036503815.1,AABJ99_RS04615,arcC,comparable,1,27,1,26,1,0,0,0,0,0,partially_shared_variants
GCF_000005845.2,b2876,yqeC,GCF_036503815.1,AABJ99_RS04605,yqeC,comparable,8,17,6,11,6,0,2,0,0,0,partially_shared_variants
GCF_000005845.2,b2877,mocA,GCF_036503815.1,AABJ99_RS04600,mocA,comparable,9,20,4,16,4,0,5,0,0,0,partially_shared_variants
GCF_000005845.2,b2878,ygfK,GCF_036503815.1,AABJ99_RS04595,ygfK,comparable,23,101,15,86,15,0,8,0,0,0,partially_shared_variants
GCF_000005845.2,b2879,ssnA,GCF_036503815.1,AABJ99_RS04590,ssnA,comparable,0,58,0,58,0,0,0,0,0,0,different_variants_in_same_gene
GCF_000005845.2,b2880,ygfM,GCF_036503815.1,AABJ99_RS04585,ygfM,comparable,1,41,1,40,1,0,0,0,0,0,partially_shared_variants
GCF_000005845.2,b2883,guaD,GCF_036503815.1,AABJ99_RS04570,guaD,comparable,7,43,6,37,6,0,1,0,0,0,partially_shared_variants
GCF_000005845.2,b2886,ygfS,GCF_036503815.1,AABJ99_RS04560,ygfS,comparable,7,13,3,10,3,0,4,0,0,0,partially_shared_variants
GCF_000005845.2,b2888,uacT,GCF_036503815.1,AABJ99_RS04550,uacT,comparable,15,45,8,37,8,0,7,0,0,0,partially_shared_variants
GCF_000005845.2,b4684,yqfG,GCF_036503815.1,AABJ99_RS04545,yqfG,comparable,2,2,1,1,1,0,1,0,0,0,partially_shared_variants
GCF_000005845.2,b4753,yqfH,GCF_036503815.1,AABJ99_RS04540,AABJ99_RS04540,comparable,0,3,0,3,0,0,0,0,0,0,different_variants_in_same_gene
GCF_000005845.2,b2889,idi,GCF_036503815.1,AABJ99_RS04535,idi,comparable,17,30,4,26,4,5,5,1,1,1,unresolved_liftover
GCF_000005845.2,b2890,lysS,GCF_036503815.1,AABJ99_RS04530,lysS,comparable,31,42,11,31,11,0,20,0,0,0,partially_shared_variants
GCF_000005845.2,b2891,prfB,GCF_036503815.1,AABJ99_RS04525,prfB,comparable,5,22,1,21,1,0,4,0,0,0,partially_shared_variants
GCF_000005845.2,b2892,recJ,GCF_036503815.1,AABJ99_RS04520,recJ,comparable,39,74,21,53,21,0,18,0,0,0,partially_shared_variants
GCF_000005845.2,b2893,dsbC,GCF_036503815.1,AABJ99_RS04515,dsbC,comparable,6,38,2,36,2,1,3,0,0,0,partially_shared_variants
GCF_000005845.2,b2894,xerD,GCF_036503815.1,AABJ99_RS04510,xerD,comparable,8,33,3,30,3,0,5,0,0,0,partially_shared_variants
GCF_000005845.2,b2895,fldB,GCF_036503815.1,AABJ99_RS04505,fldB,comparable,0,11,0,11,0,0,0,0,0,0,different_variants_in_same_gene
GCF_000005845.2,b2896,ygfX,GCF_036503815.1,AABJ99_RS04500,ygfX,comparable,1,16,1,15,1,0,0,0,0,0,partially_shared_variants
GCF_000005845.2,b2897,sdhE,GCF_036503815.1,AABJ99_RS04495,sdhE,comparable,0,2,0,2,0,0,0,0,0,0,different_variants_in_same_gene
GCF_000005845.2,b2898,ygfZ,GCF_036503815.1,AABJ99_RS04490,ygfZ,comparable,1,45,0,45,0,0,1,0,0,0,reference_allele_difference
GCF_000005845.2,b2899,trhA,GCF_036503815.1,AABJ99_RS04485,trhA,comparable,4,28,0,28,0,0,4,0,0,0,reference_allele_difference
GCF_000005845.2,b2900,yqfB,GCF_036503815.1,AABJ99_RS04480,yqfB,comparable,6,8,1,7,1,0,5,0,0,0,partially_shared_variants
GCF_000005845.2,b2901,bglA,GCF_036503815.1,AABJ99_RS04475,bglA,comparable,34,57,22,35,22,0,12,0,0,0,partially_shared_variants
GCF_000005845.2,b2902,ygfF,GCF_036503815.1,AABJ99_RS04470,ygfF,comparable,13,42,5,37,5,0,8,0,0,0,partially_shared_variants
GCF_000005845.2,b2903,gcvP,GCF_036503815.1,AABJ99_RS04460,gcvP,comparable,27,111,18,93,18,0,9,0,0,0,partially_shared_variants
GCF_000005845.2,b2904,gcvH,GCF_036503815.1,AABJ99_RS04455,gcvH,comparable,2,11,2,9,2,0,0,0,0,0,partially_shared_variants
GCF_000005845.2,b2905,gcvT,GCF_036503815.1,AABJ99_RS04450,gcvT,comparable,1,39,1,38,1,0,0,0,0,0,partially_shared_variants
GCF_000005845.2,b4754,yqfI,GCF_036503815.1,AABJ99_RS04445,AABJ99_RS04445,comparable,1,7,1,6,1,0,0,0,0,0,partially_shared_variants
GCF_000005845.2,b2907,ubiH,GCF_036503815.1,AABJ99_RS04435,ubiH,comparable,18,53,10,43,10,0,8,0,0,0,partially_shared_variants
GCF_000005845.2,b2908,pepP,GCF_036503815.1,AABJ99_RS04430,pepP,comparable,14,47,9,38,9,0,5,0,0,0,partially_shared_variants
GCF_000005845.2,b2909,ygfB,GCF_036503815.1,AABJ99_RS04425,ygfB,comparable,0,19,0,19,0,0,0,0,0,0,different_variants_in_same_gene
GCF_000005845.2,b2910,zapA,GCF_036503815.1,AABJ99_RS04420,zapA,comparable,1,2,0,2,0,0,1,0,0,0,reference_allele_difference
GCF_000005845.2,b2912,fau,GCF_036503815.1,AABJ99_RS04410,fau,comparable,8,13,6,7,6,0,2,0,0,0,partially_shared_variants
GCF_000005845.2,b2913,serA,GCF_036503815.1,AABJ99_RS04400,serA,comparable,0,51,0,51,0,0,0,0,0,0,different_variants_in_same_gene
GCF_000005845.2,b2914,rpiA,GCF_036503815.1,AABJ99_RS04395,rpiA,comparable,1,16,1,15,1,0,0,0,0,0,partially_shared_variants
GCF_000005845.2,b2916,argP,GCF_036503815.1,AABJ99_RS04390,argP,comparable,0,30,0,30,0,0,0,0,0,0,different_variants_in_same_gene
GCF_000005845.2,b2917,scpA,GCF_036503815.1,AABJ99_RS04385,scpA,comparable,0,45,0,45,0,0,0,0,0,0,different_variants_in_same_gene
GCF_000005845.2,b2918,argK,GCF_036503815.1,AABJ99_RS04380,meaB,comparable,0,26,0,26,0,0,0,0,0,0,different_variants_in_same_gene
GCF_000005845.2,b2919,scpB,GCF_036503815.1,AABJ99_RS04375,scpB,comparable,0,9,0,9,0,0,0,0,0,0,different_variants_in_same_gene
GCF_000005845.2,b2920,scpC,GCF_036503815.1,AABJ99_RS04370,scpC,comparable,0,25,0,25,0,0,0,0,0,0,different_variants_in_same_gene
GCF_000005845.2,b2921,srsR,GCF_036503815.1,AABJ99_RS04365,srsR,comparable,0,20,0,20,0,0,0,0,0,0,different_variants_in_same_gene
GCF_000005845.2,b2922,yggE,GCF_036503815.1,AABJ99_RS04360,yggE,comparable,0,11,0,11,0,0,0,0,0,0,different_variants_in_same_gene
GCF_000005845.2,b2923,argO,GCF_036503815.1,AABJ99_RS04355,argO,comparable,0,15,0,15,0,0,0,0,0,0,different_variants_in_same_gene
GCF_000005845.2,b2924,mscS,GCF_036503815.1,AABJ99_RS04350,mscS,comparable,0,20,0,20,0,0,0,0,0,0,different_variants_in_same_gene
GCF_000005845.2,b2925,fbaA,GCF_036503815.1,AABJ99_RS04345,fbaA,comparable,0,20,0,20,0,0,0,0,0,0,different_variants_in_same_gene
GCF_000005845.2,b2926,pgk,GCF_036503815.1,AABJ99_RS04340,pgk,comparable,0,17,0,17,0,0,0,0,0,0,different_variants_in_same_gene
GCF_000005845.2,b2927,epd,GCF_036503815.1,AABJ99_RS04335,epd,comparable,0,15,0,15,0,0,0,0,0,0,different_variants_in_same_gene
GCF_000005845.2,b2928,yggC,GCF_036503815.1,AABJ99_RS04330,yggC,comparable,0,53,0,53,0,0,0,0,0,0,different_variants_in_same_gene
GCF_000005845.2,b2929,fumE,GCF_036503815.1,AABJ99_RS04325,fumE,comparable,0,20,0,20,0,0,0,0,0,0,different_variants_in_same_gene
GCF_000005845.2,b2930,yggF,GCF_036503815.1,AABJ99_RS04320,glpX,comparable,0,31,0,31,0,0,0,0,0,0,different_variants_in_same_gene
GCF_000005845.2,b4465,yggP,GCF_036503815.1,AABJ99_RS04315,yggP,comparable,0,72,0,72,0,0,0,0,0,0,different_variants_in_same_gene
GCF_000005845.2,b2934,cmtB,GCF_036503815.1,AABJ99_RS04305,cmtB,comparable,1,19,1,18,1,0,0,0,0,0,partially_shared_variants
GCF_000005845.2,b2935,tktA,GCF_036503815.1,AABJ99_RS04295,tkt,comparable,1,62,0,62,0,0,0,0,0,1,unresolved_liftover
GCF_000005845.2,b2936,loiP,GCF_036503815.1,AABJ99_RS04290,loiP,comparable,3,30,0,30,0,0,0,0,0,3,unresolved_liftover
GCF_000005845.2,b2937,speB,GCF_036503815.1,AABJ99_RS04285,speB,comparable,1,41,0,41,0,0,0,0,0,1,unresolved_liftover
GCF_000005845.2,b2938,speA,GCF_036503815.1,AABJ99_RS04275,speA,comparable,0,80,0,80,0,0,0,0,0,0,different_variants_in_same_gene
GCF_000005845.2,b2939,yqgB,GCF_036503815.1,AABJ99_RS04270,yqgB,comparable,0,6,0,6,0,0,0,0,0,0,different_variants_in_same_gene
GCF_000005845.2,b4784,yqgG,GCF_036503815.1,AABJ99_RS04265,yqgG,comparable,0,0,0,0,0,0,0,0,0,0,same_exact_variants
GCF_000005845.2,b2941,yqgD,GCF_036503815.1,AABJ99_RS04260,yqgD,comparable,1,3,0,3,0,0,0,0,0,1,unresolved_liftover
GCF_000005845.2,b2942,metK,GCF_036503815.1,AABJ99_RS04255,metK,comparable,0,39,0,39,0,0,0,0,0,0,different_variants_in_same_gene
GCF_000005845.2,b2944,yggI,GCF_036503815.1,AABJ99_RS04245,yggI,comparable,16,23,0,23,0,0,0,0,0,16,unresolved_liftover
GCF_000005845.2,b2945,endA,GCF_036503815.1,AABJ99_RS04240,endA,comparable,3,21,0,21,0,0,0,0,0,3,unresolved_liftover
GCF_000005845.2,b2946,rsmE,GCF_036503815.1,AABJ99_RS04235,rsmE,comparable,3,13,0,13,0,0,0,0,0,3,unresolved_liftover
GCF_000005845.2,b2947,gshB,GCF_036503815.1,AABJ99_RS04230,gshB,comparable,2,9,0,9,0,0,0,0,0,2,unresolved_liftover
GCF_000005845.2,b2948,yqgE,GCF_036503815.1,AABJ99_RS04225,yqgE,comparable,6,6,0,6,0,0,0,0,0,6,unresolved_liftover
GCF_000005845.2,b2949,yqgF,GCF_036503815.1,AABJ99_RS04220,ruvX,comparable,1,24,0,24,0,0,0,0,0,1,unresolved_liftover
GCF_000005845.2,b2950,yggR,GCF_036503815.1,AABJ99_RS04215,yggR,comparable,12,42,0,42,0,0,0,0,0,12,unresolved_liftover
GCF_000005845.2,b2951,yggS,GCF_036503815.1,AABJ99_RS04210,yggS,comparable,3,9,0,9,0,0,0,0,0,3,unresolved_liftover
GCF_000005845.2,b2952,yggT,GCF_036503815.1,AABJ99_RS04205,yggT,comparable,14,23,0,23,0,0,0,0,0,14,unresolved_liftover
GCF_000005845.2,b2953,yggU,GCF_036503815.1,AABJ99_RS04200,yggU,comparable,4,5,0,5,0,0,0,0,0,4,unresolved_liftover
GCF_000005845.2,b2954,rdgB,GCF_036503815.1,AABJ99_RS04195,rdgB,comparable,11,28,0,28,0,0,0,0,0,11,unresolved_liftover
GCF_000005845.2,b2955,hemW,GCF_036503815.1,AABJ99_RS04190,hemW,comparable,51,41,0,41,0,0,0,0,0,51,unresolved_liftover
GCF_000005845.2,b2956,yggM,GCF_036503815.1,AABJ99_RS04185,yggM,comparable,21,23,0,23,0,0,0,0,0,21,unresolved_liftover
GCF_000005845.2,b2957,ansB,GCF_036503815.1,AABJ99_RS04180,ansB,comparable,33,33,0,33,0,0,0,0,0,33,unresolved_liftover
GCF_000005845.2,b2958,yggN,GCF_036503815.1,AABJ99_RS04175,yggN,comparable,7,21,0,21,0,0,0,0,0,7,unresolved_liftover
GCF_000005845.2,b2959,yggL,GCF_036503815.1,AABJ99_RS04170,yggL,comparable,0,3,0,3,0,0,0,0,0,0,different_variants_in_same_gene
GCF_000005845.2,b2960,trmB,GCF_036503815.1,AABJ99_RS04165,trmB,comparable,0,10,0,10,0,0,0,0,0,0,different_variants_in_same_gene
GCF_000005845.2,b2961,mutY,GCF_036503815.1,AABJ99_RS04160,mutY,comparable,3,32,0,32,0,0,0,0,0,3,unresolved_liftover
GCF_000005845.2,b2962,yggX,GCF_036503815.1,AABJ99_RS04155,yggX,comparable,0,4,0,4,0,0,0,0,0,0,different_variants_in_same_gene
GCF_000005845.2,b2963,mltC,GCF_036503815.1,AABJ99_RS04150,mltC,comparable,8,26,0,26,0,0,0,0,0,8,unresolved_liftover
GCF_000005845.2,b2964,nupG,GCF_036503815.1,AABJ99_RS04145,nupG,comparable,17,21,0,21,0,0,0,0,0,17,unresolved_liftover
GCF_000005845.2,b2965,speC,GCF_036503815.1,AABJ99_RS04140,speC,comparable,50,42,0,42,0,0,0,0,0,50,unresolved_liftover
GCF_000005845.2,b4785,yqgH,GCF_036503815.1,AABJ99_RS04135,AABJ99_RS04135,comparable,4,1,0,1,0,0,0,0,0,4,unresolved_liftover
GCF_000005845.2,b2966,yqgA,GCF_036503815.1,AABJ99_RS04130,yqgA,comparable,29,13,0,13,0,0,0,0,0,29,unresolved_liftover
GCF_000005845.2,b2968,yghD,GCF_036503815.1,AABJ99_RS04120,yghD,comparable,19,21,0,21,0,0,0,0,0,19,unresolved_liftover
GCF_000005845.2,b2969,yghE,GCF_036503815.1,AABJ99_RS04115,gspL,comparable,40,51,0,51,0,0,0,0,0,40,unresolved_liftover
GCF_000005845.2,b2970,yghF,GCF_036503815.1,AABJ99_RS04070,gspC,comparable,39,40,0,40,0,0,0,0,0,39,unresolved_liftover
GCF_000005845.2,b2971,yghG,GCF_036503815.1,AABJ99_RS04065,gspS2,comparable,8,18,0,18,0,0,0,0,0,8,unresolved_liftover
GCF_000005845.2,b2972,pppA,GCF_036503815.1,AABJ99_RS04060,pppA,comparable,41,32,0,32,0,0,0,0,0,41,unresolved_liftover
GCF_000005845.2,b2976,glcB,GCF_036503815.1,AABJ99_RS04045,glcB,comparable,1,116,0,116,0,0,0,0,0,1,unresolved_liftover
GCF_000005845.2,b2977,glcG,GCF_036503815.1,AABJ99_RS04040,glcG,comparable,0,4,0,4,0,0,0,0,0,0,different_variants_in_same_gene
GCF_000005845.2,b4467,glcF,GCF_036503815.1,AABJ99_RS04035,glcF,comparable,1,34,0,34,0,0,0,0,0,1,unresolved_liftover
GCF_000005845.2,b4468,glcE,GCF_036503815.1,AABJ99_RS04030,glcE,comparable,20,47,0,47,0,0,0,0,0,20,unresolved_liftover
GCF_000005845.2,b2979,glcD,GCF_036503815.1,AABJ99_RS04025,glcD,comparable,16,90,0,90,0,0,0,0,0,16,unresolved_liftover
GCF_000005845.2,b2980,glcC,GCF_036503815.1,AABJ99_RS04020,glcC,comparable,1,41,0,41,0,0,0,0,0,1,unresolved_liftover
GCF_000005845.2,b2981,yghO,GCF_036503815.1,AABJ99_RS04015,yghO,comparable,1,44,0,44,0,0,0,0,0,1,unresolved_liftover
GCF_000005845.2,b2983,yghQ,GCF_036503815.1,AABJ99_RS03970,AABJ99_RS03970,comparable,1,36,0,36,0,0,1,0,0,0,reference_allele_difference
GCF_000005845.2,b2984,yghR,GCF_036503815.1,AABJ99_RS03965,AABJ99_RS03965,comparable,0,21,0,21,0,0,0,0,0,0,different_variants_in_same_gene
GCF_000005845.2,b2985,yghS,GCF_036503815.1,AABJ99_RS03960,yghS,comparable,0,20,0,20,0,0,0,0,0,0,different_variants_in_same_gene
GCF_000005845.2,b2988,gss,GCF_036503815.1,AABJ99_RS03945,gss,comparable,5,76,5,71,5,0,0,0,0,0,partially_shared_variants
GCF_000005845.2,b2989,yghU,GCF_036503815.1,AABJ99_RS03940,yghU,comparable,15,53,11,42,11,0,4,0,0,0,partially_shared_variants
GCF_000005845.2,b2990,hybG,GCF_036503815.1,AABJ99_RS03930,hybG,comparable,2,5,1,4,1,0,1,0,0,0,partially_shared_variants
GCF_000005845.2,b2991,hybF,GCF_036503815.1,AABJ99_RS03925,hypA,comparable,4,13,3,10,3,0,1,0,0,0,partially_shared_variants
GCF_000005845.2,b2992,hybE,GCF_036503815.1,AABJ99_RS03920,hybE,comparable,0,19,0,19,0,0,0,0,0,0,different_variants_in_same_gene
GCF_000005845.2,b2993,hybD,GCF_036503815.1,AABJ99_RS03915,hybD,comparable,4,16,2,14,2,0,2,0,0,0,partially_shared_variants
GCF_000005845.2,b2994,hybC,GCF_036503815.1,AABJ99_RS03910,hybC,comparable,12,53,5,48,5,0,7,0,0,0,partially_shared_variants
GCF_000005845.2,b2995,hybB,GCF_036503815.1,AABJ99_RS03905,hybB,comparable,0,27,0,27,0,0,0,0,0,0,different_variants_in_same_gene
GCF_000005845.2,b2996,hybA,GCF_036503815.1,AABJ99_RS03900,hybA,comparable,0,31,0,31,0,0,0,0,0,0,different_variants_in_same_gene
GCF_000005845.2,b2997,hybO,GCF_036503815.1,AABJ99_RS03895,hybO,comparable,1,17,0,17,0,0,1,0,0,0,reference_allele_difference
GCF_000005845.2,b2998,yghW,GCF_036503815.1,AABJ99_RS03890,yghW,comparable,1,1,0,1,0,0,1,0,0,0,reference_allele_difference
GCF_000005845.2,b4755,yqhI,GCF_036503815.1,AABJ99_RS03885,yghX,comparable,5,22,2,20,2,0,2,1,0,0,partially_shared_variants
GCF_000005845.2,b3001,gpr,GCF_036503815.1,AABJ99_RS03880,gpr,comparable,0,23,0,23,0,0,0,0,0,0,different_variants_in_same_gene
GCF_000005845.2,b3002,yqhA,GCF_036503815.1,AABJ99_RS03875,yqhA,comparable,0,4,0,4,0,0,0,0,0,0,different_variants_in_same_gene
GCF_000005845.2,b3003,yghA,GCF_036503815.1,AABJ99_RS03870,yghA,comparable,0,30,0,30,0,0,0,0,0,0,different_variants_in_same_gene
GCF_000005845.2,b3005,exbD,GCF_036503815.1,AABJ99_RS03865,exbD,comparable,0,8,0,8,0,0,0,0,0,0,different_variants_in_same_gene
GCF_000005845.2,b3006,exbB,GCF_036503815.1,AABJ99_RS03860,exbB,comparable,0,28,0,28,0,0,0,0,0,0,different_variants_in_same_gene
GCF_000005845.2,b3008,metC,GCF_036503815.1,AABJ99_RS03855,metC,comparable,20,58,13,45,13,0,7,0,0,0,partially_shared_variants
GCF_000005845.2,b3009,yghB,GCF_036503815.1,AABJ99_RS03850,yghB,comparable,0,8,0,8,0,0,0,0,0,0,different_variants_in_same_gene
GCF_000005845.2,b3010,yqhC,GCF_036503815.1,AABJ99_RS03845,yqhC,comparable,3,28,1,27,1,0,2,0,0,0,partially_shared_variants
GCF_000005845.2,b3011,yqhD,GCF_036503815.1,AABJ99_RS03840,yqhD,comparable,0,31,0,31,0,0,0,0,0,0,different_variants_in_same_gene
GCF_000005845.2,b3012,dkgA,GCF_036503815.1,AABJ99_RS03835,dkgA,comparable,0,26,0,26,0,0,0,0,0,0,different_variants_in_same_gene
GCF_000005845.2,b3013,yqhG,GCF_036503815.1,AABJ99_RS03830,yqhG,comparable,0,23,0,23,0,0,0,0,0,0,different_variants_in_same_gene
GCF_000005845.2,b3014,yqhH,GCF_036503815.1,AABJ99_RS03825,yqhH,comparable,0,3,0,3,0,0,0,0,0,0,different_variants_in_same_gene
GCF_000005845.2,b4469,ygiQ,GCF_036503815.1,AABJ99_RS03815,ygiQ,comparable,56,95,25,70,25,0,31,0,0,0,partially_shared_variants
GCF_000005845.2,b3017,ftsP,GCF_036503815.1,AABJ99_RS03810,ftsP,comparable,0,39,0,39,0,0,0,0,0,0,different_variants_in_same_gene
GCF_000005845.2,b3018,plsC,GCF_036503815.1,AABJ99_RS03805,plsC,comparable,7,21,3,18,3,0,4,0,0,0,partially_shared_variants
GCF_000005845.2,b3019,parC,GCF_036503815.1,AABJ99_RS03800,parC,comparable,1,48,1,47,1,0,0,0,0,0,partially_shared_variants
GCF_000005845.2,b3023,ygiV,GCF_036503815.1,AABJ99_RS03795,ygiV,comparable,0,15,0,15,0,0,0,0,0,0,different_variants_in_same_gene
GCF_000005845.2,b3024,ygiW,GCF_036503815.1,AABJ99_RS03790,ygiW,comparable,0,12,0,12,0,0,0,0,0,0,different_variants_in_same_gene
GCF_000005845.2,b3026,qseC,GCF_036503815.1,AABJ99_RS03780,qseC,comparable,0,40,0,40,0,0,0,0,0,0,different_variants_in_same_gene
GCF_000005845.2,b3027,ygiZ,GCF_036503815.1,AABJ99_RS03775,ygiZ,comparable,0,20,0,20,0,0,0,0,0,0,different_variants_in_same_gene
GCF_000005845.2,b3028,mdaB,GCF_036503815.1,AABJ99_RS03770,mdaB,comparable,10,25,9,16,9,0,1,0,0,0,partially_shared_variants
GCF_000005845.2,b3029,ygiN,GCF_036503815.1,AABJ99_RS03765,ygiN,comparable,0,8,0,8,0,0,0,0,0,0,different_variants_in_same_gene
GCF_000005845.2,b3030,parE,GCF_036503815.1,AABJ99_RS03760,parE,comparable,43,98,20,78,20,0,23,0,0,0,partially_shared_variants
GCF_000005845.2,b3031,yqiA,GCF_036503815.1,AABJ99_RS03755,yqiA,comparable,6,17,3,14,3,0,3,0,0,0,partially_shared_variants
GCF_000005845.2,b3032,cpdA,GCF_036503815.1,AABJ99_RS03750,cpdA,comparable,8,30,4,26,4,0,4,0,0,0,partially_shared_variants
GCF_000005845.2,b3033,yqiB,GCF_036503815.1,AABJ99_RS03745,yqiB,comparable,2,6,1,5,1,0,1,0,0,0,partially_shared_variants
GCF_000005845.2,b3034,nudF,GCF_036503815.1,AABJ99_RS03740,nudF,comparable,4,13,3,10,3,0,1,0,0,0,partially_shared_variants
GCF_000005845.2,b3035,tolC,GCF_036503815.1,AABJ99_RS03735,tolC,comparable,1,34,0,34,0,0,1,0,0,0,reference_allele_difference
GCF_000005845.2,b3037,ygiB,GCF_036503815.1,AABJ99_RS03730,ygiB,comparable,0,24,0,24,0,0,0,0,0,0,different_variants_in_same_gene
GCF_000005845.2,b3038,ygiC,GCF_036503815.1,AABJ99_RS03725,ygiC,comparable,0,38,0,38,0,0,0,0,0,0,different_variants_in_same_gene
GCF_000005845.2,b3039,ygiD,GCF_036503815.1,AABJ99_RS03720,ygiD,comparable,0,40,0,40,0,0,0,0,0,0,different_variants_in_same_gene
GCF_000005845.2,b3040,zupT,GCF_036503815.1,AABJ99_RS03715,zupT,comparable,0,30,0,30,0,0,0,0,0,0,different_variants_in_same_gene
GCF_000005845.2,b4756,yqiD,GCF_036503815.1,AABJ99_RS03710,yqiD,comparable,0,5,0,5,0,0,0,0,0,0,different_variants_in_same_gene
GCF_000005845.2,b3041,ribB,GCF_036503815.1,AABJ99_RS03705,ribB,comparable,0,23,0,23,0,0,0,0,0,0,different_variants_in_same_gene
GCF_000005845.2,b3049,glgS,GCF_036503815.1,AABJ99_RS03695,glgS,comparable,0,1,0,1,0,0,0,0,0,0,different_variants_in_same_gene
GCF_000005845.2,b3050,yqiJ,GCF_036503815.1,AABJ99_RS03690,yqiJ,comparable,0,33,0,33,0,0,0,0,0,0,different_variants_in_same_gene
GCF_000005845.2,b3051,yqiK,GCF_036503815.1,AABJ99_RS03685,yqiK,comparable,25,81,2,79,2,1,12,0,10,0,partially_shared_variants
GCF_000005845.2,b4666,ibsE,GCF_036503815.1,AABJ99_RS03680,ibsE,comparable,1,0,0,0,0,0,1,0,0,0,reference_allele_difference
GCF_000005845.2,b3052,hldE,GCF_036503815.1,AABJ99_RS03675,hldE,comparable,10,50,3,47,3,0,7,0,0,0,partially_shared_variants
GCF_000005845.2,b3053,glnE,GCF_036503815.1,AABJ99_RS03670,glnE,comparable,12,129,4,125,4,0,8,0,0,0,partially_shared_variants
GCF_000005845.2,b3054,ygiF,GCF_036503815.1,AABJ99_RS03665,ygiF,comparable,0,57,0,57,0,0,0,0,0,0,different_variants_in_same_gene
GCF_000005845.2,b3055,ygiM,GCF_036503815.1,AABJ99_RS03650,ygiM,comparable,0,11,0,11,0,0,0,0,0,0,different_variants_in_same_gene
GCF_000005845.2,b3056,cca,GCF_036503815.1,AABJ99_RS03645,cca,comparable,3,29,2,27,2,0,0,1,0,0,partially_shared_variants
GCF_000005845.2,b3057,bacA,GCF_036503815.1,AABJ99_RS03640,bacA,comparable,7,33,2,31,2,0,5,0,0,0,partially_shared_variants
GCF_000005845.2,b3058,folB,GCF_036503815.1,AABJ99_RS03635,folB,comparable,0,5,0,5,0,0,0,0,0,0,different_variants_in_same_gene
GCF_000005845.2,b3059,plsY,GCF_036503815.1,AABJ99_RS03630,plsY,comparable,0,13,0,13,0,0,0,0,0,0,different_variants_in_same_gene
GCF_000005845.2,b3061,ttdA,GCF_036503815.1,AABJ99_RS03620,ttdA,comparable,0,40,0,40,0,0,0,0,0,0,different_variants_in_same_gene
GCF_000005845.2,b3062,ttdB,GCF_036503815.1,AABJ99_RS03615,ttdB,comparable,0,21,0,21,0,0,0,0,0,0,different_variants_in_same_gene
GCF_000005845.2,b3064,tsaD,GCF_036503815.1,AABJ99_RS03605,tsaD,comparable,0,38,0,38,0,0,0,0,0,0,different_variants_in_same_gene
GCF_000005845.2,b3065,rpsU,GCF_036503815.1,AABJ99_RS03600,rpsU,comparable,0,0,0,0,0,0,0,0,0,0,same_exact_variants
GCF_000005845.2,b3066,dnaG,GCF_036503815.1,AABJ99_RS03595,dnaG,comparable,0,43,0,43,0,0,0,0,0,0,different_variants_in_same_gene
GCF_000005845.2,b3067,rpoD,GCF_036503815.1,AABJ99_RS03590,rpoD,comparable,1,24,0,24,0,0,1,0,0,0,reference_allele_difference
GCF_000005845.2,b3068,mug,GCF_036503815.1,AABJ99_RS03585,mug,comparable,0,23,0,23,0,0,0,0,0,0,different_variants_in_same_gene
GCF_000005845.2,b3070,nfeF,GCF_036503815.1,AABJ99_RS03575,nfeF,comparable,2,37,2,35,2,0,0,0,0,0,partially_shared_variants
GCF_000005845.2,b3071,nfeR,GCF_036503815.1,AABJ99_RS03570,nfeR,comparable,0,26,0,26,0,0,0,0,0,0,different_variants_in_same_gene
GCF_000005845.2,b3072,aer,GCF_036503815.1,AABJ99_RS03565,aer,comparable,0,46,0,46,0,0,0,0,0,0,different_variants_in_same_gene
GCF_000005845.2,b3073,patA,GCF_036503815.1,AABJ99_RS03560,ygjG,comparable,0,49,0,49,0,0,0,0,0,0,different_variants_in_same_gene
GCF_000005845.2,b3074,ygjH,GCF_036503815.1,AABJ99_RS03555,ygjH,comparable,0,9,0,9,0,0,0,0,0,0,different_variants_in_same_gene
GCF_000005845.2,b3075,ebgR,GCF_036503815.1,AABJ99_RS03550,ebgR,comparable,1,18,1,17,1,0,0,0,0,0,partially_shared_variants
GCF_000005845.2,b3077,ebgC,GCF_036503815.1,AABJ99_RS03540,ebgC,comparable,0,10,0,10,0,0,0,0,0,0,different_variants_in_same_gene
GCF_000005845.2,b3079,ygjJ,GCF_036503815.1,AABJ99_RS03530,ygjJ,comparable,0,32,0,32,0,0,0,0,0,0,different_variants_in_same_gene
GCF_000005845.2,b3080,ygjK,GCF_036503815.1,AABJ99_RS03525,ygjK,comparable,17,106,8,98,8,0,9,0,0,0,partially_shared_variants
GCF_000005845.2,b3084,rlmG,GCF_036503815.1,AABJ99_RS03505,rlmG,comparable,1,55,0,55,0,0,1,0,0,0,reference_allele_difference
GCF_000005845.2,b3085,ygjP,GCF_036503815.1,AABJ99_RS03500,ygjP,comparable,1,24,0,24,0,0,1,0,0,0,reference_allele_difference
GCF_000005845.2,b3086,ygjQ,GCF_036503815.1,AABJ99_RS03495,ygjQ,comparable,0,51,0,51,0,0,0,0,0,0,different_variants_in_same_gene
GCF_000005845.2,b3087,ygjR,GCF_036503815.1,AABJ99_RS03490,ygjR,comparable,19,49,8,41,8,0,11,0,0,0,partially_shared_variants
GCF_000005845.2,b3088,alx,GCF_036503815.1,AABJ99_RS03485,alx,comparable,5,48,3,45,3,0,2,0,0,0,partially_shared_variants
GCF_000005845.2,b3089,sstT,GCF_036503815.1,AABJ99_RS03480,sstT,comparable,24,43,0,43,0,0,0,0,0,24,unresolved_liftover
GCF_000005845.2,b3090,ygjV,GCF_036503815.1,AABJ99_RS03475,ygjV,comparable,7,14,0,14,0,0,0,0,0,7,unresolved_liftover
GCF_000005845.2,b3091,uxaA,GCF_036503815.1,AABJ99_RS03470,uxaA,comparable,27,51,0,51,0,0,0,0,0,27,unresolved_liftover
GCF_000005845.2,b3092,uxaC,GCF_036503815.1,AABJ99_RS03465,uxaC,comparable,8,49,0,49,0,0,0,0,0,8,unresolved_liftover
GCF_000005845.2,b3093,exuT,GCF_036503815.1,AABJ99_RS03460,exuT,comparable,16,55,0,55,0,0,0,0,0,16,unresolved_liftover
GCF_000005845.2,b3094,exuR,GCF_036503815.1,AABJ99_RS03435,exuR,comparable,6,41,0,41,0,0,0,0,0,6,unresolved_liftover
GCF_000005845.2,b4787,yqiM,GCF_036503815.1,AABJ99_RS03430,yqiM,comparable,0,0,0,0,0,0,0,0,0,0,same_exact_variants
GCF_000005845.2,b3095,yqjA,GCF_036503815.1,AABJ99_RS03425,yqjA,comparable,0,11,0,11,0,0,0,0,0,0,different_variants_in_same_gene
GCF_000005845.2,b3096,mzrA,GCF_036503815.1,AABJ99_RS03420,mzrA,comparable,0,12,0,12,0,0,0,0,0,0,different_variants_in_same_gene
GCF_000005845.2,b3097,yqjC,GCF_036503815.1,AABJ99_RS03415,yqjC,comparable,2,2,0,2,0,0,0,0,0,2,unresolved_liftover
GCF_000005845.2,b3098,yqjD,GCF_036503815.1,AABJ99_RS03410,yqjD,comparable,3,2,0,2,0,0,0,0,0,3,unresolved_liftover
GCF_000005845.2,b3099,yqjE,GCF_036503815.1,AABJ99_RS03405,yqjE,comparable,13,10,0,10,0,0,0,0,0,13,unresolved_liftover
GCF_000005845.2,b3100,yqjK,GCF_036503815.1,AABJ99_RS03400,yqjK,comparable,2,13,0,13,0,0,0,0,0,2,unresolved_liftover
GCF_000005845.2,b3101,yqjF,GCF_036503815.1,AABJ99_RS03395,yqjF,comparable,4,25,0,25,0,0,0,0,0,4,unresolved_liftover
GCF_000005845.2,b3102,yqjG,GCF_036503815.1,AABJ99_RS03390,yqjG,comparable,25,40,0,40,0,0,0,0,0,25,unresolved_liftover
GCF_000005845.2,b3103,yhaH,GCF_036503815.1,AABJ99_RS03385,yhaH,comparable,2,10,0,10,0,0,0,0,0,2,unresolved_liftover
GCF_000005845.2,b3105,yhaJ,GCF_036503815.1,AABJ99_RS03375,yhaJ,comparable,6,26,0,26,0,0,0,0,0,6,unresolved_liftover
GCF_000005845.2,b3106,yhaK,GCF_036503815.1,AABJ99_RS03370,yhaK,comparable,0,26,0,26,0,0,0,0,0,0,different_variants_in_same_gene
GCF_000005845.2,b3107,yhaL,GCF_036503815.1,AABJ99_RS03365,yhaL,comparable,4,7,0,7,0,0,0,0,0,4,unresolved_liftover
GCF_000005845.2,b4470,cyuA,GCF_036503815.1,AABJ99_RS03360,cyuA,comparable,10,48,0,48,0,0,0,0,0,10,unresolved_liftover
GCF_000005845.2,b3110,cyuP,GCF_036503815.1,AABJ99_RS03355,cyuP,comparable,9,26,0,26,0,0,0,0,0,9,unresolved_liftover
GCF_000005845.2,b3113,tdcF,GCF_036503815.1,AABJ99_RS03345,tdcF,comparable,0,9,0,9,0,0,0,0,0,0,different_variants_in_same_gene
GCF_000005845.2,b3115,tdcD,GCF_036503815.1,AABJ99_RS03335,tdcD,comparable,0,26,0,26,0,0,0,0,0,0,different_variants_in_same_gene
GCF_000005845.2,b3116,tdcC,GCF_036503815.1,AABJ99_RS03330,tdcC,comparable,0,40,0,40,0,0,0,0,0,0,different_variants_in_same_gene
GCF_000005845.2,b3117,tdcB,GCF_036503815.1,AABJ99_RS03325,tdcB,comparable,0,37,0,37,0,0,0,0,0,0,different_variants_in_same_gene
GCF_000005845.2,b3118,tdcA,GCF_036503815.1,AABJ99_RS03320,tdcA,comparable,0,17,0,17,0,0,0,0,0,0,different_variants_in_same_gene
GCF_000005845.2,b3126,garL,GCF_036503815.1,AABJ99_RS03285,garL,comparable,0,12,0,12,0,0,0,0,0,0,different_variants_in_same_gene
GCF_000005845.2,b3128,garD,GCF_036503815.1,AABJ99_RS03275,garD,comparable,29,46,0,46,0,0,0,0,0,29,unresolved_liftover
GCF_000005845.2,b3129,prlF,GCF_036503815.1,AABJ99_RS03270,prlF,comparable,3,3,0,3,0,0,0,0,0,3,unresolved_liftover
GCF_000005845.2,b3130,yhaV,GCF_036503815.1,AABJ99_RS03265,yhaV,comparable,13,19,0,19,0,0,0,0,0,13,unresolved_liftover
GCF_000005845.2,b3131,agaR,GCF_036503815.1,AABJ99_RS03260,agaR,comparable,12,22,0,22,0,0,0,0,0,12,unresolved_liftover
GCF_000005845.2,b3132,kbaZ,GCF_036503815.1,AABJ99_RS03255,kbaZ,comparable,3,55,0,55,0,0,0,0,0,3,unresolved_liftover
GCF_000005845.2,b3133,agaV,GCF_036503815.1,AABJ99_RS03250,agaV,comparable,1,22,0,22,0,0,0,0,0,1,unresolved_liftover
GCF_000005845.2,b3136,agaS,GCF_036503815.1,AABJ99_RS03225,agaS,comparable,19,39,0,39,0,0,0,0,0,19,unresolved_liftover
GCF_000005845.2,b3138,agaB,GCF_036503815.1,AABJ99_RS03215,agaB,comparable,5,17,0,17,0,0,0,0,0,5,unresolved_liftover
GCF_000005845.2,b3139,agaC,GCF_036503815.1,AABJ99_RS03210,agaC,comparable,1,21,0,21,0,0,0,0,0,1,unresolved_liftover
GCF_000005845.2,b3140,agaD,GCF_036503815.1,AABJ99_RS03205,agaD,comparable,3,16,0,16,0,0,0,0,0,3,unresolved_liftover
GCF_000005845.2,b3141,agaI,GCF_036503815.1,AABJ99_RS03200,agaI,comparable,4,10,0,10,0,0,0,0,0,4,unresolved_liftover
GCF_000005845.2,b3147,lpoA,GCF_036503815.1,AABJ99_RS03190,lpoA,comparable,10,94,0,94,0,0,0,0,0,10,unresolved_liftover
GCF_000005845.2,b3148,yraN,GCF_036503815.1,AABJ99_RS03185,yraN,comparable,0,19,0,19,0,0,0,0,0,0,different_variants_in_same_gene
GCF_000005845.2,b3149,diaA,GCF_036503815.1,AABJ99_RS03180,diaA,comparable,0,17,0,17,0,0,0,0,0,0,different_variants_in_same_gene
GCF_000005845.2,b3150,dolP,GCF_036503815.1,AABJ99_RS03175,dolP,comparable,3,21,0,21,0,0,0,0,0,3,unresolved_liftover
GCF_000005845.2,b3151,yraQ,GCF_036503815.1,AABJ99_RS03170,yraQ,comparable,12,57,0,57,0,0,0,0,0,12,unresolved_liftover
GCF_000005845.2,b3152,yraR,GCF_036503815.1,AABJ99_RS03165,yraR,comparable,17,38,0,38,0,0,0,0,0,17,unresolved_liftover
GCF_000005845.2,b3153,yhbO,GCF_036503815.1,AABJ99_RS03160,yhbO,comparable,3,22,0,22,0,0,0,0,0,3,unresolved_liftover
GCF_000005845.2,b3154,yhbP,GCF_036503815.1,AABJ99_RS03155,yhbP,comparable,5,22,0,22,0,0,0,0,0,5,unresolved_liftover
GCF_000005845.2,b3155,yhbQ,GCF_036503815.1,AABJ99_RS03150,yhbQ,comparable,4,19,0,19,0,0,0,0,0,4,unresolved_liftover
GCF_000005845.2,b3156,yhbS,GCF_036503815.1,AABJ99_RS03145,yhbS,comparable,0,12,0,12,0,0,0,0,0,0,different_variants_in_same_gene
GCF_000005845.2,b3157,ubiT,GCF_036503815.1,AABJ99_RS03140,ubiT,comparable,3,8,0,8,0,0,0,0,0,3,unresolved_liftover
GCF_000005845.2,b3158,ubiU,GCF_036503815.1,AABJ99_RS03135,ubiU,comparable,3,42,0,42,0,0,0,0,0,3,unresolved_liftover
GCF_000005845.2,b3159,ubiV,GCF_036503815.1,AABJ99_RS03130,ubiV,comparable,0,31,0,31,0,0,0,0,0,0,different_variants_in_same_gene
GCF_000005845.2,b3160,yhbW,GCF_036503815.1,AABJ99_RS03125,yhbW,comparable,1,58,0,58,0,0,0,0,0,1,unresolved_liftover
GCF_000005845.2,b3162,deaD,GCF_036503815.1,AABJ99_RS03105,deaD,comparable,22,45,10,35,10,0,12,0,0,0,partially_shared_variants
GCF_000005845.2,b4685,yrbN,GCF_036503815.1,AABJ99_RS03100,yrbN,comparable,0,0,0,0,0,0,0,0,0,0,same_exact_variants
GCF_000005845.2,b3163,nlpI,GCF_036503815.1,AABJ99_RS03095,nlpI,comparable,0,5,0,5,0,0,0,0,0,0,different_variants_in_same_gene
GCF_000005845.2,b3164,pnp,GCF_036503815.1,AABJ99_RS03090,pnp,comparable,5,68,2,66,2,0,3,0,0,0,partially_shared_variants
GCF_000005845.2,b3165,rpsO,GCF_036503815.1,AABJ99_RS03085,rpsO,comparable,0,0,0,0,0,0,0,0,0,0,same_exact_variants
GCF_000005845.2,b3166,truB,GCF_036503815.1,AABJ99_RS03080,truB,comparable,0,47,0,47,0,0,0,0,0,0,different_variants_in_same_gene
GCF_000005845.2,b3167,rbfA,GCF_036503815.1,AABJ99_RS03075,rbfA,comparable,0,11,0,11,0,0,0,0,0,0,different_variants_in_same_gene
GCF_000005845.2,b3168,infB,GCF_036503815.1,AABJ99_RS03070,infB,comparable,0,77,0,77,0,0,0,0,0,0,different_variants_in_same_gene
GCF_000005845.2,b3169,nusA,GCF_036503815.1,AABJ99_RS03065,nusA,comparable,4,39,1,38,1,0,3,0,0,0,partially_shared_variants
GCF_000005845.2,b3170,rimP,GCF_036503815.1,AABJ99_RS03060,rimP,comparable,0,3,0,3,0,0,0,0,0,0,different_variants_in_same_gene
GCF_000005845.2,b3172,argG,GCF_036503815.1,AABJ99_RS03050,argG,comparable,4,40,2,38,2,0,2,0,0,0,partially_shared_variants
GCF_000005845.2,b3173,yhbX,GCF_036503815.1,AABJ99_RS03045,yhbX,comparable,3,36,1,35,1,0,2,0,0,0,partially_shared_variants
GCF_000005845.2,b3175,secG,GCF_036503815.1,AABJ99_RS03035,secG,comparable,3,5,2,3,2,0,1,0,0,0,partially_shared_variants
GCF_000005845.2,b3176,glmM,GCF_036503815.1,AABJ99_RS03030,glmM,comparable,2,67,1,66,1,0,1,0,0,0,partially_shared_variants
GCF_000005845.2,b3178,ftsH,GCF_036503815.1,AABJ99_RS03020,ftsH,comparable,11,38,8,30,8,0,3,0,0,0,partially_shared_variants
GCF_000005845.2,b3179,rlmE,GCF_036503815.1,AABJ99_RS03015,rlmE,comparable,0,2,0,2,0,0,0,0,0,0,different_variants_in_same_gene
GCF_000005845.2,b3180,yhbY,GCF_036503815.1,AABJ99_RS03010,yhbY,comparable,0,1,0,1,0,0,0,0,0,0,different_variants_in_same_gene
GCF_000005845.2,b3181,greA,GCF_036503815.1,AABJ99_RS03005,greA,comparable,0,12,0,12,0,0,0,0,0,0,different_variants_in_same_gene
GCF_000005845.2,b3182,dacB,GCF_036503815.1,AABJ99_RS03000,dacB,comparable,16,53,7,46,7,0,9,0,0,0,partially_shared_variants
GCF_000005845.2,b3183,obgE,GCF_036503815.1,AABJ99_RS02995,cgtA,comparable,17,56,9,47,9,0,8,0,0,0,partially_shared_variants
GCF_000005845.2,b3184,yhbE,GCF_036503815.1,AABJ99_RS02990,yhbE,comparable,7,12,5,7,5,0,2,0,0,0,partially_shared_variants
GCF_000005845.2,b3185,rpmA,GCF_036503815.1,AABJ99_RS02985,rpmA,comparable,0,1,0,1,0,0,0,0,0,0,different_variants_in_same_gene
GCF_000005845.2,b3186,rplU,GCF_036503815.1,AABJ99_RS02980,rplU,comparable,0,0,0,0,0,0,0,0,0,0,same_exact_variants
GCF_000005845.2,b3187,ispB,GCF_036503815.1,AABJ99_RS02975,ispB,comparable,6,16,5,11,5,0,1,0,0,0,partially_shared_variants
GCF_000005845.2,b3188,sfsB,GCF_036503815.1,AABJ99_RS02970,sfsB,comparable,1,5,1,4,1,0,0,0,0,0,partially_shared_variants
GCF_000005845.2,b3189,murA,GCF_036503815.1,AABJ99_RS02965,murA,comparable,10,37,3,34,3,0,7,0,0,0,partially_shared_variants
GCF_000005845.2,b3190,ibaG,GCF_036503815.1,AABJ99_RS02960,ibaG,comparable,0,1,0,1,0,0,0,0,0,0,different_variants_in_same_gene
GCF_000005845.2,b3191,mlaB,GCF_036503815.1,AABJ99_RS02955,mlaB,comparable,0,7,0,7,0,0,0,0,0,0,different_variants_in_same_gene
GCF_000005845.2,b3192,mlaC,GCF_036503815.1,AABJ99_RS02950,mlaC,comparable,0,33,0,33,0,0,0,0,0,0,different_variants_in_same_gene
GCF_000005845.2,b3193,mlaD,GCF_036503815.1,AABJ99_RS02945,mlaD,comparable,0,9,0,9,0,0,0,0,0,0,different_variants_in_same_gene
GCF_000005845.2,b3194,mlaE,GCF_036503815.1,AABJ99_RS02940,mlaE,comparable,0,19,0,19,0,0,0,0,0,0,different_variants_in_same_gene
GCF_000005845.2,b3195,mlaF,GCF_036503815.1,AABJ99_RS02935,mlaF,comparable,0,18,0,18,0,0,0,0,0,0,different_variants_in_same_gene
GCF_000005845.2,b3196,yrbG,GCF_036503815.1,AABJ99_RS02930,yrbG,comparable,2,34,2,32,2,0,0,0,0,0,partially_shared_variants
GCF_000005845.2,b3197,kdsD,GCF_036503815.1,AABJ99_RS02925,kdsD,comparable,1,22,1,21,1,0,0,0,0,0,partially_shared_variants
GCF_000005845.2,b3198,kdsC,GCF_036503815.1,AABJ99_RS02920,kdsC,comparable,4,5,0,5,0,0,4,0,0,0,reference_allele_difference
GCF_000005845.2,b3199,lptC,GCF_036503815.1,AABJ99_RS02915,lptC,comparable,2,3,1,2,1,0,1,0,0,0,partially_shared_variants
GCF_000005845.2,b3200,lptA,GCF_036503815.1,AABJ99_RS02910,lptA,comparable,3,5,2,3,2,0,1,0,0,0,partially_shared_variants
GCF_000005845.2,b3201,lptB,GCF_036503815.1,AABJ99_RS02905,lptB,comparable,2,19,2,17,2,0,0,0,0,0,partially_shared_variants
GCF_000005845.2,b3202,rpoN,GCF_036503815.1,AABJ99_RS02900,rpoN,comparable,10,39,3,36,3,0,7,0,0,0,partially_shared_variants
GCF_000005845.2,b3203,hpf,GCF_036503815.1,AABJ99_RS02895,hpf,comparable,0,3,0,3,0,0,0,0,0,0,different_variants_in_same_gene
GCF_000005845.2,b3204,ptsN,GCF_036503815.1,AABJ99_RS02890,ptsN,comparable,0,13,0,13,0,0,0,0,0,0,different_variants_in_same_gene
GCF_000005845.2,b3205,rapZ,GCF_036503815.1,AABJ99_RS02885,rapZ,comparable,0,23,0,23,0,0,0,0,0,0,different_variants_in_same_gene
GCF_000005845.2,b3206,npr,GCF_036503815.1,AABJ99_RS02880,npr,comparable,0,8,0,8,0,0,0,0,0,0,different_variants_in_same_gene
GCF_000005845.2,b3207,yrbL,GCF_036503815.1,AABJ99_RS02875,yrbL,comparable,0,21,0,21,0,0,0,0,0,0,different_variants_in_same_gene
GCF_000005845.2,b3208,mtgA,GCF_036503815.1,AABJ99_RS02870,mtgA,comparable,0,25,0,25,0,0,0,0,0,0,different_variants_in_same_gene
GCF_000005845.2,b3209,elbB,GCF_036503815.1,AABJ99_RS02865,elbB,comparable,0,6,0,6,0,0,0,0,0,0,different_variants_in_same_gene
GCF_000005845.2,b3210,arcB,GCF_036503815.1,AABJ99_RS02860,arcB,comparable,27,54,9,45,9,0,18,0,0,0,partially_shared_variants
GCF_000005845.2,b3211,yhcC,GCF_036503815.1,AABJ99_RS02855,yhcC,comparable,3,22,2,20,2,0,1,0,0,0,partially_shared_variants
GCF_000005845.2,b3212,gltB,GCF_036503815.1,AABJ99_RS02850,gltB,comparable,12,166,3,163,3,0,9,0,0,0,partially_shared_variants
GCF_000005845.2,b3213,gltD,GCF_036503815.1,AABJ99_RS02845,gltD,comparable,10,58,6,52,6,0,4,0,0,0,partially_shared_variants
GCF_000005845.2,b3221,nanQ,GCF_036503815.1,AABJ99_RS02810,nanQ,comparable,12,14,6,8,6,1,5,0,0,0,partially_shared_variants
GCF_000005845.2,b3222,nanK,GCF_036503815.1,AABJ99_RS02805,nanK,comparable,28,46,11,35,11,0,17,0,0,0,partially_shared_variants
GCF_000005845.2,b3223,nanE,GCF_036503815.1,AABJ99_RS02800,nanE,comparable,8,32,5,27,5,0,3,0,0,0,partially_shared_variants
GCF_000005845.2,b3225,nanA,GCF_036503815.1,AABJ99_RS02790,nanA,comparable,3,53,2,51,2,0,1,0,0,0,partially_shared_variants
GCF_000005845.2,b3226,nanR,GCF_036503815.1,AABJ99_RS02785,nanR,comparable,16,23,3,20,3,0,13,0,0,0,partially_shared_variants
GCF_000005845.2,b3228,sspB,GCF_036503815.1,AABJ99_RS02775,sspB,comparable,0,3,0,3,0,0,0,0,0,0,different_variants_in_same_gene
GCF_000005845.2,b3229,sspA,GCF_036503815.1,AABJ99_RS02770,sspA,comparable,0,3,0,3,0,0,0,0,0,0,different_variants_in_same_gene
GCF_000005845.2,b3230,rpsI,GCF_036503815.1,AABJ99_RS02765,rpsI,comparable,0,0,0,0,0,0,0,0,0,0,same_exact_variants
GCF_000005845.2,b3231,rplM,GCF_036503815.1,AABJ99_RS02760,rplM,comparable,0,0,0,0,0,0,0,0,0,0,same_exact_variants
GCF_000005845.2,b3232,zapE,GCF_036503815.1,AABJ99_RS02755,zapE,comparable,21,30,12,18,12,0,9,0,0,0,partially_shared_variants
GCF_000005845.2,b3233,yhcB,GCF_036503815.1,AABJ99_RS02750,zapG,comparable,0,9,0,9,0,0,0,0,0,0,different_variants_in_same_gene
GCF_000005845.2,b3234,degQ,GCF_036503815.1,AABJ99_RS02745,degQ,comparable,1,28,0,28,0,0,1,0,0,0,reference_allele_difference
GCF_000005845.2,b3235,degS,GCF_036503815.1,AABJ99_RS02740,degS,comparable,10,17,7,10,7,0,3,0,0,0,partially_shared_variants
GCF_000005845.2,b3236,mdh,GCF_036503815.1,AABJ99_RS02735,mdh,comparable,6,9,1,8,1,0,5,0,0,0,partially_shared_variants
GCF_000005845.2,b3237,argR,GCF_036503815.1,AABJ99_RS02730,argR,comparable,4,8,3,5,3,0,1,0,0,0,partially_shared_variants
GCF_000005845.2,b3238,yhcN,GCF_036503815.1,AABJ99_RS02725,yhcN,comparable,3,3,3,0,3,0,0,0,0,0,same_exact_variants
GCF_000005845.2,b3239,yhcO,GCF_036503815.1,AABJ99_RS02720,yhcO,comparable,3,5,2,3,2,0,1,0,0,0,partially_shared_variants
GCF_000005845.2,b3240,aaeB,GCF_036503815.1,AABJ99_RS02715,aaeB,comparable,26,50,20,30,20,0,6,0,0,0,partially_shared_variants
GCF_000005845.2,b3241,aaeA,GCF_036503815.1,AABJ99_RS02710,aaeA,comparable,12,10,3,7,3,0,9,0,0,0,partially_shared_variants
GCF_000005845.2,b3242,aaeX,GCF_036503815.1,AABJ99_RS02705,aaeX,comparable,2,1,1,0,1,0,1,0,0,0,partially_shared_variants
GCF_000005845.2,b3243,aaeR,GCF_036503815.1,AABJ99_RS02700,aaeR,comparable,21,31,15,16,15,0,6,0,0,0,partially_shared_variants
GCF_000005845.2,b3244,tldD,GCF_036503815.1,AABJ99_RS02695,tldD,comparable,10,25,3,22,3,0,7,0,0,0,partially_shared_variants
GCF_000005845.2,b4472,yhdP,GCF_036503815.1,AABJ99_RS02690,yhdP,comparable,42,74,13,61,13,0,29,0,0,0,partially_shared_variants
GCF_000005845.2,b3247,rng,GCF_036503815.1,AABJ99_RS02685,rng,comparable,0,64,0,64,0,0,0,0,0,0,different_variants_in_same_gene
GCF_000005845.2,b3248,yhdE,GCF_036503815.1,AABJ99_RS02680,yhdE,comparable,0,16,0,16,0,0,0,0,0,0,different_variants_in_same_gene
GCF_000005845.2,b3249,mreD,GCF_036503815.1,AABJ99_RS02675,mreD,comparable,0,3,0,3,0,0,0,0,0,0,different_variants_in_same_gene
GCF_000005845.2,b3250,mreC,GCF_036503815.1,AABJ99_RS02670,mreC,comparable,0,9,0,9,0,0,0,0,0,0,different_variants_in_same_gene
GCF_000005845.2,b3251,mreB,GCF_036503815.1,AABJ99_RS02665,mreB,comparable,0,15,0,15,0,0,0,0,0,0,different_variants_in_same_gene
GCF_000005845.2,b3252,csrD,GCF_036503815.1,AABJ99_RS02660,csrD,comparable,0,40,0,40,0,0,0,0,0,0,different_variants_in_same_gene
GCF_000005845.2,b3253,yhdH,GCF_036503815.1,AABJ99_RS02655,yhdH,comparable,0,30,0,30,0,0,0,0,0,0,different_variants_in_same_gene
GCF_000005845.2,b3255,accB,GCF_036503815.1,AABJ99_RS02650,accB,comparable,0,3,0,3,0,0,0,0,0,0,different_variants_in_same_gene
GCF_000005845.2,b3256,accC,GCF_036503815.1,AABJ99_RS02645,accC,comparable,0,24,0,24,0,0,0,0,0,0,different_variants_in_same_gene
GCF_000005845.2,b3257,yhdT,GCF_036503815.1,AABJ99_RS02600,yhdT,comparable,0,8,0,8,0,0,0,0,0,0,different_variants_in_same_gene
GCF_000005845.2,b3258,panF,GCF_036503815.1,AABJ99_RS02595,panF,comparable,0,55,0,55,0,0,0,0,0,0,different_variants_in_same_gene
GCF_000005845.2,b3259,prmA,GCF_036503815.1,AABJ99_RS02590,prmA,comparable,0,35,0,35,0,0,0,0,0,0,different_variants_in_same_gene
GCF_000005845.2,b3260,dusB,GCF_036503815.1,AABJ99_RS02585,dusB,comparable,0,4,0,4,0,0,0,0,0,0,different_variants_in_same_gene
GCF_000005845.2,b3261,fis,GCF_036503815.1,AABJ99_RS02580,fis,comparable,0,1,0,1,0,0,0,0,0,0,different_variants_in_same_gene
GCF_000005845.2,b3262,yhdJ,GCF_036503815.1,AABJ99_RS02575,yhdJ,comparable,22,33,17,16,17,0,5,0,0,0,partially_shared_variants
GCF_000005845.2,b3263,yhdU,GCF_036503815.1,AABJ99_RS02570,yhdU,comparable,1,1,1,0,1,0,0,0,0,0,same_exact_variants
GCF_000005845.2,b3264,envR,GCF_036503815.1,AABJ99_RS02565,acrS,comparable,6,17,3,14,3,0,3,0,0,0,partially_shared_variants
GCF_000005845.2,b3265,acrE,GCF_036503815.1,AABJ99_RS02560,acrE,comparable,13,24,7,17,7,0,6,0,0,0,partially_shared_variants
GCF_000005845.2,b3266,acrF,GCF_036503815.1,AABJ99_RS02555,acrF,comparable,32,65,14,51,14,0,18,0,0,0,partially_shared_variants
GCF_000005845.2,b3267,yhdV,GCF_036503815.1,AABJ99_RS02550,AABJ99_RS02550,comparable,7,6,4,2,4,0,3,0,0,0,partially_shared_variants
GCF_000005845.2,b3269,yhdX,GCF_036503815.1,AABJ99_RS02540,yhdX,comparable,4,48,2,46,2,0,2,0,0,0,partially_shared_variants
GCF_000005845.2,b3270,yhdY,GCF_036503815.1,AABJ99_RS02535,yhdY,comparable,11,33,4,29,4,0,7,0,0,0,partially_shared_variants
GCF_000005845.2,b3271,yhdZ,GCF_036503815.1,AABJ99_RS02530,yhdZ,comparable,7,35,2,33,2,0,5,0,0,0,partially_shared_variants
GCF_000005845.2,b3279,yrdA,GCF_036503815.1,AABJ99_RS02490,yrdA,comparable,1,13,1,12,1,0,0,0,0,0,partially_shared_variants
GCF_000005845.2,b3281,aroE,GCF_036503815.1,AABJ99_RS02480,aroE,comparable,0,43,0,43,0,0,0,0,0,0,different_variants_in_same_gene
GCF_000005845.2,b3282,tsaC,GCF_036503815.1,AABJ99_RS02475,tsaC,comparable,0,19,0,19,0,0,0,0,0,0,different_variants_in_same_gene
GCF_000005845.2,b3283,yrdD,GCF_036503815.1,AABJ99_RS02470,yrdD,comparable,0,14,0,14,0,0,0,0,0,0,different_variants_in_same_gene
GCF_000005845.2,b3284,smg,GCF_036503815.1,AABJ99_RS02465,smg,comparable,0,23,0,23,0,0,0,0,0,0,different_variants_in_same_gene
GCF_000005845.2,b3287,def,GCF_036503815.1,AABJ99_RS02455,def,comparable,0,4,0,4,0,0,0,0,0,0,different_variants_in_same_gene
GCF_000005845.2,b3288,fmt,GCF_036503815.1,AABJ99_RS02450,fmt,comparable,0,16,0,16,0,0,0,0,0,0,different_variants_in_same_gene
GCF_000005845.2,b3289,rsmB,GCF_036503815.1,AABJ99_RS02445,rsmB,comparable,0,53,0,53,0,0,0,0,0,0,different_variants_in_same_gene
GCF_000005845.2,b3290,trkA,GCF_036503815.1,AABJ99_RS02440,trkA,comparable,0,51,0,51,0,0,0,0,0,0,different_variants_in_same_gene
GCF_000005845.2,b3291,mscL,GCF_036503815.1,AABJ99_RS02435,mscL,comparable,0,25,0,25,0,0,0,0,0,0,different_variants_in_same_gene
GCF_000005845.2,b4550,arfA,GCF_036503815.1,AABJ99_RS02430,arfA,comparable,0,12,0,12,0,0,0,0,0,0,different_variants_in_same_gene
GCF_000005845.2,b3292,zntR,GCF_036503815.1,AABJ99_RS02425,zntR,comparable,0,11,0,11,0,0,0,0,0,0,different_variants_in_same_gene
GCF_000005845.2,b3293,yhdN,GCF_036503815.1,AABJ99_RS02420,yhdN,comparable,0,17,0,17,0,0,0,0,0,0,different_variants_in_same_gene
GCF_000005845.2,b3294,rplQ,GCF_036503815.1,AABJ99_RS02415,rplQ,comparable,0,0,0,0,0,0,0,0,0,0,same_exact_variants
GCF_000005845.2,b3295,rpoA,GCF_036503815.1,AABJ99_RS02410,rpoA,comparable,1,1,1,0,1,0,0,0,0,0,same_exact_variants
GCF_000005845.2,b3296,rpsD,GCF_036503815.1,AABJ99_RS02405,rpsD,comparable,0,0,0,0,0,0,0,0,0,0,same_exact_variants
GCF_000005845.2,b3297,rpsK,GCF_036503815.1,AABJ99_RS02400,rpsK,comparable,0,1,0,1,0,0,0,0,0,0,different_variants_in_same_gene
GCF_000005845.2,b3298,rpsM,GCF_036503815.1,AABJ99_RS02395,rpsM,comparable,0,0,0,0,0,0,0,0,0,0,same_exact_variants
GCF_000005845.2,b3299,rpmJ,GCF_036503815.1,AABJ99_RS02390,rpmJ,comparable,0,0,0,0,0,0,0,0,0,0,same_exact_variants
GCF_000005845.2,b3300,secY,GCF_036503815.1,AABJ99_RS02385,secY,comparable,1,4,0,4,0,0,1,0,0,0,reference_allele_difference
GCF_000005845.2,b3301,rplO,GCF_036503815.1,AABJ99_RS02380,rplO,comparable,2,2,0,2,0,0,2,0,0,0,reference_allele_difference
GCF_000005845.2,b3302,rpmD,GCF_036503815.1,AABJ99_RS02375,rpmD,comparable,0,0,0,0,0,0,0,0,0,0,same_exact_variants
GCF_000005845.2,b3303,rpsE,GCF_036503815.1,AABJ99_RS02370,rpsE,comparable,3,6,3,3,3,0,0,0,0,0,partially_shared_variants
GCF_000005845.2,b3304,rplR,GCF_036503815.1,AABJ99_RS02365,rplR,comparable,0,0,0,0,0,0,0,0,0,0,same_exact_variants
GCF_000005845.2,b3305,rplF,GCF_036503815.1,AABJ99_RS02360,rplF,comparable,0,1,0,1,0,0,0,0,0,0,different_variants_in_same_gene
GCF_000005845.2,b3306,rpsH,GCF_036503815.1,AABJ99_RS02355,rpsH,comparable,0,0,0,0,0,0,0,0,0,0,same_exact_variants
GCF_000005845.2,b3307,rpsN,GCF_036503815.1,AABJ99_RS02350,rpsN,comparable,0,0,0,0,0,0,0,0,0,0,same_exact_variants
GCF_000005845.2,b3308,rplE,GCF_036503815.1,AABJ99_RS02345,rplE,comparable,0,1,0,1,0,0,0,0,0,0,different_variants_in_same_gene
GCF_000005845.2,b3309,rplX,GCF_036503815.1,AABJ99_RS02340,rplX,comparable,0,0,0,0,0,0,0,0,0,0,same_exact_variants
GCF_000005845.2,b3310,rplN,GCF_036503815.1,AABJ99_RS02335,rplN,comparable,0,0,0,0,0,0,0,0,0,0,same_exact_variants
GCF_000005845.2,b3311,rpsQ,GCF_036503815.1,AABJ99_RS02330,rpsQ,comparable,0,0,0,0,0,0,0,0,0,0,same_exact_variants
GCF_000005845.2,b3312,rpmC,GCF_036503815.1,AABJ99_RS02325,rpmC,comparable,0,0,0,0,0,0,0,0,0,0,same_exact_variants
GCF_000005845.2,b3313,rplP,GCF_036503815.1,AABJ99_RS02320,rplP,comparable,0,1,0,1,0,0,0,0,0,0,different_variants_in_same_gene
GCF_000005845.2,b3314,rpsC,GCF_036503815.1,AABJ99_RS02315,rpsC,comparable,1,1,1,0,1,0,0,0,0,0,same_exact_variants
GCF_000005845.2,b3315,rplV,GCF_036503815.1,AABJ99_RS02310,rplV,comparable,0,0,0,0,0,0,0,0,0,0,same_exact_variants
GCF_000005845.2,b3316,rpsS,GCF_036503815.1,AABJ99_RS02305,rpsS,comparable,0,1,0,1,0,0,0,0,0,0,different_variants_in_same_gene
GCF_000005845.2,b3317,rplB,GCF_036503815.1,AABJ99_RS02300,rplB,comparable,0,1,0,1,0,0,0,0,0,0,different_variants_in_same_gene
GCF_000005845.2,b3318,rplW,GCF_036503815.1,AABJ99_RS02295,rplW,comparable,0,0,0,0,0,0,0,0,0,0,same_exact_variants
GCF_000005845.2,b3319,rplD,GCF_036503815.1,AABJ99_RS02290,rplD,comparable,0,0,0,0,0,0,0,0,0,0,same_exact_variants
GCF_000005845.2,b3320,rplC,GCF_036503815.1,AABJ99_RS02285,rplC,comparable,0,1,0,1,0,0,0,0,0,0,different_variants_in_same_gene
GCF_000005845.2,b3321,rpsJ,GCF_036503815.1,AABJ99_RS02280,rpsJ,comparable,0,0,0,0,0,0,0,0,0,0,same_exact_variants
GCF_000005845.2,b3322,gspB,GCF_036503815.1,AABJ99_RS02275,gspB,comparable,1,11,0,11,0,0,1,0,0,0,reference_allele_difference
GCF_000005845.2,b3323,gspA,GCF_036503815.1,AABJ99_RS02270,gspA,comparable,2,35,2,33,2,0,0,0,0,0,partially_shared_variants
GCF_000005845.2,b3324,gspC,GCF_036503815.1,AABJ99_RS02265,gspC,comparable,0,27,0,27,0,0,0,0,0,0,different_variants_in_same_gene
GCF_000005845.2,b3326,gspE,GCF_036503815.1,AABJ99_RS02255,gspE,comparable,2,52,1,51,1,0,1,0,0,0,partially_shared_variants
GCF_000005845.2,b3327,gspF,GCF_036503815.1,AABJ99_RS02250,gspF,comparable,0,39,0,39,0,0,0,0,0,0,different_variants_in_same_gene
GCF_000005845.2,b3330,gspI,GCF_036503815.1,AABJ99_RS02235,gspI,comparable,0,7,0,7,0,0,0,0,0,0,different_variants_in_same_gene
GCF_000005845.2,b3331,gspJ,GCF_036503815.1,AABJ99_RS02230,gspJ,comparable,1,17,1,16,1,0,0,0,0,0,partially_shared_variants
GCF_000005845.2,b3333,gspL,GCF_036503815.1,AABJ99_RS02220,gspL,comparable,5,19,3,16,3,0,2,0,0,0,partially_shared_variants
GCF_000005845.2,b3334,gspM,GCF_036503815.1,AABJ99_RS02215,gspM,comparable,0,13,0,13,0,0,0,0,0,0,different_variants_in_same_gene
GCF_000005845.2,b3335,gspO,GCF_036503815.1,AABJ99_RS02210,gspO,comparable,2,16,1,15,1,0,1,0,0,0,partially_shared_variants
GCF_000005845.2,b3336,bfr,GCF_036503815.1,AABJ99_RS02205,bfr,comparable,0,6,0,6,0,0,0,0,0,0,different_variants_in_same_gene
GCF_000005845.2,b3337,bfd,GCF_036503815.1,AABJ99_RS02200,bfd,comparable,0,3,0,3,0,0,0,0,0,0,different_variants_in_same_gene
GCF_000005845.2,b3340,fusA,GCF_036503815.1,AABJ99_RS02185,fusA,comparable,0,9,0,9,0,0,0,0,0,0,different_variants_in_same_gene
GCF_000005845.2,b3341,rpsG,GCF_036503815.1,AABJ99_RS02180,rpsG,comparable,1,2,0,2,0,0,1,0,0,0,reference_allele_difference
GCF_000005845.2,b3342,rpsL,GCF_036503815.1,AABJ99_RS02175,rpsL,comparable,0,1,0,1,0,0,0,0,0,0,different_variants_in_same_gene
GCF_000005845.2,b3343,tusB,GCF_036503815.1,AABJ99_RS02170,tusB,comparable,4,6,1,5,1,0,3,0,0,0,partially_shared_variants
GCF_000005845.2,b3344,tusC,GCF_036503815.1,AABJ99_RS02165,tusC,comparable,7,7,4,3,4,0,3,0,0,0,partially_shared_variants
GCF_000005845.2,b3345,tusD,GCF_036503815.1,AABJ99_RS02160,tusD,comparable,22,20,12,8,12,0,10,0,0,0,partially_shared_variants
GCF_000005845.2,b3346,yheO,GCF_036503815.1,AABJ99_RS02155,yheO,comparable,1,2,0,2,0,0,1,0,0,0,reference_allele_difference
GCF_000005845.2,b3347,fkpA,GCF_036503815.1,AABJ99_RS02150,fkpA,comparable,5,9,0,9,0,0,5,0,0,0,reference_allele_difference
GCF_000005845.2,b3348,slyX,GCF_036503815.1,AABJ99_RS02145,slyX,comparable,0,1,0,1,0,0,0,0,0,0,different_variants_in_same_gene
GCF_000005845.2,b3349,slyD,GCF_036503815.1,AABJ99_RS02140,slyD,comparable,1,12,1,11,1,0,0,0,0,0,partially_shared_variants
GCF_000005845.2,b4551,yheV,GCF_036503815.1,AABJ99_RS02135,yheV,comparable,2,7,1,6,1,0,1,0,0,0,partially_shared_variants
GCF_000005845.2,b3350,kefB,GCF_036503815.1,AABJ99_RS02130,kefB,comparable,44,69,27,42,27,0,17,0,0,0,partially_shared_variants
GCF_000005845.2,b3351,kefG,GCF_036503815.1,AABJ99_RS02125,kefG,comparable,7,11,4,7,4,0,3,0,0,0,partially_shared_variants
GCF_000005845.2,b3352,yheS,GCF_036503815.1,AABJ99_RS02120,yheS,comparable,6,83,1,82,1,0,5,0,0,0,partially_shared_variants
GCF_000005845.2,b3353,yheT,GCF_036503815.1,AABJ99_RS02115,yheT,comparable,0,49,0,49,0,0,0,0,0,0,different_variants_in_same_gene
GCF_000005845.2,b3354,yheU,GCF_036503815.1,AABJ99_RS02110,yheU,comparable,0,4,0,4,0,0,0,0,0,0,different_variants_in_same_gene
GCF_000005845.2,b3355,prkB,GCF_036503815.1,AABJ99_RS02105,prkB,comparable,0,37,0,37,0,0,0,0,0,0,different_variants_in_same_gene
GCF_000005845.2,b3356,yhfA,GCF_036503815.1,AABJ99_RS02100,yhfA,comparable,0,11,0,11,0,0,0,0,0,0,different_variants_in_same_gene
GCF_000005845.2,b3357,crp,GCF_036503815.1,AABJ99_RS02095,crp,comparable,0,12,0,12,0,0,0,0,0,0,different_variants_in_same_gene
GCF_000005845.2,b3358,yhfK,GCF_036503815.1,AABJ99_RS02090,yhfK,comparable,13,86,10,76,10,0,3,0,0,0,partially_shared_variants
GCF_000005845.2,b3359,argD,GCF_036503815.1,AABJ99_RS02085,argD,comparable,0,40,0,40,0,0,0,0,0,0,different_variants_in_same_gene
GCF_000005845.2,b3361,fic,GCF_036503815.1,AABJ99_RS02075,fic,comparable,11,18,6,12,6,0,5,0,0,0,partially_shared_variants
GCF_000005845.2,b3362,yhfG,GCF_036503815.1,AABJ99_RS02070,yhfG,comparable,3,2,1,1,1,0,2,0,0,0,partially_shared_variants
GCF_000005845.2,b3363,ppiA,GCF_036503815.1,AABJ99_RS02065,ppiA,comparable,2,4,1,3,1,0,1,0,0,0,partially_shared_variants
GCF_000005845.2,b3364,tsgA,GCF_036503815.1,AABJ99_RS02060,tsgA,comparable,10,46,4,42,4,0,6,0,0,0,partially_shared_variants
GCF_000005845.2,b3365,nirB,GCF_036503815.1,AABJ99_RS02055,nirB,comparable,0,68,0,68,0,0,0,0,0,0,different_variants_in_same_gene
GCF_000005845.2,b3366,nirD,GCF_036503815.1,AABJ99_RS02050,nirD,comparable,0,15,0,15,0,0,0,0,0,0,different_variants_in_same_gene
GCF_000005845.2,b3367,nirC,GCF_036503815.1,AABJ99_RS02045,nirC,comparable,0,36,0,36,0,0,0,0,0,0,different_variants_in_same_gene
GCF_000005845.2,b3368,cysG,GCF_036503815.1,AABJ99_RS02040,cysG,comparable,0,71,0,71,0,0,0,0,0,0,different_variants_in_same_gene
GCF_000005845.2,b3369,yhfL,GCF_036503815.1,AABJ99_RS02035,yhfL,comparable,0,0,0,0,0,0,0,0,0,0,same_exact_variants
GCF_000005845.2,b3377,yhfT,GCF_036503815.1,AABJ99_RS02025,yhfT,comparable,2,68,1,67,1,0,1,0,0,0,partially_shared_variants
GCF_000005845.2,b3378,yhfU,GCF_036503815.1,AABJ99_RS02020,yhfU,comparable,0,14,0,14,0,0,0,0,0,0,different_variants_in_same_gene
GCF_000005845.2,b3379,php,GCF_036503815.1,AABJ99_RS02015,php,comparable,0,29,0,29,0,0,0,0,0,0,different_variants_in_same_gene
GCF_000005845.2,b3380,yhfW,GCF_036503815.1,AABJ99_RS02010,yhfW,comparable,1,68,0,68,0,0,1,0,0,0,reference_allele_difference
GCF_000005845.2,b3382,yhfY,GCF_036503815.1,AABJ99_RS02000,yhfY,comparable,0,14,0,14,0,0,0,0,0,0,different_variants_in_same_gene
GCF_000005845.2,b3384,trpS,GCF_036503815.1,AABJ99_RS01990,trpS,comparable,5,37,3,34,3,0,2,0,0,0,partially_shared_variants
GCF_000005845.2,b3385,gph,GCF_036503815.1,AABJ99_RS01985,gph,comparable,7,29,4,25,4,0,3,0,0,0,partially_shared_variants
GCF_000005845.2,b3386,rpe,GCF_036503815.1,AABJ99_RS01980,rpe,comparable,10,30,7,23,7,0,3,0,0,0,partially_shared_variants
GCF_000005845.2,b3387,dam,GCF_036503815.1,AABJ99_RS01975,dam,comparable,2,2,1,1,1,0,1,0,0,0,partially_shared_variants
GCF_000005845.2,b3388,damX,GCF_036503815.1,AABJ99_RS01970,damX,comparable,24,19,11,8,11,0,13,0,0,0,partially_shared_variants
GCF_000005845.2,b3389,aroB,GCF_036503815.1,AABJ99_RS01965,aroB,comparable,4,12,2,10,2,0,2,0,0,0,partially_shared_variants
GCF_000005845.2,b3390,aroK,GCF_036503815.1,AABJ99_RS01960,aroK,comparable,0,2,0,2,0,0,0,0,0,0,different_variants_in_same_gene
GCF_000005845.2,b3391,hofQ,GCF_036503815.1,AABJ99_RS01955,hofQ,comparable,2,23,2,21,2,0,0,0,0,0,partially_shared_variants
GCF_000005845.2,b3392,hofP,GCF_036503815.1,AABJ99_RS01950,hofP,comparable,3,8,1,7,1,0,2,0,0,0,partially_shared_variants
GCF_000005845.2,b3393,hofO,GCF_036503815.1,AABJ99_RS01945,hofO,comparable,3,14,2,12,2,0,1,0,0,0,partially_shared_variants
GCF_000005845.2,b3394,hofN,GCF_036503815.1,AABJ99_RS01940,hofN,comparable,1,24,1,23,1,0,0,0,0,0,partially_shared_variants
GCF_000005845.2,b3395,hofM,GCF_036503815.1,AABJ99_RS01935,hofM,comparable,12,21,10,11,10,0,2,0,0,0,partially_shared_variants
GCF_000005845.2,b3396,mrcA,GCF_036503815.1,AABJ99_RS01930,mrcA,comparable,27,35,10,25,10,0,17,0,0,0,partially_shared_variants
GCF_000005845.2,b3397,nudE,GCF_036503815.1,AABJ99_RS01925,nudE,comparable,7,12,2,10,2,0,5,0,0,0,partially_shared_variants
GCF_000005845.2,b3398,igaA,GCF_036503815.1,AABJ99_RS01920,igaA,comparable,6,64,3,61,3,0,3,0,0,0,partially_shared_variants
GCF_000005845.2,b3399,yrfG,GCF_036503815.1,AABJ99_RS01915,yrfG,comparable,3,17,3,14,3,0,0,0,0,0,partially_shared_variants
GCF_000005845.2,b3400,hslR,GCF_036503815.1,AABJ99_RS01910,hslR,comparable,2,9,1,8,1,0,1,0,0,0,partially_shared_variants
GCF_000005845.2,b3401,hslO,GCF_036503815.1,AABJ99_RS01905,hslO,comparable,0,27,0,27,0,0,0,0,0,0,different_variants_in_same_gene
GCF_000005845.2,b3402,yhgE,GCF_036503815.1,AABJ99_RS01900,yhgE,comparable,1,65,1,64,1,0,0,0,0,0,partially_shared_variants
GCF_000005845.2,b3403,pck,GCF_036503815.1,AABJ99_RS01895,pckA,comparable,1,61,0,61,0,1,0,0,0,0,callability_or_filter_difference
GCF_000005845.2,b3404,envZ,GCF_036503815.1,AABJ99_RS01875,envZ,comparable,27,45,17,28,17,0,10,0,0,0,partially_shared_variants
GCF_000005845.2,b3405,ompR,GCF_036503815.1,AABJ99_RS01870,ompR,comparable,1,25,1,24,1,0,0,0,0,0,partially_shared_variants
GCF_000005845.2,b3406,greB,GCF_036503815.1,AABJ99_RS01865,greB,comparable,1,12,1,11,1,0,0,0,0,0,partially_shared_variants
GCF_000005845.2,b3407,yhgF,GCF_036503815.1,AABJ99_RS01860,yhgF,comparable,41,91,19,72,19,0,22,0,0,0,partially_shared_variants
GCF_000005845.2,b3408,feoA,GCF_036503815.1,AABJ99_RS01855,feoA,comparable,0,1,0,1,0,0,0,0,0,0,different_variants_in_same_gene
GCF_000005845.2,b3409,feoB,GCF_036503815.1,AABJ99_RS01850,feoB,comparable,9,82,6,76,6,0,3,0,0,0,partially_shared_variants
GCF_000005845.2,b3410,feoC,GCF_036503815.1,AABJ99_RS01845,feoC,comparable,7,10,3,7,3,0,4,0,0,0,partially_shared_variants
GCF_000005845.2,b3412,bioH,GCF_036503815.1,AABJ99_RS01830,bioH,comparable,2,40,1,39,1,0,1,0,0,0,partially_shared_variants
GCF_000005845.2,b3413,yhgH,GCF_036503815.1,AABJ99_RS01825,gntX,comparable,6,27,3,24,3,0,3,0,0,0,partially_shared_variants
GCF_000005845.2,b3414,nfuA,GCF_036503815.1,AABJ99_RS01820,nfuA,comparable,10,21,6,15,6,0,4,0,0,0,partially_shared_variants
GCF_000005845.2,b3416,malQ,GCF_036503815.1,AABJ99_RS01810,malQ,comparable,33,107,15,92,15,2,16,0,0,0,partially_shared_variants
GCF_000005845.2,b3417,malP,GCF_036503815.1,AABJ99_RS01805,malP,comparable,15,80,9,71,9,0,6,0,0,0,partially_shared_variants
GCF_000005845.2,b4475,rtcA,GCF_036503815.1,AABJ99_RS01795,rtcA,comparable,22,54,8,46,8,10,4,0,0,0,partially_shared_variants
GCF_000005845.2,b3421,rtcB,GCF_036503815.1,AABJ99_RS01790,rtcB,comparable,14,43,4,39,4,0,10,0,0,0,partially_shared_variants
GCF_000005845.2,b3424,glpG,GCF_036503815.1,AABJ99_RS01775,glpG,comparable,12,22,4,18,4,0,8,0,0,0,partially_shared_variants
GCF_000005845.2,b3425,glpE,GCF_036503815.1,AABJ99_RS01770,glpE,comparable,6,16,3,13,3,0,3,0,0,0,partially_shared_variants
GCF_000005845.2,b3428,glgP,GCF_036503815.1,AABJ99_RS01715,glgP,comparable,12,97,0,97,0,0,0,0,0,12,unresolved_liftover
GCF_000005845.2,b3429,glgA,GCF_036503815.1,AABJ99_RS01710,glgA,comparable,5,35,0,35,0,0,0,0,0,5,unresolved_liftover
GCF_000005845.2,b3430,glgC,GCF_036503815.1,AABJ99_RS01705,glgC,comparable,5,25,0,25,0,0,0,0,0,5,unresolved_liftover
GCF_000005845.2,b3431,glgX,GCF_036503815.1,AABJ99_RS01700,glgX,comparable,17,63,0,63,0,0,0,0,0,17,unresolved_liftover
GCF_000005845.2,b3432,glgB,GCF_036503815.1,AABJ99_RS01695,glgB,comparable,3,61,0,61,0,0,0,0,0,3,unresolved_liftover
GCF_000005845.2,b3433,asd,GCF_036503815.1,AABJ99_RS01685,asd,comparable,5,11,0,11,0,0,0,0,0,5,unresolved_liftover
GCF_000005845.2,b3434,yhgN,GCF_036503815.1,AABJ99_RS01680,yhgN,comparable,9,15,0,15,0,0,0,0,0,9,unresolved_liftover
GCF_000005845.2,b4476,gntU,GCF_036503815.1,AABJ99_RS01665,gntU,comparable,33,46,0,46,0,0,0,0,0,33,unresolved_liftover
GCF_000005845.2,b3437,gntK,GCF_036503815.1,AABJ99_RS01660,gntK,comparable,3,16,0,16,0,0,0,0,0,3,unresolved_liftover
GCF_000005845.2,b3438,gntR,GCF_036503815.1,AABJ99_RS01655,gntR,comparable,31,50,0,50,0,0,0,0,0,31,unresolved_liftover
GCF_000005845.2,b3439,yhhW,GCF_036503815.1,AABJ99_RS01650,yhhW,comparable,7,24,0,24,0,0,0,0,0,7,unresolved_liftover
GCF_000005845.2,b3440,yhhX,GCF_036503815.1,AABJ99_RS01645,yhhX,comparable,6,48,0,48,0,0,0,0,0,6,unresolved_liftover
GCF_000005845.2,b3441,yhhY,GCF_036503815.1,AABJ99_RS01640,yhhY,comparable,0,16,0,16,0,0,0,0,0,0,different_variants_in_same_gene
GCF_000005845.2,b3446,yrhB,GCF_036503815.1,AABJ99_RS01635,yrhB,comparable,1,7,0,7,0,0,0,0,0,1,unresolved_liftover
GCF_000005845.2,b3447,ggt,GCF_036503815.1,AABJ99_RS01630,ggt,comparable,20,107,0,107,0,0,0,0,0,20,unresolved_liftover
GCF_000005845.2,b3448,yhhA,GCF_036503815.1,AABJ99_RS01625,yhhA,comparable,0,20,0,20,0,0,0,0,0,0,different_variants_in_same_gene
GCF_000005845.2,b3449,ugpQ,GCF_036503815.1,AABJ99_RS01620,ugpQ,comparable,19,32,0,32,0,0,0,0,0,19,unresolved_liftover
GCF_000005845.2,b3450,ugpC,GCF_036503815.1,AABJ99_RS01615,ugpC,comparable,1,42,0,42,0,0,0,0,0,1,unresolved_liftover
GCF_000005845.2,b3451,ugpE,GCF_036503815.1,AABJ99_RS01610,ugpE,comparable,1,34,0,34,0,0,0,0,0,1,unresolved_liftover
GCF_000005845.2,b3452,ugpA,GCF_036503815.1,AABJ99_RS01605,ugpA,comparable,0,35,0,35,0,0,0,0,0,0,different_variants_in_same_gene
GCF_000005845.2,b3453,ugpB,GCF_036503815.1,AABJ99_RS01600,ugpB,comparable,10,44,0,44,0,0,0,0,0,10,unresolved_liftover
GCF_000005845.2,b3454,livF,GCF_036503815.1,AABJ99_RS01590,livF,comparable,25,36,13,23,13,2,10,0,0,0,partially_shared_variants
GCF_000005845.2,b3455,livG,GCF_036503815.1,AABJ99_RS01585,livG,comparable,16,32,10,22,10,0,6,0,0,0,partially_shared_variants
GCF_000005845.2,b3457,livH,GCF_036503815.1,AABJ99_RS01575,livH,comparable,30,50,21,29,21,0,9,0,0,0,partially_shared_variants
GCF_000005845.2,b3458,livK,GCF_036503815.1,AABJ99_RS01570,livK,comparable,20,44,13,31,13,0,7,0,0,0,partially_shared_variants
GCF_000005845.2,b3459,panZ,GCF_036503815.1,AABJ99_RS01565,panM,comparable,10,15,5,10,5,0,5,0,0,0,partially_shared_variants
GCF_000005845.2,b3460,livJ,GCF_036503815.1,AABJ99_RS01560,livJ,comparable,11,29,5,24,5,0,6,0,0,0,partially_shared_variants
GCF_000005845.2,b3461,rpoH,GCF_036503815.1,AABJ99_RS01555,rpoH,comparable,11,25,7,18,7,0,4,0,0,0,partially_shared_variants
GCF_000005845.2,b3462,ftsX,GCF_036503815.1,AABJ99_RS01550,ftsX,comparable,28,52,19,33,19,0,9,0,0,0,partially_shared_variants
GCF_000005845.2,b3463,ftsE,GCF_036503815.1,AABJ99_RS01545,ftsE,comparable,9,17,6,11,6,0,3,0,0,0,partially_shared_variants
GCF_000005845.2,b3464,ftsY,GCF_036503815.1,AABJ99_RS01540,ftsY,comparable,38,65,19,46,19,0,18,0,0,1,unresolved_liftover
GCF_000005845.2,b3465,rsmD,GCF_036503815.1,AABJ99_RS01535,rsmD,comparable,8,15,5,10,5,0,3,0,0,0,partially_shared_variants
GCF_000005845.2,b3466,yhhL,GCF_036503815.1,AABJ99_RS01530,yhhL,comparable,5,7,1,6,1,0,4,0,0,0,partially_shared_variants
GCF_000005845.2,b3467,yhhM,GCF_036503815.1,AABJ99_RS01525,yhhM,comparable,8,20,4,16,4,0,4,0,0,0,partially_shared_variants
GCF_000005845.2,b3468,yhhN,GCF_036503815.1,AABJ99_RS01520,yhhN,comparable,4,24,2,22,2,0,2,0,0,0,partially_shared_variants
GCF_000005845.2,b3469,zntA,GCF_036503815.1,AABJ99_RS01515,zntA,comparable,67,113,33,80,33,4,30,0,0,0,partially_shared_variants
GCF_000005845.2,b3470,tusA,GCF_036503815.1,AABJ99_RS01505,tusA,comparable,10,6,2,4,2,0,8,0,0,0,partially_shared_variants
GCF_000005845.2,b3471,yhhQ,GCF_036503815.1,AABJ99_RS01500,yhhQ,comparable,11,16,2,14,2,0,9,0,0,0,partially_shared_variants
GCF_000005845.2,b3472,dcrB,GCF_036503815.1,AABJ99_RS01495,dcrB,comparable,0,10,0,10,0,0,0,0,0,0,different_variants_in_same_gene
GCF_000005845.2,b3473,yhhS,GCF_036503815.1,AABJ99_RS01490,yhhS,comparable,0,38,0,38,0,0,0,0,0,0,different_variants_in_same_gene
GCF_000005845.2,b3474,yhhT,GCF_036503815.1,AABJ99_RS01485,yhhT,comparable,0,32,0,32,0,0,0,0,0,0,different_variants_in_same_gene
GCF_000005845.2,b3475,acpT,GCF_036503815.1,AABJ99_RS01480,acpT,comparable,1,28,1,27,1,0,0,0,0,0,partially_shared_variants
GCF_000005845.2,b3476,nikA,GCF_036503815.1,AABJ99_RS01475,nikA,comparable,9,74,2,72,2,0,7,0,0,0,partially_shared_variants
GCF_000005845.2,b3477,nikB,GCF_036503815.1,AABJ99_RS01470,nikB,comparable,1,39,0,39,0,0,1,0,0,0,reference_allele_difference
GCF_000005845.2,b3479,nikD,GCF_036503815.1,AABJ99_RS01460,nikD,comparable,8,43,3,40,3,0,5,0,0,0,partially_shared_variants
GCF_000005845.2,b3480,nikE,GCF_036503815.1,AABJ99_RS01455,nikE,comparable,25,45,5,40,5,2,17,0,1,0,partially_shared_variants
GCF_000005845.2,b3481,nikR,GCF_036503815.1,AABJ99_RS01450,nikR,comparable,7,16,3,13,3,0,4,0,0,0,partially_shared_variants
GCF_000005845.2,b3485,yhhJ,GCF_036503815.1,AABJ99_RS01435,yhhJ,comparable,0,31,0,31,0,0,0,0,0,0,different_variants_in_same_gene
GCF_000005845.2,b3486,rbbA,GCF_036503815.1,AABJ99_RS01430,rbbA,comparable,1,116,0,116,0,0,0,0,0,1,unresolved_liftover
GCF_000005845.2,b3487,yhiI,GCF_036503815.1,AABJ99_RS01425,yhiI,comparable,2,40,0,40,0,0,0,0,0,2,unresolved_liftover
GCF_000005845.2,b4790,yhiY,GCF_036503815.1,AABJ99_RS01420,yhiY,comparable,0,3,0,3,0,0,0,0,0,0,different_variants_in_same_gene
GCF_000005845.2,b3491,yhiM,GCF_036503815.1,AABJ99_RS01405,yhiM,comparable,0,39,0,39,0,0,0,0,0,0,different_variants_in_same_gene
GCF_000005845.2,b3492,yhiN,GCF_036503815.1,AABJ99_RS01265,yhiN,comparable,11,29,0,29,0,0,0,0,0,11,unresolved_liftover
GCF_000005845.2,b3494,uspB,GCF_036503815.1,AABJ99_RS01255,uspB,comparable,0,2,0,2,0,0,0,0,0,0,different_variants_in_same_gene
GCF_000005845.2,b3495,uspA,GCF_036503815.1,AABJ99_RS01250,uspA,comparable,5,3,0,3,0,0,0,0,0,5,unresolved_liftover
GCF_000005845.2,b3496,dtpB,GCF_036503815.1,AABJ99_RS01240,dtpB,comparable,12,41,0,41,0,0,0,0,0,12,unresolved_liftover
GCF_000005845.2,b3497,rsmJ,GCF_036503815.1,AABJ99_RS01235,rsmJ,comparable,13,44,0,44,0,0,0,0,0,13,unresolved_liftover
GCF_000005845.2,b3498,prlC,GCF_036503815.1,AABJ99_RS01230,prlC,comparable,76,106,0,106,0,0,0,0,0,76,unresolved_liftover
GCF_000005845.2,b3499,rlmJ,GCF_036503815.1,AABJ99_RS01225,rlmJ,comparable,3,40,0,40,0,0,0,0,0,3,unresolved_liftover
GCF_000005845.2,b3500,gor,GCF_036503815.1,AABJ99_RS01220,gorA,comparable,2,50,0,50,0,0,0,0,0,2,unresolved_liftover
GCF_000005845.2,b4613,dinQ,GCF_036503815.1,AABJ99_RS01215,dinQ,comparable,0,2,0,2,0,0,0,0,0,0,different_variants_in_same_gene
GCF_000005845.2,b3502,arsB,GCF_036503815.1,AABJ99_RS01200,arsB,comparable,0,59,0,59,0,0,0,0,0,0,different_variants_in_same_gene
GCF_000005845.2,b3506,slp,GCF_036503815.1,AABJ99_RS01175,slp,comparable,1,4,0,4,0,0,0,0,0,1,unresolved_liftover
GCF_000005845.2,b3507,dctR,GCF_036503815.1,AABJ99_RS01170,dctR,comparable,0,16,0,16,0,0,0,0,0,0,different_variants_in_same_gene
GCF_000005845.2,b3508,yhiD,GCF_036503815.1,AABJ99_RS01165,yhiD,comparable,0,11,0,11,0,0,0,0,0,0,different_variants_in_same_gene
GCF_000005845.2,b3509,hdeB,GCF_036503815.1,AABJ99_RS01160,hdeB,comparable,1,12,0,12,0,0,0,0,0,1,unresolved_liftover
GCF_000005845.2,b3510,hdeA,GCF_036503815.1,AABJ99_RS01155,hdeA,comparable,0,9,0,9,0,0,0,0,0,0,different_variants_in_same_gene
GCF_000005845.2,b3511,hdeD,GCF_036503815.1,AABJ99_RS01150,hdeD,comparable,0,17,0,17,0,0,0,0,0,0,different_variants_in_same_gene
GCF_000005845.2,b3512,gadE,GCF_036503815.1,AABJ99_RS01145,gadE,comparable,0,9,0,9,0,0,0,0,0,0,different_variants_in_same_gene
GCF_000005845.2,b3513,mdtE,GCF_036503815.1,AABJ99_RS01135,mdtE,comparable,0,26,0,26,0,0,0,0,0,0,different_variants_in_same_gene
GCF_000005845.2,b3514,mdtF,GCF_036503815.1,AABJ99_RS01130,mdtF,comparable,1,117,0,117,0,0,0,0,0,1,unresolved_liftover
GCF_000005845.2,b3515,gadW,GCF_036503815.1,AABJ99_RS01125,gadW,comparable,0,31,0,31,0,0,0,0,0,0,different_variants_in_same_gene
GCF_000005845.2,b3516,gadX,GCF_036503815.1,AABJ99_RS01120,gadX,comparable,0,35,0,35,0,0,0,0,0,0,different_variants_in_same_gene
GCF_000005845.2,b3518,ccp,GCF_036503815.1,AABJ99_RS01110,ccp,comparable,0,43,0,43,0,0,0,0,0,0,different_variants_in_same_gene
GCF_000005845.2,b3519,treF,GCF_036503815.1,AABJ99_RS01105,treF,comparable,26,43,0,43,0,0,0,0,0,26,unresolved_liftover
GCF_000005845.2,b3520,yhjB,GCF_036503815.1,AABJ99_RS01100,yhjB,comparable,2,12,0,12,0,0,0,0,0,2,unresolved_liftover
GCF_000005845.2,b3521,rcdB,GCF_036503815.1,AABJ99_RS01095,rcdB,comparable,1,14,0,14,0,0,0,0,0,1,unresolved_liftover
GCF_000005845.2,b3522,yhjD,GCF_036503815.1,AABJ99_RS01090,yhjD,comparable,0,49,0,49,0,0,0,0,0,0,different_variants_in_same_gene
GCF_000005845.2,b3523,yhjE,GCF_036503815.1,AABJ99_RS01085,yhjE,comparable,1,50,0,50,0,0,0,0,0,1,unresolved_liftover
GCF_000005845.2,b3524,yhjG,GCF_036503815.1,AABJ99_RS01080,yhjG,comparable,0,112,0,112,0,0,0,0,0,0,different_variants_in_same_gene
GCF_000005845.2,b3525,pdeH,GCF_036503815.1,AABJ99_RS01075,pdeH,comparable,0,40,0,40,0,0,0,0,0,0,different_variants_in_same_gene
GCF_000005845.2,b3526,kdgK,GCF_036503815.1,AABJ99_RS01070,kdgK,comparable,7,30,0,30,0,0,0,0,0,7,unresolved_liftover
GCF_000005845.2,b3527,yhjJ,GCF_036503815.1,AABJ99_RS01045,yhjJ,comparable,0,42,0,42,0,0,0,0,0,0,different_variants_in_same_gene
GCF_000005845.2,b3528,dctA,GCF_036503815.1,AABJ99_RS01040,dctA,comparable,1,21,0,21,0,0,0,0,0,1,unresolved_liftover
GCF_000005845.2,b3529,pdeK,GCF_036503815.1,AABJ99_RS01035,hmsP,comparable,0,47,0,47,0,0,0,0,0,0,different_variants_in_same_gene
GCF_000005845.2,b3530,bcsC,GCF_036503815.1,AABJ99_RS01030,bcsC,comparable,26,148,0,148,0,0,0,0,0,26,unresolved_liftover
GCF_000005845.2,b3531,bcsZ,GCF_036503815.1,AABJ99_RS01025,bcsZ,comparable,11,23,0,23,0,0,0,0,0,11,unresolved_liftover
GCF_000005845.2,b3532,bcsB,GCF_036503815.1,AABJ99_RS01020,bcsB,comparable,21,76,0,76,0,0,0,0,0,21,unresolved_liftover
GCF_000005845.2,b3533,bcsA,GCF_036503815.1,AABJ99_RS01015,bcsA,comparable,9,93,0,93,0,0,0,0,0,9,unresolved_liftover
GCF_000005845.2,b3535,yhjR,GCF_036503815.1,AABJ99_RS01005,bcsR,comparable,0,1,0,1,0,0,0,0,0,0,different_variants_in_same_gene
GCF_000005845.2,b3536,bcsE,GCF_036503815.1,AABJ99_RS01000,bcsE,comparable,0,21,0,21,0,0,0,0,0,0,different_variants_in_same_gene
GCF_000005845.2,b3537,bcsF,GCF_036503815.1,AABJ99_RS00995,bcsF,comparable,0,0,0,0,0,0,0,0,0,0,same_exact_variants
GCF_000005845.2,b3538,bcsG,GCF_036503815.1,AABJ99_RS00990,bcsG,comparable,0,25,0,25,0,0,0,0,0,0,different_variants_in_same_gene
GCF_000005845.2,b3539,yhjV,GCF_036503815.1,AABJ99_RS00960,yhjV,comparable,2,33,0,33,0,0,0,0,0,2,unresolved_liftover
GCF_000005845.2,b3540,dppF,GCF_036503815.1,AABJ99_RS00955,dppF,comparable,0,47,0,47,0,0,0,0,0,0,different_variants_in_same_gene
GCF_000005845.2,b3541,dppD,GCF_036503815.1,AABJ99_RS00950,dppD,comparable,0,50,0,50,0,0,0,0,0,0,different_variants_in_same_gene
GCF_000005845.2,b3542,dppC,GCF_036503815.1,AABJ99_RS00945,dppC,comparable,0,29,0,29,0,0,0,0,0,0,different_variants_in_same_gene
GCF_000005845.2,b3544,dppA,GCF_036503815.1,AABJ99_RS00935,dppA,comparable,0,58,0,58,0,0,0,0,0,0,different_variants_in_same_gene
GCF_000005845.2,b3548,yhjY,GCF_036503815.1,AABJ99_RS00905,yhjY,comparable,9,24,0,24,0,0,0,0,0,9,unresolved_liftover
GCF_000005845.2,b3549,tag,GCF_036503815.1,AABJ99_RS00900,tag,comparable,10,20,0,20,0,0,0,0,0,10,unresolved_liftover
GCF_000005845.2,b3550,yiaC,GCF_036503815.1,AABJ99_RS00895,yiaC,comparable,11,14,0,14,0,0,0,0,0,11,unresolved_liftover
GCF_000005845.2,b3552,yiaD,GCF_036503815.1,AABJ99_RS00885,yiaD,comparable,6,15,0,15,0,0,0,0,0,6,unresolved_liftover
GCF_000005845.2,b3554,yiaF,GCF_036503815.1,AABJ99_RS00875,yiaF,comparable,0,15,0,15,0,0,0,0,0,0,different_variants_in_same_gene
GCF_000005845.2,b3555,yiaG,GCF_036503815.1,AABJ99_RS00870,yiaG,comparable,0,16,0,16,0,0,0,0,0,0,different_variants_in_same_gene
GCF_000005845.2,b3556,cspA,GCF_036503815.1,AABJ99_RS00865,cspE,comparable,0,1,0,1,0,0,0,0,0,0,different_variants_in_same_gene
GCF_000005845.2,b4793,ysaE,GCF_036503815.1,AABJ99_RS00860,AABJ99_RS00860,comparable,0,3,0,3,0,0,0,0,0,0,different_variants_in_same_gene
GCF_000005845.2,b4455,hokA,GCF_036503815.1,AABJ99_RS00855,hokA,comparable,0,3,0,3,0,0,0,0,0,0,different_variants_in_same_gene
GCF_000005845.2,b3559,glyS,GCF_036503815.1,AABJ99_RS00850,glyS,comparable,1,80,0,80,0,0,0,0,0,1,unresolved_liftover
GCF_000005845.2,b3560,glyQ,GCF_036503815.1,AABJ99_RS00845,glyQ,comparable,1,11,0,11,0,0,0,0,0,1,unresolved_liftover
GCF_000005845.2,b4553,ysaB,GCF_036503815.1,AABJ99_RS00840,ysaB,comparable,15,22,0,22,0,0,0,0,0,15,unresolved_liftover
GCF_000005845.2,b3561,wecH,GCF_036503815.1,AABJ99_RS00835,wecH,comparable,23,48,0,48,0,0,0,0,0,23,unresolved_liftover
GCF_000005845.2,b3562,yiaA,GCF_036503815.1,AABJ99_RS00830,yiaA,comparable,0,15,0,15,0,0,0,0,0,0,different_variants_in_same_gene
GCF_000005845.2,b3563,yiaB,GCF_036503815.1,AABJ99_RS00825,yiaB,comparable,0,13,0,13,0,0,0,0,0,0,different_variants_in_same_gene
GCF_000005845.2,b3564,xylB,GCF_036503815.1,AABJ99_RS00820,xylB,comparable,10,48,0,48,0,0,0,0,0,10,unresolved_liftover
GCF_000005845.2,b3565,xylA,GCF_036503815.1,AABJ99_RS00815,xylA,comparable,4,27,0,27,0,0,0,0,0,4,unresolved_liftover
GCF_000005845.2,b3566,xylF,GCF_036503815.1,AABJ99_RS00810,xylF,comparable,3,21,0,21,0,0,0,0,0,3,unresolved_liftover
GCF_000005845.2,b3567,xylG,GCF_036503815.1,AABJ99_RS00805,xylG,comparable,6,25,0,25,0,0,0,0,0,6,unresolved_liftover
GCF_000005845.2,b3568,xylH,GCF_036503815.1,AABJ99_RS00800,xylH,comparable,11,45,0,45,0,0,0,0,0,11,unresolved_liftover
GCF_000005845.2,b3569,xylR,GCF_036503815.1,AABJ99_RS00795,xylR,comparable,0,31,0,31,0,0,0,0,0,0,different_variants_in_same_gene
GCF_000005845.2,b3570,bax,GCF_036503815.1,AABJ99_RS00790,bax,comparable,0,14,0,14,0,0,0,0,0,0,different_variants_in_same_gene
GCF_000005845.2,b3571,malS,GCF_036503815.1,AABJ99_RS00785,malS,comparable,1,68,0,68,0,0,0,0,0,1,unresolved_liftover
GCF_000005845.2,b3572,avtA,GCF_036503815.1,AABJ99_RS00780,avtA,comparable,1,54,0,54,0,0,0,0,0,1,unresolved_liftover
GCF_000005845.2,b3573,ysaA,GCF_036503815.1,AABJ99_RS00775,ysaA,comparable,0,22,0,22,0,0,0,0,0,0,different_variants_in_same_gene
GCF_000005845.2,b3574,plaR,GCF_036503815.1,AABJ99_RS00770,yiaJ,comparable,1,13,0,13,0,0,0,0,0,1,unresolved_liftover
GCF_000005845.2,b3575,yiaK,GCF_036503815.1,AABJ99_RS00765,yiaK,comparable,2,47,0,47,0,0,0,0,0,2,unresolved_liftover
GCF_000005845.2,b3576,yiaL,GCF_036503815.1,AABJ99_RS00760,yiaL,comparable,1,27,0,27,0,0,0,0,0,1,unresolved_liftover
GCF_000005845.2,b3577,yiaM,GCF_036503815.1,AABJ99_RS00755,yiaM,comparable,0,16,0,16,0,0,0,0,0,0,different_variants_in_same_gene
GCF_000005845.2,b3578,yiaN,GCF_036503815.1,AABJ99_RS00750,yiaN,comparable,1,67,0,67,0,0,0,0,0,1,unresolved_liftover
GCF_000005845.2,b3579,yiaO,GCF_036503815.1,AABJ99_RS00745,yiaO,comparable,0,68,0,68,0,0,0,0,0,0,different_variants_in_same_gene
GCF_000005845.2,b3580,lyxK,GCF_036503815.1,AABJ99_RS00740,lyxK,comparable,0,66,0,66,0,0,0,0,0,0,different_variants_in_same_gene
GCF_000005845.2,b3581,sgbH,GCF_036503815.1,AABJ99_RS00735,ulaD,comparable,9,28,0,28,0,0,0,0,0,9,unresolved_liftover
GCF_000005845.2,b3582,sgbU,GCF_036503815.1,AABJ99_RS00730,sgbU,comparable,31,42,0,42,0,0,0,0,0,31,unresolved_liftover
GCF_000005845.2,b3583,sgbE,GCF_036503815.1,AABJ99_RS00725,araD,comparable,14,31,0,31,0,0,0,0,0,14,unresolved_liftover
GCF_000005845.2,b3584,yiaT,GCF_036503815.1,AABJ99_RS00705,yiaT,comparable,10,14,0,14,0,0,0,0,0,10,unresolved_liftover
GCF_000005845.2,b3585,yiaU,GCF_036503815.1,AABJ99_RS00700,yiaU,comparable,2,14,0,14,0,0,0,0,0,2,unresolved_liftover
GCF_000005845.2,b3589,yiaY,GCF_036503815.1,AABJ99_RS00665,yiaY,comparable,36,67,0,67,0,0,0,0,0,36,unresolved_liftover
GCF_000005845.2,b3590,selB,GCF_036503815.1,AABJ99_RS00660,selB,comparable,40,95,0,95,0,0,0,0,0,40,unresolved_liftover
GCF_000005845.2,b3591,selA,GCF_036503815.1,AABJ99_RS00655,selA,comparable,1,43,0,43,0,0,0,0,0,1,unresolved_liftover
GCF_000005845.2,b3592,yibF,GCF_036503815.1,AABJ99_RS00650,yibF,comparable,1,13,0,13,0,0,0,0,0,1,unresolved_liftover
GCF_000005845.2,b3599,mtlA,GCF_036503815.1,AABJ99_RS00635,mtlA,comparable,1,40,0,40,0,0,0,0,0,1,unresolved_liftover
GCF_000005845.2,b3600,mtlD,GCF_036503815.1,AABJ99_RS00630,mtlD,comparable,5,59,0,59,0,0,0,0,0,5,unresolved_liftover
GCF_000005845.2,b3601,mtlR,GCF_036503815.1,AABJ99_RS00625,mtlR,comparable,0,17,0,17,0,0,0,0,0,0,different_variants_in_same_gene
GCF_000005845.2,b4554,yibT,GCF_036503815.1,AABJ99_RS00620,yibT,comparable,0,8,0,8,0,0,0,0,0,0,different_variants_in_same_gene
GCF_000005845.2,b3604,lldR,GCF_036503815.1,AABJ99_RS00595,lldR,comparable,0,20,0,20,0,0,0,0,0,0,different_variants_in_same_gene
GCF_000005845.2,b3606,trmL,GCF_036503815.1,AABJ99_RS00585,trmL,comparable,10,28,0,28,0,0,0,0,0,10,unresolved_liftover
GCF_000005845.2,b3607,cysE,GCF_036503815.1,AABJ99_RS00580,cysE,comparable,14,32,0,32,0,0,0,0,0,14,unresolved_liftover
GCF_000005845.2,b3608,gpsA,GCF_036503815.1,AABJ99_RS00575,gpsA,comparable,18,34,0,34,0,0,0,0,0,18,unresolved_liftover
GCF_000005845.2,b3609,secB,GCF_036503815.1,AABJ99_RS00570,secB,comparable,4,8,0,8,0,0,0,0,0,4,unresolved_liftover
GCF_000005845.2,b3610,grxC,GCF_036503815.1,AABJ99_RS00565,grxC,comparable,3,5,0,5,0,0,0,0,0,3,unresolved_liftover
GCF_000005845.2,b3611,yibN,GCF_036503815.1,AABJ99_RS00560,yibN,comparable,5,6,0,6,0,0,0,0,0,5,unresolved_liftover
GCF_000005845.2,b3612,gpmM,GCF_036503815.1,AABJ99_RS00555,gpmM,comparable,33,66,0,66,0,0,0,0,0,33,unresolved_liftover
GCF_000005845.2,b3613,envC,GCF_036503815.1,AABJ99_RS00550,envC,comparable,26,56,0,56,0,0,0,0,0,26,unresolved_liftover
GCF_000005845.2,b3614,yibQ,GCF_036503815.1,AABJ99_RS00545,yibQ,comparable,11,29,0,29,0,0,0,0,0,11,unresolved_liftover
GCF_000005845.2,b3615,waaH,GCF_036503815.1,AABJ99_RS00540,waaH,comparable,1,47,0,47,0,0,0,0,0,1,unresolved_liftover
GCF_000005845.2,b3616,tdh,GCF_036503815.1,AABJ99_RS00535,tdh,comparable,27,36,0,36,0,0,0,0,0,27,unresolved_liftover
GCF_000005845.2,b3617,kbl,GCF_036503815.1,AABJ99_RS00530,kbl,comparable,27,41,0,41,0,0,0,0,0,27,unresolved_liftover
GCF_000005845.2,b3619,rfaD,GCF_036503815.1,AABJ99_RS00520,rfaD,comparable,15,37,0,37,0,0,0,0,0,15,unresolved_liftover
GCF_000005845.2,b3620,waaF,GCF_036503815.1,AABJ99_RS00515,rfaF,comparable,22,35,0,35,0,0,0,0,0,22,unresolved_liftover
GCF_000005845.2,b3633,waaA,GCF_036503815.1,AABJ99_RS00465,waaA,comparable,17,35,0,35,0,0,0,0,0,17,unresolved_liftover
GCF_000005845.2,b3634,coaD,GCF_036503815.1,AABJ99_RS00460,coaD,comparable,1,8,0,8,0,0,0,0,0,1,unresolved_liftover
GCF_000005845.2,b3635,mutM,GCF_036503815.1,AABJ99_RS00455,mutM,comparable,0,21,0,21,0,0,0,0,0,0,different_variants_in_same_gene
GCF_000005845.2,b3636,rpmG,GCF_036503815.1,AABJ99_RS00450,rpmG,comparable,0,0,0,0,0,0,0,0,0,0,same_exact_variants
GCF_000005845.2,b3637,rpmB,GCF_036503815.1,AABJ99_RS00445,rpmB,comparable,0,0,0,0,0,0,0,0,0,0,same_exact_variants
GCF_000005845.2,b3638,yicR,GCF_036503815.1,AABJ99_RS00440,radC,comparable,6,9,0,9,0,0,0,0,0,6,unresolved_liftover
GCF_000005845.2,b3639,dfp,GCF_036503815.1,AABJ99_RS00435,coaBC,comparable,6,32,0,32,0,0,0,0,0,6,unresolved_liftover
GCF_000005845.2,b3640,dut,GCF_036503815.1,AABJ99_RS00430,dut,comparable,2,15,0,15,0,0,0,0,0,2,unresolved_liftover
GCF_000005845.2,b3641,slmA,GCF_036503815.1,AABJ99_RS00425,slmA,comparable,5,10,0,10,0,0,0,0,0,5,unresolved_liftover
GCF_000005845.2,b3642,pyrE,GCF_036503815.1,AABJ99_RS00420,pyrE,comparable,18,28,0,28,0,0,0,0,0,18,unresolved_liftover
GCF_000005845.2,b3644,yicC,GCF_036503815.1,AABJ99_RS00410,yicC,comparable,19,28,0,28,0,0,0,0,0,19,unresolved_liftover
GCF_000005845.2,b3646,yicG,GCF_036503815.1,AABJ99_RS00400,yicG,comparable,2,31,0,31,0,0,0,0,0,2,unresolved_liftover
GCF_000005845.2,b3647,ligB,GCF_036503815.1,AABJ99_RS00395,ligB,comparable,5,84,0,84,0,0,0,0,0,5,unresolved_liftover
GCF_000005845.2,b3648,gmk,GCF_036503815.1,AABJ99_RS00390,gmk,comparable,2,3,0,3,0,0,0,0,0,2,unresolved_liftover
GCF_000005845.2,b3649,rpoZ,GCF_036503815.1,AABJ99_RS00385,rpoZ,comparable,0,1,0,1,0,0,0,0,0,0,different_variants_in_same_gene
GCF_000005845.2,b3650,spoT,GCF_036503815.1,AABJ99_RS00380,spoT,comparable,15,63,0,63,0,0,0,0,0,15,unresolved_liftover
GCF_000005845.2,b3651,trmH,GCF_036503815.1,AABJ99_RS00375,trmH,comparable,0,36,0,36,0,0,0,0,0,0,different_variants_in_same_gene
GCF_000005845.2,b3652,recG,GCF_036503815.1,AABJ99_RS00370,recG,comparable,22,87,0,87,0,0,0,0,0,22,unresolved_liftover
GCF_000005845.2,b3653,gltS,GCF_036503815.1,AABJ99_RS00360,gltS,comparable,2,37,0,37,0,0,0,0,0,2,unresolved_liftover
GCF_000005845.2,b3655,yicH,GCF_036503815.1,AABJ99_RS00350,yicH,comparable,0,48,0,48,0,0,0,0,0,0,different_variants_in_same_gene
GCF_000005845.2,b3656,yicI,GCF_036503815.1,AABJ99_RS00305,yicI,comparable,2,59,0,59,0,0,0,0,0,2,unresolved_liftover
GCF_000005845.2,b3663,yicN,GCF_036503815.1,AABJ99_RS00215,yicN,comparable,13,10,0,10,0,0,0,0,0,13,unresolved_liftover
GCF_000005845.2,b3665,adeD,GCF_036503815.1,AABJ99_RS00205,adeD,comparable,0,74,0,74,0,0,0,0,0,0,different_variants_in_same_gene
GCF_000005845.2,b3666,uhpT,GCF_036503815.1,AABJ99_RS00200,uhpT,comparable,0,43,0,43,0,0,0,0,0,0,different_variants_in_same_gene
GCF_000005845.2,b3670,ilvN,GCF_036503815.1,AABJ99_RS00170,ilvN,comparable,0,9,0,9,0,0,0,0,0,0,different_variants_in_same_gene
GCF_000005845.2,b3671,ilvB,GCF_036503815.1,AABJ99_RS00165,ilvB,comparable,1,85,0,85,0,0,0,0,0,1,unresolved_liftover
GCF_000005845.2,b3672,ivbL,GCF_036503815.1,AABJ99_RS00160,ivbL,comparable,0,0,0,0,0,0,0,0,0,0,same_exact_variants
GCF_000005845.2,b4618,tisB,GCF_036503815.1,AABJ99_RS00155,tisB,comparable,1,0,0,0,0,0,0,0,0,1,unresolved_liftover
GCF_000005845.2,b4798,ysdE,GCF_036503815.1,AABJ99_RS00150,ysdE,comparable,0,0,0,0,0,0,0,0,0,0,same_exact_variants
GCF_000005845.2,b3673,emrD,GCF_036503815.1,AABJ99_RS00145,emrD,comparable,2,39,0,39,0,0,0,0,0,2,unresolved_liftover
GCF_000005845.2,b3674,yidF,GCF_036503815.1,AABJ99_RS00140,yidF,comparable,1,12,0,12,0,0,0,0,0,1,unresolved_liftover
GCF_000005845.2,b3675,yidG,GCF_036503815.1,AABJ99_RS00135,yidG,comparable,0,5,0,5,0,0,0,0,0,0,different_variants_in_same_gene
GCF_000005845.2,b3676,yidH,GCF_036503815.1,AABJ99_RS00130,yidH,comparable,7,10,0,10,0,0,0,0,0,7,unresolved_liftover
GCF_000005845.2,b3677,yidI,GCF_036503815.1,AABJ99_RS00125,yidI,comparable,0,18,0,18,0,0,0,0,0,0,different_variants_in_same_gene
GCF_000005845.2,b3679,yidK,GCF_036503815.1,AABJ99_RS00115,yidK,comparable,1,38,0,38,0,0,0,0,0,1,unresolved_liftover
GCF_000005845.2,b3680,yidL,GCF_036503815.1,AABJ99_RS00110,yidL,comparable,6,16,0,16,0,0,0,0,0,6,unresolved_liftover
GCF_000005845.2,b3683,glvC,GCF_036503815.1,AABJ99_RS00100,AABJ99_RS00100,comparable,17,59,0,59,0,0,0,0,0,17,unresolved_liftover
GCF_000005845.2,b3684,yidP,GCF_036503815.1,AABJ99_RS00095,yidP,comparable,6,27,0,27,0,0,0,0,0,6,unresolved_liftover
GCF_000005845.2,b3685,yidE,GCF_036503815.1,AABJ99_RS00090,yidE,comparable,17,45,0,45,0,0,0,0,0,17,unresolved_liftover
GCF_000005845.2,b3686,ibpB,GCF_036503815.1,AABJ99_RS00085,ibpB,comparable,1,6,0,6,0,0,0,0,0,1,unresolved_liftover
GCF_000005845.2,b3687,ibpA,GCF_036503815.1,AABJ99_RS00080,ibpA,comparable,1,6,0,6,0,0,0,0,0,1,unresolved_liftover
GCF_000005845.2,b3688,yidQ,GCF_036503815.1,AABJ99_RS00075,yidQ,comparable,2,4,0,4,0,0,0,0,0,2,unresolved_liftover
GCF_000005845.2,b3689,yidR,GCF_036503815.1,AABJ99_RS00070,yidR,comparable,25,29,0,29,0,0,0,0,0,25,unresolved_liftover
GCF_000005845.2,b3690,cbrA,GCF_036503815.1,AABJ99_RS00065,cbrA,comparable,20,58,0,58,0,0,0,0,0,20,unresolved_liftover
GCF_000005845.2,b3691,dgoT,GCF_036503815.1,AABJ99_RS00060,dgoT,comparable,18,40,0,40,0,0,0,0,0,18,unresolved_liftover
GCF_000005845.2,b4478,dgoD,GCF_036503815.1,AABJ99_RS00055,dgoD,comparable,2,35,0,35,0,0,0,0,0,2,unresolved_liftover
GCF_000005845.2,b4477,dgoA,GCF_036503815.1,AABJ99_RS00050,dgoA,comparable,0,24,0,24,0,0,0,0,0,0,different_variants_in_same_gene
GCF_000005845.2,b4479,dgoR,GCF_036503815.1,AABJ99_RS00040,dgoR,comparable,11,27,0,27,0,0,0,0,0,11,unresolved_liftover
GCF_000005845.2,b3697,yidA,GCF_036503815.1,AABJ99_RS00030,yidA,comparable,0,30,0,30,0,0,0,0,0,0,different_variants_in_same_gene
GCF_000005845.2,b3698,yidB,GCF_036503815.1,AABJ99_RS00025,yidB,comparable,0,22,0,22,0,0,0,0,0,0,different_variants_in_same_gene
GCF_000005845.2,b3699,gyrB,GCF_036503815.1,AABJ99_RS00020,gyrB,comparable,0,68,0,68,0,0,0,0,0,0,different_variants_in_same_gene
GCF_000005845.2,b3700,recF,GCF_036503815.1,AABJ99_RS00015,recF,comparable,0,40,0,40,0,0,0,0,0,0,different_variants_in_same_gene
GCF_000005845.2,b3701,dnaN,GCF_036503815.1,AABJ99_RS00010,dnaN,comparable,0,59,0,59,0,0,0,0,0,0,different_variants_in_same_gene
GCF_000005845.2,b3702,dnaA,GCF_036503815.1,AABJ99_RS00005,dnaA,comparable,0,39,0,39,0,0,0,0,0,0,different_variants_in_same_gene
GCF_000005845.2,b4757,ysdD,GCF_036503815.1,AABJ99_RS23805,AABJ99_RS23805,comparable,0,1,0,1,0,0,0,0,0,0,different_variants_in_same_gene
GCF_000005845.2,b3703,rpmH,GCF_036503815.1,AABJ99_RS23800,rpmH,comparable,0,0,0,0,0,0,0,0,0,0,same_exact_variants
GCF_000005845.2,b3704,rnpA,GCF_036503815.1,AABJ99_RS23795,rnpA,comparable,0,0,0,0,0,0,0,0,0,0,same_exact_variants
GCF_000005845.2,b4557,yidD,GCF_036503815.1,AABJ99_RS23790,yidD,comparable,0,0,0,0,0,0,0,0,0,0,same_exact_variants
GCF_000005845.2,b3705,yidC,GCF_036503815.1,AABJ99_RS23785,yidC,comparable,8,20,0,20,0,0,0,0,0,8,unresolved_liftover
GCF_000005845.2,b3706,mnmE,GCF_036503815.1,AABJ99_RS23780,mnmE,comparable,31,54,0,54,0,0,0,0,0,31,unresolved_liftover
GCF_000005845.2,b3707,tnaC,GCF_036503815.1,AABJ99_RS23770,tnaC,comparable,4,3,0,3,0,0,0,0,0,4,unresolved_liftover
GCF_000005845.2,b3708,tnaA,GCF_036503815.1,AABJ99_RS23765,tnaA,comparable,26,53,0,53,0,0,0,0,0,26,unresolved_liftover
GCF_000005845.2,b3709,tnaB,GCF_036503815.1,AABJ99_RS23760,tnaB,comparable,11,38,0,38,0,0,0,0,0,11,unresolved_liftover
GCF_000005845.2,b3710,mdtL,GCF_036503815.1,AABJ99_RS23755,mdtL,comparable,20,44,0,44,0,0,0,0,0,20,unresolved_liftover
GCF_000005845.2,b3711,yidZ,GCF_036503815.1,AABJ99_RS23750,yidZ,comparable,20,50,0,50,0,0,0,0,0,20,unresolved_liftover
GCF_000005845.2,b3712,yieE,GCF_036503815.1,AABJ99_RS23745,yieE,comparable,8,26,0,26,0,0,0,0,0,8,unresolved_liftover
GCF_000005845.2,b3713,yieF,GCF_036503815.1,AABJ99_RS23740,yieF,comparable,2,26,0,26,0,0,0,0,0,2,unresolved_liftover
GCF_000005845.2,b3724,phoU,GCF_036503815.1,AABJ99_RS23700,phoU,comparable,13,30,0,30,0,0,0,0,0,13,unresolved_liftover
GCF_000005845.2,b3725,pstB,GCF_036503815.1,AABJ99_RS23695,pstB,comparable,3,17,0,17,0,0,0,0,0,3,unresolved_liftover
GCF_000005845.2,b3726,pstA,GCF_036503815.1,AABJ99_RS23690,pstA,comparable,22,30,0,30,0,0,0,0,0,22,unresolved_liftover
GCF_000005845.2,b3727,pstC,GCF_036503815.1,AABJ99_RS23685,pstC,comparable,9,26,0,26,0,0,0,0,0,9,unresolved_liftover
GCF_000005845.2,b3728,pstS,GCF_036503815.1,AABJ99_RS23680,pstS,comparable,14,41,0,41,0,0,0,0,0,14,unresolved_liftover
GCF_000005845.2,b3730,glmU,GCF_036503815.1,AABJ99_RS23650,glmU,comparable,9,48,3,45,3,0,6,0,0,0,partially_shared_variants
GCF_000005845.2,b3731,atpC,GCF_036503815.1,AABJ99_RS23640,atpC,comparable,0,5,0,5,0,0,0,0,0,0,different_variants_in_same_gene
GCF_000005845.2,b3732,atpD,GCF_036503815.1,AABJ99_RS23635,atpD,comparable,1,16,1,15,1,0,0,0,0,0,partially_shared_variants
GCF_000005845.2,b3733,atpG,GCF_036503815.1,AABJ99_RS23630,atpG,comparable,0,3,0,3,0,0,0,0,0,0,different_variants_in_same_gene
GCF_000005845.2,b3734,atpA,GCF_036503815.1,AABJ99_RS23625,atpA,comparable,1,17,1,16,1,0,0,0,0,0,partially_shared_variants
GCF_000005845.2,b3735,atpH,GCF_036503815.1,AABJ99_RS23620,atpH,comparable,0,4,0,4,0,0,0,0,0,0,different_variants_in_same_gene
GCF_000005845.2,b3736,atpF,GCF_036503815.1,AABJ99_RS23615,atpF,comparable,0,3,0,3,0,0,0,0,0,0,different_variants_in_same_gene
GCF_000005845.2,b3737,atpE,GCF_036503815.1,AABJ99_RS23610,atpE,comparable,0,0,0,0,0,0,0,0,0,0,same_exact_variants
GCF_000005845.2,b3738,atpB,GCF_036503815.1,AABJ99_RS23605,atpB,comparable,0,10,0,10,0,0,0,0,0,0,different_variants_in_same_gene
GCF_000005845.2,b3739,atpI,GCF_036503815.1,AABJ99_RS23600,atpI,comparable,0,0,0,0,0,0,0,0,0,0,same_exact_variants
GCF_000005845.2,b3740,rsmG,GCF_036503815.1,AABJ99_RS23595,rsmG,comparable,0,18,0,18,0,0,0,0,0,0,different_variants_in_same_gene
GCF_000005845.2,b3741,mnmG,GCF_036503815.1,AABJ99_RS23590,mnmG,comparable,17,41,9,32,9,0,8,0,0,0,partially_shared_variants
GCF_000005845.2,b3742,mioC,GCF_036503815.1,AABJ99_RS23585,mioC,comparable,8,7,2,5,2,0,6,0,0,0,partially_shared_variants
GCF_000005845.2,b3743,asnC,GCF_036503815.1,AABJ99_RS23580,asnC,comparable,2,10,1,9,1,0,1,0,0,0,partially_shared_variants
GCF_000005845.2,b3744,asnA,GCF_036503815.1,AABJ99_RS23575,asnA,comparable,14,28,7,21,7,0,7,0,0,0,partially_shared_variants
GCF_000005845.2,b3745,viaA,GCF_036503815.1,AABJ99_RS23570,viaA,comparable,13,37,5,32,5,0,8,0,0,0,partially_shared_variants
GCF_000005845.2,b3746,ravA,GCF_036503815.1,AABJ99_RS23565,ravA,comparable,14,29,10,19,10,0,4,0,0,0,partially_shared_variants
GCF_000005845.2,b3747,kup,GCF_036503815.1,AABJ99_RS23560,kup,comparable,12,50,7,43,7,0,5,0,0,0,partially_shared_variants
GCF_000005845.2,b3748,rbsD,GCF_036503815.1,AABJ99_RS23555,rbsD,comparable,1,5,0,5,0,0,1,0,0,0,reference_allele_difference
GCF_000005845.2,b3749,rbsA,GCF_036503815.1,AABJ99_RS23550,rbsA,comparable,4,33,2,31,2,0,2,0,0,0,partially_shared_variants
GCF_000005845.2,b3750,rbsC,GCF_036503815.1,AABJ99_RS23545,rbsC,comparable,0,23,0,23,0,0,0,0,0,0,different_variants_in_same_gene
GCF_000005845.2,b3751,rbsB,GCF_036503815.1,AABJ99_RS23540,rbsB,comparable,5,23,4,19,4,0,1,0,0,0,partially_shared_variants
GCF_000005845.2,b3753,rbsR,GCF_036503815.1,AABJ99_RS23530,rbsR,comparable,6,16,3,13,3,0,3,0,0,0,partially_shared_variants
GCF_000005845.2,b3754,hsrA,GCF_036503815.1,AABJ99_RS23525,mdtD,comparable,14,27,8,19,8,0,6,0,0,0,partially_shared_variants
GCF_000005845.2,b3755,yieP,GCF_036503815.1,AABJ99_RS23520,yieP,comparable,3,15,2,13,2,0,1,0,0,0,partially_shared_variants
GCF_000005845.2,b4480,hdfR,GCF_036503815.1,AABJ99_RS23485,hdfR,comparable,0,21,0,21,0,0,0,0,0,0,different_variants_in_same_gene
GCF_000005845.2,b3764,maoP,GCF_036503815.1,AABJ99_RS23480,maoP,comparable,0,3,0,3,0,0,0,0,0,0,different_variants_in_same_gene
GCF_000005845.2,b3765,yifB,GCF_036503815.1,AABJ99_RS23475,yifB,comparable,0,45,0,45,0,0,0,0,0,0,different_variants_in_same_gene
GCF_000005845.2,b3766,ilvL,GCF_036503815.1,AABJ99_RS23470,ilvL,comparable,0,0,0,0,0,0,0,0,0,0,same_exact_variants
GCF_000005845.2,b4669,ilvX,GCF_036503815.1,AABJ99_RS23465,ilvX,comparable,0,0,0,0,0,0,0,0,0,0,same_exact_variants
GCF_000005845.2,b3769,ilvM,GCF_036503815.1,AABJ99_RS23455,ilvM,comparable,2,1,1,0,1,0,1,0,0,0,partially_shared_variants
GCF_000005845.2,b3770,ilvE,GCF_036503815.1,AABJ99_RS23450,ilvE,comparable,16,40,9,31,9,0,7,0,0,0,partially_shared_variants
GCF_000005845.2,b3771,ilvD,GCF_036503815.1,AABJ99_RS23445,ilvD,comparable,73,101,45,56,45,2,26,0,0,0,partially_shared_variants
GCF_000005845.2,b3772,ilvA,GCF_036503815.1,AABJ99_RS23440,ilvA,comparable,22,88,10,78,10,0,12,0,0,0,partially_shared_variants
GCF_000005845.2,b3774,ilvC,GCF_036503815.1,AABJ99_RS23415,ilvC,comparable,1,79,0,79,0,0,1,0,0,0,reference_allele_difference
GCF_000005845.2,b3775,ppiC,GCF_036503815.1,AABJ99_RS23410,ppiC,comparable,0,11,0,11,0,0,0,0,0,0,different_variants_in_same_gene
GCF_000005845.2,b3778,rep,GCF_036503815.1,AABJ99_RS23400,rep,comparable,52,118,20,98,20,1,31,0,0,0,partially_shared_variants
GCF_000005845.2,b3779,gpp,GCF_036503815.1,AABJ99_RS23395,gppA,comparable,22,72,16,56,16,0,6,0,0,0,partially_shared_variants
GCF_000005845.2,b3780,rhlB,GCF_036503815.1,AABJ99_RS23390,rhlB,comparable,10,32,6,26,6,0,4,0,0,0,partially_shared_variants
GCF_000005845.2,b3781,trxA,GCF_036503815.1,AABJ99_RS23385,trxA,comparable,0,4,0,4,0,0,0,0,0,0,different_variants_in_same_gene
GCF_000005845.2,b3782,rhoL,GCF_036503815.1,AABJ99_RS23380,rhoL,comparable,0,4,0,4,0,0,0,0,0,0,different_variants_in_same_gene
GCF_000005845.2,b3783,rho,GCF_036503815.1,AABJ99_RS23375,rho,comparable,1,26,1,25,1,0,0,0,0,0,partially_shared_variants
GCF_000005845.2,b3784,wecA,GCF_036503815.1,AABJ99_RS23370,wecA,comparable,3,19,0,19,0,0,3,0,0,0,reference_allele_difference
GCF_000005845.2,b3785,wzzE,GCF_036503815.1,AABJ99_RS23365,wzzE,comparable,7,37,5,32,5,0,2,0,0,0,partially_shared_variants
GCF_000005845.2,b3786,wecB,GCF_036503815.1,AABJ99_RS23360,wecB,comparable,9,29,7,22,7,0,2,0,0,0,partially_shared_variants
GCF_000005845.2,b3787,wecC,GCF_036503815.1,AABJ99_RS23355,wecC,comparable,1,55,0,55,0,0,1,0,0,0,reference_allele_difference
GCF_000005845.2,b3790,rffC,GCF_036503815.1,AABJ99_RS23340,rffC,comparable,0,25,0,25,0,0,0,0,0,0,different_variants_in_same_gene
GCF_000005845.2,b3791,wecE,GCF_036503815.1,AABJ99_RS23335,rffA,comparable,0,23,0,23,0,0,0,0,0,0,different_variants_in_same_gene
GCF_000005845.2,b3792,wzxE,GCF_036503815.1,AABJ99_RS23330,wzxE,comparable,10,39,5,34,5,0,5,0,0,0,partially_shared_variants
GCF_000005845.2,b4481,wecF,GCF_036503815.1,AABJ99_RS23325,rffT,comparable,21,35,8,27,8,0,13,0,0,0,partially_shared_variants
GCF_000005845.2,b3793,wzyE,GCF_036503815.1,AABJ99_RS23320,wzyE,comparable,22,22,7,15,7,0,15,0,0,0,partially_shared_variants
GCF_000005845.2,b3794,rffM,GCF_036503815.1,AABJ99_RS23315,wecG,comparable,14,16,6,10,6,0,8,0,0,0,partially_shared_variants
GCF_000005845.2,b3795,thrP,GCF_036503815.1,AABJ99_RS23310,thrP,comparable,26,53,14,39,14,0,12,0,0,0,partially_shared_variants
GCF_000005845.2,b3801,aslA,GCF_036503815.1,AABJ99_RS23280,aslA,comparable,80,34,12,22,12,0,68,0,0,0,partially_shared_variants
GCF_000005845.2,b3802,hemY,GCF_036503815.1,AABJ99_RS23275,hemY,comparable,46,34,18,16,18,0,28,0,0,0,partially_shared_variants
GCF_000005845.2,b3803,hemX,GCF_036503815.1,AABJ99_RS23270,hemX,comparable,23,31,7,24,7,0,16,0,0,0,partially_shared_variants
GCF_000005845.2,b3804,hemD,GCF_036503815.1,AABJ99_RS23265,hemD,comparable,9,28,2,26,2,0,7,0,0,0,partially_shared_variants
GCF_000005845.2,b3805,hemC,GCF_036503815.1,AABJ99_RS23260,hemC,comparable,13,25,9,16,9,0,4,0,0,0,partially_shared_variants
GCF_000005845.2,b3806,cyaA,GCF_036503815.1,AABJ99_RS23255,cyaA,comparable,77,61,29,32,29,0,48,0,0,0,partially_shared_variants
GCF_000005845.2,b3807,cyaY,GCF_036503815.1,AABJ99_RS23250,cyaY,comparable,16,10,5,5,5,0,11,0,0,0,partially_shared_variants
GCF_000005845.2,b4558,lptM,GCF_036503815.1,AABJ99_RS23240,lptM,comparable,0,2,0,2,0,0,0,0,0,0,different_variants_in_same_gene
GCF_000005845.2,b3809,dapF,GCF_036503815.1,AABJ99_RS23235,dapF,comparable,9,20,4,16,4,0,5,0,0,0,partially_shared_variants
GCF_000005845.2,b3810,yigA,GCF_036503815.1,AABJ99_RS23230,yigA,comparable,5,14,1,13,1,0,4,0,0,0,partially_shared_variants
GCF_000005845.2,b3811,xerC,GCF_036503815.1,AABJ99_RS23225,xerC,comparable,19,33,7,26,7,0,12,0,0,0,partially_shared_variants
GCF_000005845.2,b3812,yigB,GCF_036503815.1,AABJ99_RS23220,yigB,comparable,6,32,6,26,6,0,0,0,0,0,partially_shared_variants
GCF_000005845.2,b4482,yigE,GCF_036503815.1,AABJ99_RS23210,yigE,comparable,9,26,6,20,6,0,3,0,0,0,partially_shared_variants
GCF_000005845.2,b4799,ysgD,GCF_036503815.1,AABJ99_RS23205,ysgD,comparable,0,1,0,1,0,0,0,0,0,0,different_variants_in_same_gene
GCF_000005845.2,b3816,corA,GCF_036503815.1,AABJ99_RS23200,corA,comparable,13,29,10,19,10,0,3,0,0,0,partially_shared_variants
GCF_000005845.2,b3817,yigF,GCF_036503815.1,AABJ99_RS23195,yigF,comparable,2,15,1,14,1,0,1,0,0,0,partially_shared_variants
GCF_000005845.2,b3818,yigG,GCF_036503815.1,AABJ99_RS23190,yigG,comparable,1,12,1,11,1,0,0,0,0,0,partially_shared_variants
GCF_000005845.2,b3819,rarD,GCF_036503815.1,AABJ99_RS23185,rarD,comparable,2,44,2,42,2,0,0,0,0,0,partially_shared_variants
GCF_000005845.2,b3820,yigI,GCF_036503815.1,AABJ99_RS23180,yigI,comparable,6,11,3,8,3,0,3,0,0,0,partially_shared_variants
GCF_000005845.2,b3821,pldA,GCF_036503815.1,AABJ99_RS23175,pldA,comparable,41,49,24,25,24,1,16,0,0,0,partially_shared_variants
GCF_000005845.2,b3823,rhtC,GCF_036503815.1,AABJ99_RS23165,rhtC,comparable,28,33,13,20,13,0,15,0,0,0,partially_shared_variants
GCF_000005845.2,b3824,rhtB,GCF_036503815.1,AABJ99_RS23160,rhtB,comparable,11,29,7,22,7,0,4,0,0,0,partially_shared_variants
GCF_000005845.2,b3825,pldB,GCF_036503815.1,AABJ99_RS23155,pldB,comparable,9,18,5,13,5,0,4,0,0,0,partially_shared_variants
GCF_000005845.2,b3826,yigL,GCF_036503815.1,AABJ99_RS23150,yigL,comparable,23,34,16,18,16,0,7,0,0,0,partially_shared_variants
GCF_000005845.2,b3827,bioP,GCF_036503815.1,AABJ99_RS23145,bioP,comparable,18,24,9,15,9,0,9,0,0,0,partially_shared_variants
GCF_000005845.2,b3828,metR,GCF_036503815.1,AABJ99_RS23140,metR,comparable,32,36,10,26,10,0,22,0,0,0,partially_shared_variants
GCF_000005845.2,b3829,metE,GCF_036503815.1,AABJ99_RS23135,metE,comparable,53,97,29,68,29,0,24,0,0,0,partially_shared_variants
GCF_000005845.2,b3830,ysgA,GCF_036503815.1,AABJ99_RS23120,ysgA,comparable,15,32,7,25,7,0,8,0,0,0,partially_shared_variants
GCF_000005845.2,b3832,rmuC,GCF_036503815.1,AABJ99_RS23080,rmuC,comparable,22,61,10,51,10,0,12,0,0,0,partially_shared_variants
GCF_000005845.2,b3833,ubiE,GCF_036503815.1,AABJ99_RS23075,ubiE,comparable,2,39,2,37,2,0,0,0,0,0,partially_shared_variants
GCF_000005845.2,b3834,ubiJ,GCF_036503815.1,AABJ99_RS23070,ubiJ,comparable,0,20,0,20,0,0,0,0,0,0,different_variants_in_same_gene
GCF_000005845.2,b3835,ubiB,GCF_036503815.1,AABJ99_RS23065,ubiB,comparable,10,40,9,31,9,0,1,0,0,0,partially_shared_variants
GCF_000005845.2,b3836,tatA,GCF_036503815.1,AABJ99_RS23060,tatA,comparable,0,0,0,0,0,0,0,0,0,0,same_exact_variants
GCF_000005845.2,b3838,tatB,GCF_036503815.1,AABJ99_RS23055,tatB,comparable,1,7,1,6,1,0,0,0,0,0,partially_shared_variants
GCF_000005845.2,b3839,tatC,GCF_036503815.1,AABJ99_RS23050,tatC,comparable,2,18,0,18,0,0,2,0,0,0,reference_allele_difference
GCF_000005845.2,b4483,tatD,GCF_036503815.1,AABJ99_RS23045,tatD,comparable,1,46,0,46,0,0,1,0,0,0,reference_allele_difference
GCF_000005845.2,b3842,rfaH,GCF_036503815.1,AABJ99_RS23040,rfaH,comparable,7,12,4,8,4,0,3,0,0,0,partially_shared_variants
GCF_000005845.2,b3843,ubiD,GCF_036503815.1,AABJ99_RS23035,ubiD,comparable,3,36,3,33,3,0,0,0,0,0,partially_shared_variants
GCF_000005845.2,b3844,fre,GCF_036503815.1,AABJ99_RS23030,fre,comparable,25,28,19,9,19,0,6,0,0,0,partially_shared_variants
GCF_000005845.2,b3845,fadA,GCF_036503815.1,AABJ99_RS23025,fadA,comparable,42,58,26,32,26,0,16,0,0,0,partially_shared_variants
GCF_000005845.2,b3846,fadB,GCF_036503815.1,AABJ99_RS23020,fadB,comparable,26,93,17,76,17,0,9,0,0,0,partially_shared_variants
GCF_000005845.2,b3847,pepQ,GCF_036503815.1,AABJ99_RS23015,pepQ,comparable,24,40,11,29,11,0,13,0,0,0,partially_shared_variants
GCF_000005845.2,b3848,yigZ,GCF_036503815.1,AABJ99_RS23010,yigZ,comparable,6,23,4,19,4,0,2,0,0,0,partially_shared_variants
GCF_000005845.2,b3849,trkH,GCF_036503815.1,AABJ99_RS23005,trkH,comparable,6,37,4,33,4,0,2,0,0,0,partially_shared_variants
GCF_000005845.2,b3850,hemG,GCF_036503815.1,AABJ99_RS23000,hemG,comparable,0,23,0,23,0,0,0,0,0,0,different_variants_in_same_gene
GCF_000005845.2,b3856,mobB,GCF_036503815.1,AABJ99_RS22970,mobB,comparable,0,20,0,20,0,0,0,0,0,0,different_variants_in_same_gene
GCF_000005845.2,b3857,mobA,GCF_036503815.1,AABJ99_RS22965,mobA,comparable,0,12,0,12,0,0,0,0,0,0,different_variants_in_same_gene
GCF_000005845.2,b3858,yihD,GCF_036503815.1,AABJ99_RS22960,yihD,comparable,0,4,0,4,0,0,0,0,0,0,different_variants_in_same_gene
GCF_000005845.2,b3859,srkA,GCF_036503815.1,AABJ99_RS22955,srkA,comparable,1,19,1,18,1,0,0,0,0,0,partially_shared_variants
GCF_000005845.2,b3860,dsbA,GCF_036503815.1,AABJ99_RS22950,dsbA,comparable,4,7,1,6,1,0,3,0,0,0,partially_shared_variants
GCF_000005845.2,b3861,yihF,GCF_036503815.1,AABJ99_RS22945,yihF,comparable,10,39,6,33,6,0,4,0,0,0,partially_shared_variants
GCF_000005845.2,b3862,yihG,GCF_036503815.1,AABJ99_RS22940,yihG,comparable,2,18,0,18,0,0,2,0,0,0,reference_allele_difference
GCF_000005845.2,b3863,polA,GCF_036503815.1,AABJ99_RS22935,polA,comparable,1,50,1,49,1,0,0,0,0,0,partially_shared_variants
GCF_000005845.2,b3865,yihA,GCF_036503815.1,AABJ99_RS22930,yihA,comparable,0,17,0,17,0,0,0,0,0,0,different_variants_in_same_gene
GCF_000005845.2,b3866,yihI,GCF_036503815.1,AABJ99_RS22920,yihI,comparable,0,7,0,7,0,0,0,0,0,0,different_variants_in_same_gene
GCF_000005845.2,b3867,hemN,GCF_036503815.1,AABJ99_RS22915,hemN,comparable,1,22,0,22,0,0,1,0,0,0,reference_allele_difference
GCF_000005845.2,b4686,yshB,GCF_036503815.1,AABJ99_RS22910,yshB,comparable,2,4,1,3,1,0,0,1,0,0,partially_shared_variants
GCF_000005845.2,b3868,glnG,GCF_036503815.1,AABJ99_RS22905,glnG,comparable,13,60,3,57,3,0,10,0,0,0,partially_shared_variants
GCF_000005845.2,b3869,glnL,GCF_036503815.1,AABJ99_RS22900,glnL,comparable,2,25,0,25,0,0,2,0,0,0,reference_allele_difference
GCF_000005845.2,b3870,glnA,GCF_036503815.1,AABJ99_RS22895,glnA,comparable,5,35,1,34,1,0,4,0,0,0,partially_shared_variants
GCF_000005845.2,b3871,bipA,GCF_036503815.1,AABJ99_RS22890,typA,comparable,4,24,2,22,2,0,2,0,0,0,partially_shared_variants
GCF_000005845.2,b3881,yihT,GCF_036503815.1,AABJ99_RS22820,yihT,comparable,0,41,0,41,0,0,0,0,0,0,different_variants_in_same_gene
GCF_000005845.2,b3882,yihU,GCF_036503815.1,AABJ99_RS22815,yihU,comparable,1,49,0,49,0,0,0,0,0,1,unresolved_liftover
GCF_000005845.2,b3883,yihV,GCF_036503815.1,AABJ99_RS22810,yihV,comparable,0,54,0,54,0,0,0,0,0,0,different_variants_in_same_gene
GCF_000005845.2,b3884,csqR,GCF_036503815.1,AABJ99_RS22805,csqR,comparable,0,21,0,21,0,0,0,0,0,0,different_variants_in_same_gene
GCF_000005845.2,b3885,yihX,GCF_036503815.1,AABJ99_RS22800,yihX,comparable,0,23,0,23,0,0,0,0,0,0,different_variants_in_same_gene
GCF_000005845.2,b3886,yihY,GCF_036503815.1,AABJ99_RS22795,yihY,comparable,1,24,0,24,0,0,0,0,0,1,unresolved_liftover
GCF_000005845.2,b3887,dtd,GCF_036503815.1,AABJ99_RS22790,dtd,comparable,0,6,0,6,0,0,0,0,0,0,different_variants_in_same_gene
GCF_000005845.2,b3888,fabY,GCF_036503815.1,AABJ99_RS22785,fabY,comparable,1,30,0,30,0,0,0,0,0,1,unresolved_liftover
GCF_000005845.2,b3889,yiiE,GCF_036503815.1,AABJ99_RS22770,yiiE,comparable,0,13,0,13,0,0,0,0,0,0,different_variants_in_same_gene
GCF_000005845.2,b3891,fdhE,GCF_036503815.1,AABJ99_RS22765,fdhE,comparable,1,35,0,35,0,0,0,0,0,1,unresolved_liftover
GCF_000005845.2,b3892,fdoI,GCF_036503815.1,AABJ99_RS22760,fdoI,comparable,0,4,0,4,0,0,0,0,0,0,different_variants_in_same_gene
GCF_000005845.2,b3893,fdoH,GCF_036503815.1,AABJ99_RS22755,fdoH,comparable,0,21,0,21,0,0,0,0,0,0,different_variants_in_same_gene
GCF_000005845.2,b3894,fdoG,GCF_036503815.1,AABJ99_RS22750,fdnG,comparable,0,67,0,67,0,0,0,0,0,0,different_variants_in_same_gene
GCF_000005845.2,b3895,fdhD,GCF_036503815.1,AABJ99_RS22745,fdhD,comparable,2,32,0,32,0,0,0,0,0,2,unresolved_liftover
GCF_000005845.2,b3898,frvX,GCF_036503815.1,AABJ99_RS22725,frvX,comparable,0,45,0,45,0,0,0,0,0,0,different_variants_in_same_gene
GCF_000005845.2,b3899,frvB,GCF_036503815.1,AABJ99_RS22720,frvB,comparable,1,68,0,68,0,0,0,0,0,1,unresolved_liftover
GCF_000005845.2,b3901,rhaM,GCF_036503815.1,AABJ99_RS22705,rhaM,comparable,10,15,0,15,0,0,0,0,0,10,unresolved_liftover
GCF_000005845.2,b3902,rhaD,GCF_036503815.1,AABJ99_RS22700,rhaD,comparable,32,34,0,34,0,0,0,0,0,32,unresolved_liftover
GCF_000005845.2,b3903,rhaA,GCF_036503815.1,AABJ99_RS22695,rhaA,comparable,40,60,18,42,18,0,22,0,0,0,partially_shared_variants
GCF_000005845.2,b3904,rhaB,GCF_036503815.1,AABJ99_RS22690,rhaB,comparable,24,48,11,37,11,0,13,0,0,0,partially_shared_variants
GCF_000005845.2,b3905,rhaS,GCF_036503815.1,AABJ99_RS22685,rhaS,comparable,6,16,5,11,5,0,1,0,0,0,partially_shared_variants
GCF_000005845.2,b3906,rhaR,GCF_036503815.1,AABJ99_RS22680,rhaR,comparable,11,15,7,8,7,0,4,0,0,0,partially_shared_variants
GCF_000005845.2,b3907,rhaT,GCF_036503815.1,AABJ99_RS22675,rhaT,comparable,22,20,8,12,8,0,14,0,0,0,partially_shared_variants
GCF_000005845.2,b3908,sodA,GCF_036503815.1,AABJ99_RS22670,sodA,comparable,10,5,2,3,2,0,8,0,0,0,partially_shared_variants
GCF_000005845.2,b3909,kdgT,GCF_036503815.1,AABJ99_RS22665,kdgT,comparable,6,17,2,15,2,0,4,0,0,0,partially_shared_variants
GCF_000005845.2,b3910,yiiM,GCF_036503815.1,AABJ99_RS22660,yiiM,comparable,3,29,1,28,1,0,2,0,0,0,partially_shared_variants
GCF_000005845.2,b3911,cpxA,GCF_036503815.1,AABJ99_RS22655,cpxA,comparable,5,49,4,45,4,0,1,0,0,0,partially_shared_variants
GCF_000005845.2,b3912,cpxR,GCF_036503815.1,AABJ99_RS22650,cpxR,comparable,3,6,0,6,0,0,3,0,0,0,reference_allele_difference
GCF_000005845.2,b4484,cpxP,GCF_036503815.1,AABJ99_RS22645,cpxP,comparable,2,4,2,2,2,0,0,0,0,0,partially_shared_variants
GCF_000005845.2,b3915,fieF,GCF_036503815.1,AABJ99_RS22640,fieF,comparable,4,6,1,5,1,0,3,0,0,0,partially_shared_variants
GCF_000005845.2,b3916,pfkA,GCF_036503815.1,AABJ99_RS22635,pfkA,comparable,6,22,3,19,3,0,3,0,0,0,partially_shared_variants
GCF_000005845.2,b3917,sbp,GCF_036503815.1,AABJ99_RS22630,sbp,comparable,17,19,11,8,11,0,6,0,0,0,partially_shared_variants
GCF_000005845.2,b3918,cdh,GCF_036503815.1,AABJ99_RS22625,cdh,comparable,15,20,3,17,3,0,12,0,0,0,partially_shared_variants
GCF_000005845.2,b3919,tpiA,GCF_036503815.1,AABJ99_RS22620,tpiA,comparable,10,10,2,8,2,0,8,0,0,0,partially_shared_variants
GCF_000005845.2,b3920,yiiQ,GCF_036503815.1,AABJ99_RS22615,yiiQ,comparable,6,5,4,1,4,0,2,0,0,0,partially_shared_variants
GCF_000005845.2,b3921,yiiR,GCF_036503815.1,AABJ99_RS22610,yiiR,comparable,5,6,2,4,2,0,3,0,0,0,partially_shared_variants
GCF_000005845.2,b3922,yiiS,GCF_036503815.1,AABJ99_RS22605,yiiS,comparable,3,2,0,2,0,0,3,0,0,0,reference_allele_difference
GCF_000005845.2,b3923,uspD,GCF_036503815.1,AABJ99_RS22600,uspD,comparable,0,12,0,12,0,0,0,0,0,0,different_variants_in_same_gene
GCF_000005845.2,b3924,fpr,GCF_036503815.1,AABJ99_RS22595,fpr,comparable,24,46,10,36,10,0,14,0,0,0,partially_shared_variants
GCF_000005845.2,b3925,glpX,GCF_036503815.1,AABJ99_RS22590,glpX,comparable,10,38,3,35,3,0,7,0,0,0,partially_shared_variants
GCF_000005845.2,b3926,glpK,GCF_036503815.1,AABJ99_RS22585,glpK,comparable,0,45,0,45,0,0,0,0,0,0,different_variants_in_same_gene
GCF_000005845.2,b3927,glpF,GCF_036503815.1,AABJ99_RS22580,glpF,comparable,3,5,0,5,0,0,3,0,0,0,reference_allele_difference
GCF_000005845.2,b3928,zapB,GCF_036503815.1,AABJ99_RS22575,zapB,comparable,0,0,0,0,0,0,0,0,0,0,same_exact_variants
GCF_000005845.2,b3929,rraA,GCF_036503815.1,AABJ99_RS22565,rraA,comparable,0,11,0,11,0,0,0,0,0,0,different_variants_in_same_gene
GCF_000005845.2,b3930,menA,GCF_036503815.1,AABJ99_RS22560,menA,comparable,0,34,0,34,0,0,0,0,0,0,different_variants_in_same_gene
GCF_000005845.2,b3931,hslU,GCF_036503815.1,AABJ99_RS22555,hslU,comparable,0,31,0,31,0,0,0,0,0,0,different_variants_in_same_gene
GCF_000005845.2,b3932,hslV,GCF_036503815.1,AABJ99_RS22550,hslV,comparable,0,4,0,4,0,0,0,0,0,0,different_variants_in_same_gene
GCF_000005845.2,b3934,cytR,GCF_036503815.1,AABJ99_RS22540,cytR,comparable,0,21,0,21,0,0,0,0,0,0,different_variants_in_same_gene
GCF_000005845.2,b3935,priA,GCF_036503815.1,AABJ99_RS22535,priA,comparable,0,113,0,113,0,0,0,0,0,0,different_variants_in_same_gene
GCF_000005845.2,b3936,rpmE,GCF_036503815.1,AABJ99_RS22530,rpmE,comparable,0,1,0,1,0,0,0,0,0,0,different_variants_in_same_gene
GCF_000005845.2,b3937,yiiX,GCF_036503815.1,AABJ99_RS22525,yiiX,comparable,6,25,0,25,0,0,6,0,0,0,reference_allele_difference
GCF_000005845.2,b3938,metJ,GCF_036503815.1,AABJ99_RS22520,metJ,comparable,0,4,0,4,0,0,0,0,0,0,different_variants_in_same_gene
GCF_000005845.2,b3939,metB,GCF_036503815.1,AABJ99_RS22515,metB,comparable,10,34,7,27,7,0,3,0,0,0,partially_shared_variants
GCF_000005845.2,b3940,metL,GCF_036503815.1,AABJ99_RS22510,metL,comparable,13,84,3,81,3,0,9,0,1,0,partially_shared_variants
GCF_000005845.2,b3941,metF,GCF_036503815.1,AABJ99_RS22495,metF,comparable,2,32,2,30,2,0,0,0,0,0,partially_shared_variants
GCF_000005845.2,b3942,katG,GCF_036503815.1,AABJ99_RS22490,katG,comparable,1,82,1,81,1,0,0,0,0,0,partially_shared_variants
GCF_000005845.2,b3943,yijE,GCF_036503815.1,AABJ99_RS22485,yijE,comparable,0,41,0,41,0,0,0,0,0,0,different_variants_in_same_gene
GCF_000005845.2,b3944,yijF,GCF_036503815.1,AABJ99_RS22480,yijF,comparable,8,37,7,30,7,0,1,0,0,0,partially_shared_variants
GCF_000005845.2,b3945,gldA,GCF_036503815.1,AABJ99_RS22475,gldA,comparable,3,44,2,42,2,0,1,0,0,0,partially_shared_variants
GCF_000005845.2,b3946,fsaB,GCF_036503815.1,AABJ99_RS22470,fsa,comparable,15,28,6,22,6,0,9,0,0,0,partially_shared_variants
GCF_000005845.2,b3947,ptsA,GCF_036503815.1,AABJ99_RS22465,ptsP,comparable,71,117,38,79,38,5,27,0,1,0,partially_shared_variants
GCF_000005845.2,b3949,frwC,GCF_036503815.1,AABJ99_RS22460,frwC,comparable,7,46,5,41,5,0,2,0,0,0,partially_shared_variants
GCF_000005845.2,b3950,frwB,GCF_036503815.1,AABJ99_RS22455,frwB,comparable,7,15,2,13,2,0,5,0,0,0,partially_shared_variants
GCF_000005845.2,b3951,pflD,GCF_036503815.1,AABJ99_RS22450,pflD,comparable,32,105,13,92,13,0,19,0,0,0,partially_shared_variants
GCF_000005845.2,b3952,pflC,GCF_036503815.1,AABJ99_RS22445,pflC,comparable,13,38,7,31,7,0,6,0,0,0,partially_shared_variants
GCF_000005845.2,b3953,frwD,GCF_036503815.1,AABJ99_RS22440,frwD,comparable,4,5,0,5,0,0,4,0,0,0,reference_allele_difference
GCF_000005845.2,b3955,eptC,GCF_036503815.1,AABJ99_RS22430,eptC,comparable,27,38,16,22,16,0,11,0,0,0,partially_shared_variants
GCF_000005845.2,b3956,ppc,GCF_036503815.1,AABJ99_RS22425,ppc,comparable,11,112,6,106,6,0,5,0,0,0,partially_shared_variants
GCF_000005845.2,b3957,argE,GCF_036503815.1,AABJ99_RS22420,argE,comparable,21,40,7,33,7,11,3,0,0,0,partially_shared_variants
GCF_000005845.2,b3958,argC,GCF_036503815.1,AABJ99_RS22415,argC,comparable,0,50,0,50,0,0,0,0,0,0,different_variants_in_same_gene
GCF_000005845.2,b3959,argB,GCF_036503815.1,AABJ99_RS22410,argB,comparable,3,32,1,31,1,0,2,0,0,0,partially_shared_variants
GCF_000005845.2,b3960,argH,GCF_036503815.1,AABJ99_RS22405,argH,comparable,0,65,0,65,0,0,0,0,0,0,different_variants_in_same_gene
GCF_000005845.2,b3961,oxyR,GCF_036503815.1,AABJ99_RS22390,oxyR,comparable,0,17,0,17,0,0,0,0,0,0,different_variants_in_same_gene
GCF_000005845.2,b3962,sthA,GCF_036503815.1,AABJ99_RS22385,sthA,comparable,1,30,1,29,1,0,0,0,0,0,partially_shared_variants
GCF_000005845.2,b3963,fabR,GCF_036503815.1,AABJ99_RS22380,fabR,comparable,0,6,0,6,0,0,0,0,0,0,different_variants_in_same_gene
GCF_000005845.2,b3964,yijD,GCF_036503815.1,AABJ99_RS22375,yijD,comparable,0,3,0,3,0,0,0,0,0,0,different_variants_in_same_gene
GCF_000005845.2,b3965,trmA,GCF_036503815.1,AABJ99_RS22370,trmA,comparable,2,46,0,46,0,0,2,0,0,0,reference_allele_difference
GCF_000005845.2,b3966,btuB,GCF_036503815.1,AABJ99_RS22365,btuB,comparable,1,49,1,48,1,0,0,0,0,0,partially_shared_variants
GCF_000005845.2,b3967,murI,GCF_036503815.1,AABJ99_RS22360,murI,comparable,0,20,0,20,0,0,0,0,0,0,different_variants_in_same_gene
GCF_000005845.2,b3972,murB,GCF_036503815.1,AABJ99_RS22335,murB,comparable,16,35,8,27,8,0,8,0,0,0,partially_shared_variants
GCF_000005845.2,b3973,birA,GCF_036503815.1,AABJ99_RS22330,birA,comparable,10,40,3,37,3,0,7,0,0,0,partially_shared_variants
GCF_000005845.2,b3974,coaA,GCF_036503815.1,AABJ99_RS22325,coaA,comparable,4,21,2,19,2,0,2,0,0,0,partially_shared_variants
GCF_000005845.2,b3981,secE,GCF_036503815.1,AABJ99_RS22295,secE,comparable,1,4,0,4,0,0,1,0,0,0,reference_allele_difference
GCF_000005845.2,b3982,nusG,GCF_036503815.1,AABJ99_RS22290,nusG,comparable,0,10,0,10,0,0,0,0,0,0,different_variants_in_same_gene
GCF_000005845.2,b3983,rplK,GCF_036503815.1,AABJ99_RS22285,rplK,comparable,0,1,0,1,0,0,0,0,0,0,different_variants_in_same_gene
GCF_000005845.2,b3984,rplA,GCF_036503815.1,AABJ99_RS22280,rplA,comparable,2,7,1,6,1,0,1,0,0,0,partially_shared_variants
GCF_000005845.2,b3985,rplJ,GCF_036503815.1,AABJ99_RS22275,rplJ,comparable,0,1,0,1,0,0,0,0,0,0,different_variants_in_same_gene
GCF_000005845.2,b3986,rplL,GCF_036503815.1,AABJ99_RS22270,rplL,comparable,0,0,0,0,0,0,0,0,0,0,same_exact_variants
GCF_000005845.2,b3987,rpoB,GCF_036503815.1,AABJ99_RS22265,rpoB,comparable,12,56,5,51,5,0,7,0,0,0,partially_shared_variants
GCF_000005845.2,b3988,rpoC,GCF_036503815.1,AABJ99_RS22260,rpoC,comparable,17,68,9,59,9,0,8,0,0,0,partially_shared_variants
GCF_000005845.2,b3990,thiH,GCF_036503815.1,AABJ99_RS22255,thiH,comparable,15,62,8,54,8,0,5,0,2,0,partially_shared_variants
GCF_000005845.2,b3991,thiG,GCF_036503815.1,AABJ99_RS22250,thiG,comparable,17,35,10,25,10,0,7,0,0,0,partially_shared_variants
GCF_000005845.2,b4407,thiS,GCF_036503815.1,AABJ99_RS22245,thiS,comparable,2,15,1,14,1,0,1,0,0,0,partially_shared_variants
GCF_000005845.2,b3992,thiF,GCF_036503815.1,AABJ99_RS22240,thiF,comparable,0,39,0,39,0,0,0,0,0,0,different_variants_in_same_gene
GCF_000005845.2,b3993,thiE,GCF_036503815.1,AABJ99_RS22235,thiE,comparable,0,40,0,40,0,0,0,0,0,0,different_variants_in_same_gene
GCF_000005845.2,b3994,thiC,GCF_036503815.1,AABJ99_RS22230,thiC,comparable,24,86,13,73,13,0,11,0,0,0,partially_shared_variants
GCF_000005845.2,b3995,rsd,GCF_036503815.1,AABJ99_RS22225,rsd,comparable,2,7,0,7,0,0,2,0,0,0,reference_allele_difference
GCF_000005845.2,b3996,nudC,GCF_036503815.1,AABJ99_RS22220,nudC,comparable,6,22,3,19,3,0,3,0,0,0,partially_shared_variants
GCF_000005845.2,b3997,hemE,GCF_036503815.1,AABJ99_RS22215,hemE,comparable,12,41,7,34,7,0,5,0,0,0,partially_shared_variants
GCF_000005845.2,b3998,nfi,GCF_036503815.1,AABJ99_RS22210,nfi,comparable,1,34,0,34,0,0,1,0,0,0,reference_allele_difference
GCF_000005845.2,b3999,yjaG,GCF_036503815.1,AABJ99_RS22205,yjaG,comparable,1,19,1,18,1,0,0,0,0,0,partially_shared_variants
GCF_000005845.2,b4000,hupA,GCF_036503815.1,AABJ99_RS22200,hupA,comparable,0,1,0,1,0,0,0,0,0,0,different_variants_in_same_gene
GCF_000005845.2,b4001,yjaH,GCF_036503815.1,AABJ99_RS22195,yjaH,comparable,7,13,5,8,5,0,2,0,0,0,partially_shared_variants
GCF_000005845.2,b4002,zraP,GCF_036503815.1,AABJ99_RS22190,zraP,comparable,7,3,1,2,1,0,3,1,0,2,unresolved_liftover
GCF_000005845.2,b4004,zraR,GCF_036503815.1,AABJ99_RS22180,zraR,comparable,15,60,7,53,7,0,8,0,0,0,partially_shared_variants
GCF_000005845.2,b4005,purD,GCF_036503815.1,AABJ99_RS22175,purD,comparable,28,68,14,54,14,0,14,0,0,0,partially_shared_variants
GCF_000005845.2,b4006,purH,GCF_036503815.1,AABJ99_RS22170,purH,comparable,0,62,0,62,0,0,0,0,0,0,different_variants_in_same_gene
GCF_000005845.2,b4012,yjaB,GCF_036503815.1,AABJ99_RS22140,yjaB,comparable,0,22,0,22,0,0,0,0,0,0,different_variants_in_same_gene
GCF_000005845.2,b4013,metA,GCF_036503815.1,AABJ99_RS22135,metA,comparable,1,35,0,35,0,0,1,0,0,0,reference_allele_difference
GCF_000005845.2,b4014,aceB,GCF_036503815.1,AABJ99_RS22130,aceB,comparable,2,43,2,41,2,0,0,0,0,0,partially_shared_variants
GCF_000005845.2,b4015,aceA,GCF_036503815.1,AABJ99_RS22125,aceA,comparable,8,30,6,24,6,0,2,0,0,0,partially_shared_variants
GCF_000005845.2,b4016,aceK,GCF_036503815.1,AABJ99_RS22120,aceK,comparable,43,78,21,57,21,0,22,0,0,0,partially_shared_variants
GCF_000005845.2,b4018,iclR,GCF_036503815.1,AABJ99_RS22110,iclR,comparable,6,31,4,27,4,0,2,0,0,0,partially_shared_variants
GCF_000005845.2,b4020,yjbB,GCF_036503815.1,AABJ99_RS22100,yjbB,comparable,1,75,1,74,1,0,0,0,0,0,partially_shared_variants
GCF_000005845.2,b4021,pepE,GCF_036503815.1,AABJ99_RS22095,pepE,comparable,0,20,0,20,0,0,0,0,0,0,different_variants_in_same_gene
GCF_000005845.2,b4022,rluF,GCF_036503815.1,AABJ99_RS22090,rluF,comparable,0,37,0,37,0,0,0,0,0,0,different_variants_in_same_gene
GCF_000005845.2,b4023,yjbD,GCF_036503815.1,AABJ99_RS22085,yjbD,comparable,0,18,0,18,0,0,0,0,0,0,different_variants_in_same_gene
GCF_000005845.2,b4024,lysC,GCF_036503815.1,AABJ99_RS22080,lysC,comparable,0,54,0,54,0,0,0,0,0,0,different_variants_in_same_gene
GCF_000005845.2,b4025,pgi,GCF_036503815.1,AABJ99_RS22075,pgi,comparable,1,50,0,50,0,0,1,0,0,0,reference_allele_difference
GCF_000005845.2,b4026,yjbE,GCF_036503815.1,AABJ99_RS22070,yjbE,comparable,2,4,1,3,1,0,1,0,0,0,partially_shared_variants
GCF_000005845.2,b4027,yjbF,GCF_036503815.1,AABJ99_RS22065,yjbF,comparable,21,24,9,15,9,0,12,0,0,0,partially_shared_variants
GCF_000005845.2,b4028,yjbG,GCF_036503815.1,AABJ99_RS22060,yjbG,comparable,15,42,5,37,5,0,10,0,0,0,partially_shared_variants
GCF_000005845.2,b4620,yjbT,GCF_036503815.1,AABJ99_RS22050,AABJ99_RS22050,comparable,0,5,0,5,0,0,0,0,0,0,different_variants_in_same_gene
GCF_000005845.2,b4030,psiE,GCF_036503815.1,AABJ99_RS22045,psiE,comparable,0,12,0,12,0,0,0,0,0,0,different_variants_in_same_gene
GCF_000005845.2,b4032,malG,GCF_036503815.1,AABJ99_RS22040,malG,comparable,0,37,0,37,0,0,0,0,0,0,different_variants_in_same_gene
GCF_000005845.2,b4033,malF,GCF_036503815.1,AABJ99_RS22035,malF,comparable,0,53,0,53,0,0,0,0,0,0,different_variants_in_same_gene
GCF_000005845.2,b4034,malE,GCF_036503815.1,AABJ99_RS22030,malE,comparable,0,45,0,45,0,0,0,0,0,0,different_variants_in_same_gene
GCF_000005845.2,b4035,malK,GCF_036503815.1,AABJ99_RS22025,malK,comparable,0,20,0,20,0,0,0,0,0,0,different_variants_in_same_gene
GCF_000005845.2,b4036,lamB,GCF_036503815.1,AABJ99_RS22020,lamB,comparable,0,42,0,42,0,0,0,0,0,0,different_variants_in_same_gene
GCF_000005845.2,b4037,malM,GCF_036503815.1,AABJ99_RS22015,malM,comparable,0,24,0,24,0,0,0,0,0,0,different_variants_in_same_gene
GCF_000005845.2,b4039,ubiC,GCF_036503815.1,AABJ99_RS22005,ubiC,comparable,1,17,0,17,0,0,1,0,0,0,reference_allele_difference
GCF_000005845.2,b4040,ubiA,GCF_036503815.1,AABJ99_RS22000,ubiA,comparable,0,14,0,14,0,0,0,0,0,0,different_variants_in_same_gene
GCF_000005845.2,b4041,plsB,GCF_036503815.1,AABJ99_RS21995,plsB,comparable,28,85,15,70,15,0,13,0,0,0,partially_shared_variants
GCF_000005845.2,b4042,dgkA,GCF_036503815.1,AABJ99_RS21990,dgkA,comparable,6,17,3,14,3,0,3,0,0,0,partially_shared_variants
GCF_000005845.2,b4043,lexA,GCF_036503815.1,AABJ99_RS21985,lexA,comparable,4,23,1,22,1,0,3,0,0,0,partially_shared_variants
GCF_000005845.2,b4044,dinF,GCF_036503815.1,AABJ99_RS21980,dinF,comparable,16,72,6,66,7,0,9,0,0,0,partially_shared_variants
GCF_000005845.2,b4045,yjbJ,GCF_036503815.1,AABJ99_RS21975,yjbJ,comparable,0,1,0,1,0,0,0,0,0,0,different_variants_in_same_gene
GCF_000005845.2,b4046,zur,GCF_036503815.1,AABJ99_RS21970,zur,comparable,9,40,4,36,4,0,5,0,0,0,partially_shared_variants
GCF_000005845.2,b4049,dusA,GCF_036503815.1,AABJ99_RS21960,dusA,comparable,11,40,0,40,0,0,0,0,0,11,unresolved_liftover
GCF_000005845.2,b4050,pspG,GCF_036503815.1,AABJ99_RS21955,pspG,comparable,0,9,0,9,0,0,0,0,0,0,different_variants_in_same_gene
GCF_000005845.2,b4051,qorA,GCF_036503815.1,AABJ99_RS21950,qorA,comparable,9,37,0,37,0,0,0,0,0,9,unresolved_liftover
GCF_000005845.2,b4052,dnaB,GCF_036503815.1,AABJ99_RS21945,dnaB,comparable,14,53,0,53,0,0,0,0,0,14,unresolved_liftover
GCF_000005845.2,b4053,alr,GCF_036503815.1,AABJ99_RS21930,alr,comparable,2,39,0,39,0,0,0,0,0,2,unresolved_liftover
GCF_000005845.2,b4054,tyrB,GCF_036503815.1,AABJ99_RS21915,tyrB,comparable,1,27,0,27,0,0,0,0,0,1,unresolved_liftover
GCF_000005845.2,b4055,aphA,GCF_036503815.1,AABJ99_RS21910,aphA,comparable,1,14,1,13,1,0,0,0,0,0,partially_shared_variants
GCF_000005845.2,b4056,yjbQ,GCF_036503815.1,AABJ99_RS21905,yjbQ,comparable,0,5,0,5,0,0,0,0,0,0,different_variants_in_same_gene
GCF_000005845.2,b4057,yjbR,GCF_036503815.1,AABJ99_RS21900,yjbR,comparable,1,0,0,0,0,0,1,0,0,0,reference_allele_difference
GCF_000005845.2,b4058,uvrA,GCF_036503815.1,AABJ99_RS21895,uvrA,comparable,51,99,22,77,22,0,29,0,0,0,partially_shared_variants
GCF_000005845.2,b4060,yjcB,GCF_036503815.1,AABJ99_RS21885,yjcB,comparable,0,5,0,5,0,0,0,0,0,0,different_variants_in_same_gene
GCF_000005845.2,b4061,pdeC,GCF_036503815.1,AABJ99_RS21880,pdeC,comparable,0,57,0,57,0,0,0,0,0,0,different_variants_in_same_gene
GCF_000005845.2,b4062,soxS,GCF_036503815.1,AABJ99_RS21875,soxS,comparable,0,7,0,7,0,0,0,0,0,0,different_variants_in_same_gene
GCF_000005845.2,b4063,soxR,GCF_036503815.1,AABJ99_RS21870,soxR,comparable,0,14,0,14,0,0,0,0,0,0,different_variants_in_same_gene
GCF_000005845.2,b4065,yjcE,GCF_036503815.1,AABJ99_RS21860,yjcE,comparable,16,55,7,48,7,0,9,0,0,0,partially_shared_variants
GCF_000005845.2,b4067,actP,GCF_036503815.1,AABJ99_RS21850,actP,comparable,21,87,13,74,13,0,8,0,0,0,partially_shared_variants
GCF_000005845.2,b4068,yjcH,GCF_036503815.1,AABJ99_RS21845,yjcH,comparable,5,4,4,0,4,0,1,0,0,0,partially_shared_variants
GCF_000005845.2,b4069,acs,GCF_036503815.1,AABJ99_RS21840,acs,comparable,17,76,9,67,9,0,8,0,0,0,partially_shared_variants
GCF_000005845.2,b4070,nrfA,GCF_036503815.1,AABJ99_RS21835,nrfA,comparable,0,27,0,27,0,0,0,0,0,0,different_variants_in_same_gene
GCF_000005845.2,b4071,nrfB,GCF_036503815.1,AABJ99_RS21830,nrfB,comparable,0,5,0,5,0,0,0,0,0,0,different_variants_in_same_gene
GCF_000005845.2,b4072,nrfC,GCF_036503815.1,AABJ99_RS21825,nrfC,comparable,0,17,0,17,0,0,0,0,0,0,different_variants_in_same_gene
GCF_000005845.2,b4073,nrfD,GCF_036503815.1,AABJ99_RS21820,nrfD,comparable,1,41,0,41,0,0,1,0,0,0,reference_allele_difference
GCF_000005845.2,b4074,nrfE,GCF_036503815.1,AABJ99_RS21815,nrfE,comparable,43,80,27,53,27,0,16,0,0,0,partially_shared_variants
GCF_000005845.2,b4076,nrfG,GCF_036503815.1,AABJ99_RS21805,nrfG,comparable,18,19,6,13,6,0,12,0,0,0,partially_shared_variants
GCF_000005845.2,b4077,gltP,GCF_036503815.1,AABJ99_RS21800,gltP,comparable,22,42,14,28,14,0,8,0,0,0,partially_shared_variants
GCF_000005845.2,b4078,yjcO,GCF_036503815.1,AABJ99_RS21795,yjcO,comparable,0,19,0,19,0,0,0,0,0,0,different_variants_in_same_gene
GCF_000005845.2,b4079,fdhF,GCF_036503815.1,AABJ99_RS21790,fdhF,comparable,11,50,8,42,8,0,3,0,0,0,partially_shared_variants
GCF_000005845.2,b4080,mdtP,GCF_036503815.1,AABJ99_RS21785,mdtP,comparable,1,64,1,63,1,0,0,0,0,0,partially_shared_variants
GCF_000005845.2,b4081,mdtO,GCF_036503815.1,AABJ99_RS21780,mdtO,comparable,8,78,4,74,4,0,4,0,0,0,partially_shared_variants
GCF_000005845.2,b4082,mdtN,GCF_036503815.1,AABJ99_RS21775,mdtN,comparable,0,35,0,35,0,0,0,0,0,0,different_variants_in_same_gene
GCF_000005845.2,b4622,ytcA,GCF_036503815.1,AABJ99_RS21770,ytcA,comparable,0,1,0,1,0,0,0,0,0,0,different_variants_in_same_gene
GCF_000005845.2,b4083,yjcS,GCF_036503815.1,AABJ99_RS21765,yjcS,comparable,19,108,12,96,12,0,7,0,0,0,partially_shared_variants
GCF_000005845.2,b4487,yjdP,GCF_036503815.1,AABJ99_RS21755,yjdP,comparable,1,10,1,9,1,0,0,0,0,0,partially_shared_variants
GCF_000005845.2,b4093,phnO,GCF_036503815.1,AABJ99_RS21745,phnO,comparable,0,16,0,16,0,0,0,0,0,0,different_variants_in_same_gene
GCF_000005845.2,b4094,phnN,GCF_036503815.1,AABJ99_RS21740,phnN,comparable,0,30,0,30,0,0,0,0,0,0,different_variants_in_same_gene
GCF_000005845.2,b4095,phnM,GCF_036503815.1,AABJ99_RS21735,phnM,comparable,1,59,0,59,0,0,1,0,0,0,reference_allele_difference
GCF_000005845.2,b4096,phnL,GCF_036503815.1,AABJ99_RS21730,phnL,comparable,1,44,1,43,1,0,0,0,0,0,partially_shared_variants
GCF_000005845.2,b4097,phnK,GCF_036503815.1,AABJ99_RS21725,phnK,comparable,0,44,0,44,0,0,0,0,0,0,different_variants_in_same_gene
GCF_000005845.2,b4098,phnJ,GCF_036503815.1,AABJ99_RS21720,phnJ,comparable,15,27,4,23,4,0,11,0,0,0,partially_shared_variants
GCF_000005845.2,b4099,phnI,GCF_036503815.1,AABJ99_RS21715,phnI,comparable,31,55,19,36,19,0,12,0,0,0,partially_shared_variants
GCF_000005845.2,b4100,phnH,GCF_036503815.1,AABJ99_RS21710,phnH,comparable,10,34,5,29,5,0,5,0,0,0,partially_shared_variants
GCF_000005845.2,b4101,phnG,GCF_036503815.1,AABJ99_RS21705,phnG,comparable,1,19,0,19,0,0,1,0,0,0,reference_allele_difference
GCF_000005845.2,b4102,phnF,GCF_036503815.1,AABJ99_RS21700,phnF,comparable,1,25,0,25,0,0,1,0,0,0,reference_allele_difference
GCF_000005845.2,b4105,phnD,GCF_036503815.1,AABJ99_RS21690,phnD,comparable,29,28,13,15,13,0,16,0,0,0,partially_shared_variants
GCF_000005845.2,b4106,phnC,GCF_036503815.1,AABJ99_RS21685,phnC,comparable,24,25,13,12,13,0,11,0,0,0,partially_shared_variants
GCF_000005845.2,b4107,yjdN,GCF_036503815.1,AABJ99_RS21680,yjdN,comparable,3,20,1,19,1,0,2,0,0,0,partially_shared_variants
GCF_000005845.2,b4108,yjdM,GCF_036503815.1,AABJ99_RS21675,yjdM,comparable,1,11,1,10,1,0,0,0,0,0,partially_shared_variants
GCF_000005845.2,b4109,rdcA,GCF_036503815.1,AABJ99_RS21670,crfC,comparable,20,47,12,35,12,0,8,0,0,0,partially_shared_variants
GCF_000005845.2,b4110,rdcB,GCF_036503815.1,AABJ99_RS21665,rdcB,comparable,5,23,2,21,2,0,3,0,0,0,partially_shared_variants
GCF_000005845.2,b4111,proP,GCF_036503815.1,AABJ99_RS21660,proP,comparable,12,16,7,9,7,0,5,0,0,0,partially_shared_variants
GCF_000005845.2,b4703,pmrR,GCF_036503815.1,AABJ99_RS21655,pmrR,comparable,0,0,0,0,0,0,0,0,0,0,same_exact_variants
GCF_000005845.2,b4112,basS,GCF_036503815.1,AABJ99_RS21650,pmrB,comparable,1,25,1,24,1,0,0,0,0,0,partially_shared_variants
GCF_000005845.2,b4113,basR,GCF_036503815.1,AABJ99_RS21645,basR,comparable,8,24,2,22,2,0,6,0,0,0,partially_shared_variants
GCF_000005845.2,b4116,adiY,GCF_036503815.1,AABJ99_RS21630,adiY,comparable,0,15,0,15,0,0,0,0,0,0,different_variants_in_same_gene
GCF_000005845.2,b4117,adiA,GCF_036503815.1,AABJ99_RS21625,adiA,comparable,1,59,1,58,1,0,0,0,0,0,partially_shared_variants
GCF_000005845.2,b4118,melR,GCF_036503815.1,AABJ99_RS21620,melR,comparable,0,14,0,14,0,0,0,0,0,0,different_variants_in_same_gene
GCF_000005845.2,b4119,melA,GCF_036503815.1,AABJ99_RS21615,melA,comparable,14,35,6,29,6,0,8,0,0,0,partially_shared_variants
GCF_000005845.2,b4121,yjdF,GCF_036503815.1,AABJ99_RS21610,yjdF,comparable,10,10,6,4,6,0,4,0,0,0,partially_shared_variants
GCF_000005845.2,b4122,fumB,GCF_036503815.1,AABJ99_RS21605,fumB,comparable,23,51,12,39,12,0,11,0,0,0,partially_shared_variants
GCF_000005845.2,b4123,dcuB,GCF_036503815.1,AABJ99_RS21600,dcuB,comparable,6,28,3,25,3,0,3,0,0,0,partially_shared_variants
GCF_000005845.2,b4124,dcuR,GCF_036503815.1,AABJ99_RS21595,dcuR,comparable,3,30,1,29,1,0,2,0,0,0,partially_shared_variants
GCF_000005845.2,b4125,dcuS,GCF_036503815.1,AABJ99_RS21590,dcuS,comparable,2,23,2,21,2,0,0,0,0,0,partially_shared_variants
GCF_000005845.2,b4126,yjdI,GCF_036503815.1,AABJ99_RS21585,yjdI,comparable,1,9,1,8,1,0,0,0,0,0,partially_shared_variants
GCF_000005845.2,b4127,yjdJ,GCF_036503815.1,AABJ99_RS21580,yjdJ,comparable,0,6,0,6,0,0,0,0,0,0,different_variants_in_same_gene
GCF_000005845.2,b4128,ghoS,GCF_036503815.1,AABJ99_RS21575,ghoS,comparable,0,3,0,3,0,0,0,0,0,0,different_variants_in_same_gene
GCF_000005845.2,b4129,lysU,GCF_036503815.1,AABJ99_RS21565,lysS,comparable,2,33,2,31,2,0,0,0,0,0,partially_shared_variants
GCF_000005845.2,b4130,dtpC,GCF_036503815.1,AABJ99_RS21560,dtpC,comparable,12,27,7,20,7,0,5,0,0,0,partially_shared_variants
GCF_000005845.2,b4131,cadA,GCF_036503815.1,AABJ99_RS21555,cadA,comparable,10,33,3,30,3,0,7,0,0,0,partially_shared_variants
GCF_000005845.2,b4132,cadB,GCF_036503815.1,AABJ99_RS21550,cadB,comparable,7,31,3,28,3,0,4,0,0,0,partially_shared_variants
GCF_000005845.2,b4133,cadC,GCF_036503815.1,AABJ99_RS21545,cadC,comparable,9,19,7,12,7,0,2,0,0,0,partially_shared_variants
GCF_000005845.2,b4135,dicD,GCF_036503815.1,AABJ99_RS21535,dicD,comparable,0,10,0,10,0,0,0,0,0,0,different_variants_in_same_gene
GCF_000005845.2,b4136,dsbD,GCF_036503815.1,AABJ99_RS21530,dsbD,comparable,16,46,11,35,11,0,5,0,0,0,partially_shared_variants
GCF_000005845.2,b4137,cutA,GCF_036503815.1,AABJ99_RS21525,cutA,comparable,2,4,0,4,0,0,2,0,0,0,reference_allele_difference
GCF_000005845.2,b4138,dcuA,GCF_036503815.1,AABJ99_RS21520,dcuA,comparable,4,6,2,4,2,0,2,0,0,0,partially_shared_variants
GCF_000005845.2,b4139,aspA,GCF_036503815.1,AABJ99_RS21515,aspA,comparable,6,7,1,6,1,0,5,0,0,0,partially_shared_variants
GCF_000005845.2,b4140,fxsA,GCF_036503815.1,AABJ99_RS21510,fxsA,comparable,7,6,2,4,2,0,5,0,0,0,partially_shared_variants
GCF_000005845.2,b4141,yjeH,GCF_036503815.1,AABJ99_RS21505,yjeH,comparable,27,35,15,20,15,0,12,0,0,0,partially_shared_variants
GCF_000005845.2,b4142,groS,GCF_036503815.1,AABJ99_RS21500,groS,comparable,1,2,0,2,0,0,1,0,0,0,reference_allele_difference
GCF_000005845.2,b4143,groL,GCF_036503815.1,AABJ99_RS21495,groL,comparable,12,30,8,22,8,0,4,0,0,0,partially_shared_variants
GCF_000005845.2,b4144,yjeI,GCF_036503815.1,AABJ99_RS21490,yjeI,comparable,3,9,1,8,1,0,2,0,0,0,partially_shared_variants
GCF_000005845.2,b4145,yjeJ,GCF_036503815.1,AABJ99_RS21485,yjeJ,comparable,5,41,3,38,3,0,2,0,0,0,partially_shared_variants
GCF_000005845.2,b4146,epmB,GCF_036503815.1,AABJ99_RS21480,epmB,comparable,31,32,15,17,15,0,16,0,0,0,partially_shared_variants
GCF_000005845.2,b4147,efp,GCF_036503815.1,AABJ99_RS21475,efp,comparable,5,10,2,8,2,0,3,0,0,0,partially_shared_variants
GCF_000005845.2,b4410,ecnA,GCF_036503815.1,AABJ99_RS21470,ecnA,comparable,1,3,0,3,0,0,1,0,0,0,reference_allele_difference
GCF_000005845.2,b4411,ecnB,GCF_036503815.1,AABJ99_RS21465,ecnB,comparable,0,2,0,2,0,0,0,0,0,0,different_variants_in_same_gene
GCF_000005845.2,b4148,gdx,GCF_036503815.1,AABJ99_RS21460,sugE,comparable,3,13,2,11,2,0,1,0,0,0,partially_shared_variants
GCF_000005845.2,b4150,ampC,GCF_036503815.1,AABJ99_RS21450,ampC,comparable,30,59,21,38,21,0,9,0,0,0,partially_shared_variants
GCF_000005845.2,b4151,frdD,GCF_036503815.1,AABJ99_RS21445,frdD,comparable,6,7,4,3,4,0,2,0,0,0,partially_shared_variants
GCF_000005845.2,b4152,frdC,GCF_036503815.1,AABJ99_RS21440,frdC,comparable,2,6,2,4,2,0,0,0,0,0,partially_shared_variants
GCF_000005845.2,b4153,frdB,GCF_036503815.1,AABJ99_RS21435,frdB,comparable,2,5,1,4,1,0,1,0,0,0,partially_shared_variants
GCF_000005845.2,b4154,frdA,GCF_036503815.1,AABJ99_RS21430,frdA,comparable,14,22,4,18,4,0,10,0,0,0,partially_shared_variants
GCF_000005845.2,b4155,epmA,GCF_036503815.1,AABJ99_RS21425,epmA,comparable,0,16,0,16,0,0,0,0,0,0,different_variants_in_same_gene
GCF_000005845.2,b4156,yjeM,GCF_036503815.1,AABJ99_RS21420,yjeM,comparable,14,36,8,28,8,0,6,0,0,0,partially_shared_variants
GCF_000005845.2,b4159,mscM,GCF_036503815.1,AABJ99_RS21405,mscM,comparable,5,140,1,139,1,2,1,1,0,0,partially_shared_variants
GCF_000005845.2,b4160,psd,GCF_036503815.1,AABJ99_RS21400,asd,comparable,11,30,7,23,7,0,4,0,0,0,partially_shared_variants
GCF_000005845.2,b4161,rsgA,GCF_036503815.1,AABJ99_RS21395,rsgA,comparable,12,32,3,29,3,0,9,0,0,0,partially_shared_variants
GCF_000005845.2,b4162,orn,GCF_036503815.1,AABJ99_RS21390,orn,comparable,1,11,0,11,0,0,1,0,0,0,reference_allele_difference
GCF_000005845.2,b4670,yjeV,GCF_036503815.1,AABJ99_RS21370,AABJ99_RS21370,comparable,0,3,0,3,0,0,0,0,0,0,different_variants_in_same_gene
GCF_000005845.2,b4166,queG,GCF_036503815.1,AABJ99_RS21365,queG,comparable,3,47,1,46,1,0,2,0,0,0,partially_shared_variants
GCF_000005845.2,b4167,nnr,GCF_036503815.1,AABJ99_RS21360,nnr,comparable,30,79,15,64,15,0,15,0,0,0,partially_shared_variants
GCF_000005845.2,b4168,tsaE,GCF_036503815.1,AABJ99_RS21355,tsaE,comparable,6,10,6,4,6,0,0,0,0,0,partially_shared_variants
GCF_000005845.2,b4169,amiB,GCF_036503815.1,AABJ99_RS21350,amiB,comparable,14,50,10,40,10,0,4,0,0,0,partially_shared_variants
GCF_000005845.2,b4170,mutL,GCF_036503815.1,AABJ99_RS21345,mutL,comparable,7,75,5,70,5,0,2,0,0,0,partially_shared_variants
GCF_000005845.2,b4171,miaA,GCF_036503815.1,AABJ99_RS21340,miaA,comparable,0,9,0,9,0,0,0,0,0,0,different_variants_in_same_gene
GCF_000005845.2,b4172,hfq,GCF_036503815.1,AABJ99_RS21335,hfq,comparable,0,1,0,1,0,0,0,0,0,0,different_variants_in_same_gene
GCF_000005845.2,b4173,hflX,GCF_036503815.1,AABJ99_RS21330,hflX,comparable,1,22,0,22,0,0,1,0,0,0,reference_allele_difference
GCF_000005845.2,b4174,hflK,GCF_036503815.1,AABJ99_RS21325,hflK,comparable,2,23,0,23,0,0,2,0,0,0,reference_allele_difference
GCF_000005845.2,b4175,hflC,GCF_036503815.1,AABJ99_RS21320,hflC,comparable,5,13,4,9,4,0,1,0,0,0,partially_shared_variants
GCF_000005845.2,b4176,yjeT,GCF_036503815.1,AABJ99_RS21315,yjeT,comparable,1,3,1,2,1,0,0,0,0,0,partially_shared_variants
GCF_000005845.2,b4177,purA,GCF_036503815.1,AABJ99_RS21310,purA,comparable,3,17,1,16,1,0,2,0,0,0,partially_shared_variants
GCF_000005845.2,b4178,nsrR,GCF_036503815.1,AABJ99_RS21305,nsrR,comparable,3,6,2,4,2,0,1,0,0,0,partially_shared_variants
GCF_000005845.2,b4179,rnr,GCF_036503815.1,AABJ99_RS21300,rnr,comparable,5,77,4,73,4,0,1,0,0,0,partially_shared_variants
GCF_000005845.2,b4180,rlmB,GCF_036503815.1,AABJ99_RS21290,rlmB,comparable,0,29,0,29,0,0,0,0,0,0,different_variants_in_same_gene
GCF_000005845.2,b4181,yjfI,GCF_036503815.1,AABJ99_RS21285,yjfI,comparable,0,15,0,15,0,0,0,0,0,0,different_variants_in_same_gene
GCF_000005845.2,b4183,yjfK,GCF_036503815.1,AABJ99_RS21270,yjfK,comparable,1,32,1,31,1,0,0,0,0,0,partially_shared_variants
GCF_000005845.2,b4184,yjfL,GCF_036503815.1,AABJ99_RS21265,yjfL,comparable,0,14,0,14,0,0,0,0,0,0,different_variants_in_same_gene
GCF_000005845.2,b4185,yjfM,GCF_036503815.1,AABJ99_RS21260,yjfM,comparable,4,39,3,36,3,0,1,0,0,0,partially_shared_variants
GCF_000005845.2,b4186,yjfC,GCF_036503815.1,AABJ99_RS21255,yjfC,comparable,15,47,6,41,6,0,9,0,0,0,partially_shared_variants
GCF_000005845.2,b4187,aidB,GCF_036503815.1,AABJ99_RS21250,aidB,comparable,2,62,0,62,0,0,2,0,0,0,reference_allele_difference
GCF_000005845.2,b4188,yjfN,GCF_036503815.1,AABJ99_RS21245,yjfN,comparable,0,4,0,4,0,0,0,0,0,0,different_variants_in_same_gene
GCF_000005845.2,b4189,bsmA,GCF_036503815.1,AABJ99_RS21240,bsmA,comparable,0,1,0,1,0,0,0,0,0,0,different_variants_in_same_gene
GCF_000005845.2,b4190,yjfP,GCF_036503815.1,AABJ99_RS21235,yjfP,comparable,11,23,7,16,7,0,4,0,0,0,partially_shared_variants
GCF_000005845.2,b4191,ulaR,GCF_036503815.1,AABJ99_RS21230,ulaR,comparable,6,37,2,35,2,0,4,0,0,0,partially_shared_variants
GCF_000005845.2,b4192,ulaG,GCF_036503815.1,AABJ99_RS21225,ulaG,comparable,25,63,14,49,14,0,11,0,0,0,partially_shared_variants
GCF_000005845.2,b4193,ulaA,GCF_036503815.1,AABJ99_RS21220,ulaA,comparable,43,74,18,56,18,0,25,0,0,0,partially_shared_variants
GCF_000005845.2,b4194,ulaB,GCF_036503815.1,AABJ99_RS21215,ulaB,comparable,4,11,1,10,1,0,3,0,0,0,partially_shared_variants
GCF_000005845.2,b4195,ulaC,GCF_036503815.1,AABJ99_RS21210,ulaC,comparable,25,19,6,13,6,0,19,0,0,0,partially_shared_variants
GCF_000005845.2,b4196,ulaD,GCF_036503815.1,AABJ99_RS21205,ulaD,comparable,29,34,14,20,14,0,15,0,0,0,partially_shared_variants
GCF_000005845.2,b4197,ulaE,GCF_036503815.1,AABJ99_RS21200,ulaE,comparable,18,29,7,22,7,0,11,0,0,0,partially_shared_variants
GCF_000005845.2,b4198,ulaF,GCF_036503815.1,AABJ99_RS21195,ulaF,comparable,20,42,11,31,11,4,5,0,0,0,partially_shared_variants
GCF_000005845.2,b4199,yjfY,GCF_036503815.1,AABJ99_RS21190,yjfY,comparable,5,2,1,1,1,0,4,0,0,0,partially_shared_variants
GCF_000005845.2,b4200,rpsF,GCF_036503815.1,AABJ99_RS21185,rpsF,comparable,6,5,5,0,5,0,1,0,0,0,partially_shared_variants
GCF_000005845.2,b4201,priB,GCF_036503815.1,AABJ99_RS21180,priB,comparable,3,3,2,1,2,0,1,0,0,0,partially_shared_variants
GCF_000005845.2,b4202,rpsR,GCF_036503815.1,AABJ99_RS21175,rpsR,comparable,0,0,0,0,0,0,0,0,0,0,same_exact_variants
GCF_000005845.2,b4203,rplI,GCF_036503815.1,AABJ99_RS21170,rplI,comparable,1,0,0,0,0,0,1,0,0,0,reference_allele_difference
GCF_000005845.2,b4207,fklB,GCF_036503815.1,AABJ99_RS21115,fklB,comparable,16,20,7,13,7,0,9,0,0,0,partially_shared_variants
GCF_000005845.2,b4208,cycA,GCF_036503815.1,AABJ99_RS21110,cycA,comparable,25,76,13,63,13,2,10,0,0,0,partially_shared_variants
GCF_000005845.2,b4209,ytfE,GCF_036503815.1,AABJ99_RS21105,ytfE,comparable,11,18,5,13,5,0,6,0,0,0,partially_shared_variants
GCF_000005845.2,b4210,ytfF,GCF_036503815.1,AABJ99_RS21100,ytfF,comparable,28,48,17,31,17,1,10,0,0,0,partially_shared_variants
GCF_000005845.2,b4212,ytfH,GCF_036503815.1,AABJ99_RS21090,ytfH,comparable,1,23,1,22,1,0,0,0,0,0,partially_shared_variants
GCF_000005845.2,b4213,cpdB,GCF_036503815.1,AABJ99_RS21085,cpdB,comparable,48,92,25,67,25,10,13,0,0,0,partially_shared_variants
GCF_000005845.2,b4214,cysQ,GCF_036503815.1,AABJ99_RS21080,cysQ,comparable,12,14,4,10,4,1,6,0,1,0,partially_shared_variants
GCF_000005845.2,b4216,ytfJ,GCF_036503815.1,AABJ99_RS21070,ytfJ,comparable,4,19,3,16,3,0,1,0,0,0,partially_shared_variants
GCF_000005845.2,b4217,ytfK,GCF_036503815.1,AABJ99_RS21065,ytfK,comparable,1,1,0,1,0,0,1,0,0,0,reference_allele_difference
GCF_000005845.2,b4218,paeA,GCF_036503815.1,AABJ99_RS21060,paeA,comparable,6,59,3,56,3,0,3,0,0,0,partially_shared_variants
GCF_000005845.2,b4219,msrA,GCF_036503815.1,AABJ99_RS21055,msrA,comparable,3,18,3,15,3,0,0,0,0,0,partially_shared_variants
GCF_000005845.2,b4220,tamA,GCF_036503815.1,AABJ99_RS21050,tamA,comparable,18,39,8,31,8,0,10,0,0,0,partially_shared_variants
GCF_000005845.2,b4221,tamB,GCF_036503815.1,AABJ99_RS21045,tamB,comparable,52,178,30,148,30,0,22,0,0,0,partially_shared_variants
GCF_000005845.2,b4222,ytfP,GCF_036503815.1,AABJ99_RS21040,ytfP,comparable,1,1,0,1,0,0,1,0,0,0,reference_allele_difference
GCF_000005845.2,b4226,ppa,GCF_036503815.1,AABJ99_RS21030,ppa,comparable,10,11,4,7,4,0,6,0,0,0,partially_shared_variants
GCF_000005845.2,b4227,ytfQ,GCF_036503815.1,AABJ99_RS21025,ytfQ,comparable,31,34,13,21,13,0,18,0,0,0,partially_shared_variants
GCF_000005845.2,b4485,ytfR,GCF_036503815.1,AABJ99_RS21020,ytfR,comparable,17,68,10,58,10,0,7,0,0,0,partially_shared_variants
GCF_000005845.2,b4230,ytfT,GCF_036503815.1,AABJ99_RS21015,ytfT,comparable,45,53,23,30,23,0,22,0,0,0,partially_shared_variants
GCF_000005845.2,b4231,yjfF,GCF_036503815.1,AABJ99_RS21010,yjfF,comparable,21,50,9,41,9,4,7,0,1,0,partially_shared_variants
GCF_000005845.2,b4232,fbp,GCF_036503815.1,AABJ99_RS21000,fbp,comparable,5,26,4,22,4,0,1,0,0,0,partially_shared_variants
GCF_000005845.2,b4233,mpl,GCF_036503815.1,AABJ99_RS20995,mpl,comparable,16,58,9,49,9,0,7,0,0,0,partially_shared_variants
GCF_000005845.2,b4234,yjgA,GCF_036503815.1,AABJ99_RS20990,yjgA,comparable,7,19,6,13,6,0,1,0,0,0,partially_shared_variants
GCF_000005845.2,b4235,tldE,GCF_036503815.1,AABJ99_RS20985,pmbA,comparable,23,57,12,45,12,0,10,0,0,1,unresolved_liftover
GCF_000005845.2,b4237,nrdG,GCF_036503815.1,AABJ99_RS20975,nrdG,comparable,6,12,5,7,5,0,1,0,0,0,partially_shared_variants
GCF_000005845.2,b4238,nrdD,GCF_036503815.1,AABJ99_RS20970,nrdD,comparable,22,64,9,55,9,0,13,0,0,0,partially_shared_variants
GCF_000005845.2,b4239,treC,GCF_036503815.1,AABJ99_RS20965,treC,comparable,18,63,8,55,8,0,10,0,0,0,partially_shared_variants
GCF_000005845.2,b4240,treB,GCF_036503815.1,AABJ99_RS20960,treB,comparable,24,60,11,49,11,0,13,0,0,0,partially_shared_variants
GCF_000005845.2,b4241,treR,GCF_036503815.1,AABJ99_RS20955,treR,comparable,19,39,9,30,9,0,10,0,0,0,partially_shared_variants
GCF_000005845.2,b4702,mgtL,GCF_036503815.1,AABJ99_RS20950,mgtL,comparable,0,0,0,0,0,0,0,0,0,0,same_exact_variants
GCF_000005845.2,b4242,mgtA,GCF_036503815.1,AABJ99_RS20945,mgtA,comparable,39,100,20,80,20,0,18,0,0,1,unresolved_liftover
GCF_000005845.2,b4243,ridA,GCF_036503815.1,AABJ99_RS20935,ridA,comparable,10,12,0,12,0,0,0,0,0,10,unresolved_liftover
GCF_000005845.2,b4244,pyrI,GCF_036503815.1,AABJ99_RS20930,pyrI,comparable,6,17,0,17,0,0,0,0,0,6,unresolved_liftover
GCF_000005845.2,b4245,pyrB,GCF_036503815.1,AABJ99_RS20925,pyrB,comparable,8,17,0,17,0,0,0,0,0,8,unresolved_liftover
GCF_000005845.2,b4246,pyrL,GCF_036503815.1,AABJ99_RS20920,pyrL,comparable,0,0,0,0,0,0,0,0,0,0,same_exact_variants
GCF_000005845.2,b4248,yjgH,GCF_036503815.1,AABJ99_RS20915,yjgH,comparable,5,15,0,15,0,0,0,0,0,5,unresolved_liftover
GCF_000005845.2,b4249,bdcA,GCF_036503815.1,AABJ99_RS20910,bdcA,comparable,11,11,0,11,0,0,0,0,0,11,unresolved_liftover
GCF_000005845.2,b4251,bdcR,GCF_036503815.1,AABJ99_RS20905,bdcR,comparable,15,12,0,12,0,0,0,0,0,15,unresolved_liftover
GCF_000005845.2,b4252,tabA,GCF_036503815.1,AABJ99_RS20900,tabA,comparable,10,12,0,12,0,0,0,0,0,10,unresolved_liftover
GCF_000005845.2,b4254,argI,GCF_036503815.1,AABJ99_RS20890,argF,comparable,35,23,12,11,12,0,23,0,0,0,partially_shared_variants
GCF_000005845.2,b4255,rraB,GCF_036503815.1,AABJ99_RS20885,rraB,comparable,4,2,1,1,1,0,3,0,0,0,partially_shared_variants
GCF_000005845.2,b4256,yjgM,GCF_036503815.1,AABJ99_RS20880,yjgM,comparable,24,25,22,3,22,0,2,0,0,0,partially_shared_variants
GCF_000005845.2,b4257,yjgN,GCF_036503815.1,AABJ99_RS20875,yjgN,comparable,24,23,17,6,17,0,7,0,0,0,partially_shared_variants
GCF_000005845.2,b4258,valS,GCF_036503815.1,AABJ99_RS20870,valS,comparable,59,86,37,49,37,0,22,0,0,0,partially_shared_variants
GCF_000005845.2,b4259,holC,GCF_036503815.1,AABJ99_RS20865,holC,comparable,7,4,3,1,3,0,4,0,0,0,partially_shared_variants
GCF_000005845.2,b4260,pepA,GCF_036503815.1,AABJ99_RS20860,pepA,comparable,11,56,7,49,7,0,4,0,0,0,partially_shared_variants
GCF_000005845.2,b4800,ytgA,GCF_036503815.1,AABJ99_RS20855,ytgA,comparable,0,0,0,0,0,0,0,0,0,0,same_exact_variants
GCF_000005845.2,b4261,lptF,GCF_036503815.1,AABJ99_RS20850,lptF,comparable,4,21,2,19,2,0,2,0,0,0,partially_shared_variants
GCF_000005845.2,b4262,lptG,GCF_036503815.1,AABJ99_RS20845,lptG,comparable,0,39,0,39,0,0,0,0,0,0,different_variants_in_same_gene
GCF_000005845.2,b4263,yjgR,GCF_036503815.1,AABJ99_RS20840,yjgR,comparable,0,77,0,77,0,0,0,0,0,0,different_variants_in_same_gene
GCF_000005845.2,b4310,nanM,GCF_036503815.1,AABJ99_RS20730,nanM,comparable,0,40,0,40,0,0,0,0,0,0,different_variants_in_same_gene
GCF_000005845.2,b4311,nanC,GCF_036503815.1,AABJ99_RS20725,nanC,comparable,0,8,0,8,0,0,0,0,0,0,different_variants_in_same_gene
GCF_000005845.2,b4313,fimE,GCF_036503815.1,AABJ99_RS20715,fimE,comparable,0,21,0,21,0,0,0,0,0,0,different_variants_in_same_gene
GCF_000005845.2,b4320,fimH,GCF_036503815.1,AABJ99_RS20680,fimH,comparable,1,28,1,27,1,0,0,0,0,0,partially_shared_variants
GCF_000005845.2,b4321,gntP,GCF_036503815.1,AABJ99_RS20675,gntP,comparable,0,60,0,60,0,0,0,0,0,0,different_variants_in_same_gene
GCF_000005845.2,b4322,uxuA,GCF_036503815.1,AABJ99_RS20670,uxuA,comparable,0,48,0,48,0,0,0,0,0,0,different_variants_in_same_gene
GCF_000005845.2,b4323,uxuB,GCF_036503815.1,AABJ99_RS20665,uxuB,comparable,1,65,1,64,1,0,0,0,0,0,partially_shared_variants
GCF_000005845.2,b4324,uxuR,GCF_036503815.1,AABJ99_RS20660,uxuR,comparable,0,25,0,25,0,0,0,0,0,0,different_variants_in_same_gene
GCF_000005845.2,b4721,ytiD,GCF_036503815.1,AABJ99_RS20650,AABJ99_RS20650,comparable,0,8,0,8,0,0,0,0,0,0,different_variants_in_same_gene
GCF_000005845.2,b4722,idlP,GCF_036503815.1,AABJ99_RS20645,idlP,comparable,1,3,0,3,0,0,0,0,0,1,unresolved_liftover
GCF_000005845.2,b4326,iraD,GCF_036503815.1,AABJ99_RS20640,iraD,comparable,0,19,0,19,0,0,0,0,0,0,different_variants_in_same_gene
GCF_000005845.2,b4327,hypT,GCF_036503815.1,AABJ99_RS20635,hypT,comparable,0,43,0,43,0,0,0,0,0,0,different_variants_in_same_gene
GCF_000005845.2,b4328,iadA,GCF_036503815.1,AABJ99_RS20630,iadA,comparable,0,65,0,65,0,0,0,0,0,0,different_variants_in_same_gene
GCF_000005845.2,b4329,yjiG,GCF_036503815.1,AABJ99_RS20625,yjiG,comparable,0,16,0,16,0,0,0,0,0,0,different_variants_in_same_gene
GCF_000005845.2,b4330,yjiH,GCF_036503815.1,AABJ99_RS20620,yjiH,comparable,1,14,0,14,0,0,0,0,0,1,unresolved_liftover
GCF_000005845.2,b4331,kptA,GCF_036503815.1,AABJ99_RS20615,kptA,comparable,0,26,0,26,0,0,0,0,0,0,different_variants_in_same_gene
GCF_000005845.2,b4334,yjiL,GCF_036503815.1,AABJ99_RS20585,yjiL,comparable,1,29,0,29,0,0,0,0,0,1,unresolved_liftover
GCF_000005845.2,b4335,yjiM,GCF_036503815.1,AABJ99_RS20580,yjiM,comparable,0,38,0,38,0,0,0,0,0,0,different_variants_in_same_gene
GCF_000005845.2,b4336,yjiN,GCF_036503815.1,AABJ99_RS20575,yjiN,comparable,0,43,0,43,0,0,0,0,0,0,different_variants_in_same_gene
GCF_000005845.2,b4337,mdtM,GCF_036503815.1,AABJ99_RS20570,mdtM,comparable,0,16,0,16,0,0,0,0,0,0,different_variants_in_same_gene
GCF_000005845.2,b4347,symE,GCF_036503815.1,AABJ99_RS20540,symE,comparable,14,9,0,9,0,0,0,0,0,14,unresolved_liftover
GCF_000005845.2,b4352,yjiA,GCF_036503815.1,AABJ99_RS20510,yjiA,comparable,38,27,0,27,0,0,0,0,0,38,unresolved_liftover
GCF_000005845.2,b4353,yjiX,GCF_036503815.1,AABJ99_RS20505,yjiX,comparable,0,0,0,0,0,0,0,0,0,0,same_exact_variants
GCF_000005845.2,b4354,btsT,GCF_036503815.1,AABJ99_RS20500,btsT,comparable,22,48,0,48,0,0,0,0,0,22,unresolved_liftover
GCF_000005845.2,b4355,tsr,GCF_036503815.1,AABJ99_RS20470,tsr,comparable,6,46,2,44,2,0,4,0,0,0,partially_shared_variants
GCF_000005845.2,b4357,lgoR,GCF_036503815.1,AABJ99_RS20460,lgoR,comparable,1,11,1,10,1,0,0,0,0,0,partially_shared_variants
GCF_000005845.2,b4358,lgoD,GCF_036503815.1,AABJ99_RS20455,lgoD,comparable,0,27,0,27,0,0,0,0,0,0,different_variants_in_same_gene
GCF_000005845.2,b4359,opgB,GCF_036503815.1,AABJ99_RS20450,opgB,comparable,0,70,0,70,0,0,0,0,0,0,different_variants_in_same_gene
GCF_000005845.2,b4360,yjjA,GCF_036503815.1,AABJ99_RS20445,yjjA,comparable,0,17,0,17,0,0,0,0,0,0,different_variants_in_same_gene
GCF_000005845.2,b4362,dnaT,GCF_036503815.1,AABJ99_RS20435,dnaT,comparable,0,6,0,6,0,0,0,0,0,0,different_variants_in_same_gene
GCF_000005845.2,b4363,yjjB,GCF_036503815.1,AABJ99_RS20430,yjjB,comparable,0,22,0,22,0,0,0,0,0,0,different_variants_in_same_gene
GCF_000005845.2,b4364,yjjP,GCF_036503815.1,AABJ99_RS20425,yjjP,comparable,0,26,0,26,0,0,0,0,0,0,different_variants_in_same_gene
GCF_000005845.2,b4365,yjjQ,GCF_036503815.1,AABJ99_RS20420,yjjQ,comparable,0,10,0,10,0,0,0,0,0,0,different_variants_in_same_gene
GCF_000005845.2,b4366,bglJ,GCF_036503815.1,AABJ99_RS20415,bglJ,comparable,0,20,0,20,0,0,0,0,0,0,different_variants_in_same_gene
GCF_000005845.2,b4567,yjjZ,GCF_036503815.1,AABJ99_RS20405,yjjZ,comparable,0,9,0,9,0,0,0,0,0,0,different_variants_in_same_gene
GCF_000005845.2,b4371,rsmC,GCF_036503815.1,AABJ99_RS20385,rsmC,comparable,0,42,0,42,0,0,0,0,0,0,different_variants_in_same_gene
GCF_000005845.2,b4372,holD,GCF_036503815.1,AABJ99_RS20380,holD,comparable,0,8,0,8,0,0,0,0,0,0,different_variants_in_same_gene
GCF_000005845.2,b4373,rimI,GCF_036503815.1,AABJ99_RS20375,rimI,comparable,0,11,0,11,0,0,0,0,0,0,different_variants_in_same_gene
GCF_000005845.2,b4374,yjjG,GCF_036503815.1,AABJ99_RS20370,yjjG,comparable,0,20,0,20,0,0,0,0,0,0,different_variants_in_same_gene
GCF_000005845.2,b4375,prfC,GCF_036503815.1,AABJ99_RS20050,prfC,comparable,0,42,0,42,0,0,0,0,0,0,different_variants_in_same_gene
GCF_000005845.2,b4376,osmY,GCF_036503815.1,AABJ99_RS20045,osmY,comparable,0,14,0,14,0,0,0,0,0,0,different_variants_in_same_gene
GCF_000005845.2,b4568,ytjA,GCF_036503815.1,AABJ99_RS20040,ytjA,comparable,0,1,0,1,0,0,0,0,0,0,different_variants_in_same_gene
GCF_000005845.2,b4377,yjjU,GCF_036503815.1,AABJ99_RS20035,yjjU,comparable,0,40,0,40,0,0,0,0,0,0,different_variants_in_same_gene
GCF_000005845.2,b4379,yjjW,GCF_036503815.1,AABJ99_RS20025,yjjW,comparable,0,45,0,45,0,0,0,0,0,0,different_variants_in_same_gene
GCF_000005845.2,b4380,yjjI,GCF_036503815.1,AABJ99_RS20020,yjjI,comparable,7,46,4,42,4,0,3,0,0,0,partially_shared_variants
GCF_000005845.2,b4381,deoC,GCF_036503815.1,AABJ99_RS20015,deoC,comparable,16,29,10,19,10,0,6,0,0,0,partially_shared_variants
GCF_000005845.2,b4382,deoA,GCF_036503815.1,AABJ99_RS20010,deoA,comparable,17,44,10,34,10,0,7,0,0,0,partially_shared_variants
GCF_000005845.2,b4383,deoB,GCF_036503815.1,AABJ99_RS20005,deoB,comparable,22,37,12,25,12,0,10,0,0,0,partially_shared_variants
GCF_000005845.2,b4384,deoD,GCF_036503815.1,AABJ99_RS20000,deoD,comparable,10,21,5,16,5,0,5,0,0,0,partially_shared_variants
GCF_000005845.2,b4386,lplA,GCF_036503815.1,AABJ99_RS19990,lplA,comparable,25,56,0,56,0,0,0,0,0,25,unresolved_liftover
GCF_000005845.2,b4387,ytjB,GCF_036503815.1,AABJ99_RS19985,ytjB,comparable,13,22,0,22,0,0,0,0,0,13,unresolved_liftover
GCF_000005845.2,b4388,serB,GCF_036503815.1,AABJ99_RS19980,serB,comparable,9,42,0,42,0,0,0,0,0,9,unresolved_liftover
GCF_000005845.2,b4389,radA,GCF_036503815.1,AABJ99_RS19975,radA,comparable,29,80,0,80,0,0,0,0,0,29,unresolved_liftover
GCF_000005845.2,b4390,nadR,GCF_036503815.1,AABJ99_RS19970,nadR,comparable,44,62,0,62,0,0,0,0,0,44,unresolved_liftover
GCF_000005845.2,b4391,ettA,GCF_036503815.1,AABJ99_RS19955,ettA,comparable,30,42,12,30,12,0,18,0,0,0,partially_shared_variants
GCF_000005845.2,b4392,slt,GCF_036503815.1,AABJ99_RS19950,sltY,comparable,32,73,17,56,17,0,15,0,0,0,partially_shared_variants
GCF_000005845.2,b4393,trpR,GCF_036503815.1,AABJ99_RS19945,trpR,comparable,2,5,2,3,2,0,0,0,0,0,partially_shared_variants
GCF_000005845.2,b4394,yjjX,GCF_036503815.1,AABJ99_RS19940,yjjX,comparable,5,28,3,25,3,0,2,0,0,0,partially_shared_variants
GCF_000005845.2,b4395,ytjC,GCF_036503815.1,AABJ99_RS19935,gpmB,comparable,1,26,1,25,1,0,0,0,0,0,partially_shared_variants
GCF_000005845.2,b4396,rob,GCF_036503815.1,AABJ99_RS19930,robA,comparable,10,28,7,21,7,0,3,0,0,0,partially_shared_variants
GCF_000005845.2,b4397,creA,GCF_036503815.1,AABJ99_RS19925,creA,comparable,4,14,1,13,1,0,3,0,0,0,partially_shared_variants
GCF_000005845.2,b4398,creB,GCF_036503815.1,AABJ99_RS19920,creB,comparable,20,21,15,6,15,0,5,0,0,0,partially_shared_variants
GCF_000005845.2,b4399,creC,GCF_036503815.1,AABJ99_RS19915,creC,comparable,39,65,26,39,26,0,13,0,0,0,partially_shared_variants
GCF_000005845.2,b4400,creD,GCF_036503815.1,AABJ99_RS19910,creD,comparable,27,31,13,18,13,0,14,0,0,0,partially_shared_variants
GCF_000005845.2,b4401,arcA,GCF_036503815.1,AABJ99_RS19905,arcA,comparable,5,7,4,3,4,0,1,0,0,0,partially_shared_variants
GCF_000005845.2,b4402,yjjY,GCF_036503815.1,AABJ99_RS19900,yjjY,comparable,0,0,0,0,0,0,0,0,0,0,same_exact_variants
GCF_000005845.2,b4403,yjtD,GCF_036503815.1,AABJ99_RS19895,yjtD,comparable,15,29,10,19,10,0,5,0,0,0,partially_shared_variants
GCF_000005845.2,b4765,yadX,GCF_005843885.1,FEM44_RS25305,FEM44_RS25305,comparable,0,4,0,4,0,0,0,0,0,0,different_variants_in_same_gene
GCF_000005845.2,b0968,yccX,GCF_005843885.1,FEM44_RS19415,yccX,comparable,0,14,0,14,0,0,0,0,0,0,different_variants_in_same_gene
GCF_000005845.2,b4741,ymiC,GCF_005843885.1,FEM44_RS21435,ymiC,comparable,0,0,0,0,0,0,0,0,0,0,same_exact_variants
GCF_000005845.2,b4596,yciZ,GCF_005843885.1,FEM44_RS21485,FEM44_RS21485,comparable,0,4,0,4,0,0,0,0,0,0,different_variants_in_same_gene
GCF_000005845.2,b1295,ymjA,GCF_005843885.1,FEM44_RS21570,FEM44_RS21570,comparable,2,17,0,17,0,0,0,0,0,2,unresolved_liftover
GCF_000005845.2,b1436,yncJ,GCF_005843885.1,FEM44_RS22270,FEM44_RS22270,comparable,2,3,0,3,0,0,2,0,0,0,reference_allele_difference
GCF_000005845.2,b4599,mgtS,GCF_005843885.1,FEM44_RS22785,mgtS,comparable,0,7,0,7,0,0,0,0,0,0,different_variants_in_same_gene
GCF_000005845.2,b4790,yhiY,GCF_005843885.1,FEM44_RS25270,FEM44_RS25270,comparable,0,10,0,10,0,0,0,0,0,0,different_variants_in_same_gene
GCF_000005845.2,b4670,yjeV,GCF_005843885.1,FEM44_RS13490,FEM44_RS13490,comparable,0,2,0,2,0,0,0,0,0,0,different_variants_in_same_gene
GCF_000005845.2,b0075,leuL,GCF_000026225.1,EFER_RS00730,leuL,comparable,0,0,0,0,0,0,0,0,0,0,same_exact_variants
GCF_000005845.2,b4598,yncL,GCF_002900365.1,C1192_RS05170,yncL,comparable,1,0,0,0,0,0,0,0,0,1,unresolved_liftover
GCF_000005845.2,b1826,mgrB,GCF_002900365.1,C1192_RS03180,mgrB,comparable,0,3,0,3,0,0,0,0,0,0,different_variants_in_same_gene
GCF_000005845.2,b2671,ygaC,GCF_002900365.1,C1192_RS22335,C1192_RS22335,comparable,0,18,0,18,0,0,0,0,0,0,different_variants_in_same_gene
